precinct_id,registered_rep,voted_rep_2024,rep_turnout,registered_dem,voted_dem_2024,dem_turnout,registered_una,voted_una_2024,una_turnout,rep_minus_dem,rep_minus_una,dem_minus_una
ALAMANCE_01,2002,1706,0.8521478521478522,493,392,0.795131845841785,1277,900,0.7047768206734534,0.05701600630606718,0.14737103147439878,0.0903550251683316
ALAMANCE_02,2100,1790,0.8523809523809524,483,403,0.8343685300207039,1338,1019,0.7615844544095666,0.01801242236024847,0.09079649797138578,0.07278407561113731
ALAMANCE_035,1472,1226,0.8328804347826086,1402,1044,0.7446504992867332,1781,1231,0.6911847276810781,0.08822993549587543,0.14169570710153057,0.05346577160565513
ALAMANCE_03C,942,813,0.8630573248407644,576,487,0.8454861111111112,894,675,0.7550335570469798,0.0175712137296532,0.10802376779378453,0.09045255406413133
ALAMANCE_03N,1084,901,0.8311808118081181,1203,793,0.6591853699085619,1371,921,0.6717724288840262,0.17199544189955618,0.15940838292409187,-0.012587058975464305
ALAMANCE_03N2,186,164,0.8817204301075269,270,240,0.8888888888888888,293,256,0.8737201365187713,-0.007168458781361964,0.008000293588755536,0.0151687523701175
ALAMANCE_03SE,1168,900,0.7705479452054794,1336,953,0.7133233532934131,1639,993,0.6058572300183038,0.0572245919120663,0.1646907151871756,0.1074661232751093
ALAMANCE_03SM,1149,925,0.8050478677110531,1173,906,0.7723785166240409,1795,1239,0.6902506963788301,0.03266935108701219,0.114797171332223,0.08212782024521081
ALAMANCE_03W,1120,933,0.8330357142857143,797,634,0.795483061480552,1238,902,0.72859450726979,0.03755265280516229,0.1044412070159243,0.06688855421076201
ALAMANCE_04,2144,1853,0.8642723880597015,696,574,0.8247126436781609,1314,968,0.7366818873668188,0.03955974438154064,0.1275905006928827,0.08803075631134205
ALAMANCE_05,1438,1262,0.8776077885952712,389,333,0.8560411311053985,903,692,0.7663344407530454,0.021566657489872743,0.11127334784222587,0.08970669035235312
ALAMANCE_063,507,377,0.7435897435897436,1135,821,0.7233480176211454,1010,488,0.48316831683168315,0.02024172596859819,0.26042142675806046,0.24017970078946227
ALAMANCE_064,1737,1464,0.842832469775475,1392,1143,0.8211206896551724,1971,1423,0.7219685438863521,0.021711780120302615,0.12086392588912287,0.09915214576882025
ALAMANCE_06E,630,503,0.7984126984126985,852,615,0.721830985915493,933,559,0.5991425509110396,0.07658171249720547,0.19927014750165883,0.12268843500445337
ALAMANCE_06N,455,342,0.7516483516483516,1103,755,0.6844968268359021,936,436,0.4658119658119658,0.06715152481244957,0.2858363858363858,0.21868486102393625
ALAMANCE_06S,1170,938,0.8017094017094017,1210,918,0.7586776859504132,1458,968,0.663923182441701,0.043031715758988565,0.13778621926770074,0.09475450350871217
ALAMANCE_06W,282,209,0.7411347517730497,416,272,0.6538461538461539,462,258,0.5584415584415584,0.0872885979268958,0.18269319333149125,0.09540459540459545
ALAMANCE_07,1654,1419,0.8579201934703748,498,405,0.8132530120481928,1159,843,0.727351164797239,0.04466718142218207,0.1305690286731358,0.08590184725095373
ALAMANCE_08N,1210,984,0.8132231404958677,707,567,0.801980198019802,1146,850,0.7417102966841187,0.01124294247606572,0.07151284381174905,0.06026990133568333
ALAMANCE_08S,748,604,0.8074866310160428,308,251,0.814935064935065,563,408,0.7246891651865008,-0.007448433919022168,0.08279746582954195,0.09024589974856412
ALAMANCE_09N,854,708,0.8290398126463701,846,673,0.7955082742316785,1002,735,0.7335329341317365,0.033531538414691586,0.09550687851463358,0.06197534009994199
ALAMANCE_09S,1795,1499,0.8350974930362117,1326,1081,0.8152337858220211,1977,1382,0.6990389479008599,0.019863707214190618,0.13605854513535187,0.11619483792116125
ALAMANCE_103,1516,1262,0.8324538258575198,1352,1079,0.7980769230769231,1993,1323,0.6638233818364275,0.034376902780596685,0.16863044402109229,0.1342535412404956
ALAMANCE_104,482,374,0.7759336099585062,851,670,0.7873090481786134,953,639,0.670514165792235,-0.011375438220107115,0.10541944416627125,0.11679488238637836
ALAMANCE_10N,1228,1044,0.8501628664495114,959,785,0.8185610010427529,1452,1091,0.7513774104683195,0.03160186540675858,0.09878545598119193,0.06718359057443335
ALAMANCE_10S1,1522,1214,0.797634691195795,2252,1717,0.7624333925399644,2570,1706,0.6638132295719844,0.03520129865583055,0.1338214616238106,0.09862016296798004
ALAMANCE_11,1161,983,0.8466838931955211,1339,1068,0.7976101568334578,1235,824,0.6672064777327935,0.04907373636206325,0.17947741546272755,0.1304036791006643
ALAMANCE_1210,497,395,0.7947686116700201,685,460,0.6715328467153284,736,400,0.5434782608695652,0.12323576495469168,0.2512903508004549,0.12805458584576324
ALAMANCE_124,513,418,0.8148148148148148,578,445,0.7698961937716263,701,454,0.6476462196861626,0.044918621043188445,0.16716859512865212,0.12224997408546368
ALAMANCE_125,666,550,0.8258258258258259,535,424,0.7925233644859813,748,528,0.7058823529411765,0.0333024613398446,0.11994347288464935,0.08664101154480475
ALAMANCE_126,674,587,0.870919881305638,433,382,0.8822170900692841,674,542,0.8041543026706232,-0.011297208763646038,0.06676557863501487,0.0780627873986609
ALAMANCE_127,712,508,0.7134831460674157,2151,1549,0.7201301720130172,1526,763,0.5,-0.006647025945601515,0.2134831460674157,0.2201301720130172
ALAMANCE_128,327,203,0.6207951070336392,880,549,0.6238636363636364,813,372,0.4575645756457565,-0.0030685293299972383,0.16323053138788268,0.16629906071787992
ALAMANCE_129,721,618,0.8571428571428571,419,329,0.7852028639618138,642,449,0.6993769470404985,0.07193999318104327,0.15776591010235863,0.08582591692131536
ALAMANCE_12E,290,200,0.6896551724137931,718,455,0.6337047353760445,635,284,0.44724409448818897,0.0559504370377486,0.24241107792560418,0.18646064088785558
ALAMANCE_12N,337,218,0.6468842729970327,1979,1381,0.6978271854471956,1100,499,0.4536363636363636,-0.050942912450162914,0.19324790936066905,0.24419082181083196
ALAMANCE_12S,240,163,0.6791666666666667,503,332,0.6600397614314115,533,244,0.45778611632270166,0.019126905235255176,0.22138055034396503,0.20225364510870986
ALAMANCE_12W,502,410,0.8167330677290837,700,536,0.7657142857142857,773,532,0.6882276843467011,0.051018782014798036,0.1285053833823826,0.07748660136758456
ALAMANCE_13,1015,814,0.8019704433497536,1509,1143,0.757455268389662,1424,813,0.5709269662921348,0.04451517496009161,0.23104347705761885,0.18652830209752724
ALEXANDER_B1,1581,1348,0.8526249209361164,336,261,0.7767857142857143,1100,830,0.7545454545454545,0.07583920665040211,0.0980794663906619,0.022240259740259782
ALEXANDER_B2,1842,1578,0.8566775244299675,408,323,0.7916666666666666,1342,1008,0.7511177347242921,0.06501085776330084,0.10555978970567537,0.04054893194237452
ALEXANDER_E,1187,1018,0.8576242628475147,372,315,0.8467741935483871,828,629,0.7596618357487923,0.010850069299127574,0.09796242709872238,0.08711235779959481
ALEXANDER_G1G2,819,708,0.8644688644688645,245,200,0.8163265306122449,532,403,0.7575187969924813,0.04814233385661959,0.10695006747638325,0.05880773361976366
ALEXANDER_LRSL,990,863,0.8717171717171717,234,178,0.7606837606837606,633,497,0.7851500789889415,0.11103341103341102,0.08656709272823015,-0.024466318305180867
ALEXANDER_M,863,698,0.8088064889918888,278,217,0.7805755395683454,688,468,0.6802325581395349,0.028230949423543428,0.1285739308523539,0.10034298142881048
ALEXANDER_S1S2,1322,1084,0.8199697428139183,421,314,0.7458432304038005,1051,719,0.6841103710751665,0.0741265124101178,0.13585937173875184,0.06173285932863404
ALEXANDER_T1T4T5,1888,1560,0.826271186440678,581,426,0.7332185886402753,1458,1007,0.6906721536351166,0.09305259780040265,0.1355990328055614,0.042546435005158756
ALEXANDER_T2T3,1225,994,0.8114285714285714,532,411,0.7725563909774437,1038,717,0.6907514450867052,0.038872180451127725,0.12067712634186623,0.0818049458907385
ALEXANDER_W,1009,870,0.8622398414271556,190,151,0.7947368421052632,632,498,0.7879746835443038,0.06750299932189241,0.07426515788285182,0.006762158560959408
ALLEGHANY_01,617,510,0.826580226904376,206,171,0.8300970873786407,543,406,0.7476979742173112,-0.0035168604742646936,0.07888225268706484,0.08239911316132953
ALLEGHANY_03A,1546,1251,0.8091849935316947,747,596,0.7978580990629184,1401,990,0.7066381156316917,0.011326894468776327,0.10254687790000305,0.09121998343122673
ALLEGHANY_04,683,545,0.7979502196193266,227,181,0.7973568281938326,543,401,0.7384898710865562,0.0005933914254939721,0.05946034853277038,0.05886695710727641
ALLEGHANY_06A,784,641,0.8176020408163265,304,262,0.8618421052631579,580,454,0.7827586206896552,-0.04424006444683137,0.0348434201266713,0.07908348457350267
ANSON_ANS,275,229,0.8327272727272728,441,334,0.7573696145124716,313,219,0.6996805111821086,0.07535765821480112,0.13304676154516415,0.057689103330363034
ANSON_BURN,577,470,0.8145580589254766,323,250,0.7739938080495357,506,374,0.7391304347826086,0.040564250875940955,0.07542762414286797,0.03486337326692701
ANSON_GULL,197,152,0.7715736040609137,530,383,0.7226415094339622,314,194,0.6178343949044586,0.04893209462695147,0.15373920915645511,0.10480711452950364
ANSON_LILE,398,297,0.7462311557788944,1211,914,0.7547481420313791,614,392,0.6384364820846905,-0.008516986252484648,0.10779467369420392,0.11631165994668857
ANSON_MM,122,86,0.7049180327868853,759,545,0.7180500658761528,279,150,0.5376344086021505,-0.01313203308926758,0.16728362418473475,0.18041565727400233
ANSON_PEAC,511,423,0.8277886497064579,313,231,0.7380191693290735,485,345,0.711340206185567,0.08976948037738441,0.1164484435208909,0.026678963143506484
ANSON_POLK,242,183,0.756198347107438,381,237,0.6220472440944882,312,185,0.592948717948718,0.13415110301294986,0.1632496291587201,0.029098526145770243
ANSON_WADES,977,681,0.6970317297850563,3562,2192,0.6153846153846154,1930,1019,0.5279792746113989,0.08164711440044092,0.1690524551736574,0.08740534077321649
ANSON_WS,123,103,0.8373983739837398,123,81,0.6585365853658537,101,68,0.6732673267326733,0.17886178861788615,0.16413104725106653,-0.014730741366819622
ASHE_02,640,523,0.8171875,177,134,0.7570621468926554,442,319,0.7217194570135747,0.06012535310734457,0.0954680429864253,0.035342689879080735
ASHE_03,274,220,0.8029197080291971,44,39,0.8863636363636364,166,112,0.6746987951807228,-0.08344392833443925,0.12822091284847426,0.2116648411829135
ASHE_04,201,162,0.8059701492537313,91,77,0.8461538461538461,214,168,0.7850467289719626,-0.04018369690011481,0.020923420281768745,0.06110711718188355
ASHE_06,241,195,0.8091286307053942,61,48,0.7868852459016393,188,137,0.7287234042553191,0.022243384803754873,0.08040522645007508,0.05816184164632021
ASHE_07,171,141,0.8245614035087719,74,57,0.7702702702702703,124,83,0.6693548387096774,0.054291133238501654,0.15520656479909456,0.1009154315605929
ASHE_08,98,77,0.7857142857142857,34,27,0.7941176470588235,77,53,0.6883116883116883,-0.008403361344537785,0.09740259740259738,0.10580595874713516
ASHE_09,1544,1218,0.788860103626943,617,481,0.779578606158833,1399,1027,0.73409578270193,0.009281497468110023,0.054764320925013044,0.04548282345690302
ASHE_10,128,90,0.703125,27,23,0.8518518518518519,85,56,0.6588235294117647,-0.14872685185185186,0.0443014705882353,0.19302832244008716
ASHE_11,894,728,0.814317673378076,331,269,0.8126888217522659,818,632,0.7726161369193154,0.0016288516258101682,0.041701536458760624,0.040072684832950456
ASHE_12,340,271,0.7970588235294118,106,91,0.8584905660377359,182,134,0.7362637362637363,-0.06143174250832406,0.06079508726567551,0.12222682977399957
ASHE_13,596,472,0.7919463087248322,166,135,0.8132530120481928,451,358,0.7937915742793792,-0.0213067033233606,-0.0018452655545470042,0.019461437768813594
ASHE_14,1079,897,0.8313253012048193,424,347,0.8183962264150944,846,678,0.8014184397163121,0.012929074789724937,0.029906861488507186,0.01697778669878225
ASHE_15,465,389,0.8365591397849462,120,96,0.8,360,257,0.7138888888888889,0.03655913978494618,0.12267025089605732,0.08611111111111114
ASHE_16,1080,891,0.825,366,300,0.819672131147541,820,632,0.7707317073170732,0.00532786885245895,0.054268292682926766,0.048940423830467816
ASHE_17,425,344,0.8094117647058824,100,78,0.78,268,177,0.6604477611940298,0.02941176470588236,0.14896400351185257,0.11955223880597021
ASHE_18,86,67,0.7790697674418605,20,16,0.8,50,29,0.58,-0.020930232558139528,0.19906976744186056,0.22000000000000008
ASHE_20,1355,1074,0.792619926199262,560,421,0.7517857142857143,1195,842,0.704602510460251,0.04083421191354775,0.088017415739011,0.04718320382546326
AVERY_01,530,433,0.8169811320754717,68,53,0.7794117647058824,349,255,0.7306590257879656,0.03756936736958938,0.08632210628750614,0.04875273891791676
AVERY_02,1102,821,0.7450090744101633,338,232,0.6863905325443787,981,639,0.6513761467889908,0.058618541865784635,0.09363292762117248,0.035014385755387845
AVERY_03,293,243,0.8293515358361775,23,18,0.782608695652174,144,105,0.7291666666666666,0.04674284018400354,0.10018486916951086,0.05344202898550732
AVERY_04,64,51,0.796875,9,7,0.7777777777777778,30,24,0.8,0.01909722222222221,-0.0031250000000000444,-0.022222222222222254
AVERY_05,216,169,0.7824074074074074,23,15,0.6521739130434783,92,72,0.782608695652174,0.13023349436392917,-0.00020128824476650653,-0.13043478260869568
AVERY_06,500,364,0.728,53,38,0.7169811320754716,235,161,0.6851063829787234,0.01101886792452833,0.04289361702127659,0.031874749096748256
AVERY_07,174,140,0.8045977011494253,7,6,0.8571428571428571,47,34,0.723404255319149,-0.05254515599343179,0.08119344583027632,0.13373860182370811
AVERY_08,226,191,0.8451327433628318,17,13,0.7647058823529411,87,57,0.6551724137931034,0.08042686100989072,0.18996032956972841,0.1095334685598377
AVERY_09,202,173,0.8564356435643564,20,16,0.8,93,66,0.7096774193548387,0.056435643564356375,0.14675822420951767,0.0903225806451613
AVERY_10,501,399,0.7964071856287425,49,37,0.7551020408163265,235,176,0.7489361702127659,0.041305144812415984,0.047471015415976536,0.006165870603560553
AVERY_11,259,202,0.7799227799227799,65,54,0.8307692307692308,197,138,0.700507614213198,-0.0508464508464509,0.07941516570958196,0.13026161655603286
AVERY_12,160,132,0.825,10,7,0.7,79,57,0.7215189873417721,0.125,0.10348101265822784,-0.021518987341772156
AVERY_13,318,237,0.7452830188679245,58,48,0.8275862068965517,165,117,0.7090909090909091,-0.08230318802862724,0.03619210977701537,0.11849529780564261
AVERY_14,531,423,0.7966101694915254,65,38,0.5846153846153846,303,208,0.6864686468646864,0.21199478487614076,0.11014152262683896,-0.1018532622493018
AVERY_15,475,388,0.8168421052631579,78,48,0.6153846153846154,216,148,0.6851851851851852,0.2014574898785425,0.1316569200779727,-0.06980056980056981
AVERY_16,789,584,0.7401774397972116,184,140,0.7608695652173914,571,425,0.7443082311733801,-0.02069212542017973,-0.004130791376168452,0.016561334044011278
AVERY_17,371,302,0.8140161725067385,24,18,0.75,162,111,0.6851851851851852,0.06401617250673852,0.1288309873215533,0.06481481481481477
AVERY_18,211,177,0.8388625592417062,15,10,0.6666666666666666,118,86,0.7288135593220338,0.17219589257503953,0.11004899991967232,-0.062146892655367214
AVERY_19,190,146,0.7684210526315789,13,9,0.6923076923076923,66,49,0.7424242424242424,0.0761133603238866,0.025996810207336463,-0.05011655011655014
BEAUFORT_AUROR,299,242,0.8093645484949833,403,301,0.7468982630272953,312,212,0.6794871794871795,0.062466285467687954,0.12987736900780378,0.06741108354011582
BEAUFORT_BEADM,914,788,0.862144420131291,243,191,0.7860082304526749,610,471,0.7721311475409836,0.07613618967861613,0.09001327259030745,0.013877082911691319
BEAUFORT_BELHV,559,453,0.8103756708407871,506,353,0.6976284584980237,396,270,0.6818181818181818,0.11274721234276341,0.12855748902260533,0.015810276679841917
BEAUFORT_BLCK,378,326,0.8624338624338624,241,208,0.8630705394190872,269,206,0.7657992565055762,-0.0006366769852247378,0.09663460592828621,0.09727128291351095
BEAUFORT_CHOCO,1578,1265,0.8016476552598225,964,711,0.7375518672199171,1412,919,0.6508498583569405,0.06409578803990545,0.15079779690288198,0.08670200886297652
BEAUFORT_EDWAR,377,308,0.8169761273209549,287,221,0.7700348432055749,285,193,0.6771929824561403,0.04694128411538001,0.13978314486481458,0.09284186074943457
BEAUFORT_GILEA,993,836,0.8418932527693856,380,303,0.7973684210526316,858,695,0.8100233100233101,0.04452483171675403,0.031869942746075575,-0.012654888970678457
BEAUFORT_HB,412,343,0.8325242718446602,110,94,0.8545454545454545,269,195,0.724907063197026,-0.02202118270079434,0.10761720864763413,0.12963839134842847
BEAUFORT_NCRK,751,642,0.8548601864181092,241,211,0.8755186721991701,442,362,0.8190045248868778,-0.020658485781060887,0.03585566153123143,0.05651414731229232
BEAUFORT_OLDF,566,477,0.842756183745583,530,422,0.7962264150943397,508,362,0.7125984251968503,0.046529768651243364,0.13015775854873268,0.08362798989748932
BEAUFORT_PANTE,464,383,0.8254310344827587,306,228,0.7450980392156863,285,196,0.6877192982456141,0.08033299526707238,0.1377117362371446,0.05737874097007223
BEAUFORT_PINET,458,390,0.851528384279476,107,94,0.8785046728971962,276,214,0.7753623188405797,-0.02697628861772028,0.07616606543889626,0.10314235405661654
BEAUFORT_PSJW3,231,156,0.6753246753246753,734,519,0.7070844686648501,455,228,0.5010989010989011,-0.03175979334017476,0.17422577422577423,0.205985567565949
BEAUFORT_RVRD,806,688,0.8535980148883374,506,378,0.7470355731225297,733,539,0.7353342428376535,0.10656244176580776,0.11826377205068395,0.011701330284876188
BEAUFORT_SURBA,959,814,0.848800834202294,265,213,0.8037735849056604,764,647,0.8468586387434555,0.0450272492966336,0.0019421954588385582,-0.04308505383779504
BEAUFORT_TCRK,1027,868,0.8451801363193768,523,402,0.768642447418738,833,599,0.7190876350540216,0.07653768890063883,0.1260925012653552,0.04955481236471637
BEAUFORT_WASH1,358,272,0.7597765363128491,612,438,0.7156862745098039,562,360,0.6405693950177936,0.044090261803045205,0.1192071412950555,0.07511687949201029
BEAUFORT_WASH2,273,210,0.7692307692307693,722,501,0.6939058171745153,519,289,0.5568400770712909,0.075324952056254,0.21239069215947837,0.13706574010322436
BEAUFORT_WASH4,717,599,0.8354253835425384,631,482,0.7638668779714739,775,521,0.672258064516129,0.07155850557106447,0.16316731902640935,0.09160881345534488
BEAUFORT_WASHP,441,372,0.8435374149659864,290,231,0.7965517241379311,459,356,0.775599128540305,0.04698569082805537,0.06793828642568145,0.020952595597626078
BEAUFORT_WDPD,759,634,0.8353096179183136,215,167,0.7767441860465116,598,460,0.7692307692307693,0.058565431871801965,0.06607884868754432,0.0075134168157423575
BERTIE_C1,182,149,0.8186813186813187,372,286,0.7688172043010753,291,186,0.6391752577319587,0.04986411438024341,0.17950606094935995,0.12964194656911654
BERTIE_C2,106,78,0.7358490566037735,810,631,0.7790123456790123,324,203,0.6265432098765432,-0.04316328907523881,0.10930584672723032,0.15246913580246912
BERTIE_IW,22,14,0.6363636363636364,238,184,0.773109243697479,66,34,0.5151515151515151,-0.13674560733384267,0.12121212121212122,0.2579577285459639
BERTIE_M1,141,124,0.8794326241134752,353,263,0.7450424929178471,216,152,0.7037037037037037,0.13439013119562815,0.1757289204097715,0.04133878921414336
BERTIE_M2,120,83,0.6916666666666667,407,292,0.7174447174447175,234,110,0.4700854700854701,-0.025778050778050843,0.22158119658119657,0.24735924735924741
BERTIE_MH,172,130,0.7558139534883721,383,290,0.7571801566579635,238,161,0.6764705882352942,-0.0013662031695913512,0.07934336525307795,0.0807095684226693
BERTIE_RX,91,69,0.7582417582417582,678,509,0.7507374631268436,320,156,0.4875,0.007504295114914572,0.2707417582417582,0.26323746312684365
BERTIE_SN,63,45,0.7142857142857143,533,411,0.7711069418386491,206,93,0.45145631067961167,-0.05682122755293484,0.26282940360610263,0.31965063115903747
BERTIE_W1,432,315,0.7291666666666666,2054,1584,0.7711781888997079,1109,621,0.5599639314697926,-0.042011522233041276,0.169202735196874,0.2112142574299153
BERTIE_W2,171,145,0.847953216374269,186,159,0.8548387096774194,296,250,0.8445945945945946,-0.0068854933031503585,0.0033586217796743867,0.010244115082824745
BERTIE_WD,53,29,0.5471698113207547,539,385,0.7142857142857143,190,79,0.41578947368421054,-0.1671159029649596,0.13138033763654416,0.29849624060150376
BERTIE_WH,247,196,0.7935222672064778,420,334,0.7952380952380952,359,257,0.7158774373259053,-0.0017158280316174057,0.07764482988057253,0.07936065791218994
BLADEN_P10,192,151,0.7864583333333334,185,140,0.7567567567567568,282,197,0.6985815602836879,0.02970157657657657,0.08787677304964547,0.0581751964730689
BLADEN_P15,876,684,0.7808219178082192,709,493,0.6953455571227081,1249,852,0.6821457165732586,0.08547636068551112,0.09867620123496057,0.013199840549449449
BLADEN_P201,478,392,0.8200836820083682,314,251,0.7993630573248408,652,475,0.7285276073619632,0.020720624683527422,0.09155607464640503,0.0708354499628776
BLADEN_P202,730,556,0.7616438356164383,621,450,0.7246376811594203,1047,700,0.6685768863419294,0.03700615445701805,0.09306694927450898,0.05606079481749093
BLADEN_P25,198,150,0.7575757575757576,464,323,0.6961206896551724,378,231,0.6111111111111112,0.061455067920585194,0.1464646464646464,0.08500957854406122
BLADEN_P30,159,123,0.7735849056603774,769,614,0.7984395318595578,314,160,0.5095541401273885,-0.02485462619918044,0.2640307655329889,0.2888853917321693
BLADEN_P35,133,101,0.7593984962406015,281,215,0.7651245551601423,248,130,0.5241935483870968,-0.005726058919540811,0.23520494785350476,0.24093100677304558
BLADEN_P40,655,523,0.7984732824427481,383,305,0.7963446475195822,683,481,0.7042459736456809,0.0021286349231658397,0.0942273087970672,0.09209867387390136
BLADEN_P45,198,146,0.7373737373737373,153,111,0.7254901960784313,167,111,0.6646706586826348,0.011883541295306,0.0727030786911026,0.0608195373957966
BLADEN_P501,537,421,0.7839851024208566,1227,937,0.7636511817440913,1076,662,0.6152416356877324,0.020333920676765316,0.16874346673312424,0.14840954605635892
BLADEN_P502,355,272,0.7661971830985915,829,634,0.7647768395657418,697,370,0.5308464849354376,0.0014203435328496994,0.2353506981631539,0.2339303546303042
BLADEN_P55,196,150,0.7653061224489796,224,181,0.8080357142857143,186,121,0.6505376344086021,-0.04272959183673475,0.11476848804037743,0.15749807987711217
BLADEN_P60,371,305,0.8221024258760108,573,464,0.8097731239092496,587,371,0.6320272572402045,0.012329301966761186,0.1900751686358063,0.17774586666904513
BLADEN_P65,257,222,0.8638132295719845,140,115,0.8214285714285714,199,154,0.7738693467336684,0.04238465814341308,0.08994388283831611,0.047559224694903035
BLADEN_P70,135,110,0.8148148148148148,198,159,0.803030303030303,151,99,0.6556291390728477,0.011784511784511786,0.15918567574196707,0.14740116395745528
BLADEN_P75,198,154,0.7777777777777778,581,464,0.7986230636833046,362,206,0.569060773480663,-0.02084528590552681,0.20871700429711482,0.22956229020264163
BLADEN_P80,349,272,0.7793696275071633,343,237,0.6909620991253644,515,309,0.6,0.08840752838179888,0.17936962750716334,0.09096209912536446
BRUNSWICK_CB01,1054,774,0.7343453510436433,569,403,0.7082601054481547,994,614,0.6177062374245473,0.026085245595488638,0.11663911361909596,0.09055386802360732
BRUNSWICK_CB02,3226,2455,0.7610043397396157,1306,924,0.7075038284839203,3068,1947,0.6346153846153846,0.05350051125569533,0.1263889551242311,0.07288844386853577
BRUNSWICK_CB03,1341,1068,0.796420581655481,502,367,0.7310756972111554,1173,810,0.690537084398977,0.06534488444432562,0.10588349725650403,0.04053861281217841
BRUNSWICK_CB04,2212,1719,0.777124773960217,698,509,0.7292263610315186,1804,1205,0.667960088691796,0.04789841292869834,0.10916468526842094,0.061266272339722594
BRUNSWICK_CB05,1852,1444,0.7796976241900648,659,507,0.7693474962063733,1597,1117,0.6994364433312461,0.010350127983691504,0.08026118085881873,0.06991105287512722
BRUNSWICK_CB06,3484,2785,0.7993685419058554,1247,977,0.7834803528468324,3162,2273,0.7188488298545225,0.015888189059023006,0.0805197120513329,0.0646315229923099
BRUNSWICK_NB01,828,615,0.7427536231884058,734,547,0.7452316076294278,871,489,0.5614236509758898,-0.0024779844410219853,0.181329972212516,0.183807956653538
BRUNSWICK_NB02,3357,2643,0.7873100983020554,2274,1705,0.7497801231310466,3990,2701,0.6769423558897243,0.03752997517100887,0.11036774241233116,0.0728377672413223
BRUNSWICK_NB03,2616,1975,0.7549694189602446,1214,870,0.7166392092257001,2627,1612,0.6136277122192615,0.038330209734544485,0.14134170674098312,0.10301149700643863
BRUNSWICK_NB04,2553,2076,0.8131609870740305,1570,1263,0.8044585987261147,3155,2327,0.7375594294770206,0.008702388347915813,0.07560155759700993,0.06689916924909411
BRUNSWICK_NB05,1127,806,0.7151730257320319,1205,845,0.7012448132780082,1679,890,0.5300774270399047,0.013928212454023647,0.18509559869212722,0.17116738623810357
BRUNSWICK_NB06,2485,2041,0.821327967806841,1547,1314,0.8493859082094376,3076,2451,0.796814044213264,-0.02805794040259657,0.02451392359357707,0.05257186399617364
BRUNSWICK_NB07,3558,2668,0.7498594716132658,2235,1626,0.72751677852349,4333,2853,0.6584352642510962,0.022342693089775878,0.09142420736216961,0.06908151427239373
BRUNSWICK_SB01,1177,867,0.7366185216652507,731,498,0.6812585499316005,1117,686,0.6141450313339302,0.05535997173365015,0.12247349033132049,0.06711351859767034
BRUNSWICK_SB02,2615,2050,0.7839388145315488,786,584,0.7430025445292621,2491,1675,0.6724207145724609,0.04093627000228672,0.1115180999590879,0.07058182995680118
BRUNSWICK_SB03,3975,3393,0.8535849056603774,1560,1271,0.8147435897435897,3951,3218,0.8144773475069602,0.03884131591678763,0.039107558153417155,0.0002662422366295214
BRUNSWICK_SB04,1627,1273,0.7824216349108789,813,625,0.7687576875768758,1553,1150,0.7405022537025112,0.013663947334003113,0.04191938120836769,0.028255433874364577
BRUNSWICK_SB05,1481,1183,0.7987846049966238,759,595,0.7839262187088274,1476,1034,0.7005420054200542,0.014858386287796455,0.09824259957656967,0.08338421328877321
BRUNSWICK_SB06,1599,1318,0.8242651657285803,587,475,0.8091993185689949,1499,1136,0.7578385590393596,0.015065847159585477,0.06642660668922074,0.05136075952963526
BRUNSWICK_SB07,1513,1240,0.8195637805684072,579,483,0.8341968911917098,1401,1055,0.7530335474660956,-0.014633110623302636,0.06653023310231154,0.08116334372561418
BRUNSWICK_SB08,946,801,0.846723044397463,375,315,0.84,920,711,0.7728260869565218,0.006723044397463074,0.07389695744094127,0.0671739130434782
BRUNSWICK_WB01,1028,829,0.806420233463035,346,236,0.6820809248554913,788,517,0.6560913705583756,0.12433930860754372,0.1503288629046594,0.02598955429711569
BRUNSWICK_WB02,3753,2772,0.7386091127098321,1358,1000,0.7363770250368189,2898,2073,0.7153209109730849,0.0022320876730131944,0.02328820173674717,0.021056114063733977
BRUNSWICK_WB03,620,481,0.7758064516129032,417,290,0.6954436450839329,608,391,0.6430921052631579,0.08036280652897032,0.13271434634974533,0.052351539820775006
BRUNSWICK_WB04,3908,2947,0.7540941658137155,1415,1051,0.742756183745583,3148,2203,0.6998094027954257,0.011337982068132413,0.05428476301828977,0.04294678095015736
BRUNSWICK_WB05,2365,1853,0.7835095137420719,881,712,0.8081725312145289,2128,1613,0.7579887218045113,-0.024663017472457027,0.025520791937560627,0.050183809410017655
BRUNSWICK_WB06,3915,3257,0.8319284802043423,1225,992,0.809795918367347,3067,2307,0.7522008477339419,0.0221325618369953,0.07972763247040038,0.05759507063340508
BUNCOMBE_01.1,154,86,0.5584415584415584,1094,761,0.6956124314442413,1095,680,0.6210045662100456,-0.13717087300268294,-0.06256300776848722,0.07460786523419571
BUNCOMBE_02.1,121,72,0.5950413223140496,1703,1242,0.729301233118027,1552,913,0.5882731958762887,-0.13425991080397737,0.006768126437760924,0.1410280372417383
BUNCOMBE_03.1,96,65,0.6770833333333334,1175,897,0.7634042553191489,1094,717,0.6553930530164533,-0.08632092198581554,0.02169028031688003,0.10801120230269556
BUNCOMBE_04.1,95,74,0.7789473684210526,709,614,0.8660084626234132,669,501,0.7488789237668162,-0.08706109420236063,0.030068444654236415,0.11712953885659705
BUNCOMBE_05.1,284,215,0.7570422535211268,1201,1017,0.8467943380516236,1266,996,0.7867298578199052,-0.08975208453049688,-0.02968760429877848,0.0600644802317184
BUNCOMBE_06.1,178,124,0.6966292134831461,680,570,0.8382352941176471,624,474,0.7596153846153846,-0.14160608063450097,-0.06298617113223848,0.0786199095022625
BUNCOMBE_07.1,119,80,0.6722689075630253,963,793,0.8234683281412254,909,606,0.6666666666666666,-0.15119942057820013,0.0056022408963586345,0.15680166147455876
BUNCOMBE_08.2,319,208,0.6520376175548589,1253,934,0.7454110135674381,1290,720,0.5581395348837209,-0.09337339601257921,0.09389808267113797,0.18727147868371719
BUNCOMBE_08.3,368,271,0.7364130434782609,1202,954,0.7936772046589018,1188,793,0.6675084175084175,-0.05726416118064093,0.06890462596984337,0.1261687871504843
BUNCOMBE_09.1,531,313,0.5894538606403014,1811,1310,0.7233572611816675,2100,1236,0.5885714285714285,-0.13390340054136618,0.0008824320688728404,0.13478583261023902
BUNCOMBE_10.1,90,46,0.5111111111111111,913,655,0.7174151150054765,666,329,0.493993993993994,-0.20630400389436543,0.017117117117117053,0.22342112101148248
BUNCOMBE_11.1,194,54,0.27835051546391754,969,562,0.5799793601651186,1523,451,0.29612606697307947,-0.3016288447012011,-0.017775551509161935,0.28385329319203917
BUNCOMBE_12.1,130,74,0.5692307692307692,1256,1017,0.8097133757961783,1264,867,0.6859177215189873,-0.2404826065654091,-0.11668695228821813,0.12379565427719097
BUNCOMBE_13.1,148,88,0.5945945945945946,1160,846,0.7293103448275862,1237,704,0.5691188358932903,-0.13471575023299154,0.025475758701304363,0.1601915089342959
BUNCOMBE_14.2,231,135,0.5844155844155844,1180,876,0.7423728813559322,1263,795,0.6294536817102138,-0.15795729694034777,-0.045038097294629376,0.1129191996457184
BUNCOMBE_14.3,179,106,0.5921787709497207,499,346,0.6933867735470942,697,355,0.509325681492109,-0.1012080025973735,0.08285308945761172,0.18406109205498522
BUNCOMBE_15.1,169,118,0.6982248520710059,1119,924,0.8257372654155496,1045,758,0.7253588516746412,-0.12751241334454366,-0.027133999603635273,0.10037841374090839
BUNCOMBE_16.2,265,162,0.6113207547169811,1535,1162,0.7570032573289902,1549,1013,0.6539703034215623,-0.1456825026120091,-0.04264954870458115,0.10303295390742795
BUNCOMBE_17.1,108,86,0.7962962962962963,754,592,0.7851458885941645,788,566,0.7182741116751269,0.011150407702131826,0.07802218462116939,0.06687177691903756
BUNCOMBE_18.2,1111,764,0.6876687668766877,1793,1390,0.7752370329057445,2762,1877,0.6795800144822592,-0.08756826602905687,0.008088752394428411,0.09565701842348528
BUNCOMBE_19.1,313,188,0.6006389776357828,699,453,0.648068669527897,880,464,0.5272727272727272,-0.04742969189211421,0.07336625036305555,0.12079594225516976
BUNCOMBE_20.1,96,56,0.5833333333333334,508,395,0.7775590551181102,575,376,0.6539130434782608,-0.19422572178477682,-0.07057971014492748,0.12364601163984934
BUNCOMBE_21.1,376,282,0.75,1205,939,0.779253112033195,1267,881,0.6953433307024467,-0.029253112033195028,0.054656669297553306,0.08390978133074833
BUNCOMBE_22.2,257,209,0.8132295719844358,1100,933,0.8481818181818181,1056,822,0.7784090909090909,-0.03495224619738235,0.034820481075344856,0.06977272727272721
BUNCOMBE_23.2,116,78,0.6724137931034483,320,240,0.75,334,218,0.6526946107784432,-0.07758620689655171,0.019719182325005136,0.09730538922155685
BUNCOMBE_23.3,123,101,0.8211382113821138,359,329,0.9164345403899722,385,311,0.8077922077922078,-0.09529632900785834,0.013346003589906008,0.10864233259776435
BUNCOMBE_24.1,560,388,0.6928571428571428,904,707,0.7820796460176991,1287,833,0.6472416472416472,-0.08922250316055624,0.045615495615495605,0.13483799877605185
BUNCOMBE_25.1,327,197,0.6024464831804281,1007,760,0.7547169811320755,1220,790,0.6475409836065574,-0.15227049795164738,-0.04509450042612928,0.1071759975255181
BUNCOMBE_26.1,226,146,0.6460176991150443,889,668,0.7514060742407199,1064,670,0.6296992481203008,-0.10538837512567567,0.016318450994743494,0.12170682612041916
BUNCOMBE_27.2,92,72,0.782608695652174,337,289,0.857566765578635,419,342,0.8162291169451074,-0.07495806992646104,-0.03362042129293341,0.041337648633527624
BUNCOMBE_28.1,107,67,0.6261682242990654,1060,775,0.7311320754716981,1204,750,0.6229235880398671,-0.10496385117263274,0.0032446362591982414,0.10820848743183098
BUNCOMBE_29.2,576,366,0.6354166666666666,1284,1043,0.8123052959501558,1597,1093,0.6844082654978084,-0.17688862928348914,-0.04899159883114179,0.12789703045234735
BUNCOMBE_30.2,1003,693,0.6909272183449651,967,698,0.7218200620475698,1815,1146,0.631404958677686,-0.0308928437026047,0.05952225966727909,0.09041510336988379
BUNCOMBE_30.3,1056,783,0.7414772727272727,965,749,0.7761658031088083,1786,1265,0.7082866741321389,-0.03468853038153563,0.03319059859513385,0.06787912897666948
BUNCOMBE_31.1,399,337,0.8446115288220551,352,305,0.8664772727272727,575,457,0.7947826086956522,-0.02186574390521756,0.04982892012640294,0.0716946640316205
BUNCOMBE_32.1,637,492,0.7723704866562009,644,537,0.8338509316770186,1016,727,0.7155511811023622,-0.06148044502081773,0.05681930555383874,0.11829975057465647
BUNCOMBE_33.2,347,276,0.7953890489913544,492,399,0.8109756097560976,681,496,0.7283406754772394,-0.015586560764743185,0.06704837351411508,0.08263493427885826
BUNCOMBE_33.3,481,361,0.7505197505197505,656,546,0.8323170731707317,929,650,0.6996770721205597,-0.08179732265098116,0.050842678399190766,0.13264000105017193
BUNCOMBE_34.1,219,182,0.8310502283105022,433,359,0.8290993071593533,565,415,0.7345132743362832,0.001950921151148921,0.09653695397421902,0.0945860328230701
BUNCOMBE_35.1,325,248,0.7630769230769231,777,661,0.8507078507078507,788,582,0.7385786802030457,-0.08763092763092761,0.024498242873877363,0.11212917050480498
BUNCOMBE_36.1,572,443,0.7744755244755245,566,453,0.8003533568904594,1023,703,0.6871945259042033,-0.02587783241493491,0.08728099857132121,0.11315883098625612
BUNCOMBE_37.1,485,379,0.7814432989690722,340,280,0.8235294117647058,777,573,0.7374517374517374,-0.04208611279563368,0.04399156151733474,0.08607767431296842
BUNCOMBE_38.2,755,622,0.823841059602649,415,335,0.8072289156626506,891,701,0.7867564534231201,0.016612143939998325,0.03708460617952891,0.020472462239530587
BUNCOMBE_38.3,1158,943,0.8143350604490501,802,668,0.8329177057356608,1569,1173,0.7476099426386233,-0.01858264528661069,0.06672511781042678,0.08530776309703747
BUNCOMBE_39.2,466,379,0.8133047210300429,468,390,0.8333333333333334,828,625,0.7548309178743962,-0.02002861230329045,0.058473803155646764,0.07850241545893721
BUNCOMBE_39.3,777,629,0.8095238095238095,776,645,0.8311855670103093,1402,1053,0.7510699001426534,-0.02166175748649979,0.05845390938115613,0.08011566686765592
BUNCOMBE_40.2,1360,1077,0.7919117647058823,951,768,0.807570977917981,1795,1319,0.7348189415041783,-0.015659213212098733,0.05709282320170406,0.07275203641380279
BUNCOMBE_41.1,1210,966,0.7983471074380165,793,647,0.8158890290037831,1550,1107,0.7141935483870968,-0.017541921565766616,0.0841535590509197,0.10169548061668632
BUNCOMBE_42.1,527,365,0.6925996204933587,721,544,0.7545076282940361,1100,666,0.6054545454545455,-0.0619080078006774,0.08714507503881319,0.1490530828394906
BUNCOMBE_43.2,356,235,0.6601123595505618,587,423,0.7206132879045997,923,551,0.5969664138678223,-0.060500928354037864,0.06314594568273946,0.12364687403677732
BUNCOMBE_44.1,1627,1198,0.7363245236631838,1935,1484,0.7669250645994832,3138,2144,0.6832377310388783,-0.03060054093629938,0.05308679262430549,0.08368733356060487
BUNCOMBE_45.1,1258,902,0.7170111287758346,1479,1106,0.7478025693035835,2306,1435,0.6222896790980053,-0.030791440527748848,0.09472144967782936,0.1255128902055782
BUNCOMBE_46.1,360,281,0.7805555555555556,495,403,0.8141414141414142,697,513,0.7360114777618364,-0.03358585858585861,0.04454407779371916,0.07812993637957777
BUNCOMBE_47.1,1584,1234,0.7790404040404041,912,702,0.7697368421052632,1977,1326,0.6707132018209409,0.009303561935140925,0.10832720221946324,0.09902364028432231
BUNCOMBE_48.1,1338,1027,0.7675635276532138,1038,797,0.7678227360308285,1793,1233,0.6876742889012828,-0.00025920837761472804,0.07988923875193099,0.08014844712954572
BUNCOMBE_49.1,1552,1205,0.7764175257731959,929,739,0.7954790096878364,1992,1370,0.6877510040160643,-0.019061483914640465,0.08866652175713163,0.1077280056717721
BUNCOMBE_50.1,470,367,0.7808510638297872,418,344,0.8229665071770335,639,434,0.6791862284820032,-0.04211544334724626,0.10166483534778403,0.1437802786950303
BUNCOMBE_51.2,680,528,0.7764705882352941,540,437,0.8092592592592592,965,698,0.7233160621761658,-0.0327886710239651,0.05315452605912829,0.08594319708309339
BUNCOMBE_52.1,1592,1284,0.8065326633165829,899,714,0.7942157953281423,1977,1366,0.6909458775923116,0.01231686798844056,0.11558678572427128,0.10326991773583072
BUNCOMBE_53.1,1189,990,0.832632464255677,705,557,0.7900709219858156,1475,1074,0.7281355932203389,0.04256154226986142,0.10449687103533811,0.061935328765476694
BUNCOMBE_54.2,1086,730,0.6721915285451197,1509,1054,0.6984758117958914,2339,1377,0.5887131252672082,-0.0262842832507717,0.08347840327791145,0.10976268652868315
BUNCOMBE_55.1,918,701,0.7636165577342048,859,685,0.7974388824214202,1553,1159,0.7462974887314875,-0.033822324687215466,0.01731906900271729,0.05114139368993276
BUNCOMBE_56.2,439,334,0.7608200455580866,676,540,0.7988165680473372,1021,755,0.7394711067580804,-0.03799652248925067,0.021348938800006212,0.059345461289256884
BUNCOMBE_57.1,876,697,0.795662100456621,802,636,0.7930174563591023,1481,1121,0.7569209993247805,0.0026446440975187446,0.03874110113184048,0.03609645703432174
BUNCOMBE_58.1,640,486,0.759375,858,702,0.8181818181818182,1345,975,0.724907063197026,-0.05880681818181821,0.034467936802974,0.09327475498479221
BUNCOMBE_59.1,974,763,0.7833675564681725,1327,1131,0.8522984174830445,1892,1472,0.7780126849894292,-0.068930861014872,0.0053548714787432505,0.07428573249361525
BUNCOMBE_60.2,247,157,0.6356275303643725,488,366,0.75,721,485,0.6726768377253814,-0.11437246963562753,-0.037049307361008976,0.07732316227461855
BUNCOMBE_60.4,355,277,0.780281690140845,622,521,0.837620578778135,871,653,0.7497129735935706,-0.057338888637289975,0.030568716547274444,0.08790760518456442
BUNCOMBE_61.1,591,477,0.8071065989847716,843,707,0.8386714116251482,1126,847,0.7522202486678508,-0.031564812640376694,0.054886350316920796,0.08645116295729749
BUNCOMBE_62.1,519,390,0.7514450867052023,930,742,0.7978494623655914,1168,841,0.7200342465753424,-0.04640437566038913,0.03141084012985984,0.07781521579024897
BUNCOMBE_63.1,214,169,0.7897196261682243,151,115,0.7615894039735099,281,207,0.7366548042704626,0.028130222194714394,0.05306482189776174,0.024934599703047344
BUNCOMBE_64.1,597,456,0.7638190954773869,550,441,0.8018181818181818,974,662,0.6796714579055442,-0.03799908634079485,0.08414763757184274,0.12214672391263759
BUNCOMBE_65.1,734,554,0.7547683923705722,1100,875,0.7954545454545454,1407,982,0.6979388770433547,-0.040686153083973164,0.056829515327217583,0.09751566841119075
BUNCOMBE_66.1,403,301,0.7468982630272953,656,478,0.7286585365853658,819,526,0.6422466422466423,0.018239726441929505,0.10465162078065304,0.08641189433872354
BUNCOMBE_67.1,468,376,0.8034188034188035,961,844,0.8782518210197711,1128,911,0.8076241134751773,-0.07483301760096761,-0.004205310056373812,0.0706277075445938
BUNCOMBE_68.1,1378,1018,0.7387518142235123,1316,986,0.7492401215805471,2220,1437,0.6472972972972973,-0.010488307357034765,0.09145451692621498,0.10194282428324974
BUNCOMBE_681,163,128,0.7852760736196319,81,63,0.7777777777777778,167,121,0.7245508982035929,0.00749829584185413,0.06072517541603906,0.05322687957418493
BUNCOMBE_69.1,868,678,0.7811059907834101,994,833,0.8380281690140845,1545,1111,0.7190938511326861,-0.05692217823067436,0.06201213965072405,0.11893431788139841
BUNCOMBE_70.1,582,419,0.7199312714776632,1266,940,0.7424960505529226,1620,1030,0.6358024691358025,-0.022564779075259334,0.08412880234186071,0.10669358141712004
BUNCOMBE_71.1,905,703,0.7767955801104972,1549,1283,0.8282763072950291,1956,1413,0.7223926380368099,-0.051480727184531894,0.054402942073687344,0.10588366925821924
BURKE_0001,1378,1100,0.7982583454281568,607,473,0.7792421746293245,1207,809,0.6702568351284176,0.01901617079883222,0.12800151029973916,0.10898533950090694
BURKE_0003,599,482,0.8046744574290484,185,139,0.7513513513513513,434,295,0.6797235023041475,0.05332310607769708,0.12495095512490095,0.07162784904720387
BURKE_0011,1543,1234,0.7997407647440052,349,263,0.7535816618911175,1223,782,0.6394112837285364,0.04615910285288771,0.16032948101546884,0.11417037816258113
BURKE_0012,1014,859,0.8471400394477318,146,109,0.7465753424657534,674,520,0.771513353115727,0.10056469698197834,0.07562668633200476,-0.024938010649973585
BURKE_0013,1514,1250,0.8256274768824307,333,236,0.7087087087087087,1033,681,0.6592449177153921,0.11691876817372193,0.1663825591670386,0.04946379099331666
BURKE_0014,1102,907,0.823049001814882,198,136,0.6868686868686869,762,488,0.6404199475065617,0.1361803149461952,0.18262905430832033,0.046448739362125124
BURKE_0015,713,571,0.8008415147265077,194,135,0.6958762886597938,594,359,0.6043771043771043,0.10496522606671388,0.19646441034940332,0.09149918428268944
BURKE_0018,255,194,0.7607843137254902,93,71,0.7634408602150538,203,144,0.7093596059113301,-0.0026565464895635937,0.05142470781416009,0.05408125430372368
BURKE_0019,294,246,0.8367346938775511,112,92,0.8214285714285714,250,188,0.752,0.015306122448979664,0.08473469387755106,0.0694285714285714
BURKE_0020,373,318,0.8525469168900804,216,179,0.8287037037037037,407,315,0.773955773955774,0.02384321318637672,0.07859114293430647,0.05474792974792975
BURKE_0021,672,529,0.7872023809523809,269,209,0.7769516728624535,593,394,0.6644182124789207,0.010250708089927452,0.12278416847346019,0.11253346038353274
BURKE_0022,903,738,0.8172757475083057,328,256,0.7804878048780488,744,526,0.706989247311828,0.036787942630256865,0.11028650019647768,0.07349855756622081
BURKE_0024,1149,950,0.8268059181897301,387,312,0.8062015503875969,1015,737,0.7261083743842365,0.02060436780213326,0.10069754380549367,0.08009317600336041
BURKE_0031,438,321,0.7328767123287672,706,552,0.7818696883852692,860,545,0.6337209302325582,-0.04899297605650199,0.09915578209620901,0.148148758152711
BURKE_0034,543,402,0.7403314917127072,523,388,0.7418738049713193,853,610,0.7151230949589683,-0.0015423132586120936,0.02520839675373887,0.026750710012350964
BURKE_0035,383,289,0.7545691906005222,481,372,0.7733887733887734,637,410,0.6436420722135008,-0.018819582788251243,0.1109271183870214,0.12974670117527265
BURKE_0036,811,669,0.8249075215782984,279,225,0.8064516129032258,792,549,0.6931818181818182,0.01845590867507263,0.13172570339648015,0.11326979472140752
BURKE_0038,805,619,0.768944099378882,559,399,0.7137745974955277,914,601,0.6575492341356673,0.05516950188335423,0.11139486524321462,0.05622536335986039
BURKE_0039,613,448,0.7308319738988581,577,420,0.7279029462738301,784,508,0.6479591836734694,0.0029290276250280023,0.08287279022538874,0.07994376260036073
BURKE_0040,698,549,0.7865329512893983,359,281,0.7827298050139275,770,516,0.6701298701298701,0.003803146275470737,0.11640308115952813,0.1125999348840574
BURKE_0047-A,622,512,0.8231511254019293,570,473,0.8298245614035088,782,563,0.7199488491048593,-0.006673436001579547,0.1032022762970699,0.10987571229864945
BURKE_0047-B,527,414,0.7855787476280834,298,223,0.7483221476510067,570,399,0.7,0.037256599977076754,0.08557874762808348,0.04832214765100673
BURKE_0048,784,661,0.8431122448979592,462,387,0.8376623376623377,802,603,0.7518703241895262,0.005449907235621554,0.09124192070843307,0.08579201347281151
BURKE_0051,1380,1113,0.8065217391304348,703,533,0.7581792318634424,1398,971,0.6945636623748211,0.04834250726699241,0.11195807675561364,0.06361556948862124
BURKE_0052,621,456,0.7342995169082126,292,209,0.7157534246575342,507,336,0.6627218934911243,0.01854609225067838,0.07157762341708829,0.053031531166409906
BURKE_0062,377,308,0.8169761273209549,150,116,0.7733333333333333,338,253,0.7485207100591716,0.04364279398762161,0.06845541726178328,0.02481262327416167
BURKE_0064,352,302,0.8579545454545454,117,91,0.7777777777777778,340,266,0.7823529411764706,0.08017676767676762,0.07560160427807483,-0.004575163398692794
BURKE_0066,975,752,0.7712820512820513,412,285,0.691747572815534,792,493,0.6224747474747475,0.07953447846651729,0.14880730380730378,0.06927282534078649
BURKE_0070,1065,875,0.8215962441314554,474,370,0.7805907172995781,1068,744,0.6966292134831461,0.041005526831877304,0.12496703064830927,0.08396150381643197
BURKE_0071,1092,867,0.7939560439560439,320,226,0.70625,980,637,0.65,0.08770604395604387,0.1439560439560439,0.05625000000000002
BURKE_0072,1594,1216,0.7628607277289837,508,352,0.6929133858267716,1408,946,0.671875,0.06994734190221208,0.09098572772898372,0.021038385826771644
CABARRUS_01-02,1345,1136,0.8446096654275093,691,548,0.7930535455861071,1342,987,0.7354694485842027,0.05155611984140218,0.10914021684330655,0.057584097001904366
CABARRUS_01-04,1733,1422,0.8205424120023082,1942,1582,0.8146240988671473,2945,2147,0.7290322580645161,0.005918313135160891,0.09151015393779205,0.08559184080263116
CABARRUS_01-07,1108,939,0.8474729241877257,625,511,0.8176,1236,954,0.7718446601941747,0.02987292418772569,0.07562826399355094,0.045755339805825246
CABARRUS_01-08,1535,1204,0.7843648208469055,1930,1467,0.7601036269430052,2473,1629,0.658714112414072,0.024261193903900358,0.12565070843283355,0.10138951452893319
CABARRUS_01-10,1009,811,0.8037661050545094,900,691,0.7677777777777778,1462,1046,0.7154582763337893,0.035988327276731624,0.08830782872072007,0.05231950144398845
CABARRUS_01-11,1468,1229,0.8371934604904632,1365,1086,0.7956043956043956,2195,1606,0.7316628701594533,0.04158906488606762,0.10553059033100987,0.06394152544494225
CABARRUS_02-01,1301,1014,0.7794004611837049,1116,831,0.7446236559139785,1592,1021,0.6413316582914573,0.034776805269726374,0.13806880289224754,0.10329199762252117
CABARRUS_02-02,1447,1138,0.7864547339322737,1435,1056,0.7358885017421603,1992,1309,0.6571285140562249,0.05056623219011347,0.12932621987604886,0.0787599876859354
CABARRUS_02-03,2187,1746,0.7983539094650206,2082,1532,0.7358309317963496,2892,1870,0.6466113416320886,0.06252297766867099,0.15174256783293205,0.08921959016426106
CABARRUS_02-05,1612,1324,0.8213399503722084,1257,911,0.7247414478918058,1884,1285,0.6820594479830149,0.09659850248040258,0.13928050238919354,0.04268199990879096
CABARRUS_02-06,951,705,0.7413249211356467,1412,973,0.6890934844192634,1618,929,0.5741656365883807,0.052231436716383306,0.16715928454726603,0.11492784783088272
CABARRUS_02-07,1288,1065,0.8268633540372671,956,707,0.7395397489539749,1581,1117,0.7065148640101202,0.08732360508329218,0.12034849002714687,0.03302488494385469
CABARRUS_02-08,2106,1668,0.792022792022792,2492,1812,0.7271268057784912,3920,2615,0.6670918367346939,0.06489598624430082,0.12493095528809817,0.06003496904379735
CABARRUS_02-09,1801,1370,0.7606885063853415,2563,1927,0.7518532969176746,4232,2923,0.6906899810964083,0.008835209467666916,0.06999852528893313,0.06116331582126622
CABARRUS_03-00,2409,1959,0.813200498132005,1316,1057,0.8031914893617021,2581,1839,0.7125145292522278,0.010009008770302863,0.10068596887977721,0.09067696010947435
CABARRUS_04-01,921,708,0.7687296416938111,1133,793,0.6999117387466902,1403,807,0.5751960085531005,0.06881790294712087,0.1935336331407106,0.12471573019358972
CABARRUS_04-03,953,769,0.8069254984260231,1037,767,0.7396335583413693,1038,608,0.5857418111753372,0.06729194008465378,0.22118368725068593,0.15389174716603216
CABARRUS_04-08,685,512,0.7474452554744525,742,498,0.6711590296495957,995,594,0.5969849246231156,0.07628622582485678,0.15046033085133692,0.07417410502648014
CABARRUS_04-09,1758,1466,0.8339021615472128,1199,936,0.780650542118432,1768,1234,0.6979638009049773,0.05325161942878076,0.1359383606422354,0.08268674121345465
CABARRUS_04-11,1124,850,0.7562277580071174,1186,807,0.6804384485666105,1457,841,0.577213452299245,0.07578930944050688,0.17901430570787236,0.10322499626736548
CABARRUS_04-12,1221,904,0.7403767403767404,1890,1296,0.6857142857142857,1917,1046,0.5456442357850808,0.054662454662454674,0.19473250459165958,0.1400700499292049
CABARRUS_04-13,2044,1671,0.8175146771037182,1433,1052,0.7341242149337055,2135,1394,0.652927400468384,0.08339046217001267,0.16458727663533412,0.08119681446532145
CABARRUS_05-00,1482,1256,0.8475033738191633,437,324,0.7414187643020596,1009,750,0.7433102081268583,0.10608460951710375,0.10419316569230497,-0.0018914438247987775
CABARRUS_06-00,1293,1127,0.871616395978345,208,169,0.8125,762,591,0.7755905511811023,0.05911639597834495,0.09602584479724263,0.03690944881889768
CABARRUS_07-00,832,715,0.859375,106,89,0.839622641509434,422,333,0.7890995260663507,0.019752358490566002,0.0702754739336493,0.0505231154430833
CABARRUS_08-00,2281,1900,0.8329679964927663,487,396,0.813141683778234,1550,1176,0.7587096774193548,0.01982631271453228,0.07425831907341152,0.05443200635887924
CABARRUS_09-00,1591,1402,0.8812067881835324,333,261,0.7837837837837838,1051,777,0.7392959086584205,0.0974230043997486,0.14191087952511183,0.04448787512536323
CABARRUS_10-00,3093,2595,0.8389912706110573,1194,920,0.7705192629815746,2259,1617,0.7158034528552457,0.06847200762948269,0.12318781775581156,0.05471581012632887
CABARRUS_11-01,1497,1111,0.7421509686038744,2180,1468,0.673394495412844,2616,1431,0.5470183486238532,0.0687564731910304,0.19513261998002118,0.12637614678899078
CABARRUS_11-02,1496,1233,0.8241978609625669,730,569,0.7794520547945205,1504,1080,0.7180851063829787,0.044745806168046354,0.10611275457958813,0.06136694841154178
CABARRUS_12-03,713,587,0.82328190743338,576,435,0.7552083333333334,847,582,0.6871310507674144,0.06807357410004666,0.1361508566659656,0.06807728256591894
CABARRUS_12-04,779,579,0.7432605905006419,898,581,0.6469933184855234,1219,712,0.5840853158326497,0.09626727201511842,0.1591752746679922,0.06290800265287377
CABARRUS_12-05,797,681,0.8544542032622334,438,354,0.8082191780821918,918,723,0.7875816993464052,0.04623502518004163,0.06687250391582822,0.020637478735786585
CABARRUS_12-08,457,313,0.6849015317286652,524,327,0.6240458015267175,666,310,0.46546546546546547,0.06085573020194768,0.21943606626319972,0.15858033606125205
CABARRUS_12-09,999,793,0.7937937937937938,823,609,0.7399756986634265,1221,799,0.6543816543816544,0.05381809513036728,0.13941213941213937,0.08559404428177209
CABARRUS_12-11,493,371,0.7525354969574036,542,350,0.6457564575645757,770,458,0.5948051948051948,0.10677903939282796,0.15773030215220885,0.05095126275938089
CABARRUS_12-12,700,552,0.7885714285714286,581,416,0.7160068846815835,933,597,0.639871382636656,0.07256454388984512,0.1487000459347726,0.07613550204492747
CABARRUS_12-13,692,444,0.6416184971098265,1918,1307,0.6814389989572471,1683,811,0.48187759952465836,-0.039820501847420586,0.15974089758516818,0.19956139943258877
CABARRUS_12-14,858,710,0.8275058275058275,856,658,0.7686915887850467,1263,897,0.7102137767220903,0.05881423872078073,0.11729205078373717,0.058477812062956436
CALDWELL_1,2538,2027,0.7986603624901497,857,634,0.7397899649941657,1678,1104,0.6579261025029798,0.058870397495983995,0.14073425998716993,0.08186386249118593
CALDWELL_10,1758,1490,0.8475540386803185,396,298,0.7525252525252525,1142,792,0.6935201401050788,0.09502878615506605,0.15403389857523975,0.0590051124201737
CALDWELL_11,1989,1632,0.8205128205128205,451,334,0.7405764966740577,1224,867,0.7083333333333334,0.07993632383876281,0.11217948717948711,0.0322431633407243
CALDWELL_12,1384,1158,0.8367052023121387,306,237,0.7745098039215687,870,639,0.7344827586206897,0.06219539839057009,0.10222244369144906,0.04002704530087897
CALDWELL_13,3090,2558,0.827831715210356,742,575,0.7749326145552561,1965,1421,0.7231552162849872,0.05289910065509995,0.10467649892536879,0.05177739827026884
CALDWELL_14,2607,2221,0.8519370924434215,612,484,0.7908496732026143,1769,1337,0.7557942340305257,0.061087419240807184,0.09614285841289583,0.03505543917208864
CALDWELL_15,1592,1326,0.8329145728643216,268,198,0.7388059701492538,850,588,0.691764705882353,0.09410860271506782,0.14114986698196863,0.047041264266900806
CALDWELL_2,1169,969,0.8289136013686912,319,260,0.8150470219435737,732,530,0.7240437158469946,0.013866579425117487,0.10486988552169663,0.09100330609657914
CALDWELL_3,634,558,0.8801261829652997,175,143,0.8171428571428572,410,313,0.7634146341463415,0.06298332582244248,0.11671154881895818,0.053728222996515695
CALDWELL_4,1743,1449,0.8313253012048193,324,256,0.7901234567901234,993,729,0.7341389728096677,0.041201844414695876,0.09718632839515162,0.055984483980455746
CALDWELL_5,1486,1205,0.8109017496635262,451,343,0.7605321507760532,1185,779,0.6573839662447257,0.050369598887473055,0.1535177834188005,0.10314818453132746
CALDWELL_6,2229,1687,0.7568416330192912,1653,1152,0.6969147005444646,2069,1206,0.582890285161914,0.05992693247482661,0.1739513478573772,0.11402441538255059
CALDWELL_7,2044,1619,0.7920743639921722,1009,703,0.6967294350842418,1868,1145,0.6129550321199143,0.09534492890793045,0.17911933187225793,0.08377440296432748
CALDWELL_8,1923,1616,0.8403536141445658,652,529,0.8113496932515337,1477,1127,0.7630331753554502,0.029003920893032054,0.07732043878911554,0.04831651789608349
CALDWELL_9,1710,1425,0.8333333333333334,349,271,0.7765042979942693,923,629,0.6814734561213435,0.05682903533906403,0.1518598772119899,0.09503084187292588
CAMDEN_CH,1212,933,0.7698019801980198,498,372,0.7469879518072289,1436,1038,0.7228412256267409,0.02281402839079094,0.046960754571278907,0.024146726180487965
CAMDEN_SH,862,652,0.7563805104408353,284,216,0.7605633802816901,1046,722,0.6902485659655831,-0.004182869840854808,0.06613194447525217,0.07031481431610698
CAMDEN_SM,1385,994,0.7176895306859206,412,304,0.7378640776699029,1406,952,0.6770981507823614,-0.020174546983982355,0.04059137990355921,0.060765926887541566
CARTERET_ABCH,683,582,0.8521229868228404,199,153,0.7688442211055276,497,394,0.7927565392354124,0.08327876571731274,0.05936644758742793,-0.023912318129884813
CARTERET_ASCI,398,333,0.8366834170854272,123,100,0.8130081300813008,290,215,0.7413793103448276,0.023675287004126355,0.09530410674059953,0.07162881973647317
CARTERET_BCRK,1048,860,0.8206106870229007,254,206,0.8110236220472441,862,582,0.6751740139211136,0.009587064975656645,0.1454366731017871,0.13584960812613045
CARTERET_BFT1,423,369,0.8723404255319149,403,335,0.8312655086848635,597,445,0.7453936348408711,0.041074916847051446,0.12694679069104386,0.08587187384399242
CARTERET_BFT2,1546,1289,0.833764553686934,805,683,0.8484472049689441,1601,1179,0.7364147407870081,-0.014682651282010073,0.09734981289992595,0.11203246418193602
CARTERET_BOGE,1834,1514,0.8255179934569248,313,255,0.8146964856230032,1262,915,0.7250396196513471,0.010821507833921551,0.10047837380557767,0.08965686597165612
CARTERET_CAPE,2087,1713,0.8207954000958313,385,309,0.8025974025974026,1500,1123,0.7486666666666667,0.018197997498428653,0.0721287334291646,0.05393073593073594
CARTERET_DASW,358,312,0.8715083798882681,70,58,0.8285714285714286,198,154,0.7777777777777778,0.0429369513168395,0.09373060211049034,0.050793650793650835
CARTERET_HAIS,577,510,0.8838821490467937,137,121,0.8832116788321168,315,255,0.8095238095238095,0.0006704702146769215,0.07435833952298421,0.07368786930830729
CARTERET_IBPK,807,699,0.8661710037174721,308,266,0.8636363636363636,721,589,0.8169209431345353,0.0025346400811084857,0.049250060582936794,0.04671542050182831
CARTERET_ISLE,1900,1585,0.8342105263157895,587,482,0.8211243611584327,1662,1326,0.7978339350180506,0.013086165157356833,0.03637659129773896,0.023290426140382126
CARTERET_MASM,324,275,0.8487654320987654,96,88,0.9166666666666666,261,195,0.7471264367816092,-0.0679012345679012,0.10163899531715626,0.16954022988505746
CARTERET_MCRK,295,265,0.8983050847457628,35,27,0.7714285714285715,162,118,0.7283950617283951,0.1268765133171913,0.16991002301736768,0.04303350970017639
CARTERET_MERR,245,202,0.8244897959183674,125,101,0.808,168,116,0.6904761904761905,0.0164897959183673,0.1340136054421769,0.11752380952380959
CARTERET_MHD1,1098,954,0.8688524590163934,401,324,0.8079800498753117,1002,735,0.7335329341317365,0.06087240914108172,0.13531952488465693,0.07444711574357521
CARTERET_MHD2,1211,973,0.8034682080924855,554,417,0.7527075812274369,1248,786,0.6298076923076923,0.050760626865048675,0.17366051578479325,0.12289988891974457
CARTERET_MHD3,1505,1263,0.839202657807309,504,438,0.8690476190476191,1269,957,0.7541371158392435,-0.02984496124031011,0.08506554196806548,0.11491050320837559
CARTERET_MHD4,1431,1276,0.8916841369671559,367,309,0.8419618528610354,1110,896,0.8072072072072072,0.04972228410612045,0.0844769297599487,0.03475464565382824
CARTERET_NPT1,1564,1248,0.7979539641943734,524,393,0.75,1444,953,0.659972299168975,0.047953964194373366,0.13798166502539833,0.09002770083102496
CARTERET_NPT2,1681,1347,0.801308744794765,361,274,0.7590027700831025,1341,860,0.6413124533929903,0.04230597471166253,0.15999629140177474,0.1176903166901122
CARTERET_NRIV,206,172,0.8349514563106796,282,240,0.851063829787234,219,140,0.639269406392694,-0.016112373476554476,0.19568204991798555,0.21179442339454002
CARTERET_OTBEG,1007,826,0.82025819265144,248,206,0.8306451612903226,765,572,0.7477124183006536,-0.010386968638882665,0.07254577435078635,0.08293274298966902
CARTERET_PELE,909,761,0.8371837183718371,188,143,0.7606382978723404,700,494,0.7057142857142857,0.07654542049949675,0.1314694326575514,0.05492401215805465
CARTERET_STEL,1078,857,0.7949907235621522,210,160,0.7619047619047619,782,525,0.6713554987212276,0.033085961657390306,0.1236352248409246,0.09054926318353429
CARTERET_WIHA,990,847,0.8555555555555555,287,230,0.8013937282229965,751,545,0.725699067909454,0.05416182733255903,0.12985648764610147,0.07569466031354244
CARTERET_WILD,1605,1289,0.8031152647975078,510,373,0.7313725490196078,1423,879,0.617709065354884,0.07174271577790003,0.18540619944262382,0.11366348366472379
CASWELL_ANDE,346,299,0.8641618497109826,214,164,0.7663551401869159,359,274,0.7632311977715878,0.09780670952406678,0.10093065193939488,0.003123942415328096
CASWELL_LEAS,126,92,0.7301587301587301,267,209,0.7827715355805244,241,183,0.7593360995850622,-0.05261280542179425,-0.02917736942633209,0.02343543599546216
CASWELL_LOCU,574,467,0.813588850174216,904,706,0.7809734513274337,564,391,0.6932624113475178,0.03261539884678233,0.12032643882669825,0.08771103997991592
CASWELL_MILT,412,307,0.7451456310679612,971,742,0.7641606591143152,569,409,0.718804920913884,-0.01901502804635402,0.02634071015407713,0.04535573820043115
CASWELL_PELH,1147,859,0.7489102005231038,736,567,0.7703804347826086,1092,797,0.7298534798534798,-0.021470234259504895,0.01905672066962394,0.04052695492912883
CASWELL_PH,564,461,0.8173758865248227,518,425,0.8204633204633205,711,574,0.8073136427566807,-0.0030874339384977523,0.01006224376814202,0.013149677706639773
CASWELL_PROVI,247,193,0.7813765182186235,260,207,0.7961538461538461,279,231,0.8279569892473119,-0.014777327935222573,-0.04658047102868834,-0.03180314309346577
CASWELL_STON,942,785,0.8333333333333334,602,472,0.7840531561461794,783,566,0.722860791826309,0.04928017718715394,0.11047254150702435,0.06119236431987041
CASWELL_YANC,464,339,0.7306034482758621,935,683,0.7304812834224599,737,513,0.6960651289009498,0.00012216485340221794,0.03453831937491225,0.034416154521510034
CATAWBA_01,2074,1743,0.8404050144648023,331,249,0.7522658610271903,1273,915,0.7187745483110762,0.08813915343761203,0.12163046615372608,0.03349131271611405
CATAWBA_02,1337,1144,0.8556469708302169,246,188,0.7642276422764228,836,607,0.7260765550239234,0.09141932855379409,0.12957041580629347,0.03815108725249938
CATAWBA_03,1306,1090,0.8346094946401225,344,241,0.7005813953488372,900,576,0.64,0.13402809929128523,0.19460949464012245,0.06058139534883722
CATAWBA_04,290,219,0.7551724137931034,270,192,0.7111111111111111,398,244,0.6130653266331658,0.044061302681992265,0.14210708715993758,0.09804578447794532
CATAWBA_05,1823,1482,0.8129456939111355,529,378,0.7145557655954632,1325,866,0.6535849056603774,0.09838992831567228,0.15936078825075806,0.060970859935085775
CATAWBA_06,1217,1082,0.8890714872637634,376,292,0.776595744680851,895,639,0.7139664804469273,0.11247574258291237,0.17510500681683605,0.06262926423392368
CATAWBA_07,1192,959,0.8045302013422819,708,491,0.693502824858757,1303,808,0.6201074443591711,0.1110273764835249,0.18442275698311084,0.07339538049958594
CATAWBA_08,1202,1041,0.8660565723793677,426,346,0.812206572769953,1057,784,0.7417218543046358,0.05384999960941472,0.12433471807473195,0.07048471846531723
CATAWBA_09,1486,1252,0.8425302826379543,259,193,0.7451737451737451,913,652,0.7141292442497261,0.09735653746420914,0.12840103838822814,0.031044500924019003
CATAWBA_10,183,125,0.6830601092896175,202,137,0.6782178217821783,258,113,0.437984496124031,0.0048422875074392024,0.24507561316558646,0.24023332565814726
CATAWBA_11,322,247,0.7670807453416149,259,199,0.7683397683397684,514,304,0.5914396887159533,-0.0012590229981535028,0.17564105662566154,0.17690007962381504
CATAWBA_12,269,166,0.6171003717472119,695,489,0.7035971223021583,744,328,0.44086021505376344,-0.08649675055494643,0.17624015669344845,0.2627369072483949
CATAWBA_13,393,273,0.6946564885496184,495,311,0.6282828282828283,763,366,0.4796854521625164,0.06637366026679004,0.21497103638710197,0.14859737612031193
CATAWBA_14,560,474,0.8464285714285714,291,257,0.8831615120274914,686,543,0.7915451895043731,-0.03673294059891996,0.05488338192419828,0.09161632252311824
CATAWBA_15,56,28,0.5,391,250,0.639386189258312,279,90,0.3225806451612903,-0.13938618925831203,0.1774193548387097,0.3168055440970217
CATAWBA_16,984,746,0.758130081300813,611,437,0.7152209492635024,1177,695,0.5904842820730671,0.042909132037310616,0.16764579922774592,0.1247366671904353
CATAWBA_17,584,424,0.726027397260274,420,273,0.65,802,412,0.513715710723192,0.07602739726027397,0.212311686537082,0.13628428927680802
CATAWBA_19,464,361,0.7780172413793104,265,196,0.7396226415094339,502,283,0.5637450199203188,0.03839459986987648,0.2142722214589916,0.17587762158911513
CATAWBA_20,1765,1446,0.8192634560906515,508,378,0.7440944881889764,1436,949,0.6608635097493036,0.07516896790167515,0.1583999463413479,0.08323097843967275
CATAWBA_21,1241,1006,0.8106365834004835,224,164,0.7321428571428571,891,601,0.6745230078563412,0.0784937262576264,0.13611357554414227,0.05761984928651587
CATAWBA_22,1636,1335,0.8160146699266504,684,480,0.7017543859649122,1491,915,0.613682092555332,0.11426028396173815,0.20233257737131838,0.08807229340958023
CATAWBA_23,1998,1671,0.8363363363363363,597,466,0.7805695142378559,1725,1274,0.7385507246376811,0.055766822098480384,0.09778561169865518,0.0420187896001748
CATAWBA_24,2104,1720,0.8174904942965779,555,412,0.7423423423423423,1502,1055,0.7023968042609854,0.07514815195423563,0.11509369003559256,0.039945538081356924
CATAWBA_25,788,584,0.7411167512690355,500,320,0.64,1013,548,0.5409674234945706,0.10111675126903552,0.20014932777446492,0.0990325765054294
CATAWBA_26,725,588,0.8110344827586207,363,281,0.7741046831955923,799,580,0.7259073842302879,0.03692979956302833,0.08512709852833278,0.04819729896530445
CATAWBA_27,2101,1738,0.8272251308900523,521,387,0.7428023032629558,1518,997,0.6567852437417655,0.08442282762709652,0.17043988714828684,0.08601705952119032
CATAWBA_28,1386,1114,0.8037518037518038,649,411,0.6332819722650231,1479,785,0.530764029749831,0.17046983148678063,0.2729877740019728,0.1025179425151922
CATAWBA_29,2241,1870,0.8344489067380634,615,457,0.7430894308943089,1893,1326,0.7004754358161648,0.09135947584375448,0.1339734709218986,0.04261399507814412
CATAWBA_30,1519,1191,0.7840684660961159,897,624,0.6956521739130435,1783,1005,0.5636567582725743,0.08841629218307245,0.22041170782354158,0.13199541564046913
CATAWBA_31,3161,2586,0.8180955393862702,815,616,0.7558282208588957,2370,1682,0.7097046413502109,0.06226731852737455,0.10839089803605928,0.04612357950868473
CATAWBA_32,1173,936,0.7979539641943734,620,454,0.7322580645161291,1438,913,0.6349095966620306,0.0656958996782443,0.16304436753234275,0.09734846785409845
CATAWBA_33,2379,1919,0.8066414459857083,729,496,0.6803840877914952,2018,1226,0.6075322101090188,0.12625735819421313,0.1991092358766895,0.07285187768247636
CATAWBA_34,2187,1850,0.8459076360310929,629,501,0.7965023847376789,1799,1225,0.6809338521400778,0.049405251293414,0.16497378389101502,0.11556853259760103
CATAWBA_35,1525,1134,0.7436065573770492,691,423,0.6121562952243126,1642,867,0.5280146163215591,0.13145026215273659,0.21559194105549007,0.08414167890275348
CATAWBA_36,1017,864,0.8495575221238938,478,373,0.7803347280334728,1023,754,0.7370478983382209,0.06922279409042098,0.11250962378567286,0.04328682969525188
CATAWBA_37,956,721,0.75418410041841,598,404,0.6755852842809364,1212,772,0.636963696369637,0.07859881613747355,0.11722040404877299,0.03862158791129944
CATAWBA_38,1413,1142,0.808209483368719,558,444,0.7956989247311828,1442,1024,0.710124826629681,0.012510558637536251,0.09808465673903799,0.08557409810150174
CATAWBA_39,1233,1037,0.8410381184103812,315,255,0.8095238095238095,988,725,0.7338056680161943,0.031514308886571696,0.10723245039418694,0.07571814150761524
CATAWBA_40,587,457,0.778534923339012,332,249,0.75,756,468,0.6190476190476191,0.028534923339011975,0.1594873042913929,0.13095238095238093
CATAWBA_41,2515,1984,0.7888667992047713,601,445,0.740432612312812,1856,1339,0.7214439655172413,0.04843418689195933,0.06742283368752999,0.018988646795570663
CHATHAM_15,456,371,0.8135964912280702,876,769,0.8778538812785388,1122,905,0.8065953654188949,-0.0642573900504686,0.007001125809175335,0.07125851585964393
CHATHAM_21,465,385,0.8279569892473119,430,376,0.8744186046511628,759,625,0.8234519104084321,-0.046461615403850964,0.004505078838879739,0.050966694242730703
CHATHAM_3,749,630,0.8411214953271028,391,308,0.7877237851662404,711,535,0.7524613220815752,0.053397710160862366,0.08866017324552755,0.035262463084665185
CHATHAM_30,606,524,0.8646864686468647,512,427,0.833984375,779,626,0.803594351732991,0.030702093646864714,0.06109211691387373,0.030390023267009014
CHATHAM_42,810,712,0.8790123456790123,542,471,0.8690036900369004,1267,1019,0.8042620363062352,0.010008655642111952,0.07475030937277716,0.0647416537306652
CHATHAM_75,1275,1093,0.8572549019607844,1360,1172,0.861764705882353,2404,2024,0.8419301164725458,-0.004509803921568634,0.015324785488238568,0.019834589409807202
CHATHAM_78,1188,1000,0.8417508417508418,2227,1902,0.8540637629097441,2743,2234,0.8144367480860372,-0.012312921158902257,0.02731409366480464,0.039627014823706896
CHATHAM_85,750,574,0.7653333333333333,1040,754,0.725,1017,624,0.6135693215339233,0.04033333333333333,0.15176401179941001,0.11143067846607668
CHATHAM_9,581,474,0.8158347676419966,346,279,0.8063583815028902,557,446,0.800718132854578,0.009476386139106396,0.015116634787418537,0.005640248648312141
CHATHAM_CRD118,782,662,0.8465473145780051,218,183,0.8394495412844036,610,492,0.8065573770491803,0.007097773293601506,0.03998993752882485,0.03289216423522334
CHATHAM_ECL109,891,718,0.8058361391694725,2448,2124,0.8676470588235294,2943,2318,0.7876316683656133,-0.06181091965405694,0.01820447080385923,0.08001539045791617
CHATHAM_EPP112,840,658,0.7833333333333333,1510,1251,0.828476821192053,1937,1496,0.7723283427981414,-0.04514348785871969,0.011004990535191883,0.05614847839391157
CHATHAM_ESC114,975,754,0.7733333333333333,1627,1177,0.7234173325138291,1457,916,0.6286890871654084,0.0499160008195042,0.14464424616792493,0.09472824534842073
CHATHAM_GLD118,973,821,0.8437821171634121,903,753,0.8338870431893688,1265,971,0.7675889328063241,0.009895073974043322,0.076193184357088,0.06629811038304467
CHATHAM_MON113,757,621,0.8203434610303831,516,408,0.7906976744186046,990,780,0.7878787878787878,0.029645786611778524,0.03246467315159529,0.0028188865398167673
CHATHAM_NWM117,1083,872,0.8051708217913204,2569,2209,0.8598676527831841,2904,2280,0.7851239669421488,-0.05469683099186373,0.02004685484917157,0.0747436858410353
CHATHAM_WCL108,602,491,0.8156146179401993,1465,1275,0.8703071672354948,1860,1514,0.8139784946236559,-0.054692549295295545,0.001636123316543392,0.05632867261183894
CHATHAM_WPP114,1202,994,0.826955074875208,1964,1659,0.844704684317719,2601,2063,0.7931564782775855,-0.017749609442510916,0.03379859659762252,0.05154820604013344
CHEROKEE_ANNW,828,603,0.7282608695652174,219,149,0.680365296803653,614,415,0.6758957654723127,0.04789557276156442,0.052365104092904735,0.004469531331340315
CHEROKEE_ANSW,807,567,0.7026022304832714,229,161,0.7030567685589519,601,389,0.6472545757071547,-0.00045453807568052174,0.055347654776116695,0.05580219285179722
CHEROKEE_BELL,781,568,0.7272727272727273,175,119,0.68,538,360,0.6691449814126395,0.047272727272727244,0.05812774586008784,0.010855018587360599
CHEROKEE_BRAS,543,430,0.7918968692449355,134,99,0.7388059701492538,341,233,0.6832844574780058,0.053090899095681765,0.1086124117669297,0.05552151267124794
CHEROKEE_CSON,610,451,0.739344262295082,143,100,0.6993006993006993,346,243,0.7023121387283237,0.04004356299438272,0.037032123566758335,-0.003011439427624385
CHEROKEE_GCRK,316,246,0.7784810126582279,38,27,0.7105263157894737,176,113,0.6420454545454546,0.06795469686875422,0.1364355581127733,0.06848086124401909
CHEROKEE_HANG,515,396,0.7689320388349514,68,40,0.5882352941176471,257,183,0.7120622568093385,0.18069674471730435,0.05686978202561288,-0.12382696269169147
CHEROKEE_HIWA,1529,1135,0.7423152387181164,253,162,0.6403162055335968,740,502,0.6783783783783783,0.10199903318451964,0.06393686033973811,-0.03806217284478153
CHEROKEE_HOTH,1041,721,0.6926032660902978,215,134,0.6232558139534884,549,357,0.6502732240437158,0.06934745213680937,0.04233004204658197,-0.0270174100902274
CHEROKEE_MARB,822,576,0.7007299270072993,169,115,0.6804733727810651,511,346,0.6771037181996086,0.02025655422623418,0.02362620880769073,0.0033696545814565493
CHEROKEE_MURN,1025,763,0.744390243902439,328,230,0.7012195121951219,877,568,0.6476624857468644,0.04317073170731711,0.09672775815557466,0.05355702644825755
CHEROKEE_MURS,1303,954,0.7321565617805065,335,218,0.6507462686567164,1029,681,0.6618075801749271,0.08141029312379011,0.07034898160557934,-0.01106131151821077
CHEROKEE_PCHT,1346,1022,0.7592867756315007,311,222,0.7138263665594855,834,549,0.658273381294964,0.04546040907201521,0.10101339433653667,0.05555298526452146
CHEROKEE_RGER,1174,854,0.727427597955707,230,167,0.7260869565217392,729,497,0.6817558299039781,0.0013406414339678374,0.0456717680517289,0.04433112661776106
CHEROKEE_TOPT,233,196,0.8412017167381974,45,33,0.7333333333333333,108,75,0.6944444444444444,0.10786838340486415,0.14675727229375302,0.03888888888888886
CHEROKEE_UNKA,394,282,0.7157360406091371,68,50,0.7352941176470589,201,134,0.6666666666666666,-0.019558077037921784,0.04906937394247046,0.06862745098039225
CHOWAN_1,389,292,0.7506426735218509,862,588,0.6821345707656613,724,408,0.56353591160221,0.06850810275618957,0.18710676191964093,0.11859865916345136
CHOWAN_2,961,757,0.7877211238293444,1082,799,0.7384473197781886,1143,744,0.6509186351706037,0.04927380405115589,0.13680248865874078,0.0875286846075849
CHOWAN_3,708,531,0.75,286,210,0.7342657342657343,685,502,0.7328467153284671,0.01573426573426573,0.017153284671532876,0.001419018937267147
CHOWAN_4,266,213,0.8007518796992481,298,241,0.8087248322147651,288,178,0.6180555555555556,-0.007972952515516996,0.18269632414369252,0.19066927665920952
CHOWAN_5,390,309,0.7923076923076923,186,142,0.7634408602150538,338,250,0.7396449704142012,0.028866832092638517,0.05266272189349108,0.023795889800852565
CHOWAN_6,559,443,0.7924865831842576,417,331,0.7937649880095923,568,398,0.7007042253521126,-0.0012784048253347002,0.09178235783214495,0.09306076265747965
CLAY_BRAS,455,351,0.7714285714285715,119,100,0.8403361344537815,346,248,0.7167630057803468,-0.06890756302521006,0.05466556564822467,0.12357312867343473
CLAY_HAY1,638,482,0.7554858934169278,183,151,0.825136612021858,510,350,0.6862745098039216,-0.0696507186049301,0.06921138361300627,0.13886210221793638
CLAY_HAY2,866,662,0.7644341801385681,212,160,0.7547169811320755,654,468,0.7155963302752294,0.009717199006492594,0.04883784986333872,0.03912065085684613
CLAY_HAYC,242,186,0.768595041322314,73,50,0.684931506849315,163,106,0.6503067484662577,0.08366353447299901,0.11828829285605635,0.03462475838305734
CLAY_HIAW,919,716,0.779107725788901,227,152,0.6696035242290749,583,403,0.6912521440823327,0.1095042015598261,0.08785558170656826,-0.021648619853257833
CLAY_SHCR,813,632,0.7773677736777368,150,106,0.7066666666666667,498,349,0.7008032128514057,0.07070110701107013,0.07656456082633112,0.005863453815260988
CLAY_SWEE,403,308,0.7642679900744417,108,80,0.7407407407407407,337,248,0.7359050445103857,0.023527249333700984,0.02836294556405594,0.004835696230354958
CLAY_TUSQ,359,291,0.8105849582172702,80,62,0.775,322,237,0.7360248447204969,0.035584958217270146,0.07456011349677327,0.038975155279503126
CLAY_WARN,441,335,0.7596371882086168,110,84,0.7636363636363637,332,242,0.7289156626506024,-0.003999175427746859,0.03072152555801444,0.0347207009857613
CLEVELAND_BETHWR,915,741,0.8098360655737705,335,227,0.6776119402985075,633,437,0.6903633491311216,0.13222412527526306,0.1194727164426489,-0.012751408832614164
CLEVELAND_BR,2165,1759,0.8124711316397228,977,734,0.7512794268167861,1766,1235,0.6993204983012458,0.06119170482293679,0.11315063333847708,0.05195892851554029
CLEVELAND_CASAR,851,721,0.8472385428907168,165,121,0.7333333333333333,461,363,0.7874186550976139,0.11390520955738348,0.05981988779310288,-0.0540853217642806
CLEVELAND_FALSTN,822,684,0.8321167883211679,241,189,0.7842323651452282,604,446,0.7384105960264901,0.04788442317593966,0.0937061922946778,0.04582176911873814
CLEVELAND_GROVER,1706,1343,0.787221570926143,635,461,0.7259842519685039,1054,622,0.5901328273244781,0.061237318957639064,0.19708874360166484,0.13585142464402578
CLEVELAND_KINGST,181,152,0.8397790055248618,432,323,0.7476851851851852,236,167,0.7076271186440678,0.09209382033967661,0.13215188688079404,0.04005806654111743
CLEVELAND_KM N,2120,1679,0.7919811320754717,1290,950,0.7364341085271318,1705,1008,0.5912023460410557,0.05554702354833996,0.200778786034416,0.14523176248607605
CLEVELAND_KM S,1867,1479,0.7921799678628816,1284,924,0.719626168224299,1622,970,0.5980271270036991,0.07255379963858255,0.1941528408591825,0.12159904122059995
CLEVELAND_LATT,1300,1028,0.7907692307692308,540,407,0.7537037037037037,996,693,0.6957831325301205,0.037065527065527126,0.0949860982391103,0.05792057117358318
CLEVELAND_LAWNDL,589,452,0.767402376910017,564,459,0.8138297872340425,570,387,0.6789473684210526,-0.04642741032402553,0.08845500848896437,0.1348824188129899
CLEVELAND_MRB-YO,802,646,0.8054862842892768,277,214,0.7725631768953068,559,389,0.6958855098389982,0.032923107393969975,0.1096007744502786,0.07667766705630863
CLEVELAND_MULLS,1086,902,0.8305709023941068,315,268,0.8507936507936508,666,487,0.7312312312312312,-0.020222748399543966,0.09933967116287556,0.11956241956241953
CLEVELAND_OAKGRV,1949,1615,0.8286300667008722,514,405,0.7879377431906615,1251,850,0.6794564348521183,0.04069232351021079,0.14917363184875398,0.10848130833854319
CLEVELAND_POLKVL,1181,942,0.7976291278577476,423,344,0.8132387706855791,927,700,0.7551240560949298,-0.015609642827831505,0.042505071762817814,0.05811471459064932
CLEVELAND_RIPPY,1601,1215,0.7589006870705809,1003,745,0.7427716849451645,1257,742,0.5902943516308672,0.016129002125416347,0.1686063354397137,0.15247733331429736
CLEVELAND_S C,1849,1380,0.7463493780421849,2562,1772,0.6916471506635441,2471,1519,0.6147308781869688,0.05470222737864083,0.13161849985521612,0.07691627247657529
CLEVELAND_S E,839,675,0.8045292014302742,955,760,0.7958115183246073,834,560,0.6714628297362111,0.008717683105666896,0.1330663716940631,0.1243486885883962
CLEVELAND_S N,1410,1127,0.799290780141844,1734,1285,0.7410611303344867,1498,987,0.6588785046728972,0.05822964980735723,0.14041227546894675,0.08218262566158951
CLEVELAND_S S,1976,1484,0.7510121457489879,2300,1648,0.7165217391304348,2136,1234,0.5777153558052435,0.03449040661855307,0.17329678994374442,0.13880638332519135
CLEVELAND_SHANGI,1150,932,0.8104347826086956,649,511,0.7873651771956857,930,652,0.7010752688172043,0.023069605413009953,0.10935951379149134,0.08628990837848138
CLEVELAND_WACO,1414,1145,0.8097595473833098,804,614,0.763681592039801,1138,770,0.6766256590509666,0.04607795534350878,0.1331338883323432,0.0870559329888344
COLUMBUS_P02B,209,163,0.7799043062200957,478,361,0.7552301255230126,342,202,0.5906432748538012,0.024674180697083048,0.18926103136629446,0.16458685066921142
COLUMBUS_P06,310,247,0.7967741935483871,221,159,0.7194570135746606,352,250,0.7102272727272727,0.07731717997372645,0.08654692082111437,0.009229740847387924
COLUMBUS_P07,705,538,0.7631205673758865,1181,794,0.672311600338696,1237,720,0.582053354890865,0.09080896703719055,0.18106721248502156,0.09025824544783101
COLUMBUS_P117,697,539,0.7733142037302726,1082,789,0.7292051756007394,998,623,0.624248496993988,0.04410902812953321,0.1490657067362846,0.1049566786067514
COLUMBUS_P121,851,668,0.7849588719153937,337,244,0.7240356083086054,744,524,0.7043010752688172,0.06092326360678835,0.08065779664657646,0.019734533039788116
COLUMBUS_P14,1178,970,0.8234295415959253,1194,945,0.7914572864321608,1043,633,0.6069031639501438,0.03197225516376445,0.21652637764578153,0.18455412248201708
COLUMBUS_P15,720,550,0.7638888888888888,733,511,0.6971350613915416,809,527,0.6514215080346106,0.06675382749734726,0.11246738085427821,0.04571355335693095
COLUMBUS_P16B,612,505,0.8251633986928104,443,329,0.7426636568848759,727,535,0.7359009628610729,0.08249974180793451,0.08926243583173754,0.006762694023803029
COLUMBUS_P19,681,523,0.7679882525697503,961,647,0.6732570239334027,870,499,0.5735632183908046,0.09473122863634764,0.19442503417894574,0.0996938055425981
COLUMBUS_P223,798,604,0.7568922305764411,1183,773,0.6534234995773457,1174,647,0.551107325383305,0.10346873099909537,0.20578490519313608,0.10231617419404071
COLUMBUS_P22A,683,542,0.7935578330893118,599,402,0.671118530884808,749,481,0.6421895861148198,0.12243930220450383,0.15136824697449203,0.028928944769988196
COLUMBUS_P245,1569,1251,0.7973231357552581,532,332,0.6240601503759399,1350,1001,0.7414814814814815,0.17326298537931828,0.05584165427377663,-0.11742133110554165
COLUMBUS_P26B,1055,748,0.7090047393364929,1242,735,0.5917874396135265,1099,566,0.5150136487716106,0.11721729972296635,0.19399109056488228,0.07677379084191593
COLUMBUS_P534,828,654,0.7898550724637681,486,318,0.654320987654321,855,563,0.6584795321637427,0.13553408480944706,0.1313755403000254,-0.004158544509421658
COLUMBUS_P82,547,457,0.8354661791590493,479,345,0.7202505219206681,630,464,0.7365079365079366,0.11521565723838123,0.09895824265111275,-0.01625741458726848
COLUMBUS_P89,493,391,0.7931034482758621,454,302,0.6651982378854625,592,357,0.6030405405405406,0.1279052103903996,0.19006290773532153,0.062157697344921936
CRAVEN_02,4173,2768,0.6633117661155045,2071,1324,0.6393046837276678,4674,2238,0.47881899871630296,0.024007082387836665,0.1844927673992015,0.16048568501136484
CRAVEN_03,1728,1511,0.8744212962962963,550,485,0.8818181818181818,1284,1049,0.8169781931464174,-0.0073968855218855545,0.05744310314987888,0.06483998867176444
CRAVEN_05,1023,860,0.8406647116324536,456,353,0.7741228070175439,1054,822,0.7798861480075902,0.06654190461490972,0.060778563624863446,-0.005763340990046273
CRAVEN_07,939,799,0.8509052183173589,740,567,0.7662162162162162,636,427,0.6713836477987422,0.08468900210114272,0.17952157051861672,0.094832568417474
CRAVEN_11,1387,1103,0.7952415284787311,443,329,0.7426636568848759,1052,699,0.6644486692015209,0.052577871593855185,0.13079285927721018,0.078214987683355
CRAVEN_16,1947,1543,0.7925012840267077,805,629,0.7813664596273292,1713,1164,0.6795096322241682,0.011134824399378518,0.11299165180253956,0.10185682740316104
CRAVEN_17,1242,957,0.7705314009661836,364,272,0.7472527472527473,1051,687,0.653663177925785,0.023278653713436293,0.11686822304039857,0.09358956932696227
CRAVEN_19,1220,958,0.7852459016393443,983,767,0.780264496439471,1107,722,0.6522131887985546,0.004981405199873223,0.13303271284078966,0.12805130764091643
CRAVEN_20,1582,1255,0.793299620733249,612,459,0.75,1432,1071,0.7479050279329609,0.043299620733249,0.045394592800288125,0.0020949720670391248
CRAVEN_21,1812,1472,0.8123620309050773,571,474,0.830122591943958,1446,1047,0.7240663900414938,-0.017760561038880684,0.08829564086358355,0.10605620190246423
CRAVEN_23,2691,2178,0.8093645484949833,1219,966,0.7924528301886793,2550,1792,0.7027450980392157,0.016911718306304002,0.1066194504557676,0.08970773214946359
CRAVEN_CFB8,654,572,0.8746177370030581,416,319,0.7668269230769231,445,289,0.6494382022471911,0.10779081392613499,0.22517953475586705,0.11738872082973206
CRAVEN_CLR4,1056,787,0.7452651515151515,868,657,0.7569124423963134,1164,721,0.6194158075601375,-0.011647290881161898,0.12584934395501401,0.1374966348361759
CRAVEN_DFB9,283,219,0.773851590106007,325,252,0.7753846153846153,247,161,0.6518218623481782,-0.0015330252786083243,0.12202972775782883,0.12356275303643716
CRAVEN_N1,501,399,0.7964071856287425,774,552,0.7131782945736435,922,549,0.5954446854663774,0.08322889105509901,0.20096250016236505,0.11773360910726605
CRAVEN_N2,336,225,0.6696428571428571,1198,840,0.7011686143572621,985,444,0.45076142131979696,-0.03152575721440498,0.21888143582306013,0.2504071930374651
CRAVEN_N3N5,932,690,0.740343347639485,1442,1083,0.7510402219140083,1463,833,0.569377990430622,-0.010696874274523371,0.17096535720886297,0.18166223148338634
CRAVEN_N4,1361,955,0.7016899338721528,1840,1327,0.721195652173913,1987,1051,0.5289380976346251,-0.019505718301760178,0.17275183623752777,0.19225755453928794
CRAVEN_N6,1655,1314,0.7939577039274924,1377,1032,0.7494553376906318,1976,1331,0.673582995951417,0.04450236623686066,0.12037470797607541,0.07587234173921475
CRAVEN_TE13,731,620,0.8481532147742818,215,169,0.786046511627907,455,322,0.7076923076923077,0.0621067031463749,0.14046090708197412,0.07835420393559922
CRAVEN_VE14,1780,1508,0.8471910112359551,1255,954,0.7601593625498008,1327,849,0.6397889977392615,0.08703164868615432,0.20740201349669363,0.12037036481053931
CUMBERLAND_AH49,565,386,0.6831858407079646,1532,1025,0.6690600522193212,1337,623,0.46596858638743455,0.014125788488643432,0.21721725432053007,0.20309146583188664
CUMBERLAND_AL51-1,724,576,0.7955801104972375,425,331,0.7788235294117647,723,444,0.6141078838174274,0.016756581085472844,0.1814722266798101,0.16471564559433727
CUMBERLAND_AL51-2,837,644,0.7694145758661888,708,554,0.7824858757062146,925,597,0.6454054054054054,-0.013071299840025863,0.12400917046078341,0.13708047030080928
CUMBERLAND_AL51-3,765,623,0.8143790849673203,290,240,0.8275862068965517,631,416,0.659270998415214,-0.013207121929231458,0.15510808655210628,0.16831520848133774
CUMBERLAND_CC01,193,98,0.5077720207253886,1383,901,0.6514822848879248,862,280,0.3248259860788863,-0.14371026416253618,0.18294603464650233,0.3266562988090385
CUMBERLAND_CC03,430,237,0.5511627906976744,757,405,0.535006605019815,925,365,0.3945945945945946,0.01615618567785937,0.15656819610307976,0.1404120104252204
CUMBERLAND_CC04,320,224,0.7,394,258,0.6548223350253807,574,303,0.5278745644599303,0.04517766497461928,0.17212543554006965,0.12694777056545037
CUMBERLAND_CC06,327,241,0.7370030581039755,372,247,0.6639784946236559,556,302,0.5431654676258992,0.0730245634803196,0.19383759047807625,0.12081302699775665
CUMBERLAND_CC07,321,250,0.778816199376947,282,222,0.7872340425531915,479,295,0.615866388308977,-0.0084178431762445,0.16294981106797002,0.17136765424421452
CUMBERLAND_CC08,504,414,0.8214285714285714,407,315,0.773955773955774,531,352,0.6629001883239172,0.04747279747279742,0.15852838310465422,0.1110555856318568
CUMBERLAND_CC10,237,178,0.7510548523206751,479,336,0.7014613778705637,415,204,0.491566265060241,0.04959347445011142,0.25948858726043417,0.20989511281032275
CUMBERLAND_CC12,717,606,0.8451882845188284,370,307,0.8297297297297297,643,449,0.6982892690513219,0.015458554789098744,0.1468990154675065,0.13144046067840776
CUMBERLAND_CC13,113,55,0.48672566371681414,1020,584,0.5725490196078431,1089,361,0.3314967860422406,-0.08582335589102896,0.15522887767457355,0.24105223356560251
CUMBERLAND_CC14,859,636,0.740395809080326,806,540,0.6699751861042184,1205,664,0.5510373443983403,0.07042062297610763,0.1893584646819857,0.11893784170587807
CUMBERLAND_CC15,840,663,0.7892857142857143,814,582,0.714987714987715,997,588,0.5897693079237714,0.0742979992979993,0.1995164063619429,0.1252184070639436
CUMBERLAND_CC16,75,34,0.4533333333333333,1244,916,0.7363344051446945,535,227,0.42429906542056073,-0.2830010718113612,0.029034267912772582,0.3120353397241338
CUMBERLAND_CC17,218,137,0.6284403669724771,1377,930,0.6753812636165577,880,345,0.39204545454545453,-0.04694089664408063,0.23639491242702254,0.2833358090711032
CUMBERLAND_CC18,593,471,0.7942664418212478,417,309,0.7410071942446043,628,405,0.6449044585987261,0.053259247576643576,0.1493619832225217,0.09610273564587812
CUMBERLAND_CC21,550,363,0.66,1673,1087,0.6497310221159593,1484,649,0.43733153638814015,0.010268977884040686,0.22266846361185988,0.2123994857278192
CUMBERLAND_CC22A,876,591,0.6746575342465754,1971,1333,0.6763064434297311,1858,868,0.4671689989235737,-0.0016489091831557445,0.20748853532300165,0.2091374445061574
CUMBERLAND_CC23-2,776,532,0.6855670103092784,1073,764,0.712022367194781,1205,680,0.5643153526970954,-0.0264553568855026,0.12125165761218293,0.14770701449768553
CUMBERLAND_CC24,318,194,0.610062893081761,653,396,0.6064318529862175,758,308,0.40633245382585753,0.003631040095543492,0.20373043925590345,0.20009939916035996
CUMBERLAND_CC25,426,283,0.6643192488262911,776,530,0.6829896907216495,880,414,0.47045454545454546,-0.01867044189535838,0.19386470337174566,0.21253514526710404
CUMBERLAND_CC26,520,311,0.5980769230769231,1730,1182,0.6832369942196532,1414,614,0.43422913719943423,-0.08516007114273016,0.16384778587748883,0.249007857020219
CUMBERLAND_CC27,604,319,0.5281456953642384,2027,1186,0.5851011346817958,1976,688,0.3481781376518219,-0.05695543931755742,0.17996755771241651,0.23692299702997394
CUMBERLAND_CC29,399,245,0.6140350877192983,1003,644,0.6420737786640079,931,427,0.45864661654135336,-0.028038690944709677,0.1553884711779449,0.18342716212265459
CUMBERLAND_CC31,458,322,0.7030567685589519,744,481,0.646505376344086,909,414,0.45544554455445546,0.056551392214865936,0.24761122400449648,0.19105983178963054
CUMBERLAND_CC32,218,125,0.573394495412844,665,415,0.6240601503759399,617,227,0.3679092382495948,-0.05066565496309583,0.20548525716324922,0.25615091212634505
CUMBERLAND_CC33,483,337,0.6977225672877847,1053,731,0.6942070275403609,986,479,0.48580121703853957,0.0035155397474238015,0.21192135024924513,0.20840581050182133
CUMBERLAND_CC34,648,527,0.8132716049382716,607,454,0.7479406919275123,859,552,0.6426076833527358,0.06533091301075922,0.17066392158553578,0.10533300857477657
CUMBERLAND_CC519,243,134,0.551440329218107,1704,1043,0.6120892018779343,1137,385,0.3386103781882146,-0.06064887265982721,0.21282995102989244,0.27347882368971965
CUMBERLAND_CL57-1,519,342,0.6589595375722543,1547,1123,0.7259211376858435,1296,674,0.5200617283950617,-0.0669616001135892,0.13889780917719263,0.20585940929078184
CUMBERLAND_CL57-2,427,261,0.6112412177985949,1648,1217,0.7384708737864077,1247,660,0.529270248596632,-0.12722965598781288,0.0819709692019629,0.20920062518977578
CUMBERLAND_CU02,436,320,0.7339449541284404,704,499,0.7088068181818182,779,403,0.5173299101412067,0.025138135946622175,0.21661504398723375,0.19147690804061157
CUMBERLAND_EO01,1141,923,0.8089395267309377,933,724,0.7759914255091104,1202,765,0.6364392678868552,0.03294810122182734,0.1725002588440825,0.13955215762225515
CUMBERLAND_EO02,904,728,0.8053097345132744,702,539,0.7678062678062678,753,475,0.6308100929614874,0.03750346670700655,0.174499641551787,0.13699617484478044
CUMBERLAND_G10A,1587,1183,0.7454316320100819,1716,1239,0.722027972027972,2338,1371,0.586398631308811,0.023403659982109914,0.1590330007012709,0.135629340719161
CUMBERLAND_G10B,769,558,0.7256176853055917,1082,779,0.7199630314232902,1207,668,0.5534382767191384,0.005654653882301464,0.1721794085864533,0.16652475470415184
CUMBERLAND_G10C,1384,1016,0.7341040462427746,1235,870,0.7044534412955465,1941,1069,0.5507470376094796,0.029650604947228043,0.18335700863329496,0.15370640368606692
CUMBERLAND_G11B,1750,547,0.31257142857142856,1241,433,0.34891216760676874,2978,629,0.21121558092679651,-0.036340739035340186,0.10135584764463204,0.13769658667997223
CUMBERLAND_G1A,408,272,0.6666666666666666,1061,687,0.647502356267672,922,380,0.4121475054229935,0.019164310398994577,0.25451916124367313,0.23535485084467855
CUMBERLAND_G1B,1545,1216,0.7870550161812297,1214,945,0.7784184514003295,1491,926,0.6210596914822267,0.008636564780900247,0.16599532469900302,0.15735875991810278
CUMBERLAND_G2A,808,534,0.6608910891089109,2120,1618,0.7632075471698113,1697,889,0.5238656452563347,-0.1023164580609004,0.1370254438525762,0.2393419019134766
CUMBERLAND_G2C-1,653,468,0.7166921898928025,1281,910,0.7103825136612022,1305,697,0.5340996168582376,0.006309676231600281,0.1825925730345649,0.1762828968029646
CUMBERLAND_G2E-1,307,201,0.6547231270358306,1131,755,0.667550839964633,854,356,0.4168618266978923,-0.01282771292880247,0.2378613003379383,0.25068901326674076
CUMBERLAND_G2E-2,307,163,0.5309446254071661,1436,908,0.6323119777158774,1188,443,0.3728956228956229,-0.1013673523087113,0.15804900251154325,0.25941635482025455
CUMBERLAND_G3A-1,663,424,0.6395173453996983,1851,1230,0.6645056726094003,1664,743,0.4465144230769231,-0.02498832720970201,0.19300292232277522,0.21799124953247723
CUMBERLAND_G3A-2C,640,436,0.68125,1166,785,0.6732418524871355,1222,542,0.44353518821603927,0.008008147512864494,0.23771481178396076,0.22970666427109626
CUMBERLAND_G3B,298,214,0.7181208053691275,542,323,0.5959409594095941,579,222,0.38341968911917096,0.12217984595953335,0.3347011162499565,0.21252127029042317
CUMBERLAND_G3C,405,301,0.7432098765432099,497,351,0.7062374245472837,594,316,0.531986531986532,0.03697245199592625,0.2112233445566779,0.17425089256075166
CUMBERLAND_G4A,352,246,0.6988636363636364,599,404,0.674457429048414,696,334,0.47988505747126436,0.02440620731522236,0.218978578892372,0.19457237157714963
CUMBERLAND_G4B,457,349,0.7636761487964989,608,402,0.6611842105263158,743,380,0.5114401076716016,0.1024919382701831,0.2522360411248973,0.14974410285471418
CUMBERLAND_G4C,350,224,0.64,907,587,0.6471885336273429,933,410,0.43944265809217575,-0.007188533627342841,0.20055734190782426,0.2077458755351671
CUMBERLAND_G5A-1,363,239,0.6584022038567493,1324,974,0.7356495468277946,1067,551,0.5164011246485474,-0.0772473429710453,0.14200107920820193,0.21924842217924723
CUMBERLAND_G5A-2,519,368,0.7090558766859345,1004,793,0.7898406374501992,847,496,0.5855962219598583,-0.08078476076426466,0.12345965472607623,0.2042444154903409
CUMBERLAND_G5B-1,319,163,0.5109717868338558,1869,1265,0.6768325307651151,1248,478,0.38301282051282054,-0.16586074393125927,0.12795896632103526,0.29381971025229453
CUMBERLAND_G5B-2,299,196,0.6555183946488294,1280,919,0.71796875,904,396,0.43805309734513276,-0.062450355351170606,0.21746529730369668,0.2799156526548673
CUMBERLAND_G5C,357,236,0.6610644257703081,1040,635,0.6105769230769231,1008,401,0.3978174603174603,0.05048750269338498,0.2632469654528478,0.21275946275946284
CUMBERLAND_G6A,2213,1812,0.8187980117487573,1094,854,0.7806215722120659,1764,1101,0.6241496598639455,0.038176439536691475,0.19464835188481178,0.1564719123481203
CUMBERLAND_G6B,548,452,0.8248175182481752,277,224,0.8086642599277978,348,235,0.6752873563218391,0.016153258320377395,0.14953016192633606,0.13337690360595866
CUMBERLAND_G6C,739,605,0.8186738836265224,550,408,0.7418181818181818,712,439,0.6165730337078652,0.07685570180834056,0.20210084991865718,0.12524514811031662
CUMBERLAND_G7A,675,551,0.8162962962962963,291,209,0.718213058419244,419,259,0.6181384248210023,0.09808323787705231,0.19815787147529396,0.10007463359824165
CUMBERLAND_G7B,554,464,0.8375451263537906,271,203,0.7490774907749077,445,299,0.6719101123595506,0.08846763557888293,0.16563501399424008,0.07716737841535715
CUMBERLAND_G8A,817,519,0.6352509179926561,1519,1049,0.6905859117840685,1629,793,0.4868017188459177,-0.05533499379141238,0.14844919914673838,0.20378419293815075
CUMBERLAND_G8B,789,571,0.7237008871989861,961,669,0.696149843912591,1447,824,0.5694540428472702,0.027551043286395016,0.15424684435171587,0.12669580106532086
CUMBERLAND_G8C,561,375,0.6684491978609626,929,649,0.6986006458557589,1049,484,0.4613918017159199,-0.0301514479947963,0.20705739614504265,0.23720884413983895
CUMBERLAND_G8D,837,622,0.7431302270011948,976,689,0.7059426229508197,1294,721,0.5571870170015456,0.037187604050375134,0.1859432099996492,0.14875560594927406
CUMBERLAND_G9A-3,751,548,0.729693741677763,1067,754,0.7066541705716963,1203,666,0.5536159600997507,0.023039571106066692,0.17607778157801235,0.15303821047194566
CUMBERLAND_G9B-1,1420,990,0.6971830985915493,1554,1066,0.685971685971686,2060,1033,0.5014563106796116,0.011211412619863248,0.19572678791193765,0.1845153752920744
CUMBERLAND_G9B-2,1548,1118,0.7222222222222222,1628,1195,0.734029484029484,2086,1214,0.5819750719079578,-0.01180726180726177,0.14024715031426438,0.15205441212152615
CUMBERLAND_LI65,1547,1242,0.8028442146089205,885,682,0.7706214689265537,1360,876,0.6441176470588236,0.03222274568236683,0.15872656755009695,0.12650382186773013
CUMBERLAND_LO66A,1245,941,0.7558232931726908,1702,1328,0.7802585193889542,1900,1151,0.6057894736842105,-0.024435226216263373,0.15003381948848027,0.17446904570474364
CUMBERLAND_LR63,719,429,0.5966620305980529,2551,1746,0.684437475499804,2186,1048,0.4794144556267155,-0.08777544490175115,0.11724757497133742,0.20502301987308857
CUMBERLAND_MB62,431,255,0.5916473317865429,1496,996,0.6657754010695187,1356,583,0.4299410029498525,-0.07412806928297577,0.16170632883669045,0.23583439811966622
CUMBERLAND_MR02,573,362,0.631762652705061,1285,837,0.6513618677042802,1408,665,0.47230113636363635,-0.019599214999219128,0.1594615163414247,0.17906073134064382
CUMBERLAND_SH77,1015,815,0.8029556650246306,966,701,0.7256728778467909,1180,682,0.5779661016949152,0.07728278717783965,0.22498956332971531,0.14770677615187566
CUMBERLAND_SL78-3,824,439,0.5327669902912622,2446,1520,0.6214227309893704,2214,851,0.3843721770551039,-0.08865574069810822,0.14839481323615827,0.2370505539342665
CURRITUCK_CB,115,78,0.6782608695652174,41,36,0.8780487804878049,131,96,0.732824427480916,-0.19978791092258752,-0.05456355791569867,0.14522435300688885
CURRITUCK_CH,2160,1650,0.7638888888888888,423,308,0.7281323877068558,1967,1389,0.7061514997458058,0.035756501182032996,0.05773738914308302,0.021980887961050022
CURRITUCK_CO,422,298,0.7061611374407583,163,105,0.6441717791411042,548,349,0.6368613138686131,0.06198935829965402,0.06929982357214515,0.007310465272491129
CURRITUCK_EM,1775,1295,0.7295774647887324,417,282,0.6762589928057554,1555,1056,0.6790996784565917,0.05331847198297701,0.05047778633214073,-0.002840685650836283
CURRITUCK_GW,175,137,0.7828571428571428,35,32,0.9142857142857143,140,95,0.6785714285714286,-0.13142857142857145,0.1042857142857142,0.23571428571428565
CURRITUCK_IR,625,511,0.8176,198,154,0.7777777777777778,558,417,0.7473118279569892,0.0398222222222222,0.07028817204301074,0.03046594982078854
CURRITUCK_KI,540,419,0.7759259259259259,86,68,0.7906976744186046,496,350,0.7056451612903226,-0.014771748492678705,0.07028076463560329,0.08505251312828199
CURRITUCK_PB,1730,1338,0.7734104046242775,593,443,0.7470489038785835,2007,1378,0.6865969108121575,0.02636150074569399,0.08681349381212,0.06045199306642601
CURRITUCK_PP,739,582,0.7875507442489851,300,237,0.79,917,643,0.7011995637949836,-0.002449255751014956,0.08635118045400147,0.08880043620501643
CURRITUCK_WH,395,270,0.6835443037974683,214,153,0.7149532710280374,529,349,0.6597353497164461,-0.031408967230569074,0.023808954081022238,0.05521792131159131
CURRITUCK_WM,2014,1488,0.7388282025819265,551,376,0.6823956442831216,1941,1233,0.6352395672333848,0.05643255829880489,0.10358863534854168,0.04715607704973679
DARE_AVON,342,260,0.7602339181286549,175,137,0.7828571428571428,414,291,0.7028985507246377,-0.02262322472848788,0.057335367404017235,0.07995859213250511
DARE_BUX,487,376,0.7720739219712526,218,176,0.8073394495412844,542,362,0.6678966789667896,-0.035265527570031874,0.10417724300446296,0.13944277057449483
DARE_CHCA,280,182,0.65,193,147,0.7616580310880829,382,255,0.6675392670157068,-0.11165803108808292,-0.01753926701570674,0.09411876407237618
DARE_COL,1435,1095,0.7630662020905923,670,545,0.8134328358208955,1787,1267,0.7090095131505316,-0.050366633730303256,0.05405668894006066,0.10442332267036392
DARE_DUCK,261,201,0.7701149425287356,174,120,0.6896551724137931,340,247,0.7264705882352941,0.08045977011494243,0.04364435429344149,-0.03681541582150094
DARE_EL,34,26,0.7647058823529411,13,12,0.9230769230769231,51,30,0.5882352941176471,-0.158371040723982,0.17647058823529405,0.33484162895927605
DARE_FRCO,313,249,0.7955271565495208,146,114,0.7808219178082192,348,249,0.7155172413793104,0.014705238741301585,0.08000991517021039,0.0653046764289088
DARE_HAT,243,195,0.8024691358024691,121,91,0.7520661157024794,213,148,0.6948356807511737,0.05040302009998976,0.1076334550512954,0.05723043495130564
DARE_KDH,2117,1626,0.7680680207841285,1192,920,0.7718120805369127,3158,2209,0.6994933502216593,-0.0037440597527842456,0.06857467056246924,0.07231873031525349
DARE_KTHK,1243,972,0.7819790828640386,553,421,0.7613019891500904,1580,1139,0.720886075949367,0.020677093713948214,0.061093006914671566,0.04041591320072335
DARE_MATO,1764,1433,0.812358276643991,1181,928,0.785774767146486,2285,1676,0.7334792122538293,0.026583509497504987,0.07887906439016168,0.05229555489265669
DARE_MH,176,130,0.7386363636363636,91,62,0.6813186813186813,236,168,0.711864406779661,0.057317682317682306,0.02677195685670264,-0.030545725460979667
DARE_NGHD,923,727,0.7876489707475623,544,444,0.8161764705882353,1339,1016,0.7587752053771472,-0.028527499840672932,0.028873765370415194,0.057401265211088126
DARE_SOSH,1226,994,0.8107667210440457,656,548,0.8353658536585366,1726,1384,0.8018539976825029,-0.02459913261449087,0.008912723361542807,0.03351185597603368
DARE_STPT,77,67,0.8701298701298701,23,21,0.9130434782608695,60,46,0.7666666666666667,-0.042913608130999426,0.10346320346320337,0.1463768115942028
DARE_WAN,553,443,0.8010849909584087,162,121,0.7469135802469136,433,318,0.7344110854503464,0.054171410711495116,0.06667390550806229,0.012502494796567176
DAVIDSON_04,3162,2683,0.8485135989879823,1070,854,0.7981308411214953,2279,1754,0.7696358051777096,0.05038275786648694,0.07887779381027271,0.028495035943785774
DAVIDSON_06,1811,1438,0.7940364439536168,448,329,0.734375,1272,835,0.6564465408805031,0.05966144395361683,0.1375899030731137,0.07792845911949686
DAVIDSON_08,484,396,0.8181818181818182,187,154,0.8235294117647058,434,316,0.728110599078341,-0.005347593582887611,0.09007121910347726,0.09541881268636487
DAVIDSON_10,1379,1127,0.817258883248731,431,327,0.7587006960556845,1021,695,0.6807051909892262,0.05855818719304651,0.13655369225950476,0.07799550506645825
DAVIDSON_12,545,432,0.7926605504587156,84,55,0.6547619047619048,378,240,0.6349206349206349,0.13789864569681087,0.15773991553808075,0.019841269841269882
DAVIDSON_14,1284,1082,0.8426791277258567,131,95,0.7251908396946565,627,453,0.722488038277512,0.11748828803120026,0.12019108944834478,0.002702801417144518
DAVIDSON_16,1841,1545,0.8392178164041282,385,300,0.7792207792207793,1058,757,0.7155009451795841,0.05999703718334892,0.12371687122454411,0.06371983404119519
DAVIDSON_18,1352,1124,0.8313609467455622,195,154,0.7897435897435897,781,617,0.7900128040973111,0.041617357001972444,0.04134814264825104,-0.0002692143537214031
DAVIDSON_20,1633,1385,0.848132271892223,291,228,0.7835051546391752,985,719,0.7299492385786802,0.0646271172530477,0.11818303331354274,0.053555916060495035
DAVIDSON_22,520,419,0.8057692307692308,156,107,0.6858974358974359,423,254,0.6004728132387707,0.11987179487179489,0.20529641753046013,0.08542462265866524
DAVIDSON_24,846,683,0.8073286052009456,360,271,0.7527777777777778,769,505,0.6566970091027308,0.05455082742316786,0.15063159609821486,0.096080768675047
DAVIDSON_26,607,500,0.8237232289950577,298,232,0.7785234899328859,457,299,0.6542669584245077,0.045199739062171784,0.16945627057055002,0.12425653150837823
DAVIDSON_28,1440,1154,0.8013888888888889,500,369,0.738,1085,742,0.6838709677419355,0.06338888888888894,0.11751792114695347,0.054129032258064536
DAVIDSON_30,286,181,0.6328671328671329,1013,706,0.6969397828232972,657,301,0.4581430745814307,-0.06407264995616424,0.1747240582857022,0.23879670824186644
DAVIDSON_32,395,271,0.6860759493670886,554,371,0.6696750902527075,626,344,0.549520766773163,0.01640085911438105,0.13655518259392563,0.12015432347954458
DAVIDSON_34,538,396,0.7360594795539034,640,436,0.68125,767,407,0.530638852672751,0.05480947955390336,0.20542062688115237,0.150611147327249
DAVIDSON_36,331,237,0.716012084592145,431,314,0.728538283062645,555,335,0.6036036036036037,-0.01252619847049996,0.11240848098854139,0.12493467945904135
DAVIDSON_38,216,134,0.6203703703703703,674,420,0.6231454005934718,457,178,0.38949671772428884,-0.002775030223101438,0.2308736526460815,0.23364868286918294
DAVIDSON_40,683,546,0.7994143484626647,631,465,0.7369255150554676,775,494,0.6374193548387097,0.06248883340719713,0.16199499362395497,0.09950616021675784
DAVIDSON_42,1713,1388,0.8102743724460012,179,137,0.7653631284916201,854,576,0.6744730679156908,0.044911243954381064,0.13580130453031036,0.0908900605759293
DAVIDSON_44,2193,1872,0.853625170998632,649,506,0.7796610169491526,1178,852,0.7232597623089984,0.07396415404947942,0.13036540868963364,0.05640125464015422
DAVIDSON_46,1475,1250,0.847457627118644,325,251,0.7723076923076924,907,668,0.7364939360529217,0.07514993481095167,0.11096369106572235,0.03581375625477068
DAVIDSON_48,1500,1259,0.8393333333333334,307,246,0.8013029315960912,867,632,0.7289504036908881,0.03803040173724215,0.11038292964244523,0.07235252790520308
DAVIDSON_50,2270,1905,0.8392070484581498,382,300,0.7853403141361257,1200,869,0.7241666666666666,0.053866734322024046,0.11504038179148313,0.06117364746945908
DAVIDSON_52,2615,2188,0.8367112810707457,559,447,0.7996422182468694,1701,1196,0.7031158142269254,0.03706906282387623,0.1335954668438203,0.09652640401994406
DAVIDSON_54,1227,997,0.8125509372453138,123,93,0.7560975609756098,644,439,0.6816770186335404,0.056453376269704036,0.13087391861177344,0.0744205423420694
DAVIDSON_56,880,725,0.8238636363636364,93,76,0.8172043010752689,457,320,0.700218818380744,0.006659335288367485,0.1236448179828924,0.11698548269452491
DAVIDSON_58,2005,1676,0.8359102244389027,456,344,0.7543859649122807,1255,886,0.7059760956175298,0.08152425952662201,0.1299341288213729,0.048409869294750885
DAVIDSON_60,1778,1370,0.7705286839145107,1122,785,0.6996434937611408,1724,976,0.5661252900232019,0.07088519015336991,0.2044033938913088,0.13351820373793888
DAVIDSON_62,398,245,0.6155778894472361,754,477,0.6326259946949602,693,233,0.3362193362193362,-0.017048105247724044,0.27935855322789993,0.296406658475624
DAVIDSON_64,286,180,0.6293706293706294,790,526,0.6658227848101266,585,211,0.3606837606837607,-0.0364521554394972,0.2686868686868687,0.3051390241263659
DAVIDSON_66,656,494,0.7530487804878049,495,326,0.6585858585858586,686,345,0.5029154518950437,0.09446292190194627,0.25013332859276116,0.1556704066908149
DAVIDSON_68,839,632,0.7532777115613826,673,443,0.6582466567607727,767,381,0.49674054758800523,0.09503105480060992,0.25653716397337734,0.16150610917276742
DAVIDSON_70,1419,1201,0.8463706835799859,281,204,0.7259786476868327,776,550,0.7087628865979382,0.12039203589315317,0.13760779698204773,0.017215761088894554
DAVIDSON_72,1736,1432,0.8248847926267281,398,311,0.7814070351758794,1108,784,0.7075812274368231,0.0434777574508487,0.11730356518990503,0.07382580773905634
DAVIDSON_74,2265,1905,0.8410596026490066,499,376,0.7535070140280561,1252,842,0.6725239616613419,0.0875525886209505,0.16853564098766471,0.08098305236671421
DAVIDSON_76,1799,1507,0.8376876042245692,405,301,0.7432098765432099,1113,774,0.6954177897574124,0.09447772768135931,0.1422698144671568,0.047792086785797494
DAVIDSON_78,1964,1624,0.8268839103869654,464,349,0.7521551724137931,1306,903,0.6914241960183767,0.07472873797317225,0.13545971436858872,0.06073097639541647
DAVIDSON_80A,3389,2917,0.8607258778400708,563,453,0.8046181172291297,1838,1388,0.7551686615886833,0.05610776061094114,0.10555721625138748,0.04944945564044634
DAVIDSON_82,1718,1457,0.8480791618160652,338,256,0.757396449704142,1072,762,0.710820895522388,0.09068271211192325,0.1372582662936772,0.046575554181753964
DAVIDSON_84,2982,2541,0.852112676056338,999,823,0.8238238238238238,2193,1647,0.7510259917920656,0.028288852232514206,0.10108668426427236,0.07279783203175816
DAVIDSON_86A,1419,1158,0.8160676532769556,934,658,0.7044967880085653,1505,935,0.6212624584717608,0.11157086526839033,0.19480519480519487,0.08323432953680454
DAVIDSON_88,1352,1145,0.8468934911242604,446,335,0.7511210762331838,949,689,0.726027397260274,0.09577241489107657,0.12086609386398639,0.025093678972909816
DAVIE_01,688,579,0.8415697674418605,181,142,0.7845303867403315,437,312,0.7139588100686499,0.05703938070152903,0.1276109573732106,0.07057157667168157
DAVIE_02,659,542,0.8224582701062215,142,112,0.7887323943661971,396,287,0.7247474747474747,0.03372587574002439,0.09771079535874683,0.06398491961872244
DAVIE_03,1620,1378,0.8506172839506173,253,182,0.7193675889328063,970,713,0.7350515463917526,0.13124969501781103,0.11556573755886468,-0.01568395745894635
DAVIE_04,952,733,0.7699579831932774,310,198,0.6387096774193548,702,409,0.5826210826210826,0.13124830577392255,0.18733690057219476,0.05608859479827222
DAVIE_05,1538,1350,0.8777633289986996,300,236,0.7866666666666666,960,731,0.7614583333333333,0.09109666233203295,0.11630499566536623,0.025208333333333277
DAVIE_06,995,863,0.8673366834170855,209,178,0.8516746411483254,567,419,0.7389770723104057,0.015662042268760112,0.12835961110667982,0.1126975688379197
DAVIE_07,976,817,0.8370901639344263,263,195,0.7414448669201521,609,414,0.6798029556650246,0.09564529701427416,0.15728720826940168,0.061641911255127524
DAVIE_08,912,698,0.7653508771929824,601,439,0.7304492512479202,926,578,0.6241900647948164,0.0349016259450623,0.14116081239816602,0.10625918645310373
DAVIE_09,1223,980,0.8013082583810303,409,295,0.7212713936430318,982,662,0.6741344195519349,0.08003686473799843,0.1271738388290954,0.04713697409109696
DAVIE_10,1490,1286,0.8630872483221477,304,245,0.805921052631579,1105,891,0.8063348416289593,0.05716619569056869,0.05675240669318837,-0.0004137889973803155
DAVIE_11,1023,875,0.855327468230694,173,127,0.7341040462427746,584,435,0.7448630136986302,0.12122342198791947,0.11046445453206388,-0.010758967455855584
DAVIE_12,2079,1755,0.8441558441558441,430,355,0.8255813953488372,1412,1086,0.7691218130311614,0.01857444880700687,0.07503403112468265,0.05645958231767578
DAVIE_13,1699,1456,0.8569746909947028,542,440,0.8118081180811808,1301,1025,0.7878554957724827,0.045166572913521996,0.0691191952222201,0.0239526223086981
DAVIE_14,1287,1078,0.8376068376068376,326,248,0.7607361963190185,993,725,0.730110775427996,0.07687064128781917,0.10749606217884167,0.030625420891022492
DUPLIN_ALBE,587,461,0.7853492333901193,304,189,0.6217105263157895,584,333,0.5702054794520548,0.16363870707432981,0.2151437539380645,0.051505046863734694
DUPLIN_BEUL,1421,1154,0.8121041520056298,498,355,0.7128514056224899,1127,747,0.6628216503992902,0.09925274638313986,0.1492825016063396,0.050029755223199746
DUPLIN_CALY,263,210,0.7984790874524715,143,111,0.7762237762237763,325,234,0.72,0.022255311228695285,0.07847908745247156,0.05622377622377628
DUPLIN_CFRK,372,293,0.7876344086021505,73,42,0.5753424657534246,323,222,0.6873065015479877,0.21229194284872588,0.10032790705416283,-0.11196403579456304
DUPLIN_CHAR,343,278,0.8104956268221575,563,417,0.7406749555950266,455,236,0.5186813186813187,0.06982067122713087,0.29181430814083875,0.22199363691370788
DUPLIN_CHIN,395,316,0.8,181,131,0.7237569060773481,348,243,0.6982758620689655,0.07624309392265194,0.10172413793103452,0.02548104400838258
DUPLIN_CYCK,603,506,0.8391376451077943,181,136,0.7513812154696132,539,396,0.7346938775510204,0.08775642963818109,0.10444376755677387,0.01668733791859278
DUPLIN_FAIS,372,287,0.771505376344086,495,337,0.6808080808080809,522,324,0.6206896551724138,0.09069729553600514,0.1508157211716722,0.06011842563566705
DUPLIN_GLIS,268,214,0.7985074626865671,134,97,0.7238805970149254,357,248,0.6946778711484594,0.07462686567164178,0.10382959153810778,0.029202725866465995
DUPLIN_HALL,505,392,0.7762376237623763,432,300,0.6944444444444444,563,349,0.6198934280639432,0.08179317931793184,0.15634419569843305,0.07455101638050121
DUPLIN_KENA,768,605,0.7877604166666666,1281,921,0.7189695550351288,1160,711,0.6129310344827587,0.0687908616315378,0.17482938218390798,0.10603852055237017
DUPLIN_MAGN,385,306,0.7948051948051948,562,382,0.6797153024911032,501,232,0.4630738522954092,0.11508989231409161,0.33173134250978564,0.21664145019569403
DUPLIN_ROSE,505,384,0.7603960396039604,621,447,0.7198067632850241,562,319,0.5676156583629893,0.040589276318936274,0.19278038124097108,0.1521911049220348
DUPLIN_SMCA,527,423,0.8026565464895635,230,174,0.7565217391304347,560,373,0.6660714285714285,0.04613480735912878,0.136585117918135,0.09045031055900621
DUPLIN_WARS,619,471,0.7609046849757674,1569,1026,0.6539196940726577,1122,514,0.45811051693404636,0.10698499090310964,0.302794168041721,0.19580917713861135
DUPLIN_WLLC,2164,1724,0.7966728280961183,2029,1492,0.7353376047313948,2160,1271,0.5884259259259259,0.06133522336472352,0.20824690217019237,0.14691167880546885
DUPLIN_WOLF,606,459,0.7574257425742574,317,185,0.583596214511041,693,444,0.6406926406926406,0.1738295280632164,0.11673310188161679,-0.0570964261815996
DURHAM_01,63,37,0.5873015873015873,743,525,0.7065948855989233,439,267,0.6082004555808656,-0.11929329829733593,-0.020898868279278227,0.0983944300180577
DURHAM_02,144,57,0.3958333333333333,1861,1144,0.61472326706072,2369,1319,0.556775010552976,-0.2188899337273867,-0.16094167721964264,0.057948256507744045
DURHAM_03,134,56,0.417910447761194,1903,1088,0.5717288491854966,1329,710,0.5342362678705794,-0.1538184014243026,-0.11632582010938541,0.03749258131491717
DURHAM_04,76,51,0.6710526315789473,1020,865,0.8480392156862745,634,477,0.7523659305993691,-0.17698658410732715,-0.08131329902042173,0.09567328508690542
DURHAM_05,298,128,0.42953020134228187,3306,1616,0.48880822746521474,3429,1884,0.5494313210848644,-0.05927802612293287,-0.1199011197425825,-0.060623093619649626
DURHAM_06,79,51,0.6455696202531646,1227,912,0.7432762836185819,738,462,0.6260162601626016,-0.09770666336541733,0.019553360090562966,0.1172600234559803
DURHAM_07,116,65,0.5603448275862069,1826,1168,0.6396495071193866,1309,780,0.5958747135217723,-0.07930467953317977,-0.0355298859355655,0.04377479359761427
DURHAM_08,115,53,0.4608695652173913,2023,1442,0.71280276816609,1237,766,0.6192400970088925,-0.2519332029486987,-0.15837053179150118,0.09356267115719752
DURHAM_09,127,99,0.7795275590551181,1574,1353,0.8595933926302414,969,751,0.7750257997936016,-0.08006583357512331,0.004501759261516414,0.08456759283663973
DURHAM_10,133,60,0.45112781954887216,1665,1154,0.6930930930930931,1242,675,0.5434782608695652,-0.24196527354422093,-0.09235044132069303,0.1496148322235279
DURHAM_12,27,10,0.37037037037037035,451,298,0.6607538802660754,303,143,0.47194719471947194,-0.29038350989570505,-0.10157682434910159,0.18880668554660346
DURHAM_13,34,12,0.35294117647058826,650,405,0.6230769230769231,507,152,0.29980276134122286,-0.2701357466063348,0.0531384151293654,0.3232741617357002
DURHAM_14,158,85,0.5379746835443038,1408,969,0.6882102272727273,1161,421,0.36261843238587427,-0.15023554372842352,0.1753562511584295,0.325591794886853
DURHAM_15,68,33,0.4852941176470588,881,618,0.7014755959137344,646,289,0.4473684210526316,-0.2161814782666756,0.03792569659442724,0.25410717486110285
DURHAM_17,177,91,0.5141242937853108,2428,1722,0.7092257001647446,1875,1003,0.5349333333333334,-0.19510140637943385,-0.0208090395480226,0.17429236683141125
DURHAM_18,98,50,0.5102040816326531,1397,935,0.6692913385826772,989,380,0.38422649140546006,-0.15908725695002413,0.12597759022719301,0.28506484717721714
DURHAM_19,191,128,0.6701570680628273,1993,1514,0.7596588058203713,1291,757,0.5863671572424477,-0.089501737757544,0.08378991082037957,0.17329164857792356
DURHAM_20,58,36,0.6206896551724138,1386,1050,0.7575757575757576,807,575,0.7125154894671624,-0.13688610240334376,-0.09182583429474855,0.0450602681085952
DURHAM_21,82,57,0.6951219512195121,1064,882,0.8289473684210527,680,502,0.7382352941176471,-0.1338254172015405,-0.043113342898134954,0.09071207430340555
DURHAM_22,225,115,0.5111111111111111,2958,2107,0.7123056118999324,1654,758,0.45828295042321643,-0.20119450078882128,0.05282816068789464,0.2540226614767159
DURHAM_23,409,277,0.6772616136919315,4246,3370,0.7936881771078662,2473,1418,0.57339264051759,-0.11642656341593471,0.10386897317434152,0.22029553659027623
DURHAM_24,519,405,0.7803468208092486,2051,1642,0.8005850804485617,1558,1066,0.6842105263157895,-0.02023825963931314,0.09613629449345906,0.1163745541327722
DURHAM_25,769,665,0.8647594278283485,1206,1026,0.8507462686567164,1329,1046,0.7870579382994732,0.01401315917163204,0.07770148952887523,0.0636883303572432
DURHAM_26,480,415,0.8645833333333334,423,369,0.8723404255319149,544,438,0.8051470588235294,-0.007757092198581561,0.05943627450980393,0.0671933667083855
DURHAM_27,416,323,0.7764423076923077,1559,1311,0.8409236690186017,1522,1177,0.7733245729303548,-0.064481361326294,0.003117734761952873,0.06759909608824688
DURHAM_28,1004,851,0.8476095617529881,1184,1012,0.8547297297297297,1595,1273,0.7981191222570533,-0.007120167976741643,0.04949043949593479,0.05661060747267643
DURHAM_29,694,556,0.8011527377521613,2162,1709,0.7904717853839038,1681,1079,0.6418798334324807,0.010680952368257501,0.15927290431968066,0.14859195195142316
DURHAM_30-2,583,430,0.7375643224699828,4663,3800,0.8149260132961613,2814,1891,0.671997157071784,-0.0773616908261785,0.06556716539819885,0.14292885622437734
DURHAM_30-3,586,432,0.7372013651877133,2843,2258,0.7942314456559972,2187,1432,0.6547782350251486,-0.05703008046828395,0.08242313016256464,0.1394532106308486
DURHAM_30-4,633,477,0.7535545023696683,2666,2205,0.8270817704426107,2317,1711,0.7384548985757445,-0.07352726807294241,0.015099603793923722,0.08862687186686613
DURHAM_31,846,623,0.7364066193853428,3829,2968,0.7751371115173674,3546,2417,0.6816130851663846,-0.03873049213202462,0.05479353421895816,0.09352402635098278
DURHAM_32,1721,1438,0.8355607205113306,2621,2243,0.8557802365509347,3846,3067,0.797451898075923,-0.020219516039604146,0.038108822435407586,0.05832833847501173
DURHAM_33-1,868,664,0.7649769585253456,2803,2176,0.7763110952550838,2986,2082,0.6972538513060951,-0.011334136729738153,0.06772310721925057,0.07905724394898872
DURHAM_33-2,589,362,0.6146010186757216,3008,2086,0.6934840425531915,3147,1810,0.5751509374006991,-0.07888302387746993,0.039450081275022475,0.1183331051524924
DURHAM_34-1,217,159,0.7327188940092166,2069,1703,0.8231029482841953,1393,958,0.6877243359655419,-0.09038405427497864,0.04499455804367469,0.13537861231865334
DURHAM_34-2,308,193,0.6266233766233766,3524,2692,0.7639046538024972,2309,1462,0.6331745344304894,-0.13728127717912053,-0.006551157807112795,0.13073011937200774
DURHAM_35-4,535,440,0.822429906542056,2233,1939,0.8683385579937304,2164,1810,0.8364140480591498,-0.04590865145167433,-0.013984141517093707,0.031924509934580625
DURHAM_35-5,438,350,0.7990867579908676,2367,2011,0.8495986480777356,2006,1521,0.7582253240279162,-0.05051189008686796,0.04086143396295139,0.09137332404981935
DURHAM_36,192,124,0.6458333333333334,1653,1213,0.7338173018753781,1133,699,0.616946160635481,-0.08798396854204471,0.028887172697852348,0.11687114123989706
DURHAM_37,986,829,0.8407707910750507,2876,2404,0.8358831710709318,2717,2133,0.7850570482149429,0.004887620004118909,0.05571374286010777,0.050826122855988864
DURHAM_38,741,515,0.6950067476383266,3991,2896,0.7256326735154097,3517,2278,0.6477111174296275,-0.030625925877083127,0.04729563020869909,0.07792155608578222
DURHAM_40,165,75,0.45454545454545453,1319,994,0.7536012130401819,842,475,0.5641330166270784,-0.2990557584947274,-0.10958756208162385,0.18946819641310353
DURHAM_41,21,15,0.7142857142857143,959,785,0.8185610010427529,381,183,0.48031496062992124,-0.10427528675703857,0.23397075365579306,0.33824604041283163
DURHAM_42,26,13,0.5,885,657,0.7423728813559322,399,185,0.46365914786967416,-0.24237288135593216,0.03634085213032584,0.278713733486258
DURHAM_43,732,581,0.7937158469945356,3620,2957,0.8168508287292817,3060,2263,0.7395424836601308,-0.02313498173474615,0.05417336333440481,0.07730834506915096
DURHAM_44,1147,966,0.8421970357454228,2904,2533,0.8722451790633609,2840,2270,0.7992957746478874,-0.030048143317938036,0.04290126109753545,0.07294940441547348
DURHAM_45,912,762,0.8355263157894737,2399,2056,0.8570237598999583,2055,1635,0.7956204379562044,-0.021497444110484598,0.039905877833269265,0.061403321943753864
DURHAM_46,299,199,0.6655518394648829,1862,1387,0.7448979591836735,1302,759,0.5829493087557603,-0.07934611971879058,0.0826025307091226,0.16194865042791318
DURHAM_47,76,52,0.6842105263157895,1324,1057,0.7983383685800605,598,318,0.5317725752508361,-0.11412784226427097,0.1524379510649534,0.26656579332922437
DURHAM_50,455,326,0.7164835164835165,2097,1574,0.7505960896518836,1892,1229,0.6495771670190275,-0.03411257316836713,0.06690634946448903,0.10101892263285617
DURHAM_51,451,327,0.7250554323725056,2917,2508,0.85978745286253,2408,1928,0.8006644518272426,-0.13473202049002442,-0.07560901945473697,0.05912300103528745
DURHAM_52,161,102,0.6335403726708074,2252,1693,0.7517761989342806,1315,608,0.4623574144486692,-0.11823582626347318,0.17118295822213825,0.2894187844856114
DURHAM_53-2,494,343,0.694331983805668,2405,1884,0.7833679833679834,2384,1749,0.7336409395973155,-0.08903599956231545,-0.039308955791647504,0.049727043770667945
DURHAM_54,587,389,0.6626916524701874,4290,3247,0.7568764568764569,3469,2261,0.651772845200346,-0.09418480440626953,0.010918807269841402,0.10510361167611093
DURHAM_55-11,45,17,0.37777777777777777,1077,792,0.7353760445682451,657,263,0.4003044140030441,-0.35759826679046736,-0.02252663622526635,0.335071630565201
DURHAM_55-49,10,5,0.5,1176,768,0.6530612244897959,1851,759,0.4100486223662885,-0.15306122448979587,0.08995137763371153,0.2430126021235074
DURHAM_56,554,464,0.8375451263537906,2551,2197,0.8612308898471188,2161,1705,0.7889865802869042,-0.023685763493328182,0.04855854606688648,0.07224430956021466
DURHAM_57,457,344,0.7527352297592997,2672,2172,0.812874251497006,2462,1818,0.7384240454914703,-0.060139021737706244,0.014311184267829402,0.07445020600553565
EDGECOMBE_0101,156,107,0.6858974358974359,1403,1043,0.7434069850320741,412,163,0.39563106796116504,-0.05750954913463824,0.29026636793627086,0.3477759170709091
EDGECOMBE_0102,586,463,0.7901023890784983,1689,1300,0.7696862048549438,785,397,0.5057324840764331,0.020416184223554512,0.28436990500206516,0.26395372077851065
EDGECOMBE_0103,579,475,0.8203799654576857,1081,812,0.7511563367252544,557,332,0.5960502692998204,0.06922362873243126,0.22432969615786524,0.15510606742543398
EDGECOMBE_0104,434,368,0.847926267281106,1151,878,0.7628149435273676,604,347,0.5745033112582781,0.08511132375373842,0.27342295602282785,0.18831163226908942
EDGECOMBE_0201,332,266,0.8012048192771084,554,441,0.796028880866426,260,149,0.573076923076923,0.0051759384106824236,0.22812789620018536,0.22295195778950294
EDGECOMBE_0301,108,89,0.8240740740740741,212,170,0.8018867924528302,86,52,0.6046511627906976,0.022187281621243837,0.21942291128337643,0.1972356296621326
EDGECOMBE_0401,146,135,0.9246575342465754,346,274,0.791907514450867,125,68,0.544,0.13275001979570833,0.38065753424657534,0.247907514450867
EDGECOMBE_0501,152,120,0.7894736842105263,318,239,0.7515723270440252,147,76,0.5170068027210885,0.037901357166501115,0.2724668814894379,0.23456552432293676
EDGECOMBE_0601,142,117,0.823943661971831,566,447,0.7897526501766784,198,104,0.5252525252525253,0.034191011795152604,0.2986911367193057,0.2645001249241531
EDGECOMBE_0701,239,184,0.7698744769874477,988,742,0.7510121457489879,372,156,0.41935483870967744,0.018862331238459817,0.3505196382777703,0.33165730703931046
EDGECOMBE_0801,540,424,0.7851851851851852,576,430,0.7465277777777778,393,230,0.5852417302798982,0.03865740740740742,0.19994345490528698,0.16128604749787956
EDGECOMBE_0901,451,375,0.8314855875831486,375,278,0.7413333333333333,336,209,0.6220238095238095,0.09015225424981532,0.20946177805933908,0.11930952380952375
EDGECOMBE_1001,615,483,0.7853658536585366,955,739,0.7738219895287958,516,296,0.5736434108527132,0.011543864129740844,0.21172244280582342,0.20017857867608257
EDGECOMBE_1101,340,282,0.8294117647058824,406,315,0.7758620689655172,232,128,0.5517241379310345,0.053549695740365166,0.27768762677484793,0.22413793103448276
EDGECOMBE_1201,132,67,0.5075757575757576,2719,1941,0.7138653916881207,1554,374,0.24066924066924067,-0.20628963411236312,0.2669065169065169,0.47319615101888
EDGECOMBE_1202,62,34,0.5483870967741935,1368,876,0.6403508771929824,872,153,0.17545871559633028,-0.09196378041878894,0.3729283811778632,0.46489216159665214
EDGECOMBE_1203,820,681,0.8304878048780487,1510,1144,0.7576158940397351,941,462,0.4909670563230606,0.07287191083831368,0.33952074855498815,0.26664883771667447
EDGECOMBE_1204,65,37,0.5692307692307692,1174,856,0.7291311754684838,515,140,0.27184466019417475,-0.15990040623771462,0.29738610903659446,0.4572865152743091
EDGECOMBE_1205,44,17,0.38636363636363635,804,529,0.6579601990049752,447,87,0.19463087248322147,-0.2715965626413388,0.19173276388041488,0.4633293265217537
EDGECOMBE_1301,497,417,0.8390342052313883,352,270,0.7670454545454546,351,213,0.6068376068376068,0.07198875068593369,0.23219659839378148,0.1602078477078478
EDGECOMBE_1401,471,378,0.802547770700637,228,162,0.7105263157894737,324,183,0.5648148148148148,0.09202145491116331,0.23773295588582222,0.1457115009746589
FORSYTH_012,1351,1147,0.8490007401924501,595,487,0.8184873949579832,1136,792,0.6971830985915493,0.030513345234466915,0.15181764160090083,0.12130429636643392
FORSYTH_013,1521,1278,0.8402366863905325,1107,872,0.7877145438121048,1561,1097,0.7027546444586803,0.05252214257842769,0.1374820419318522,0.08495989935342452
FORSYTH_014,931,779,0.8367346938775511,516,413,0.8003875968992248,901,666,0.7391786903440621,0.036347096978326277,0.09755600353348892,0.061208906555162645
FORSYTH_015,1611,1305,0.8100558659217877,1288,1029,0.7989130434782609,1842,1322,0.7176981541802389,0.011142822443526823,0.09235771174154883,0.08121488929802201
FORSYTH_016,964,793,0.8226141078838174,847,668,0.7886658795749705,1159,843,0.727351164797239,0.03394822830884692,0.09526294308657834,0.06131471477773143
FORSYTH_017,727,610,0.8390646492434664,592,482,0.8141891891891891,832,601,0.7223557692307693,0.02487546005427721,0.11670888001269708,0.09183341995841987
FORSYTH_021,1990,1747,0.8778894472361809,586,477,0.8139931740614335,1387,1094,0.7887527036770007,0.06389627317474744,0.08913674355918022,0.025240470384432778
FORSYTH_031,804,706,0.8781094527363185,580,477,0.8224137931034483,681,489,0.7180616740088106,0.055695659632870154,0.16004777872750786,0.10435211909463771
FORSYTH_032,1199,1030,0.8590492076730609,1034,816,0.7891682785299806,1157,846,0.7312013828867762,0.0698809291430803,0.12784782478628476,0.05796689564320445
FORSYTH_033,635,514,0.8094488188976378,1060,796,0.7509433962264151,925,550,0.5945945945945946,0.05850542267122261,0.21485422430304313,0.15634880163182052
FORSYTH_034,903,754,0.8349944629014396,696,523,0.7514367816091954,862,532,0.617169373549884,0.08355768129224428,0.21782508935155565,0.13426740805931137
FORSYTH_042,986,772,0.7829614604462475,1532,1144,0.7467362924281984,1449,863,0.5955831608005521,0.03622516801804909,0.1873782996456954,0.15115313162764632
FORSYTH_043,920,723,0.7858695652173913,983,663,0.6744659206510681,1267,730,0.5761641673243884,0.11140364456632312,0.2097053978930029,0.09830175332667979
FORSYTH_051,1213,988,0.8145094806265457,833,619,0.7430972388955582,1377,950,0.6899055918663762,0.07141224173098748,0.12460388876016948,0.053191647029182
FORSYTH_052,455,381,0.8373626373626374,271,224,0.8265682656826568,516,392,0.7596899224806202,0.010794371679980541,0.07767271488201721,0.06687834320203667
FORSYTH_053,1318,1102,0.8361153262518968,559,460,0.8228980322003577,1131,849,0.7506631299734748,0.013217294051539041,0.08545219627842193,0.07223490222688289
FORSYTH_054,1010,877,0.8683168316831683,578,481,0.8321799307958477,1107,899,0.8121047877145439,0.03613690088732058,0.05621204396862445,0.02007514308130387
FORSYTH_055,1506,1267,0.8413014608233732,875,715,0.8171428571428572,1689,1277,0.7560686796921255,0.024158603680516033,0.08523278113124766,0.061074177450731626
FORSYTH_061,848,699,0.8242924528301887,661,496,0.7503782148260212,946,614,0.6490486257928119,0.07391423800416752,0.17524382703737684,0.10132958903320932
FORSYTH_062,839,710,0.8462455303933254,405,351,0.8666666666666667,747,565,0.7563587684069611,-0.0204211362733413,0.08988676198636425,0.11030789825970555
FORSYTH_063,1656,1404,0.8478260869565217,864,701,0.8113425925925926,1522,1074,0.7056504599211564,0.03648349436392917,0.14217562703536535,0.10569213267143618
FORSYTH_064,453,374,0.82560706401766,325,265,0.8153846153846154,576,408,0.7083333333333334,0.010222448633044667,0.11727373068432667,0.107051282051282
FORSYTH_065,1694,1455,0.858913813459268,1043,857,0.8216682646212847,1698,1309,0.7709069493521791,0.037245548837983256,0.08800686410708891,0.050761315269105656
FORSYTH_066,1154,949,0.8223570190641247,563,405,0.7193605683836589,1036,682,0.6583011583011583,0.10299645068046581,0.1640558607629664,0.0610594100825006
FORSYTH_067,689,507,0.7358490566037735,566,396,0.6996466431095406,807,479,0.5935563816604709,0.03620241349423292,0.14229267494330267,0.10609026144906974
FORSYTH_068,1158,988,0.853195164075993,590,492,0.8338983050847457,1116,814,0.7293906810035843,0.019296858991247334,0.12380448307240877,0.10450762408116143
FORSYTH_071,1367,1170,0.8558888076079005,892,732,0.820627802690583,1590,1230,0.7735849056603774,0.03526100491731754,0.08230390194752313,0.04704289703020559
FORSYTH_073,1597,1403,0.878522229179712,624,521,0.8349358974358975,1385,1083,0.7819494584837545,0.043586331743814544,0.09657277069595749,0.052986438952142945
FORSYTH_074,1151,900,0.7819287576020851,1091,866,0.7937671860678277,1618,1189,0.734857849196539,-0.011838428465742568,0.047070908405546175,0.05890933687128874
FORSYTH_075,367,316,0.8610354223433242,138,118,0.855072463768116,323,252,0.7801857585139319,0.005962958575208233,0.0808496638293923,0.07488670525418406
FORSYTH_076,1148,970,0.8449477351916377,741,568,0.766531713900135,1270,933,0.7346456692913386,0.07841602129150271,0.11030206590029912,0.031886044608796404
FORSYTH_077,949,778,0.8198103266596417,798,615,0.7706766917293233,1256,858,0.6831210191082803,0.049133634930318415,0.13668930755136144,0.08755567262104302
FORSYTH_081,787,594,0.7547649301143583,1611,1194,0.7411545623836127,1457,801,0.5497597803706246,0.013610367730745643,0.20500514974373374,0.1913947820129881
FORSYTH_083,535,433,0.8093457943925234,994,780,0.7847082494969819,690,405,0.5869565217391305,0.024637544895541486,0.22238927265339292,0.19775172775785144
FORSYTH_084,443,379,0.8555304740406321,1221,1045,0.8558558558558559,742,495,0.6671159029649596,-0.00032538181522379084,0.1884145710756725,0.1887399528908963
FORSYTH_085,908,748,0.8237885462555066,652,513,0.7868098159509203,834,584,0.7002398081534772,0.036978730304586316,0.12354873810202938,0.08657000779744306
FORSYTH_091,1064,904,0.849624060150376,402,305,0.7587064676616916,831,588,0.7075812274368231,0.09091759248868436,0.1420428327135529,0.05112524022486853
FORSYTH_092,915,771,0.8426229508196721,267,236,0.8838951310861424,668,550,0.8233532934131736,-0.04127218026647028,0.01926965740649844,0.060541837672968724
FORSYTH_101,542,463,0.8542435424354243,811,638,0.7866831072749692,804,545,0.677860696517413,0.06756043516045518,0.17638284591801134,0.10882241075755616
FORSYTH_111,943,793,0.8409331919406151,306,262,0.8562091503267973,622,485,0.7797427652733119,-0.015275958386182231,0.06119042666730323,0.07646638505348546
FORSYTH_112,1438,1240,0.8623087621696801,713,554,0.7769985974754559,1147,814,0.7096774193548387,0.08531016469422426,0.15263134281484136,0.06732117812061711
FORSYTH_121,794,623,0.7846347607052897,1312,998,0.760670731707317,1305,887,0.6796934865900384,0.023964028997972675,0.10494127411525134,0.08097724511727866
FORSYTH_123,929,736,0.7922497308934338,1115,850,0.7623318385650224,1211,805,0.6647398843930635,0.029917892328411355,0.12750984650037023,0.09759195417195887
FORSYTH_124,604,453,0.75,1593,1203,0.7551789077212806,1280,785,0.61328125,-0.005178907721280601,0.13671875,0.1418976577212806
FORSYTH_131,1258,1049,0.8338632750397457,1041,851,0.8174831892411143,1623,1221,0.7523105360443623,0.016380085798631372,0.0815527389953834,0.06517265319675203
FORSYTH_132,1511,1280,0.8471211118464593,1303,1097,0.841903300076746,1948,1454,0.7464065708418891,0.005217811769713365,0.10071454100457022,0.09549672923485686
FORSYTH_134,1324,1123,0.8481873111782477,631,527,0.8351822503961965,1474,1184,0.8032564450474898,0.013005060782051214,0.04493086613075792,0.031925805348706704
FORSYTH_135,1283,1036,0.8074824629773967,842,660,0.7838479809976246,1672,1210,0.7236842105263158,0.023634481979772026,0.08379825245108086,0.06016377047130883
FORSYTH_202,228,150,0.6578947368421053,1229,868,0.7062652563059398,780,426,0.5461538461538461,-0.04837051946383453,0.11174089068825921,0.16011141015209374
FORSYTH_203,61,21,0.3442622950819672,1133,808,0.7131509267431597,553,232,0.41952983725135623,-0.3688886316611925,-0.07526754216938902,0.2936210894918035
FORSYTH_204,127,81,0.6377952755905512,965,660,0.6839378238341969,623,297,0.4767255216693419,-0.04614254824364572,0.16106975392120926,0.20721230216485498
FORSYTH_205,30,10,0.3333333333333333,512,352,0.6875,284,111,0.3908450704225352,-0.3541666666666667,-0.057511737089201875,0.2966549295774648
FORSYTH_206,105,56,0.5333333333333333,1020,773,0.7578431372549019,487,230,0.4722792607802875,-0.2245098039215686,0.061054072553045846,0.28556387647461445
FORSYTH_207,252,162,0.6428571428571429,1384,976,0.7052023121387283,871,427,0.4902411021814007,-0.0623451692815854,0.1526160406757422,0.2149612099573276
FORSYTH_208,259,149,0.5752895752895753,1143,722,0.63167104111986,971,461,0.4747682801235839,-0.056381465830284805,0.10052129516599134,0.15690276099627615
FORSYTH_301,41,14,0.34146341463414637,527,351,0.6660341555977229,337,102,0.3026706231454006,-0.3245707409635766,0.03879279148874576,0.36336353245232234
FORSYTH_302,59,28,0.4745762711864407,634,417,0.6577287066246057,385,135,0.35064935064935066,-0.183152435438165,0.12392692053709004,0.30707935597525504
FORSYTH_303,24,7,0.2916666666666667,471,265,0.5626326963906582,320,77,0.240625,-0.2709660297239915,0.05104166666666668,0.3220076963906582
FORSYTH_304,56,32,0.5714285714285714,1242,952,0.7665056360708534,511,223,0.436399217221135,-0.19507706464228203,0.1350293542074364,0.3301064188497184
FORSYTH_305,50,28,0.56,996,817,0.820281124497992,415,209,0.5036144578313253,-0.2602811244979919,0.05638554216867475,0.31666666666666665
FORSYTH_306,160,100,0.625,804,529,0.6579601990049752,691,267,0.38639652677279307,-0.032960199004975155,0.23860347322720693,0.2715636722321821
FORSYTH_401,136,72,0.5294117647058824,1038,716,0.6897880539499036,630,237,0.3761904761904762,-0.16037628924402125,0.15322128851540617,0.3135975777594274
FORSYTH_402,48,13,0.2708333333333333,825,543,0.6581818181818182,426,129,0.3028169014084507,-0.3873484848484849,-0.031983568075117375,0.3553649167733675
FORSYTH_403,163,78,0.4785276073619632,1221,742,0.6076986076986077,927,344,0.3710895361380798,-0.12917100033664453,0.10743807122388338,0.2366090715605279
FORSYTH_404,214,124,0.5794392523364486,1451,943,0.6498966230186078,1166,551,0.4725557461406518,-0.07045737068215929,0.10688350619579673,0.17734087687795602
FORSYTH_405,48,27,0.5625,1228,802,0.6530944625407166,1164,533,0.4579037800687285,-0.09059446254071657,0.1045962199312715,0.19519068247198806
FORSYTH_501,127,73,0.5748031496062992,1229,981,0.7982099267697315,587,303,0.5161839863713799,-0.22340677716343227,0.058619163234919336,0.2820259403983516
FORSYTH_502,76,37,0.4868421052631579,844,622,0.7369668246445498,510,193,0.3784313725490196,-0.25012471938139186,0.10841073271413831,0.35853545209553017
FORSYTH_503,119,75,0.6302521008403361,834,586,0.7026378896882494,621,318,0.5120772946859904,-0.07238578884791325,0.11817480615434572,0.19056059500225897
FORSYTH_504,153,90,0.5882352941176471,646,429,0.6640866873065016,544,200,0.36764705882352944,-0.07585139318885448,0.22058823529411764,0.2964396284829721
FORSYTH_505,265,167,0.630188679245283,974,640,0.6570841889117043,759,307,0.4044795783926219,-0.02689550966642129,0.2257091008526611,0.2526046105190824
FORSYTH_506,364,277,0.760989010989011,813,630,0.7749077490774908,820,485,0.5914634146341463,-0.013918738088479876,0.16952559635486464,0.18344433444334451
FORSYTH_508,559,416,0.7441860465116279,1400,1009,0.7207142857142858,1123,619,0.5512021371326803,0.023471760797342145,0.1929839093789476,0.16951214858160546
FORSYTH_509,561,450,0.8021390374331551,1021,793,0.7766895200783546,963,641,0.6656282450674974,0.0254495173548005,0.13651079236565766,0.11106127501085716
FORSYTH_601,166,112,0.6746987951807228,727,521,0.7166437414030261,780,506,0.6487179487179487,-0.04194494622230327,0.0259808464627741,0.06792579268507737
FORSYTH_602,891,699,0.7845117845117845,1941,1551,0.7990726429675425,1663,1101,0.6620565243535779,-0.014560858455758052,0.12245526015820662,0.13701611861396468
FORSYTH_603,247,188,0.7611336032388664,1082,819,0.7569316081330869,890,555,0.6235955056179775,0.004201995105779455,0.13753809762088887,0.1333361025151094
FORSYTH_604,224,144,0.6428571428571429,919,596,0.6485310119695321,812,406,0.5,-0.005673869112389207,0.1428571428571429,0.1485310119695321
FORSYTH_605,642,459,0.7149532710280374,1693,1222,0.7217956290608387,1414,821,0.5806223479490806,-0.00684235803280131,0.13433092307895678,0.1411732811117581
FORSYTH_606,304,228,0.75,773,558,0.7218628719275549,749,411,0.5487316421895861,0.02813712807244506,0.20126835781041386,0.1731312297379688
FORSYTH_607,491,400,0.814663951120163,999,785,0.7857857857857858,902,600,0.6651884700665188,0.02887816533437715,0.14947548105364417,0.12059731571926702
FORSYTH_701,428,342,0.7990654205607477,473,353,0.7463002114164905,621,443,0.7133655394524959,0.0527652091442572,0.08569988110825177,0.03293467196399458
FORSYTH_702,292,223,0.7636986301369864,677,527,0.7784342688330872,788,559,0.7093908629441624,-0.014735638696100839,0.05430776719282393,0.06904340588892477
FORSYTH_703,196,159,0.8112244897959183,528,419,0.7935606060606061,561,420,0.7486631016042781,0.017663883735312247,0.06256138819164025,0.04489750445632801
FORSYTH_704,304,235,0.7730263157894737,841,656,0.7800237812128419,846,608,0.7186761229314421,-0.00699746542336821,0.054350192858031554,0.061347658281399764
FORSYTH_705,504,364,0.7222222222222222,1061,803,0.7568331762488218,1041,694,0.6666666666666666,-0.03461095402659964,0.05555555555555558,0.09016650958215522
FORSYTH_706,278,215,0.7733812949640287,513,374,0.7290448343079922,512,308,0.6015625,0.04433646065603658,0.17181879496402874,0.12748233430799216
FORSYTH_707,302,241,0.7980132450331126,543,413,0.7605893186003683,579,399,0.689119170984456,0.03742392643274428,0.10889407404865659,0.0714701476159123
FORSYTH_708,1102,909,0.8248638838475499,1630,1283,0.7871165644171779,1678,1150,0.6853396901072706,0.03774731943037202,0.13952419374027936,0.10177687430990734
FORSYTH_709,718,558,0.7771587743732591,1255,987,0.7864541832669323,1277,866,0.6781519185591229,-0.009295408893673196,0.09900685581413615,0.10830226470780935
FORSYTH_801,260,213,0.8192307692307692,525,422,0.8038095238095239,645,454,0.703875968992248,0.015421245421245344,0.11535480023852118,0.09993355481727584
FORSYTH_802,533,476,0.8930581613508443,470,411,0.874468085106383,679,561,0.8262150220913107,0.018590076244461295,0.06684313925953356,0.04825306301507226
FORSYTH_803,602,531,0.8820598006644518,400,348,0.87,722,585,0.8102493074792244,0.01205980066445178,0.07181049318522736,0.05975069252077558
FORSYTH_804,347,298,0.8587896253602305,407,346,0.8501228501228502,542,435,0.8025830258302583,0.008666775237380353,0.0562065995299722,0.04753982429259185
FORSYTH_805,680,586,0.861764705882353,747,655,0.8768406961178046,1028,860,0.8365758754863813,-0.015075990235451586,0.02518883039597164,0.040264820631423226
FORSYTH_806,640,539,0.8421875,600,471,0.785,786,582,0.7404580152671756,0.05718749999999995,0.1017294847328244,0.04454198473282445
FORSYTH_807,580,505,0.8706896551724138,516,415,0.8042635658914729,842,656,0.7790973871733967,0.06642608928094096,0.0915922679990171,0.025166178718076138
FORSYTH_808,602,433,0.7192691029900332,1384,999,0.721820809248555,1496,900,0.6016042780748663,-0.0025517062585217465,0.11766482491516694,0.12021653117368869
FORSYTH_809,819,728,0.8888888888888888,794,677,0.8526448362720404,1231,1023,0.8310316815597075,0.03624405261684849,0.057857207329181315,0.021613154712332827
FORSYTH_901,371,297,0.8005390835579514,675,552,0.8177777777777778,829,653,0.7876960193003619,-0.017238694219826378,0.01284306425758952,0.0300817584774159
FORSYTH_902,310,183,0.5903225806451613,1193,803,0.6730930427493713,1145,611,0.5336244541484716,-0.08277046210421002,0.056698126496689705,0.13946858860089972
FORSYTH_903,610,455,0.7459016393442623,1284,908,0.7071651090342679,1969,1305,0.6627729812087354,0.038736530309994466,0.08312865813552694,0.04439212782553248
FORSYTH_904,281,198,0.7046263345195729,1231,904,0.7343623070674249,856,488,0.5700934579439252,-0.029735972547851985,0.13453287657564772,0.1642688491234997
FORSYTH_905,458,310,0.6768558951965066,1310,858,0.6549618320610687,1362,822,0.6035242290748899,0.021894063135437847,0.07333166612161668,0.05143760298617883
FORSYTH_906,752,608,0.8085106382978723,1213,970,0.7996702390766695,1435,1075,0.7491289198606271,0.008840399221202833,0.05938171843724516,0.050541319216042324
FORSYTH_907,428,349,0.8154205607476636,769,616,0.8010403120936281,808,562,0.6955445544554455,0.014380248654035421,0.11987600629221806,0.10549575763818264
FORSYTH_908,809,690,0.8529048207663782,773,676,0.8745148771021992,1210,984,0.8132231404958677,-0.021610056335821026,0.039681680270510444,0.06129173660633147
FORSYTH_909,379,312,0.8232189973614775,473,396,0.8372093023255814,571,409,0.7162872154115587,-0.013990304964103917,0.10693178194991881,0.12092208691402273
FRANKLIN_01,289,230,0.7958477508650519,972,704,0.7242798353909465,639,342,0.5352112676056338,0.07156791547410535,0.26063648325941813,0.18906856778531278
FRANKLIN_02,415,342,0.8240963855421687,702,530,0.7549857549857549,565,348,0.6159292035398231,0.06911063055641375,0.20816718200234563,0.13905655144593188
FRANKLIN_03,1359,1115,0.8204562178072112,1522,1140,0.7490144546649146,1770,1128,0.6372881355932203,0.07144176314229667,0.18316808221399095,0.11172631907169428
FRANKLIN_05,950,748,0.7873684210526316,696,520,0.7471264367816092,957,610,0.6374085684430512,0.040241984271022435,0.14995985260958045,0.10971786833855801
FRANKLIN_06,522,438,0.8390804597701149,662,527,0.7960725075528701,645,402,0.6232558139534884,0.04300795221724485,0.21582464581662653,0.17281669359938168
FRANKLIN_07,871,723,0.8300803673938002,390,296,0.7589743589743589,817,552,0.6756425948592412,0.07110600841944126,0.15443777253455904,0.08333176411511778
FRANKLIN_08,1436,1164,0.8105849582172702,955,719,0.7528795811518325,1735,1180,0.6801152737752162,0.05770537706543766,0.13046968444205398,0.07276430737661632
FRANKLIN_09,526,455,0.8650190114068441,515,406,0.7883495145631068,525,383,0.7295238095238096,0.07666949684373736,0.13549520188303454,0.05882570503929718
FRANKLIN_10,370,316,0.8540540540540541,267,211,0.7902621722846442,375,271,0.7226666666666667,0.06379188176940986,0.13138738738738742,0.06759550561797756
FRANKLIN_11,364,305,0.8379120879120879,768,610,0.7942708333333334,557,380,0.6822262118491921,0.04364125457875456,0.15568587606289586,0.1120446214841413
FRANKLIN_12,497,417,0.8390342052313883,495,387,0.7818181818181819,452,300,0.6637168141592921,0.05721602341320642,0.1753173910720962,0.11810136765888979
FRANKLIN_13,878,722,0.8223234624145785,551,441,0.8003629764065335,880,615,0.6988636363636364,0.02196048600804501,0.12345982605094219,0.10149934004289718
FRANKLIN_14,2024,1652,0.8162055335968379,1239,995,0.8030669895076675,2210,1569,0.7099547511312218,0.013138544089170368,0.10625078246561614,0.09311223837644578
FRANKLIN_15,895,702,0.7843575418994413,1803,1451,0.8047698280643372,1639,1067,0.6510067114093959,-0.020412286164895876,0.13335083049004537,0.15376311665494125
FRANKLIN_16,448,374,0.8348214285714286,894,704,0.7874720357941835,641,421,0.656786271450858,0.04734939277724515,0.1780351571205706,0.13068576434332546
FRANKLIN_17,1734,1428,0.8235294117647058,866,675,0.7794457274826789,1934,1379,0.7130299896587383,0.044083684282026914,0.11049942210596753,0.06641573782394061
FRANKLIN_18,1495,1207,0.8073578595317725,1022,779,0.7622309197651663,1933,1356,0.7015002586652871,0.0451269397666062,0.10585760086648544,0.060730661099879235
FRANKLIN_19,2761,2253,0.8160086925027165,2212,1775,0.8024412296564195,3653,2617,0.7163974815220366,0.013567462846296952,0.09961121098067982,0.08604374813438287
GASTON_10A,1581,1275,0.8064516129032258,673,526,0.7815750371471025,1129,770,0.6820194862710364,0.02487657575612323,0.12443212663218939,0.09955555087606616
GASTON_11A,1564,1298,0.829923273657289,522,383,0.7337164750957854,1135,809,0.7127753303964758,0.0962067985615036,0.11714794326081324,0.020941144699309633
GASTON_12A,1305,1062,0.8137931034482758,325,256,0.7876923076923077,780,545,0.6987179487179487,0.02610079575596813,0.11507515473032714,0.08897435897435901
GASTON_13A,1736,1461,0.841589861751152,353,262,0.7422096317280453,1003,712,0.7098703888334995,0.0993802300231067,0.1317194729176525,0.03233924289454582
GASTON_14A,2242,1786,0.7966101694915254,1350,968,0.717037037037037,1977,1243,0.6287303995953465,0.07957313245448838,0.16787976989617892,0.08830663744169054
GASTON_15A,939,601,0.6400425985090522,2168,1343,0.6194649446494465,1607,639,0.39763534536403233,0.02057765385960575,0.24240725314501987,0.22182959928541413
GASTON_16A,461,302,0.6550976138828634,1563,1050,0.6717850287907869,1091,460,0.4216315307057745,-0.01668741490792358,0.23346608317708883,0.2501534980850124
GASTON_17A,1136,871,0.766725352112676,811,513,0.6325524044389642,1034,595,0.5754352030947776,0.1341729476737118,0.19129014901789843,0.05711720134418663
GASTON_18A,1703,1356,0.7962419260129184,911,650,0.7135016465422612,1470,952,0.6476190476190476,0.08274027947065721,0.14862287839387078,0.06588259892321358
GASTON_19A,2153,1751,0.8132837900603809,375,272,0.7253333333333334,1262,882,0.6988906497622821,0.08795045672704749,0.11439314029809877,0.026442683571051284
GASTON_1A,798,555,0.6954887218045113,1237,800,0.6467259498787389,1262,658,0.5213946117274167,0.048762771925772386,0.17409411007709452,0.12533133815132214
GASTON_20A,2155,1772,0.8222737819025522,1288,998,0.7748447204968945,2143,1476,0.6887540830611293,0.047429061405657724,0.1335196988414229,0.08609063743576517
GASTON_21A,1498,1258,0.8397863818424566,655,518,0.7908396946564885,1335,1018,0.7625468164794007,0.04894668718596806,0.07723956536305587,0.02829287817708781
GASTON_22A,1326,1025,0.773001508295626,1274,925,0.7260596546310832,1683,1106,0.6571598336304219,0.04694185366454273,0.11584167466520412,0.06889982100066139
GASTON_23A,2304,1862,0.8081597222222222,1098,791,0.7204007285974499,2013,1356,0.6736214605067065,0.08775899362477235,0.13453826171551575,0.0467792680907434
GASTON_24A,2434,2020,0.8299096138044372,971,754,0.776519052523172,1743,1195,0.6855995410212278,0.05339056128126518,0.1443100727832094,0.09091951150194422
GASTON_25A,1089,806,0.7401285583103765,914,644,0.7045951859956237,1155,674,0.5835497835497836,0.03553337231475284,0.1565787747605929,0.12104540244584006
GASTON_26A,975,761,0.7805128205128206,588,429,0.7295918367346939,980,633,0.6459183673469387,0.050920983778126705,0.1345944531658818,0.0836734693877551
GASTON_27A,990,789,0.796969696969697,755,608,0.8052980132450331,1045,738,0.7062200956937799,-0.008328316275336145,0.09074960127591714,0.09907791755125328
GASTON_28A,1270,989,0.778740157480315,1585,1075,0.6782334384858044,1714,1034,0.603267211201867,0.10050671899451058,0.175472946278448,0.07496622728393743
GASTON_29A,1299,1010,0.7775211701308699,1560,1055,0.6762820512820513,1756,1013,0.576879271070615,0.10123911884881853,0.20064189906025487,0.09940278021143634
GASTON_2A,908,632,0.6960352422907489,1852,1212,0.6544276457883369,1613,782,0.4848109113453193,0.04160759650241197,0.21122433094542958,0.1696167344430176
GASTON_30A,2652,2197,0.8284313725490197,1907,1454,0.7624541164132145,2591,1766,0.6815901196449248,0.06597725613580518,0.1468412529040949,0.0808639967682897
GASTON_31A,2022,1700,0.8407517309594461,941,741,0.7874601487778958,1748,1310,0.7494279176201373,0.05329158218155028,0.09132381333930883,0.038032231157758556
GASTON_32A,1903,1616,0.8491854965843405,858,672,0.7832167832167832,1469,1032,0.7025187202178352,0.06596871336755727,0.14666677636650527,0.080698062998948
GASTON_33A,2566,2081,0.8109898674980515,1120,884,0.7892857142857143,2295,1684,0.7337690631808279,0.021704153212337207,0.07722080431722356,0.05551665110488635
GASTON_34A,1904,1519,0.7977941176470589,995,768,0.771859296482412,1994,1423,0.7136409227683049,0.02593482116464685,0.08415319487875395,0.0582183737141071
GASTON_35A,956,749,0.7834728033472803,433,302,0.6974595842956121,868,551,0.6347926267281107,0.08601321905166825,0.14868017661916966,0.0626669575675014
GASTON_36A,823,673,0.8177399756986634,411,308,0.7493917274939172,721,454,0.6296809986130375,0.06834824820474616,0.1880589770856259,0.11971072888087975
GASTON_37A,1409,1064,0.7551454932576295,831,604,0.7268351383874849,1668,1112,0.6666666666666666,0.02831035487014455,0.08847882659096284,0.060168471720818295
GASTON_38A,1238,919,0.7423263327948304,899,642,0.71412680756396,1423,900,0.6324666198172875,0.028199525230870437,0.10985971297754293,0.0816601877466725
GASTON_39A,1519,1178,0.7755102040816326,892,683,0.765695067264574,1734,1295,0.7468281430219147,0.00981513681705859,0.028682061059717934,0.018866924242659344
GASTON_3A,1576,1265,0.8026649746192893,1495,1096,0.7331103678929766,1675,1041,0.6214925373134328,0.06955460672631275,0.18117243730585653,0.11161783057954378
GASTON_40A,2562,2071,0.8083528493364559,1022,794,0.776908023483366,2292,1657,0.7229493891797557,0.03144482585308994,0.0854034601567002,0.05395863430361025
GASTON_4A,2000,1566,0.783,1159,789,0.6807592752372735,1752,950,0.5422374429223744,0.1022407247627265,0.24076255707762562,0.13852183231489912
GASTON_5A,1829,1355,0.7408419901585566,1755,1182,0.6735042735042736,1958,1098,0.5607763023493361,0.06733771665428301,0.1800656878092205,0.11272797115493749
GASTON_6A,1946,1553,0.7980472764645427,974,734,0.7535934291581109,1449,924,0.6376811594202898,0.04445384730643176,0.16036611704425285,0.1159122697378211
GASTON_7A,868,667,0.7684331797235023,662,455,0.6873111782477341,797,459,0.5759096612296111,0.0811220014757682,0.19252351849389127,0.11140151701812306
GASTON_8A,1831,1456,0.795193883123976,729,519,0.7119341563786008,1324,824,0.622356495468278,0.08325972674537518,0.172837387655698,0.08957766091032282
GASTON_9A,1260,1036,0.8222222222222222,305,214,0.7016393442622951,856,554,0.647196261682243,0.12058287795992706,0.1750259605399792,0.05444308258005215
GATES_1,345,238,0.6898550724637681,675,520,0.7703703703703704,490,301,0.6142857142857143,-0.08051529790660228,0.07556935817805377,0.15608465608465605
GATES_2,299,223,0.745819397993311,276,209,0.7572463768115942,431,294,0.6821345707656613,-0.011426978818283251,0.06368482722764968,0.07511180604593293
GATES_3,544,383,0.7040441176470589,806,597,0.7406947890818859,762,465,0.610236220472441,-0.03665067143482703,0.0938078971746179,0.13045856860944494
GATES_4N,613,436,0.7112561174551386,404,270,0.6683168316831684,566,344,0.607773851590106,0.04293928577197026,0.10348226586503262,0.06054298009306236
GATES_4S,218,163,0.7477064220183486,418,330,0.7894736842105263,311,187,0.6012861736334405,-0.041767262192177745,0.14642024838490808,0.18818751057708583
GATES_5,344,260,0.7558139534883721,356,286,0.8033707865168539,373,254,0.6809651474530831,-0.04755683302848179,0.07484880603528898,0.12240563906377078
GRAHAM_EAST,1289,1021,0.7920868890612878,355,279,0.7859154929577464,812,625,0.7697044334975369,0.006171396103541338,0.022382455563750847,0.01621105946020951
GRAHAM_STEC,699,557,0.7968526466380543,166,126,0.7590361445783133,387,281,0.7260981912144703,0.037816502059741075,0.07075445542358405,0.032937953363842976
GRAHAM_TAPO,282,216,0.7659574468085106,33,23,0.696969696969697,148,97,0.6554054054054054,0.06898774983881362,0.11055204140310526,0.041564291564291644
GRAHAM_WEST,997,799,0.8014042126379137,350,260,0.7428571428571429,698,450,0.6446991404011462,0.058547069780770844,0.15670507223676755,0.0981580024559967
GRANVILLE_ANTI,189,168,0.8888888888888888,576,470,0.8159722222222222,274,209,0.7627737226277372,0.07291666666666663,0.1261151662611516,0.05319849959448497
GRANVILLE_BERE,476,405,0.8508403361344538,598,475,0.794314381270903,548,398,0.7262773722627737,0.05652595486355072,0.12456296387168009,0.06803700900812937
GRANVILLE_BTNR,664,515,0.7756024096385542,1257,910,0.7239459029435164,1003,595,0.5932203389830508,0.05165650669503785,0.18238207065550338,0.13072556396046553
GRANVILLE_CORI,642,526,0.8193146417445483,932,746,0.8004291845493562,874,635,0.7265446224256293,0.01888545719519208,0.09277001931891893,0.07388456212372685
GRANVILLE_CRDL,287,223,0.7770034843205574,1064,797,0.7490601503759399,559,358,0.6404293381037567,0.027943333944617565,0.13657414621680075,0.10863081227218319
GRANVILLE_CRDM,1283,1033,0.8051441932969603,1838,1415,0.7698585418933623,1836,1292,0.7037037037037037,0.03528565140359796,0.10144048959325658,0.06615483818965862
GRANVILLE_EAOX,318,247,0.7767295597484277,1079,796,0.7377201112140871,670,400,0.5970149253731343,0.03900944853434063,0.17971463437529345,0.14070518584095282
GRANVILLE_MTEN,1781,1472,0.8265019651880966,1394,1120,0.8034433285509326,2151,1565,0.7275685727568573,0.02305863663716401,0.09893339243123933,0.07587475579407532
GRANVILLE_OKHL,348,280,0.8045977011494253,520,400,0.7692307692307693,434,285,0.6566820276497696,0.03536693191865603,0.14791567349965573,0.1125487415809997
GRANVILLE_SALM,483,415,0.8592132505175983,736,600,0.8152173913043478,665,473,0.7112781954887218,0.043995859213250554,0.1479350550288765,0.10393919581562594
GRANVILLE_SASS,637,502,0.7880690737833596,699,554,0.7925608011444921,644,453,0.703416149068323,-0.004491727361132569,0.0846529247150366,0.08914465207616917
GRANVILLE_SOOX,170,126,0.7411764705882353,957,707,0.7387669801462905,489,266,0.5439672801635992,0.002409490441944828,0.19720919042463614,0.1947996999826913
GRANVILLE_TYHO,1621,1310,0.8081431215299199,1097,785,0.715587967183227,1816,1325,0.7296255506607929,0.09255515434669281,0.07851757086912692,-0.014037583477565896
GRANVILLE_WILT,2544,2116,0.8317610062893082,1176,972,0.826530612244898,2746,2039,0.7425345957756737,0.005230394044410169,0.08922641051363445,0.08399601646922428
GRANVILLE_WOEL,264,209,0.7916666666666666,778,612,0.7866323907455013,430,290,0.6744186046511628,0.005034275921165343,0.11724806201550386,0.11221378609433852
GREENE_ARBA,197,156,0.7918781725888325,410,332,0.8097560975609757,291,207,0.711340206185567,-0.017877924972143133,0.08053796640326549,0.09841589137540863
GREENE_BEAR,233,196,0.8412017167381974,264,222,0.8409090909090909,315,235,0.746031746031746,0.0002926258291064965,0.09516997070645139,0.0948773448773449
GREENE_BULL,228,172,0.7543859649122807,337,252,0.7477744807121661,284,168,0.5915492957746479,0.006611484200114592,0.16283666913763284,0.15622518493751825
GREENE_CAST,289,231,0.7993079584775087,288,210,0.7291666666666666,348,233,0.6695402298850575,0.07014129181084205,0.12976772859245123,0.05962643678160917
GREENE_HOOK,213,173,0.812206572769953,309,225,0.7281553398058253,275,186,0.6763636363636364,0.08405123296412775,0.13584293640631662,0.05179170344218886
GREENE_MAUR,374,299,0.7994652406417112,608,453,0.7450657894736842,563,406,0.7211367673179396,0.054399451168027024,0.07832847332377157,0.02392902215574455
GREENE_SH#1,330,266,0.806060606060606,706,569,0.8059490084985835,573,381,0.6649214659685864,0.00011159756202250293,0.14113914009201967,0.14102754252999716
GREENE_SHIN,399,336,0.8421052631578947,530,405,0.7641509433962265,606,430,0.7095709570957096,0.07795431976166822,0.13253430606218508,0.05457998630051686
GREENE_SUGG,231,191,0.8268398268398268,380,295,0.7763157894736842,359,246,0.6852367688022284,0.05052403736614264,0.14160305803759843,0.09107902067145579
GREENE_WALS,250,203,0.812,429,347,0.8088578088578089,346,236,0.6820809248554913,0.003142191142191164,0.12991907514450873,0.12677688400231757
GUILFORD_CG1,706,553,0.78328611898017,1153,883,0.7658282740676496,1201,832,0.6927560366361366,0.017457844912520337,0.09053008234403337,0.07307223743151303
GUILFORD_CG2,663,559,0.8431372549019608,703,572,0.813655761024182,966,744,0.7701863354037267,0.029481493877778764,0.07295091949823407,0.043469425620455304
GUILFORD_CG3A,413,341,0.8256658595641646,654,521,0.7966360856269113,728,568,0.7802197802197802,0.029029773937253256,0.04544607934438438,0.016416305407131127
GUILFORD_CG3B,801,665,0.8302122347066168,1057,864,0.8174077578051088,1293,1000,0.7733952049497294,0.012804476901507988,0.056817029756887405,0.044012552855379417
GUILFORD_FEN1,731,577,0.7893296853625171,1904,1517,0.7967436974789915,1240,745,0.6008064516129032,-0.007414012116474411,0.18852323374961388,0.1959372458660883
GUILFORD_FEN2,826,725,0.8777239709443099,573,476,0.8307155322862129,722,542,0.7506925207756233,0.04700843865809701,0.12703145016868655,0.08002301151058955
GUILFORD_FR1,885,663,0.7491525423728813,2124,1569,0.7387005649717514,1789,1060,0.5925097820011179,0.010451977401129908,0.1566427603717634,0.14619078297063348
GUILFORD_FR2,724,586,0.8093922651933702,785,628,0.8,989,699,0.7067745197168858,0.009392265193370108,0.10261774547648439,0.09322548028311428
GUILFORD_FR3,453,376,0.8300220750551877,580,471,0.8120689655172414,714,526,0.7366946778711485,0.017953109537946266,0.09332739718403915,0.07537428764609289
GUILFORD_FR4,547,452,0.8263254113345521,430,347,0.8069767441860465,609,467,0.7668308702791461,0.019348667148505583,0.05949454105540597,0.04014587390690039
GUILFORD_FR5A,580,486,0.8379310344827586,637,526,0.82574568288854,1034,744,0.7195357833655706,0.01218535159421863,0.11839525111718807,0.10620989952296944
GUILFORD_FR5B,484,392,0.8099173553719008,394,298,0.7563451776649747,641,452,0.7051482059282371,0.05357217770692613,0.10476914944366367,0.05119697173673754
GUILFORD_G01,41,27,0.6585365853658537,677,460,0.6794682422451994,634,318,0.501577287066246,-0.020931656879345728,0.15695929829960764,0.17789095517895337
GUILFORD_G02,249,173,0.6947791164658634,728,493,0.6771978021978022,699,330,0.4721030042918455,0.0175813142680612,0.22267611217401795,0.20509479790595675
GUILFORD_G03,113,61,0.5398230088495575,1204,828,0.6877076411960132,660,213,0.32272727272727275,-0.14788463234645577,0.21709573612228472,0.3649803684687405
GUILFORD_G04,105,48,0.45714285714285713,1241,834,0.6720386784850927,787,271,0.3443456162642948,-0.21489582134223556,0.11279724087856235,0.3276930622207979
GUILFORD_G05,50,29,0.58,972,710,0.7304526748971193,443,171,0.3860045146726862,-0.15045267489711933,0.19399548532731375,0.3444481602244331
GUILFORD_G06,49,21,0.42857142857142855,1026,787,0.767056530214425,498,231,0.463855421686747,-0.33848510164299644,-0.035283993115318435,0.303201108527678
GUILFORD_G07,320,216,0.675,1194,767,0.6423785594639866,924,420,0.45454545454545453,0.03262144053601346,0.22045454545454551,0.18783310491853206
GUILFORD_G08,309,209,0.6763754045307443,1364,958,0.7023460410557185,989,471,0.4762386248736097,-0.025970636524974222,0.2001367796571346,0.22610741618210883
GUILFORD_G09,285,205,0.7192982456140351,1823,1302,0.714207350521119,1242,606,0.48792270531400966,0.005090895092916048,0.23137554030002544,0.2262846452071094
GUILFORD_G10,319,216,0.677115987460815,1725,1216,0.7049275362318841,1141,501,0.43908851884312006,-0.02781154877106906,0.23802746861769497,0.26583901738876403
GUILFORD_G11,220,146,0.6636363636363637,791,585,0.7395701643489254,779,513,0.6585365853658537,-0.07593380071256173,0.0050997782705100025,0.08103357898307173
GUILFORD_G12,106,80,0.7547169811320755,521,428,0.8214971209213052,457,347,0.7592997811816192,-0.0667801397892297,-0.0045828000495437005,0.062197339739686
GUILFORD_G13,216,175,0.8101851851851852,579,475,0.8203799654576857,598,468,0.782608695652174,-0.010194780272500426,0.027576489533011284,0.03777126980551171
GUILFORD_G14,169,140,0.8284023668639053,521,465,0.8925143953934741,501,402,0.8023952095808383,-0.06411202852956877,0.026007157283067017,0.09011918581263578
GUILFORD_G15,223,184,0.8251121076233184,563,472,0.8383658969804618,584,479,0.8202054794520548,-0.013253789357143386,0.004906628171263638,0.018160417528407025
GUILFORD_G16,340,296,0.8705882352941177,558,488,0.8745519713261649,624,516,0.8269230769230769,-0.003963736032047249,0.04366515837104079,0.04762889440308804
GUILFORD_G17,420,342,0.8142857142857143,645,541,0.8387596899224806,777,587,0.7554697554697555,-0.024473975636766343,0.0588159588159588,0.08328993445272515
GUILFORD_G18,438,377,0.860730593607306,353,292,0.8271954674220963,552,447,0.8097826086956522,0.03353512618520971,0.050947984911653754,0.017412858726444047
GUILFORD_G19,506,414,0.8181818181818182,513,412,0.8031189083820662,624,489,0.7836538461538461,0.015062909799752,0.03452797202797209,0.019465062228220087
GUILFORD_G20,693,589,0.84992784992785,824,647,0.7851941747572816,1052,773,0.7347908745247148,0.06473367517056838,0.11513697540313517,0.05040330023256678
GUILFORD_G21,888,707,0.7961711711711712,1360,950,0.6985294117647058,1435,896,0.624390243902439,0.09764175940646536,0.17178092726873218,0.07413916786226682
GUILFORD_G22,655,574,0.8763358778625954,485,424,0.8742268041237113,705,565,0.8014184397163121,0.0021090737388840264,0.07491743814628327,0.07280836440739924
GUILFORD_G23,245,207,0.8448979591836735,632,454,0.7183544303797469,658,427,0.648936170212766,0.1265435288039266,0.19596178897090755,0.06941826016698094
GUILFORD_G24,237,175,0.7383966244725738,734,545,0.7425068119891008,673,424,0.6300148588410104,-0.004110187516527031,0.10838176563156343,0.11249195314809046
GUILFORD_G25,411,358,0.8710462287104623,699,538,0.7696709585121603,698,483,0.6919770773638968,0.10137527019830206,0.17906915134656554,0.07769388114826348
GUILFORD_G26,474,359,0.7573839662447257,1686,1318,0.7817319098457889,1372,866,0.6311953352769679,-0.024347943601063182,0.1261886309677578,0.15053657456882097
GUILFORD_G27,830,710,0.8554216867469879,1025,846,0.8253658536585365,1181,901,0.7629127857747672,0.03005583308845139,0.09250890097222075,0.062453067883769364
GUILFORD_G28,255,214,0.8392156862745098,449,366,0.8151447661469933,414,281,0.678743961352657,0.02407092012751655,0.1604717249218528,0.13640080479433625
GUILFORD_G29,304,212,0.6973684210526315,703,514,0.7311522048364154,693,433,0.6248196248196248,-0.03378378378378388,0.0725487962330067,0.10633258001679058
GUILFORD_G30,558,486,0.8709677419354839,610,512,0.839344262295082,666,536,0.8048048048048048,0.03162347964040191,0.06616293713067911,0.0345394574902772
GUILFORD_G31,335,286,0.8537313432835821,490,422,0.8612244897959184,648,505,0.779320987654321,-0.007493146512336235,0.07441035562926113,0.08190350214159736
GUILFORD_G32,644,564,0.8757763975155279,794,687,0.8652392947103275,977,793,0.8116683725690891,0.010537102805200482,0.06410802494643886,0.053570922141238375
GUILFORD_G33,460,403,0.8760869565217392,560,485,0.8660714285714286,698,572,0.8194842406876791,0.010015527950310577,0.05660271583406007,0.04658718788374949
GUILFORD_G34,504,447,0.8869047619047619,580,498,0.8586206896551725,772,628,0.8134715025906736,0.028284072249589398,0.07343325931408828,0.045149187064498886
GUILFORD_G35,287,241,0.8397212543554007,440,398,0.9045454545454545,498,425,0.8534136546184738,-0.06482420019005386,-0.013692400263073168,0.05113179992698069
GUILFORD_G36,366,298,0.8142076502732241,765,582,0.7607843137254902,847,569,0.6717827626918536,0.0534233365477339,0.1424248875813705,0.0890015510336366
GUILFORD_G37,358,259,0.723463687150838,1308,841,0.6429663608562691,1174,601,0.5119250425894378,0.08049732629456885,0.21153864456140015,0.1310413182668313
GUILFORD_G38,496,414,0.8346774193548387,1050,803,0.7647619047619048,1035,688,0.6647342995169082,0.06991551459293399,0.16994311983793053,0.10002760524499654
GUILFORD_G39,265,234,0.8830188679245283,545,383,0.7027522935779816,610,417,0.6836065573770492,0.1802665743465467,0.1994123105474791,0.019145736200932406
GUILFORD_G40A1,464,396,0.853448275862069,567,438,0.7724867724867724,715,550,0.7692307692307693,0.0809615033752965,0.08421750663129968,0.0032560032560031704
GUILFORD_G40A2,302,249,0.8245033112582781,544,428,0.7867647058823529,514,357,0.6945525291828794,0.037738605375925216,0.12995078207539879,0.09221217669947357
GUILFORD_G40B,425,347,0.8164705882352942,498,366,0.7349397590361446,661,461,0.697428139183056,0.08153082919914956,0.11904244905223815,0.037511619853088596
GUILFORD_G41A,342,248,0.7251461988304093,598,439,0.7341137123745819,664,444,0.6686746987951807,-0.008967513544172578,0.056471500035228606,0.06543901357940118
GUILFORD_G41B,552,464,0.8405797101449275,700,556,0.7942857142857143,815,605,0.7423312883435583,0.04629399585921323,0.09824842180136917,0.051954425942155935
GUILFORD_G42A,426,360,0.8450704225352113,583,484,0.8301886792452831,564,435,0.7712765957446809,0.014881743289928195,0.07379382679053037,0.058912083500602175
GUILFORD_G42B,316,281,0.8892405063291139,449,407,0.9064587973273942,321,269,0.838006230529595,-0.017218290998280317,0.05123427579951889,0.06845256679779921
GUILFORD_G43,459,310,0.6753812636165577,1386,862,0.6219336219336219,1228,610,0.496742671009772,0.05344764168293581,0.17863859260678572,0.1251909509238499
GUILFORD_G44,152,95,0.625,1095,729,0.6657534246575343,1158,658,0.5682210708117443,-0.04075342465753429,0.05677892918825567,0.09753235384578995
GUILFORD_G45,61,34,0.5573770491803278,886,662,0.7471783295711061,1612,948,0.5880893300248139,-0.18980128039077826,-0.030712280844486073,0.1590889995462922
GUILFORD_G46,110,45,0.4090909090909091,1820,1109,0.6093406593406593,1139,396,0.3476733977172959,-0.20024975024975017,0.06141751137361323,0.2616672616233634
GUILFORD_G47,213,142,0.6666666666666666,1261,878,0.6962727993655828,1236,681,0.5509708737864077,-0.02960613269891621,0.11569579288025889,0.1453019255791751
GUILFORD_G48,328,253,0.7713414634146342,1714,1230,0.7176196032672112,1703,1015,0.5960070463887258,0.05372186014742297,0.17533441702590835,0.12161255687848538
GUILFORD_G49,126,82,0.6507936507936508,610,378,0.6196721311475409,621,278,0.4476650563607085,0.031121519646109874,0.2031285944329423,0.17200707478683241
GUILFORD_G50,298,182,0.610738255033557,1769,1075,0.607687959299039,1476,601,0.4071815718157182,0.0030502957345180937,0.20355668321783887,0.20050638748332078
GUILFORD_G51,305,221,0.7245901639344262,893,618,0.6920492721164614,768,383,0.4986979166666667,0.03254089181796482,0.22589224726775953,0.1933513554497947
GUILFORD_G52,141,77,0.5460992907801419,1228,818,0.6661237785016286,651,249,0.3824884792626728,-0.12002448772148677,0.16361081151746903,0.2836352992389558
GUILFORD_G53,150,92,0.6133333333333333,1776,1290,0.7263513513513513,919,425,0.4624591947769314,-0.11301801801801803,0.15087413855640186,0.2638921565744199
GUILFORD_G54,175,103,0.5885714285714285,1541,1027,0.6664503569110967,909,361,0.39713971397139713,-0.07787892833966814,0.1914317146000314,0.26931064293969953
GUILFORD_G55,209,149,0.7129186602870813,1495,1177,0.7872909698996655,720,367,0.5097222222222222,-0.07437230961258423,0.2031964380648591,0.27756874767744333
GUILFORD_G56,251,183,0.7290836653386454,876,672,0.7671232876712328,626,317,0.5063897763578274,-0.0380396223325874,0.222693888980818,0.2607335113134054
GUILFORD_G57,201,133,0.6616915422885572,1118,877,0.7844364937388193,583,299,0.5128644939965694,-0.1227449514502621,0.14882704829198778,0.2715719997422499
GUILFORD_G58,210,138,0.6571428571428571,975,652,0.6687179487179488,802,334,0.4164588528678304,-0.011575091575091623,0.24068400427502673,0.25225909585011835
GUILFORD_G59,175,126,0.72,788,563,0.7144670050761421,529,253,0.4782608695652174,0.005532994923857837,0.24173913043478257,0.23620613551092473
GUILFORD_G60,274,178,0.6496350364963503,1025,697,0.68,772,346,0.4481865284974093,-0.0303649635036497,0.20144850799894104,0.23181347150259074
GUILFORD_G61,254,179,0.7047244094488189,1053,716,0.6799620132953467,729,370,0.5075445816186557,0.0247623961534722,0.1971798278301632,0.172417431676691
GUILFORD_G62,276,229,0.8297101449275363,664,509,0.766566265060241,640,411,0.6421875,0.0631438798672953,0.18752264492753623,0.12437876506024093
GUILFORD_G63,313,230,0.7348242811501597,889,678,0.7626546681664792,674,410,0.6083086053412463,-0.027830387016319458,0.12651567580891343,0.1543460628252329
GUILFORD_G64,395,251,0.6354430379746835,1479,1011,0.6835699797160243,1292,632,0.4891640866873065,-0.0481269417413408,0.146278951287377,0.1944058930287178
GUILFORD_G65,432,315,0.7291666666666666,1072,781,0.7285447761194029,1071,654,0.6106442577030813,0.0006218905472636926,0.11852240896358535,0.11790051841632165
GUILFORD_G66,496,384,0.7741935483870968,963,704,0.731048805815161,1025,690,0.6731707317073171,0.04314474257193579,0.10102281667977964,0.05787807410784385
GUILFORD_G67,57,16,0.2807017543859649,925,504,0.5448648648648649,1516,342,0.22559366754617413,-0.26416311047889995,0.055108086839790765,0.3192711973186907
GUILFORD_G68,21,7,0.3333333333333333,952,527,0.5535714285714286,1545,443,0.2867313915857605,-0.2202380952380953,0.04660194174757282,0.2668400369856681
GUILFORD_G69,122,51,0.4180327868852459,1310,846,0.6458015267175573,946,417,0.4408033826638478,-0.22776873983231138,-0.022770595778601854,0.20499814405370953
GUILFORD_G70,61,31,0.5081967213114754,1722,1124,0.6527293844367015,1224,520,0.42483660130718953,-0.14453266312522606,0.08336012000428589,0.22789278312951194
GUILFORD_G71,107,44,0.411214953271028,1576,1044,0.6624365482233503,940,317,0.3372340425531915,-0.25122159495232227,0.07398091071783652,0.3252025056701588
GUILFORD_G72,121,71,0.5867768595041323,1750,1243,0.7102857142857143,979,380,0.3881511746680286,-0.12350885478158202,0.19862568483610366,0.3221345396176857
GUILFORD_G73,48,29,0.6041666666666666,1013,731,0.721618953603159,480,191,0.39791666666666664,-0.11745228693649234,0.20625,0.32370228693649233
GUILFORD_G74,59,32,0.5423728813559322,1412,1080,0.7648725212464589,589,256,0.43463497453310695,-0.22249963989052668,0.10773790682282525,0.3302375467133519
GUILFORD_G75,107,62,0.5794392523364486,1183,909,0.768385460693153,534,248,0.46441947565543074,-0.1889462083567045,0.11501977668101782,0.3039659850377223
GUILFORD_GIB,1023,850,0.83088954056696,971,766,0.7888774459320288,1140,781,0.6850877192982456,0.04201209463493116,0.14580182126871433,0.10378972663378316
GUILFORD_GR,1539,1313,0.8531513970110461,327,256,0.7828746177370031,978,714,0.7300613496932515,0.07027677927404308,0.1230900473177946,0.05281326804375153
GUILFORD_H01,352,222,0.6306818181818182,934,633,0.6777301927194861,778,353,0.4537275064267352,-0.04704837453766786,0.17695431175508303,0.22400268629275089
GUILFORD_H02,486,375,0.7716049382716049,609,407,0.6683087027914614,628,378,0.6019108280254777,0.10329623548014355,0.16969411024612724,0.06639787476598369
GUILFORD_H03,292,162,0.5547945205479452,904,514,0.5685840707964602,756,248,0.328042328042328,-0.013789550248515026,0.22675219250561718,0.2405417427541322
GUILFORD_H04,659,464,0.7040971168437026,1148,762,0.6637630662020906,1080,523,0.4842592592592593,0.040334050641611996,0.2198378575844433,0.1795038069428313
GUILFORD_H05,251,167,0.6653386454183267,1259,844,0.670373312152502,746,339,0.4544235924932976,-0.005034666734175297,0.21091505292502905,0.21594971965920434
GUILFORD_H06,667,508,0.7616191904047976,1261,909,0.7208564631245044,1131,692,0.6118479221927497,0.04076272728029329,0.1497712682120479,0.1090085409317546
GUILFORD_H07,139,71,0.5107913669064749,912,543,0.5953947368421053,555,194,0.34954954954954953,-0.08460336993563045,0.16124181735692533,0.24584518729255578
GUILFORD_H08,118,49,0.4152542372881356,737,420,0.5698778833107191,435,130,0.2988505747126437,-0.1546236460225835,0.1164036625754919,0.2710273085980754
GUILFORD_H09,138,68,0.4927536231884058,968,575,0.59400826446281,554,170,0.30685920577617326,-0.10125464127440414,0.18589441741223256,0.2871490586866367
GUILFORD_H10,224,151,0.6741071428571429,1506,1144,0.7596281540504648,776,419,0.5399484536082474,-0.0855210111933219,0.1341586892488955,0.2196797004422174
GUILFORD_H11,380,188,0.49473684210526314,1047,714,0.6819484240687679,739,302,0.40866035182679294,-0.18721158196350474,0.0860764902784702,0.27328807224197493
GUILFORD_H12,201,131,0.6517412935323383,609,410,0.6732348111658456,501,292,0.5828343313373253,-0.021493517633507264,0.06890696219501302,0.09040047982852029
GUILFORD_H13,579,473,0.8169257340241797,519,386,0.74373795761079,707,491,0.6944837340876945,0.0731877764133897,0.12244199993648519,0.0492542235230955
GUILFORD_H14,607,508,0.8369028006589786,379,303,0.7994722955145118,535,396,0.7401869158878505,0.037430505144466775,0.09671588477112814,0.05928537962666136
GUILFORD_H15,521,401,0.7696737044145874,783,546,0.6973180076628352,762,455,0.5971128608923885,0.07235569675175213,0.17256084352219891,0.10020514677044678
GUILFORD_H16,405,333,0.8222222222222222,396,287,0.7247474747474747,516,343,0.6647286821705426,0.09747474747474749,0.1574935400516796,0.0600187925769321
GUILFORD_H17,203,149,0.7339901477832512,630,423,0.6714285714285714,483,230,0.47619047619047616,0.06256157635467985,0.25779967159277506,0.1952380952380952
GUILFORD_H18,272,190,0.6985294117647058,1040,777,0.7471153846153846,567,296,0.5220458553791887,-0.04858597285067878,0.17648355638551716,0.22506952923619594
GUILFORD_H19A,127,91,0.7165354330708661,764,546,0.7146596858638743,354,185,0.5225988700564972,0.0018757472069917958,0.1939365630143689,0.1920608158073771
GUILFORD_H19B,306,245,0.8006535947712419,432,337,0.7800925925925926,380,274,0.7210526315789474,0.020561002178649312,0.07960096319229448,0.05903996101364517
GUILFORD_H20A,323,257,0.7956656346749226,489,341,0.6973415132924335,488,305,0.625,0.09832412138248903,0.17066563467492257,0.07234151329243355
GUILFORD_H20B,377,314,0.8328912466843501,505,415,0.8217821782178217,592,426,0.7195945945945946,0.011109068466528371,0.11329665208975548,0.10218758362322711
GUILFORD_H21,449,348,0.7750556792873051,478,361,0.7552301255230126,551,355,0.6442831215970962,0.019825553764292514,0.1307725576902089,0.11094700392591639
GUILFORD_H22,362,278,0.7679558011049724,624,420,0.6730769230769231,534,264,0.4943820224719101,0.09487887802804928,0.2735737786330623,0.17869490060501303
GUILFORD_H23,519,424,0.8169556840077071,423,299,0.706855791962175,567,359,0.6331569664902998,0.11009989204553217,0.18379871751740728,0.07369882547187512
GUILFORD_H24,813,713,0.8769987699876999,778,630,0.8097686375321337,906,674,0.7439293598233996,0.0672301324555662,0.1330694101643003,0.0658392777087341
GUILFORD_H25,1192,1008,0.8456375838926175,992,816,0.8225806451612904,1267,931,0.7348066298342542,0.02305693873132708,0.1108309540583633,0.08777401532703621
GUILFORD_H26,607,497,0.8187808896210873,648,508,0.7839506172839507,840,605,0.7202380952380952,0.03483027233713665,0.09854279438299207,0.06371252204585542
GUILFORD_H27-A,625,515,0.824,696,545,0.7830459770114943,873,626,0.7170675830469645,0.0409540229885057,0.10693241695303546,0.06597839396452976
GUILFORD_H27-B,574,441,0.7682926829268293,711,540,0.759493670886076,890,607,0.6820224719101123,0.008799012040753285,0.08627021101671695,0.07747119897596366
GUILFORD_H28,715,584,0.8167832167832167,1120,897,0.8008928571428572,1085,752,0.6930875576036867,0.015890359640359564,0.12369565917953007,0.10780529953917051
GUILFORD_H29A,502,382,0.7609561752988048,1078,848,0.7866419294990723,962,622,0.6465696465696466,-0.02568575420026753,0.11438652872915822,0.14007228292942575
GUILFORD_H29B,567,421,0.7425044091710759,1225,908,0.7412244897959184,1147,732,0.6381865736704446,0.0012799193751574789,0.10431783550063123,0.10303791612547375
GUILFORD_JAM1,956,809,0.8462343096234309,837,682,0.8148148148148148,1101,813,0.7384196185286104,0.031419494808616166,0.10781469109482056,0.07639519628620439
GUILFORD_JAM2,557,469,0.8420107719928187,601,486,0.8086522462562395,823,606,0.7363304981773997,0.03335852573657916,0.105680273815419,0.07232174807883984
GUILFORD_JAM3,756,637,0.8425925925925926,739,607,0.8213802435723951,847,593,0.7001180637544274,0.02121234902019742,0.14247452883816514,0.12126217981796772
GUILFORD_JAM4,1219,1025,0.8408531583264971,780,621,0.7961538461538461,1122,851,0.7584670231729055,0.044699312172650996,0.08238613515359161,0.037686822980940615
GUILFORD_JAM5,776,626,0.8067010309278351,287,192,0.6689895470383276,566,353,0.6236749116607774,0.1377114838895075,0.1830261192670577,0.045314635377550205
GUILFORD_JEF1,1013,863,0.8519249753208292,1231,988,0.8025995125913891,1149,766,0.6666666666666666,0.04932546272944016,0.1852583086541626,0.13593284592472243
GUILFORD_JEF2,562,448,0.797153024911032,1396,1041,0.745702005730659,1106,612,0.5533453887884268,0.05145101918037298,0.24380763612260525,0.19235661694223227
GUILFORD_JEF3,441,332,0.7528344671201814,2488,2032,0.8167202572347267,1243,780,0.6275140788415124,-0.06388579011454532,0.12532038827866898,0.1892061783932143
GUILFORD_JEF4,623,519,0.8330658105939005,739,614,0.8308525033829499,711,502,0.7060478199718706,0.002213307210950588,0.1270179906220299,0.12480468341107931
GUILFORD_MON1,564,422,0.74822695035461,1853,1414,0.763086886130599,1411,811,0.5747696669029058,-0.014859935775989097,0.1734572834517042,0.1883172192276933
GUILFORD_MON2A,447,352,0.7874720357941835,1856,1334,0.71875,1350,718,0.5318518518518518,0.06872203579418346,0.25562018394233166,0.1868981481481482
GUILFORD_MON2B,327,257,0.7859327217125383,938,733,0.7814498933901919,625,379,0.6064,0.004482828322346366,0.1795327217125382,0.17504989339019184
GUILFORD_MON3,2006,1673,0.8339980059820539,1459,1182,0.8101439342015079,1943,1386,0.7133299022130726,0.023854071780545993,0.1206681037689813,0.0968140319884353
GUILFORD_NCGR1,1372,1157,0.8432944606413995,781,650,0.8322663252240717,1640,1236,0.7536585365853659,0.011028135417327722,0.0896359240560336,0.07860778863870588
GUILFORD_NCGR2,1318,1100,0.834597875569044,528,432,0.8181818181818182,1122,848,0.7557932263814616,0.016416057387225735,0.07880464918758234,0.06238859180035661
GUILFORD_NCLAY1,949,833,0.8777660695468915,716,613,0.8561452513966481,930,693,0.7451612903225806,0.021620818150243415,0.1326047792243109,0.1109839610740675
GUILFORD_NCLAY2,686,614,0.8950437317784257,261,233,0.89272030651341,486,382,0.7860082304526749,0.0023234252650157217,0.1090355013257508,0.10671207606073507
GUILFORD_NDRI,1351,1140,0.843819393042191,635,477,0.7511811023622047,1367,905,0.662033650329188,0.0926382906799863,0.18178574271300296,0.08914745203301666
GUILFORD_NMAD,1002,822,0.8203592814371258,1826,1476,0.8083242059145673,1386,938,0.6767676767676768,0.012035075522558447,0.14359160466944898,0.13155652914689053
GUILFORD_NWASH,733,631,0.8608458390177354,163,135,0.8282208588957055,394,303,0.7690355329949239,0.032624980122029856,0.09181030602281148,0.05918532590078163
GUILFORD_OR1,1891,1632,0.8630354309888948,768,636,0.828125,1895,1489,0.7857519788918206,0.03491043098889479,0.07728345209707421,0.04237302110817942
GUILFORD_OR2,1240,1047,0.8443548387096774,541,452,0.8354898336414048,1314,1004,0.7640791476407914,0.008865005068272591,0.08027569106888599,0.0714106860006134
GUILFORD_PG1,718,597,0.8314763231197771,537,388,0.7225325884543762,695,432,0.6215827338129496,0.10894373466540097,0.20989358930682755,0.10094985464142658
GUILFORD_PG2,1383,1224,0.8850325379609545,474,403,0.8502109704641351,935,723,0.7732620320855615,0.03482156749681942,0.11177050587539294,0.07694893837857353
GUILFORD_RC1,1132,924,0.8162544169611308,1817,1499,0.8249862410566868,1680,1170,0.6964285714285714,-0.008731824095556062,0.11982584553255937,0.12855766962811543
GUILFORD_RC2,1724,1391,0.8068445475638051,2262,1829,0.8085764809902741,2493,1662,0.6666666666666666,-0.0017319334264690456,0.14017788089713845,0.1419098143236075
GUILFORD_SCLAY,1095,955,0.8721461187214612,337,267,0.7922848664688428,630,487,0.773015873015873,0.07986125225261842,0.09913024570558815,0.01926899345296973
GUILFORD_SDRI,2363,1967,0.8324164198053322,1995,1616,0.8100250626566416,2932,2066,0.7046384720327421,0.02239135714869056,0.1277779477725901,0.10538659062389955
GUILFORD_SF1,1518,1258,0.8287220026350461,649,515,0.7935285053929122,1626,1228,0.7552275522755227,0.03519349724213394,0.0734944503595234,0.03830095311738946
GUILFORD_SF2,863,742,0.8597914252607184,313,253,0.8083067092651757,715,568,0.7944055944055944,0.05148471599554272,0.06538583085512395,0.013901114859581232
GUILFORD_SF3,957,770,0.8045977011494253,806,634,0.7866004962779156,1256,929,0.7396496815286624,0.017997204871509687,0.06494801962076291,0.04695081474925322
GUILFORD_SF4,1402,1180,0.8416547788873039,849,699,0.823321554770318,1666,1260,0.7563025210084033,0.018333224116985902,0.08535225787890055,0.06701903376191465
GUILFORD_SMAD,916,783,0.8548034934497817,884,709,0.8020361990950227,905,632,0.6983425414364641,0.05276729435475902,0.15646095201331756,0.10369365765855854
GUILFORD_STOK,2374,2057,0.8664700926705982,868,718,0.8271889400921659,2083,1582,0.7594815170427268,0.03928115257843223,0.10698857562787134,0.06770742304943911
GUILFORD_SUM1,443,341,0.7697516930022573,1195,921,0.7707112970711297,757,466,0.6155878467635403,-0.0009596040688724106,0.15416384623871704,0.15512345030758945
GUILFORD_SUM2,498,384,0.7710843373493976,1394,1077,0.772596843615495,933,532,0.5702036441586281,-0.0015125062660973354,0.2008806931907695,0.20239319945686685
GUILFORD_SUM3,551,475,0.8620689655172413,233,165,0.7081545064377682,419,283,0.6754176610978521,0.1539144590794731,0.18665130441938926,0.032736845339916165
GUILFORD_SUM4,1125,995,0.8844444444444445,240,194,0.8083333333333333,652,479,0.7346625766871165,0.07611111111111113,0.14978186775732794,0.0736707566462168
GUILFORD_SWASH,559,483,0.8640429338103757,160,138,0.8625,355,279,0.7859154929577464,0.001542933810375624,0.07812744085262924,0.07658450704225361
HALIFAX_BUTWD,56,43,0.7678571428571429,174,122,0.7011494252873564,124,86,0.6935483870967742,0.06670771756978655,0.07430875576036866,0.00760103819058211
HALIFAX_CONC,37,26,0.7027027027027027,197,154,0.7817258883248731,81,52,0.6419753086419753,-0.07902318562217037,0.06072739406072747,0.13975057968289784
HALIFAX_ENF 2,79,63,0.7974683544303798,928,653,0.7036637931034483,232,95,0.40948275862068967,0.09380456132693149,0.3879855958096901,0.2941810344827586
HALIFAX_ENF1,151,102,0.6754966887417219,1463,1132,0.7737525632262474,407,216,0.5307125307125307,-0.09825587448452555,0.1447841580291912,0.24304003251371675
HALIFAX_FAUCT,221,171,0.7737556561085973,510,397,0.7784313725490196,400,302,0.755,-0.004675716440422306,0.018755656108597307,0.023431372549019613
HALIFAX_HAL,130,85,0.6538461538461539,766,580,0.7571801566579635,326,212,0.6503067484662577,-0.1033340028118096,0.0035394053798961655,0.10687340819170577
HALIFAX_HOL,104,69,0.6634615384615384,1526,1139,0.7463958060288336,390,199,0.5102564102564102,-0.08293426756729516,0.15320512820512822,0.23613939577242338
HALIFAX_HPR,183,148,0.8087431693989071,545,431,0.7908256880733945,214,130,0.6074766355140186,0.01791748132551263,0.20126653388488847,0.18334905255937584
HALIFAX_LIT,592,450,0.7601351351351351,1290,1015,0.7868217054263565,1045,731,0.6995215311004784,-0.026686570291221456,0.060613604034656654,0.08730017432587811
HALIFAX_RINGW,91,65,0.7142857142857143,947,769,0.8120380147835269,188,114,0.6063829787234043,-0.09775230049781258,0.10790273556231,0.2056550360601226
HALIFAX_RR 10,415,290,0.6987951807228916,1006,673,0.668986083499006,1143,780,0.6824146981627297,0.029809097223885583,0.01638048256016189,-0.013428614663723693
HALIFAX_RR 11,489,335,0.6850715746421268,930,685,0.7365591397849462,1112,768,0.6906474820143885,-0.05148756514281949,-0.005575907372261768,0.04591165777055772
HALIFAX_RR1-2,211,137,0.6492890995260664,502,290,0.5776892430278885,609,339,0.5566502463054187,0.0715998564981779,0.09263885322064769,0.021038996722469783
HALIFAX_RR3-4,474,324,0.6835443037974683,556,405,0.7284172661870504,1038,698,0.6724470134874759,-0.04487296238958205,0.011097290309992403,0.05597025269957445
HALIFAX_RR7-9,399,255,0.6390977443609023,2271,1553,0.6838397181858212,1214,615,0.5065897858319605,-0.04474197382491896,0.13250795852894182,0.17724993235386077
HALIFAX_RRCE,624,408,0.6538461538461539,1153,738,0.6400693842150911,1279,768,0.6004691164972635,0.01377676963106278,0.05337703734889032,0.03960026771782754
HALIFAX_SN,248,184,0.7419354838709677,1399,993,0.7097927090779128,442,232,0.5248868778280543,0.03214277479305494,0.21704860604291343,0.1849058312498585
HALIFAX_WEL 3,252,168,0.6666666666666666,1212,860,0.7095709570957096,661,358,0.5416036308623298,-0.04290429042904298,0.12506303580433686,0.16796732623337984
HALIFAX_WEL1-2,100,62,0.62,906,528,0.5827814569536424,447,174,0.38926174496644295,0.03721854304635763,0.23073825503355705,0.19351971198719942
HARNETT_PR08,3689,2965,0.8037408511791814,2442,1796,0.7354627354627354,4315,2799,0.648667439165701,0.06827811571644593,0.15507341201348035,0.08679529629703442
HARNETT_PR23,2712,2126,0.7839233038348082,1720,1262,0.7337209302325581,2423,1500,0.6190672719768882,0.050202373602250105,0.16485603185792008,0.11465365825566998
HARNETT_PR24,3476,2872,0.8262370540851554,1448,1037,0.7161602209944752,2350,1475,0.6276595744680851,0.11007683309068017,0.19857747961707028,0.08850064652639011
HARNETT_PR25,1215,993,0.817283950617284,1282,885,0.6903276131045242,1036,538,0.5193050193050193,0.1269563375127598,0.2979789313122647,0.1710225937995049
HARNETT_PR26,1903,1550,0.814503415659485,1073,764,0.712022367194781,1320,794,0.6015151515151516,0.10248104846470407,0.21298826414433347,0.1105072156796294
HARNETT_PR28,3744,3076,0.8215811965811965,1786,1378,0.7715565509518477,3632,2580,0.710352422907489,0.05002464562934883,0.11122877367370754,0.06120412804435871
HARNETT_PR29,2018,1669,0.8270564915758176,1480,1052,0.7108108108108108,1463,848,0.579630895420369,0.11624568076500685,0.24742559615544857,0.13117991539044171
HARNETT_PR32,2156,1700,0.7884972170686456,1272,873,0.6863207547169812,1950,1226,0.6287179487179487,0.10217646235166444,0.1597792683506969,0.05760280599903245
HARNETT_PR33,2688,1861,0.6923363095238095,1979,1315,0.6644770085901971,3339,1803,0.5399820305480683,0.02785930093361244,0.15235427897574128,0.12449497804212883
HARNETT_PR34,2675,1778,0.6646728971962617,1909,1159,0.607124148768989,3503,1776,0.5069940051384527,0.057548748427272645,0.15767889205780894,0.1001301436305363
HARNETT_PR35,1490,1079,0.7241610738255033,919,602,0.6550598476605005,1584,874,0.5517676767676768,0.0691012261650028,0.17239339705782653,0.10329217089282372
HARNETT_PR36,2334,1505,0.6448157669237361,2355,1432,0.608067940552017,3382,1662,0.4914251921939681,0.03674782637171914,0.15339057472976803,0.11664274835804889
HARNETT_PR37,2576,1683,0.6533385093167702,2038,1215,0.5961727183513248,3357,1478,0.440274054215073,0.057165790965445384,0.2130644551016972,0.1558986641362518
HARNETT_PR38,970,754,0.777319587628866,1265,952,0.7525691699604743,1039,588,0.5659287776708374,0.0247504176683917,0.2113908099580286,0.1866403922896369
HARNETT_PR39,978,721,0.7372188139059305,1206,865,0.7172470978441128,1184,678,0.5726351351351351,0.01997171606181769,0.16458367877079538,0.1446119627089777
HAYWOOD_AC,791,617,0.7800252844500632,553,448,0.810126582278481,898,637,0.7093541202672605,-0.03010129782841775,0.07067116418280273,0.10077246201122048
HAYWOOD_BC,8,7,0.875,6,5,0.8333333333333334,6,4,0.6666666666666666,0.04166666666666663,0.20833333333333337,0.16666666666666674
HAYWOOD_BE1,602,485,0.8056478405315615,271,225,0.8302583025830258,582,405,0.6958762886597938,-0.024610462051464332,0.10977155187176768,0.134382013923232
HAYWOOD_BE2,496,390,0.7862903225806451,267,225,0.8426966292134831,504,357,0.7083333333333334,-0.056406306632837966,0.07795698924731176,0.13436329588014972
HAYWOOD_BE3,758,592,0.7810026385224275,416,357,0.8581730769230769,825,594,0.72,-0.07717043840064941,0.06100263852242749,0.1381730769230769
HAYWOOD_BE4,640,525,0.8203125,383,313,0.8172323759791122,755,553,0.7324503311258278,0.0030801240208877534,0.0878621688741722,0.08478204485328444
HAYWOOD_BE5-6,600,486,0.81,484,402,0.8305785123966942,770,550,0.7142857142857143,-0.02057851239669417,0.09571428571428575,0.11629279811097992
HAYWOOD_BE7,523,440,0.8413001912045889,229,193,0.8427947598253275,489,368,0.7525562372188139,-0.001494568620738601,0.08874395398577495,0.09023852260651355
HAYWOOD_CE,206,177,0.8592233009708737,57,47,0.8245614035087719,132,103,0.7803030303030303,0.0346618974621018,0.07892027066784346,0.04425837320574166
HAYWOOD_CLN,780,626,0.8025641025641026,487,388,0.7967145790554415,949,676,0.7123287671232876,0.005849523508661081,0.09023533544081497,0.08438581193215389
HAYWOOD_CLS,939,747,0.7955271565495208,558,446,0.7992831541218638,1024,716,0.69921875,-0.0037559975723430172,0.09630840654952078,0.10006440412186379
HAYWOOD_CR,619,511,0.8255250403877221,412,360,0.8737864077669902,638,519,0.8134796238244514,-0.048261367379268116,0.012045416563270739,0.060306783942538855
HAYWOOD_EF,575,478,0.831304347826087,190,153,0.8052631578947368,455,338,0.7428571428571429,0.026041189931350184,0.0884472049689441,0.06240601503759391
HAYWOOD_FC-1,297,240,0.8080808080808081,158,132,0.8354430379746836,339,263,0.775811209439528,-0.02736222989387549,0.032269598641280095,0.059631828535155584
HAYWOOD_FC-2,57,41,0.7192982456140351,29,25,0.8620689655172413,89,72,0.8089887640449438,-0.14277071990320622,-0.0896905184309087,0.05308020147229753
HAYWOOD_HA,377,257,0.6816976127320955,338,258,0.7633136094674556,483,290,0.6004140786749482,-0.08161599673536013,0.08128353405714728,0.1628995307925074
HAYWOOD_ID,362,301,0.8314917127071824,241,201,0.8340248962655602,447,348,0.7785234899328859,-0.0025331835583778384,0.05296822277429647,0.05550140633267431
HAYWOOD_IH,1643,1271,0.7735849056603774,921,751,0.8154180238870793,1757,1264,0.7194080819578828,-0.04183311822670188,0.05417682370249466,0.09600994192919654
HAYWOOD_JC,1348,1010,0.7492581602373887,789,641,0.8124207858048162,1563,1065,0.6813819577735125,-0.06316262556742758,0.06787620246387616,0.13103882803130373
HAYWOOD_LJ,605,489,0.8082644628099174,606,517,0.8531353135313532,825,616,0.7466666666666667,-0.04487085072143582,0.06159779614325067,0.10646864686468649
HAYWOOD_P,1224,1049,0.8570261437908496,481,395,0.8212058212058212,1018,759,0.7455795677799607,0.03582032258502843,0.11144657601088892,0.07562625342586049
HAYWOOD_PC,542,452,0.8339483394833949,187,144,0.7700534759358288,497,347,0.6981891348088531,0.06389486354756602,0.13575920467454172,0.0718643411269757
HAYWOOD_SA,781,638,0.8169014084507042,472,396,0.8389830508474576,937,712,0.759871931696905,-0.022081642396753365,0.05702947675379921,0.07911111915055258
HAYWOOD_WC,211,159,0.7535545023696683,232,194,0.8362068965517241,431,279,0.6473317865429234,-0.08265239418205583,0.1062227158267448,0.18887511000880064
HAYWOOD_WE,506,387,0.7648221343873518,469,410,0.8742004264392325,684,512,0.7485380116959064,-0.10937829205188065,0.016284122691445413,0.12566241474332607
HAYWOOD_WO,142,113,0.795774647887324,59,54,0.9152542372881356,149,106,0.7114093959731543,-0.1194795894008116,0.08436525191416966,0.20384484131498126
HAYWOOD_WS-1,648,487,0.7515432098765432,615,486,0.7902439024390244,909,672,0.7392739273927392,-0.03870069256248121,0.01226928248380399,0.0509699750462852
HAYWOOD_WS-2,526,402,0.7642585551330798,494,412,0.8340080971659919,810,599,0.7395061728395061,-0.06974954203291206,0.024752382293573683,0.09450192432648574
HAYWOOD_WW,537,423,0.7877094972067039,416,331,0.7956730769230769,744,512,0.6881720430107527,-0.00796357971637296,0.09953745419595117,0.10750103391232413
HENDERSON_AR,554,439,0.7924187725631769,327,245,0.7492354740061162,718,476,0.6629526462395543,0.04318329855706071,0.12946612632362264,0.08628282776656193
HENDERSON_AT,1376,1090,0.7921511627906976,589,463,0.7860780984719864,1691,1301,0.7693672383205205,0.006073064318711241,0.022783924470177186,0.016710860151465945
HENDERSON_BC,356,260,0.7303370786516854,193,153,0.7927461139896373,456,299,0.6557017543859649,-0.062409035337951946,0.0746353242657205,0.13704435960367245
HENDERSON_BK,580,465,0.8017241379310345,397,285,0.7178841309823678,801,534,0.6666666666666666,0.08384000694866667,0.13505747126436785,0.05121746431570118
HENDERSON_CB,568,462,0.8133802816901409,185,144,0.7783783783783784,582,457,0.7852233676975945,0.03500190331176245,0.028156913992546384,-0.006844989319216066
HENDERSON_CC,1632,1208,0.7401960784313726,732,527,0.7199453551912568,1927,1276,0.6621691748832382,0.020250723240115787,0.07802690354813435,0.057776180308018565
HENDERSON_CV,174,153,0.8793103448275862,117,105,0.8974358974358975,235,219,0.9319148936170213,-0.01812555260831128,-0.0526045487894351,-0.03447899618112382
HENDERSON_ED,1423,1104,0.7758257203092059,494,365,0.7388663967611336,1454,1013,0.6966987620357634,0.0369593235480723,0.07912695827344252,0.04216763472537022
HENDERSON_EF,1049,800,0.7626310772163966,521,357,0.6852207293666027,1277,830,0.6499608457321848,0.07741034784979384,0.11267023148421174,0.0352598836344179
HENDERSON_ES,844,679,0.8045023696682464,459,360,0.7843137254901961,1172,847,0.7226962457337884,0.02018864417805033,0.08180612393445796,0.061617479756407634
HENDERSON_EV,1100,872,0.7927272727272727,455,374,0.8219780219780219,1261,973,0.7716098334655036,-0.02925074925074922,0.021117439261769122,0.05036818851251834
HENDERSON_FL,1474,1137,0.771370420624152,1031,814,0.7895247332686712,2156,1500,0.6957328385899815,-0.018154312644519277,0.07563758203417048,0.09379189467868976
HENDERSON_FR,1134,920,0.8112874779541446,584,472,0.8082191780821918,1587,1299,0.8185255198487713,0.0030682998719527843,-0.007238041894626734,-0.010306341766579519
HENDERSON_GM,485,381,0.7855670103092783,318,243,0.7641509433962265,759,532,0.7009222661396575,0.021416066913051868,0.08464474416962087,0.063228677256569
HENDERSON_GR,1407,1132,0.8045486851457001,317,245,0.7728706624605678,1045,764,0.7311004784688995,0.03167802268513231,0.07344820667680063,0.04177018399166832
HENDERSON_HC,1318,1055,0.8004552352048558,694,542,0.7809798270893372,1650,1210,0.7333333333333333,0.019475408115518622,0.06712190187152256,0.04764649375600394
HENDERSON_HS,1037,854,0.8235294117647058,472,368,0.7796610169491526,1257,971,0.7724741447891806,0.04386839481555327,0.051055266975525204,0.007186872159971935
HENDERSON_HV-1,628,488,0.7770700636942676,623,502,0.8057784911717496,1183,901,0.7616229923922232,-0.028708427477482035,0.015447071302044368,0.0441554987795264
HENDERSON_HV-2,643,460,0.7153965785381027,736,530,0.720108695652174,1264,815,0.6447784810126582,-0.004712117114071268,0.07061809752544446,0.07533021463951572
HENDERSON_HV-3,622,461,0.7411575562700965,700,535,0.7642857142857142,1299,851,0.6551193225558122,-0.02312815801561774,0.08603823371428432,0.10916639172990206
HENDERSON_LJ,682,549,0.8049853372434017,424,351,0.8278301886792453,1074,870,0.8100558659217877,-0.022844851435843583,-0.005070528678385977,0.017774322757457606
HENDERSON_LP,556,443,0.7967625899280576,429,355,0.8275058275058275,914,736,0.8052516411378556,-0.030743237577769866,-0.008489051209798038,0.02225418636797183
HENDERSON_MG,463,372,0.8034557235421166,267,188,0.704119850187266,549,353,0.6429872495446266,0.09933587335485061,0.16046847399748998,0.06113260064263937
HENDERSON_NB,1811,1399,0.7725013804527885,689,461,0.6690856313497823,2029,1225,0.6037456875308034,0.10341574910300622,0.1687556929219851,0.0653399438189789
HENDERSON_NE,926,694,0.7494600431965442,580,426,0.7344827586206897,1276,827,0.6481191222570533,0.014977284575854566,0.10134092093949099,0.08636363636363642
HENDERSON_NM,1291,1023,0.7924089852827265,578,465,0.8044982698961938,1571,1189,0.7568427753023552,-0.012089284613467255,0.0355662099803713,0.047655494593838554
HENDERSON_NW,682,524,0.7683284457478006,458,358,0.7816593886462883,1022,722,0.7064579256360078,-0.013330942898487685,0.061870520111792726,0.07520146301028041
HENDERSON_PR,1082,834,0.7707948243992606,556,431,0.7751798561151079,1375,955,0.6945454545454546,-0.004385031715847254,0.07624936985380604,0.08063440156965329
HENDERSON_PV,636,507,0.7971698113207547,441,350,0.7936507936507936,1074,847,0.7886405959031657,0.0035190176699610998,0.008529215417588998,0.005010197747627898
HENDERSON_RG,942,755,0.8014861995753716,420,336,0.8,1182,840,0.7106598984771574,0.0014861995753715496,0.09082630109821421,0.08934010152284266
HENDERSON_RR,424,345,0.8136792452830188,190,147,0.7736842105263158,496,376,0.7580645161290323,0.039995034756703074,0.055614729153986575,0.015619694397283501
HENDERSON_SB,1511,1198,0.7928524156187955,512,401,0.783203125,1563,1047,0.6698656429942419,0.009649290618795492,0.1229867726245536,0.1133374820057581
HENDERSON_SE,594,455,0.765993265993266,337,231,0.685459940652819,758,486,0.6411609498680739,0.08053332534044699,0.12483231612519208,0.044298990784745085
HENDERSON_SM,1645,1330,0.8085106382978723,608,489,0.8042763157894737,1969,1468,0.7455561198577958,0.004234322508398614,0.06295451844007649,0.05872019593167788
HENDERSON_SW,897,740,0.8249721293199554,497,391,0.7867203219315896,1229,931,0.7575264442636289,0.038251807388365866,0.06744568505632653,0.029193877667960666
HERTFORD_A1,199,153,0.7688442211055276,1188,923,0.7769360269360269,537,296,0.5512104283054003,-0.008091805830499288,0.2176337928001273,0.22572559863062658
HERTFORD_A2,286,207,0.7237762237762237,970,728,0.7505154639175258,613,395,0.6443719412724307,-0.026739240141302023,0.07940428250379306,0.10614352264509508
HERTFORD_A3,50,26,0.52,835,586,0.7017964071856287,263,97,0.3688212927756654,-0.18179640718562873,0.15117870722433463,0.33297511440996336
HERTFORD_BR,29,17,0.5862068965517241,253,201,0.7944664031620553,92,57,0.6195652173913043,-0.2082595066103312,-0.033358320839580236,0.17490118577075098
HERTFORD_CM,121,94,0.7768595041322314,205,163,0.7951219512195122,147,103,0.7006802721088435,-0.018262447087280864,0.07617923202338783,0.0944416791106687
HERTFORD_CO,50,37,0.74,337,249,0.7388724035608308,108,72,0.6666666666666666,0.001127596439169154,0.07333333333333336,0.07220573689416421
HERTFORD_HV,160,134,0.8375,384,287,0.7473958333333334,239,147,0.6150627615062761,0.09010416666666665,0.22243723849372388,0.13233307182705722
HERTFORD_M1,253,189,0.7470355731225297,1378,946,0.6865021770682148,645,355,0.5503875968992248,0.06053339605431485,0.19664797622330488,0.13611458016899003
HERTFORD_M2,124,90,0.7258064516129032,655,517,0.7893129770992366,262,171,0.6526717557251909,-0.0635065254863334,0.07313469588771238,0.13664122137404577
HERTFORD_ML,125,100,0.8,155,118,0.7612903225806451,245,188,0.7673469387755102,0.03870967741935494,0.032653061224489854,-0.006056616194865083
HERTFORD_SJ,95,74,0.7789473684210526,387,300,0.7751937984496124,196,133,0.6785714285714286,0.0037535699714401627,0.10037593984962401,0.09662236987818384
HERTFORD_UN,112,80,0.7142857142857143,463,382,0.8250539956803455,233,147,0.630901287553648,-0.11076828139463124,0.08338442673206625,0.1941527081266975
HERTFORD_WN,114,79,0.6929824561403509,735,599,0.8149659863945579,304,184,0.6052631578947368,-0.12198353025420694,0.08771929824561409,0.20970282849982103
HOKE_01,87,64,0.735632183908046,135,101,0.7481481481481481,183,102,0.5573770491803278,-0.012515964240102151,0.17825513472771815,0.1907710989678203
HOKE_02,372,235,0.6317204301075269,846,574,0.6784869976359338,1009,452,0.44796828543111994,-0.04676656752840691,0.18375214467640694,0.23051871220481385
HOKE_03,178,133,0.7471910112359551,436,296,0.6788990825688074,385,176,0.45714285714285713,0.06829192866714773,0.290048154093098,0.22175622542595025
HOKE_04,453,349,0.7704194260485652,336,247,0.7351190476190477,444,276,0.6216216216216216,0.0353003784295175,0.14879780442694357,0.11349742599742607
HOKE_05,566,423,0.7473498233215548,548,422,0.7700729927007299,884,497,0.5622171945701357,-0.02272316937917518,0.185132628751419,0.20785579813059418
HOKE_06B,1260,812,0.6444444444444445,1593,1098,0.6892655367231638,2132,1115,0.5229831144465291,-0.04482109227871933,0.12146132999791537,0.1662824222766347
HOKE_12,1402,951,0.6783166904422254,1103,817,0.7407071622846781,1967,1106,0.5622775800711743,-0.06239047184245272,0.11603911037105108,0.1784295822135038
HOKE_13,446,344,0.7713004484304933,407,284,0.6977886977886978,706,436,0.6175637393767706,0.07351175064179549,0.15373670905372272,0.08022495841192723
HOKE_14,1141,685,0.6003505696757231,2236,1507,0.6739713774597496,2457,1149,0.46764346764346765,-0.07362080778402647,0.13270710203225544,0.2063279098162819
HOKE_15,708,441,0.6228813559322034,1305,919,0.7042145593869732,1555,791,0.5086816720257235,-0.0813332034547698,0.11419968390647994,0.19553288736124974
HOKE_61,239,170,0.7112970711297071,719,534,0.7426981919332406,553,284,0.5135623869801085,-0.03140112080353352,0.1977346841495986,0.22913580495313213
HOKE_62,171,133,0.7777777777777778,380,247,0.65,466,250,0.5364806866952789,0.12777777777777777,0.24129709108249886,0.11351931330472109
HOKE_63,598,367,0.6137123745819398,1602,1081,0.6747815230961298,1579,682,0.4319189360354655,-0.061069148514189986,0.18179343854647434,0.24286258706066433
HOKE_64,483,319,0.660455486542443,842,601,0.7137767220902613,968,525,0.5423553719008265,-0.05332123554781831,0.11810011464161652,0.17142135018943483
HOKE_65,13,4,0.3076923076923077,462,344,0.7445887445887446,198,81,0.4090909090909091,-0.43689643689643687,-0.1013986013986014,0.33549783549783546
HYDE_BM,176,139,0.7897727272727273,35,31,0.8857142857142857,116,90,0.7758620689655172,-0.09594155844155838,0.013910658307210055,0.10985221674876844
HYDE_ENG,124,96,0.7741935483870968,174,138,0.7931034482758621,128,86,0.671875,-0.018909899888765347,0.10231854838709675,0.1212284482758621
HYDE_FF,59,49,0.8305084745762712,128,100,0.78125,99,81,0.8181818181818182,0.049258474576271194,0.012326656394452962,-0.03693181818181823
HYDE_LL,86,64,0.7441860465116279,169,142,0.8402366863905325,156,112,0.717948717948718,-0.09605063987890461,0.026237328562909945,0.12228796844181455
HYDE_OCK,139,117,0.841726618705036,337,279,0.827893175074184,325,222,0.683076923076923,0.013833443630851927,0.15864969562811293,0.144816251997261
HYDE_SLAD,71,57,0.8028169014084507,104,84,0.8076923076923077,123,97,0.7886178861788617,-0.0048754062838569645,0.014199015229588996,0.01907442151344596
HYDE_SQ,84,70,0.8333333333333334,197,161,0.817258883248731,193,151,0.7823834196891192,0.0160744500846024,0.050949913644214195,0.0348754635596118
IREDELL_BA-1,3243,2579,0.7952513105149552,1132,838,0.7402826855123675,2851,1969,0.6906348649596633,0.0549686250025877,0.10461644555529193,0.049647820552704225
IREDELL_BE,2544,2139,0.8408018867924528,1025,775,0.7560975609756098,2058,1432,0.6958211856171039,0.08470432581684306,0.1449807011753489,0.06027637535850583
IREDELL_CC1,2708,2097,0.7743722304283605,1451,1061,0.7312198483804273,3254,2146,0.6594960049170252,0.04315238204793315,0.11487622551133525,0.0717238434634021
IREDELL_CC2,2489,1914,0.7689835275210928,1636,1172,0.7163814180929096,3157,1914,0.6062717770034843,0.05260210942818322,0.16271175051760844,0.11010964108942523
IREDELL_CC3-1,4411,3451,0.7823622761278621,2375,1738,0.7317894736842105,5320,3594,0.6755639097744361,0.05057280244365159,0.10679836635342599,0.0562255639097744
IREDELL_CC4-1,2256,1802,0.7987588652482269,817,641,0.784577723378213,2370,1677,0.7075949367088608,0.014181141870013958,0.09116392853936617,0.07698278666935221
IREDELL_CD,2485,2044,0.8225352112676056,788,577,0.7322335025380711,1902,1302,0.6845425867507886,0.09030170872953458,0.13799262451681704,0.04769091578728246
IREDELL_CH-A,1243,1020,0.8205953338696702,698,523,0.7492836676217765,1056,701,0.6638257575757576,0.07131166624789376,0.15676957629391264,0.08545791004601888
IREDELL_CH-B,1480,1152,0.7783783783783784,517,356,0.688588007736944,1265,863,0.6822134387351778,0.08979037064143447,0.09616493964320061,0.006374569001766139
IREDELL_CS,1379,1135,0.823060188542422,501,398,0.7944111776447106,984,682,0.693089430894309,0.028649010897711435,0.12997075764811306,0.10132174675040162
IREDELL_DV1A1A,2868,2254,0.7859135285913529,905,657,0.7259668508287292,2837,1943,0.6848783926683116,0.059946677762623635,0.10103513592304125,0.04108845816041762
IREDELL_DV1B-1,5173,4254,0.8223468006959211,1237,922,0.7453516572352465,4573,3393,0.7419636999781325,0.0769951434606746,0.08038310071778865,0.0033879572571140493
IREDELL_DV2A-1,2680,2102,0.7843283582089552,1086,746,0.6869244935543278,2820,1848,0.6553191489361702,0.09740386465462736,0.12900920927278503,0.03160534461815767
IREDELL_DV2B-1,3227,2495,0.773163929346142,1421,1053,0.741027445460943,3667,2465,0.6722116171257159,0.03213648388519896,0.10095231222042611,0.06881582833522715
IREDELL_DV3A,2364,1742,0.7368866328257191,977,659,0.6745138178096213,2620,1651,0.6301526717557252,0.062372815016097816,0.10673396106999389,0.04436114605389607
IREDELL_EM,751,627,0.8348868175765646,173,136,0.7861271676300579,419,308,0.7350835322195705,0.04875964994650672,0.09980328535699412,0.0510436354104874
IREDELL_FT,4679,3843,0.8213293438768968,1622,1281,0.7897657213316893,4123,2944,0.7140431724472471,0.031563622545207504,0.10728617142964969,0.07572254888444219
IREDELL_NH,773,665,0.8602846054333765,118,98,0.8305084745762712,437,345,0.7894736842105263,0.029776130857105287,0.07081092122285015,0.041034790365744866
IREDELL_OL,731,621,0.8495212038303693,153,119,0.7777777777777778,469,339,0.7228144989339019,0.07174342605259154,0.1267067048964674,0.05496327884387586
IREDELL_SB,1116,941,0.8431899641577061,216,167,0.7731481481481481,687,510,0.74235807860262,0.07004181600955794,0.10083188555508604,0.030790069545528098
IREDELL_SH-A,1605,1339,0.8342679127725857,504,377,0.748015873015873,1132,782,0.6908127208480566,0.0862520397567127,0.14345519192452916,0.05720315216781646
IREDELL_SH-B,1716,1415,0.8245920745920746,470,357,0.7595744680851064,1150,810,0.7043478260869566,0.0650176065069682,0.12024424850511806,0.05522664199814986
IREDELL_ST1,1635,1319,0.8067278287461773,1068,787,0.7368913857677902,1769,1168,0.6602600339174675,0.06983644297838709,0.14646779482870986,0.07663135185032277
IREDELL_ST2,1003,745,0.7427716849451645,918,625,0.6808278867102396,1267,765,0.6037884767166535,0.06194379823492491,0.13898320822851107,0.07703940999358616
IREDELL_ST3,1269,937,0.7383766745468873,1466,982,0.669849931787176,1622,887,0.5468557336621455,0.06852674275971127,0.1915209408847418,0.12299419812503054
IREDELL_ST4,1079,859,0.7961075069508804,878,646,0.7357630979498861,1112,752,0.6762589928057554,0.06034440900099425,0.11984851414512498,0.05950410514413074
IREDELL_ST5,981,769,0.7838939857288482,1068,743,0.6956928838951311,1184,713,0.6021959459459459,0.0882011018337171,0.18169803978290222,0.09349693794918512
IREDELL_ST6,1525,1164,0.7632786885245901,1628,1116,0.6855036855036855,1754,984,0.5610034207525656,0.07777500302090468,0.20227526777202454,0.12450026475111986
IREDELL_TB,1259,1024,0.8133439237490071,477,366,0.7672955974842768,984,647,0.657520325203252,0.04604832626473032,0.15582359854575512,0.1097752722810248
IREDELL_UG,900,765,0.85,205,159,0.775609756097561,454,340,0.748898678414097,0.07439024390243898,0.10110132158590301,0.026711077683464035
JACKSON_BCK,590,421,0.7135593220338983,309,237,0.7669902912621359,590,416,0.7050847457627119,-0.053430969228237646,0.008474576271186418,0.061905545499424064
JACKSON_CAN,214,182,0.8504672897196262,107,87,0.8130841121495327,202,148,0.7326732673267327,0.03738317757009346,0.1177940223928935,0.08041084482280003
JACKSON_CAS,812,555,0.6834975369458128,359,259,0.7214484679665738,897,637,0.7101449275362319,-0.03795093102076097,-0.026647390590419096,0.011303540430341874
JACKSON_CFK,191,145,0.7591623036649214,179,152,0.8491620111731844,274,211,0.7700729927007299,-0.08999970750826292,-0.010910689035808496,0.07908901847245442
JACKSON_CUL,1194,797,0.6675041876046901,1696,1157,0.6821933962264151,3576,2233,0.6244407158836689,-0.014689208621724958,0.04306347172102121,0.057752680342746165
JACKSON_GCK,379,291,0.7678100263852242,286,245,0.8566433566433567,519,376,0.7244701348747592,-0.08883333025813245,0.04333989151046502,0.13217322176859747
JACKSON_GLV,861,601,0.6980255516840883,320,233,0.728125,839,571,0.6805721096543504,-0.030099448315911714,0.017453442029737865,0.04755289034564958
JACKSON_QUA,1164,812,0.697594501718213,999,680,0.6806806806806807,1750,1004,0.5737142857142857,0.01691382103753236,0.12388021600392729,0.10696639496639493
JACKSON_RIV,241,188,0.7800829875518672,215,165,0.7674418604651163,388,286,0.7371134020618557,0.012641127086750914,0.04296958549001151,0.030328458403260594
JACKSON_SAV,441,310,0.7029478458049887,277,227,0.8194945848375451,567,387,0.6825396825396826,-0.11654673903255641,0.020408163265306145,0.13695490229786256
JACKSON_SCC,627,452,0.7208931419457735,453,343,0.7571743929359823,832,596,0.7163461538461539,-0.036281250990208846,0.00454698809961962,0.040828239089828466
JACKSON_SDC,1597,1181,0.7395115842204133,1728,1355,0.7841435185185185,2686,1840,0.6850335070737156,-0.04463193429810519,0.05447807714669772,0.09911001144480291
JACKSON_WEB,547,413,0.7550274223034735,687,563,0.8195050946142649,905,626,0.6917127071823205,-0.06447767231079138,0.06331471512115305,0.12779238743194443
JOHNSTON_PR04,511,422,0.8258317025440313,322,229,0.7111801242236024,418,267,0.638755980861244,0.11465157832042883,0.1870757216827873,0.07242414336235847
JOHNSTON_PR07,1631,1337,0.8197424892703863,580,427,0.7362068965517241,1136,707,0.6223591549295775,0.08353559271866218,0.1973833343408088,0.11384774162214661
JOHNSTON_PR08,1237,1020,0.824575586095392,326,237,0.7269938650306749,845,535,0.6331360946745562,0.09758172106471719,0.19143949142083583,0.09385777035611864
JOHNSTON_PR09,2305,1929,0.8368763557483732,1751,1353,0.7727013135351228,2942,2025,0.6883072739632903,0.06417504221325032,0.14856908178508288,0.08439403957183256
JOHNSTON_PR10A,1003,758,0.7557328015952144,1446,1042,0.7206085753803596,1783,1094,0.6135726303982053,0.03512422621485478,0.14216017119700908,0.1070359449821543
JOHNSTON_PR10B,1347,1034,0.7676317743132888,1113,821,0.7376460017969452,1703,1152,0.6764533176746917,0.0299857725163436,0.09117845663859703,0.06119268412225343
JOHNSTON_PR11A,1061,858,0.8086710650329878,906,681,0.7516556291390728,1241,831,0.669621273166801,0.057015435893915,0.13904979186618682,0.08203435597227182
JOHNSTON_PR11B,1678,1346,0.8021454112038141,1695,1294,0.7634218289085546,2495,1673,0.6705410821643286,0.03872358229525952,0.1316043290394855,0.09288074674422597
JOHNSTON_PR12A,1903,1501,0.788754598003153,2034,1534,0.7541789577187807,2902,1900,0.6547208821502413,0.03457564028437221,0.13403371585291168,0.09945807556853947
JOHNSTON_PR12B,2095,1685,0.8042959427207638,1570,1242,0.7910828025477707,2462,1692,0.6872461413484972,0.013213140172993021,0.11704980137226662,0.1038366611992736
JOHNSTON_PR13,2117,1748,0.8256967406707605,895,669,0.7474860335195531,1775,1229,0.6923943661971831,0.07821070715120737,0.1333023744735774,0.05509166732237003
JOHNSTON_PR14,1534,1284,0.8370273794002607,403,290,0.7196029776674938,1106,750,0.6781193490054249,0.11742440173276691,0.1589080303948358,0.041483628662068894
JOHNSTON_PR19,1101,915,0.8310626702997275,488,348,0.7131147540983607,758,466,0.6147757255936676,0.1179479162013668,0.2162869447060599,0.09833902850469312
JOHNSTON_PR20,2009,1615,0.8038825286212046,1357,1028,0.7575534266764923,2229,1455,0.6527590847913862,0.04632910194471229,0.15112344382981835,0.10479434188510606
JOHNSTON_PR21,1763,1477,0.8377765173000568,523,375,0.7170172084130019,1231,814,0.661251015434606,0.12075930888705488,0.1765255018654508,0.05576619297839591
JOHNSTON_PR22,1630,1352,0.8294478527607362,675,493,0.7303703703703703,1211,747,0.6168455821635013,0.09907748239036585,0.2126022705972349,0.11352478820686907
JOHNSTON_PR23A,2134,1760,0.8247422680412371,1028,764,0.7431906614785992,2196,1494,0.680327868852459,0.08155160656263782,0.14441439918877808,0.06286279262614025
JOHNSTON_PR23B,1703,1411,0.8285378743394011,809,633,0.7824474660074165,1783,1246,0.6988222097588335,0.04609040833198452,0.1297156645805676,0.08362525624858308
JOHNSTON_PR24,683,501,0.7335285505124451,1102,757,0.6869328493647913,1013,486,0.4797630799605133,0.04659570114765388,0.2537654705519318,0.20716976940427795
JOHNSTON_PR25,770,588,0.7636363636363637,964,679,0.7043568464730291,1066,578,0.5422138836772983,0.05927951716333457,0.2214224799590654,0.16214296279573082
JOHNSTON_PR26,635,472,0.7433070866141732,1045,735,0.7033492822966507,939,464,0.4941427050053248,0.039957804317522494,0.2491643816088484,0.2092065772913259
JOHNSTON_PR27A,524,416,0.7938931297709924,696,496,0.7126436781609196,704,395,0.5610795454545454,0.0812494516100728,0.23281358431644694,0.15156413270637414
JOHNSTON_PR27B,1134,907,0.7998236331569665,871,600,0.6888633754305397,1239,737,0.5948345439870864,0.11096025772642681,0.20498908916988012,0.09402883144345331
JOHNSTON_PR28,1749,1420,0.8118925100057176,1104,798,0.7228260869565217,1843,1226,0.6652197504069451,0.08906642304919588,0.14667275959877246,0.05760633654957659
JOHNSTON_PR29A,2896,2297,0.7931629834254144,1711,1324,0.7738164815897136,3537,2396,0.677410234662143,0.019346501835700747,0.11575274876327135,0.0964062469275706
JOHNSTON_PR29B,5234,4202,0.8028276652655713,4026,3129,0.7771982116244411,6446,4487,0.6960905988209742,0.025629453641130118,0.10673706644459702,0.0811076128034669
JOHNSTON_PR30,1605,1241,0.773208722741433,1554,1159,0.7458172458172458,2255,1362,0.6039911308203991,0.027391476924187197,0.16921759192103392,0.14182611499684672
JOHNSTON_PR31A,1401,1140,0.8137044967880086,856,653,0.7628504672897196,1645,1192,0.7246200607902735,0.05085402949828899,0.08908443599773508,0.03823040649944609
JOHNSTON_PR31B,2534,2072,0.8176795580110497,1833,1432,0.7812329514457174,3359,2327,0.6927657040785948,0.036446606565332385,0.12491385393245491,0.08846724736712253
JOHNSTON_PR32,1651,1334,0.8079951544518473,855,666,0.7789473684210526,1698,1140,0.6713780918727915,0.02904778603079472,0.13661706257905581,0.1075692765482611
JOHNSTON_PR33,2243,1846,0.8230049041462327,774,566,0.7312661498708011,1857,1209,0.6510500807754442,0.09173875427543166,0.1719548233707885,0.08021606909535683
JOHNSTON_PR34,2091,1624,0.7766618842659014,2384,1780,0.7466442953020134,3070,1874,0.6104234527687297,0.030017588963888064,0.16623843149717177,0.1362208425332837
JOHNSTON_PR35,2714,2248,0.8282977155490051,1257,897,0.7136038186157518,1868,1111,0.5947537473233405,0.11469389693325327,0.2335439682256646,0.11885007129241132
JOHNSTON_PR36,1574,1265,0.8036848792884371,676,478,0.7071005917159763,1196,749,0.6262541806020067,0.09658428757246085,0.17743069868643047,0.08084641111396962
JOHNSTON_PR37,2101,1672,0.7958115183246073,977,691,0.7072671443193449,1541,927,0.6015574302401038,0.08854437400526238,0.1942540880845035,0.10570971407924112
JOHNSTON_PR38,1295,1048,0.8092664092664092,367,241,0.6566757493188011,684,444,0.6491228070175439,0.15259065994760812,0.16014360224886537,0.007552942301257248
JONES_P01,240,198,0.825,203,150,0.7389162561576355,241,166,0.6887966804979253,0.0860837438423645,0.13620331950207465,0.05011957565971015
JONES_P02,219,179,0.817351598173516,74,62,0.8378378378378378,166,120,0.7228915662650602,-0.020486239664321837,0.09446003190845575,0.11494627157277759
JONES_P03,256,215,0.83984375,107,89,0.8317757009345794,242,158,0.6528925619834711,0.00806804906542058,0.18695118801652888,0.1788831389511083
JONES_P04,726,614,0.8457300275482094,568,456,0.8028169014084507,652,465,0.7131901840490797,0.04291312613975862,0.13253984349912962,0.089626717359371
JONES_P05,368,302,0.8206521739130435,568,463,0.8151408450704225,472,310,0.6567796610169492,0.005511328842620955,0.16387251289609428,0.15836118405347333
JONES_P06,216,164,0.7592592592592593,104,88,0.8461538461538461,245,173,0.7061224489795919,-0.08689458689458684,0.053136810279667435,0.14003139717425428
JONES_P07,393,310,0.7888040712468194,492,386,0.7845528455284553,452,263,0.581858407079646,0.0042512257183641156,0.20694566416717342,0.2026944384488093
LEE_A1,1267,973,0.7679558011049724,1877,1299,0.6920618007458711,2009,1144,0.569437531110005,0.07589400035910132,0.19851826999496747,0.12262426963586615
LEE_A2,1109,838,0.7556357078449053,2413,1684,0.6978864484044758,2188,1084,0.4954296160877514,0.05774925944042952,0.2602060917571539,0.2024568323167244
LEE_B1,907,758,0.8357221609702316,586,456,0.7781569965870307,931,701,0.7529538131041891,0.057565164383200806,0.08276834786604248,0.025203183482841673
LEE_B2,725,531,0.7324137931034482,840,607,0.7226190476190476,1180,698,0.5915254237288136,0.009794745484400624,0.14088836937463467,0.13109362389023405
LEE_C1,1766,1397,0.7910532276330691,1096,810,0.7390510948905109,1864,1092,0.5858369098712446,0.05200213274255816,0.20521631776182447,0.1532141850192663
LEE_C2,1819,1489,0.8185816382627817,957,745,0.7784743991640544,1575,1040,0.6603174603174603,0.040107239098727376,0.15826417794532144,0.11815693884659406
LEE_D1,1532,1269,0.8283289817232375,1079,876,0.8118628359592215,1777,1301,0.7321328081035453,0.01646614576401606,0.09619617361969224,0.07973002785567618
LEE_D2,1400,1179,0.8421428571428572,1088,919,0.8446691176470589,1669,1253,0.7507489514679448,-0.002526260504201683,0.09139390567491235,0.09392016617911403
LEE_E1,1095,908,0.8292237442922374,636,504,0.7924528301886793,1082,771,0.7125693160813309,0.03677091410355815,0.11665442821090655,0.0798835141073484
LEE_E2,1357,1017,0.7494473102431835,1369,953,0.6961285609934259,2001,1190,0.5947026486756621,0.05331874924975755,0.1547446615675213,0.10142591231776377
LENOIR_C,784,657,0.8380102040816326,794,596,0.7506297229219143,679,399,0.5876288659793815,0.0873804811597183,0.25038133810225116,0.16300085694253286
LENOIR_FC,1472,1230,0.8355978260869565,1101,850,0.7720254314259763,1448,970,0.669889502762431,0.06357239466098019,0.16570832332452556,0.10213592866354537
LENOIR_I,681,577,0.8472834067547724,481,373,0.7754677754677755,641,415,0.6474258970358814,0.07181563128699697,0.19985750971889105,0.12804187843189407
LENOIR_K1,43,11,0.2558139534883721,504,264,0.5238095238095238,327,62,0.18960244648318042,-0.26799557032115173,0.06621150700519168,0.3342070773263434
LENOIR_K2,48,17,0.3541666666666667,624,398,0.6378205128205128,312,84,0.2692307692307692,-0.2836538461538461,0.08493589743589747,0.36858974358974356
LENOIR_K3,129,90,0.6976744186046512,748,514,0.6871657754010695,471,178,0.37791932059447986,0.010508643203581691,0.3197550980101713,0.30924645480658963
LENOIR_K4,550,459,0.8345454545454546,1078,856,0.7940630797773655,914,599,0.6553610503282276,0.040482374768089135,0.17918440421722703,0.1387020294491379
LENOIR_K5,155,112,0.7225806451612903,853,621,0.7280187573270809,481,238,0.49480249480249483,-0.005438112165790598,0.22777815035879545,0.23321626252458605
LENOIR_K6,190,133,0.7,1217,863,0.7091207888249794,666,242,0.3633633633633634,-0.009120788824979464,0.33663663663663657,0.34575742546161603
LENOIR_K7,191,139,0.7277486910994765,1026,758,0.7387914230019493,504,231,0.4583333333333333,-0.011042731902472847,0.26941535776614317,0.280458089668616
LENOIR_K8,30,16,0.5333333333333333,658,492,0.7477203647416414,266,73,0.2744360902255639,-0.21438703140830806,0.2588972431077694,0.47328427451607746
LENOIR_K9,277,228,0.8231046931407943,1161,912,0.7855297157622739,576,337,0.5850694444444444,0.037574977378520336,0.23803524869634984,0.2004602713178295
LENOIR_MH,1119,933,0.8337801608579088,1473,1135,0.7705363204344874,1023,644,0.6295210166177908,0.06324384042342146,0.20425914424011804,0.14101530381669658
LENOIR_N,1194,953,0.7981574539363484,838,644,0.7684964200477327,1062,643,0.6054613935969868,0.02966103388861574,0.1926960603393616,0.16303502645074586
LENOIR_PH1,310,261,0.8419354838709677,121,95,0.7851239669421488,213,137,0.6431924882629108,0.05681151692881892,0.19874299560805697,0.14193147867923805
LENOIR_PH2,557,468,0.8402154398563735,192,141,0.734375,402,268,0.6666666666666666,0.10584043985637348,0.17354877318970685,0.06770833333333337
LENOIR_SH,324,264,0.8148148148148148,129,101,0.7829457364341085,261,180,0.6896551724137931,0.031869078380706295,0.12515964240102162,0.09329056402031533
LENOIR_SW,461,381,0.8264642082429501,184,153,0.8315217391304348,365,248,0.6794520547945205,-0.005057530887484729,0.14701215344842955,0.15206968433591428
LENOIR_T1,640,533,0.8328125,261,203,0.7777777777777778,437,283,0.6475972540045767,0.055034722222222165,0.18521524599542327,0.1301805237732011
LENOIR_T2,505,426,0.8435643564356435,145,109,0.7517241379310344,343,233,0.6793002915451894,0.0918402185046091,0.1642640648904541,0.07242384638584498
LENOIR_V,541,428,0.7911275415896488,853,691,0.8100820633059789,686,382,0.5568513119533528,-0.018954521716330053,0.23427622963629602,0.25323075135262607
LENOIR_W,514,437,0.8501945525291829,185,156,0.8432432432432433,376,286,0.7606382978723404,0.006951309285939566,0.08955625465684247,0.0826049453709029
LINCOLN_AS25,1269,1049,0.8266351457840819,441,349,0.7913832199546486,799,581,0.7271589486858573,0.03525192582943337,0.09947619709822464,0.06422427126879127
LINCOLN_BC13,703,496,0.705547652916074,425,269,0.6329411764705882,758,421,0.5554089709762533,0.07260647644548579,0.15013868193982072,0.07753220549433493
LINCOLN_BS26,1140,931,0.8166666666666667,471,373,0.7919320594479831,759,544,0.7167325428194994,0.02473460721868359,0.09993412384716727,0.07519951662848368
LINCOLN_CF19,963,791,0.8213914849428868,235,185,0.7872340425531915,798,576,0.7218045112781954,0.034157442389695314,0.09958697366469138,0.06542953127499607
LINCOLN_DN29,1863,1507,0.8089103596349974,410,299,0.7292682926829268,1371,991,0.7228300510576222,0.07964206695207054,0.08608030857737514,0.006438241625304597
LINCOLN_DV08,1663,1422,0.8550811785929044,393,321,0.816793893129771,999,748,0.7487487487487487,0.038287285463133425,0.1063324298441557,0.06804514438102227
LINCOLN_DW28,1690,1390,0.8224852071005917,481,395,0.8212058212058212,1227,886,0.7220863895680522,0.0012793858947705017,0.10039881753253954,0.09911943163776904
LINCOLN_HC33,2013,1640,0.8147044212617983,561,436,0.7771836007130125,1282,922,0.719188767550702,0.037520820548785805,0.09551565371109627,0.057994833162310466
LINCOLN_IS20,953,806,0.8457502623294858,206,167,0.8106796116504854,623,468,0.7512038523274478,0.03507065067900039,0.094546410002038,0.059475759323037614
LINCOLN_IS23,1438,1191,0.8282336578581363,461,357,0.7744034707158352,933,691,0.7406216505894962,0.053830187142301145,0.08761200726864005,0.0337818201263389
LINCOLN_LB34,1425,1157,0.8119298245614035,475,354,0.7452631578947368,943,678,0.71898197242842,0.06666666666666665,0.09294785213298351,0.02628118546631686
LINCOLN_LI14,707,582,0.8231966053748232,298,223,0.7483221476510067,512,379,0.740234375,0.07487445772381651,0.0829622303748232,0.008087772651006686
LINCOLN_LN11,597,467,0.7822445561139029,447,348,0.7785234899328859,577,422,0.7313691507798961,0.0037210661810169743,0.05087540533400681,0.04715433915298983
LINCOLN_LS12,627,471,0.7511961722488039,494,354,0.7165991902834008,652,418,0.6411042944785276,0.03459698196540306,0.11009187777027629,0.07549489580487323
LINCOLN_LW18,950,774,0.8147368421052632,396,305,0.7702020202020202,656,476,0.725609756097561,0.04453482190324298,0.08912708600770225,0.04459226410445927
LINCOLN_LW31,2356,1945,0.8255517826825127,916,757,0.8264192139737991,2129,1615,0.7585720995772663,-0.0008674312912864135,0.06697968310524638,0.06784711439653279
LINCOLN_NB35,2270,1916,0.8440528634361234,464,375,0.8081896551724138,1246,920,0.7383627608346709,0.03586320826370959,0.1056901026014525,0.06982689433774292
LINCOLN_OB21,1392,1181,0.8484195402298851,259,199,0.7683397683397684,801,596,0.7440699126092385,0.08007977189011672,0.10434962762064659,0.024269855730529866
LINCOLN_PC22,1559,1263,0.8101347017318794,364,287,0.7884615384615384,1020,720,0.7058823529411765,0.021673163270340967,0.10425234879070289,0.08257918552036192
LINCOLN_SL24,931,763,0.8195488721804511,321,250,0.778816199376947,594,411,0.6919191919191919,0.04073267280350412,0.1276296802612592,0.08689700745775508
LINCOLN_ST36,1792,1433,0.7996651785714286,697,475,0.6814921090387375,1319,877,0.6648976497346475,0.11817306953269113,0.13476752883678111,0.01659445930408998
LINCOLN_TA37,2401,1962,0.8171595168679717,796,622,0.7814070351758794,2062,1570,0.7613967022308439,0.03575248169209233,0.055762814637127844,0.020010332945035514
LINCOLN_WP32,3287,2671,0.8125950714937633,1050,814,0.7752380952380953,2892,2114,0.7309820193637621,0.03735697625566803,0.08161305213000125,0.04425607587433322
MACON_01,1014,793,0.782051282051282,501,378,0.7544910179640718,1054,741,0.7030360531309298,0.02756026408721024,0.07901522892035229,0.05145496483314205
MACON_02,551,394,0.7150635208711433,240,181,0.7541666666666667,606,353,0.5825082508250825,-0.03910314579552332,0.13255527004606082,0.17165841584158414
MACON_03,1175,894,0.7608510638297873,442,318,0.7194570135746606,1180,770,0.652542372881356,0.04139405025512666,0.10830869094843132,0.06691464069330466
MACON_04,717,529,0.7377963737796374,214,173,0.8084112149532711,736,511,0.6942934782608695,-0.0706148411736337,0.04350289551876785,0.11411773669240155
MACON_05,1274,979,0.7684458398744113,438,331,0.7557077625570776,1236,855,0.691747572815534,0.012738077317333674,0.07669826705887728,0.0639601897415436
MACON_06,1066,848,0.7954971857410882,325,239,0.7353846153846154,1047,743,0.7096466093600764,0.06011257035647277,0.08585057638101179,0.025738006024539017
MACON_07,1068,838,0.7846441947565543,346,259,0.7485549132947977,927,617,0.6655879180151025,0.036089281461756606,0.1190562767414518,0.0829669952796952
MACON_08,252,201,0.7976190476190477,68,56,0.8235294117647058,193,132,0.6839378238341969,-0.02591036414565817,0.1136812237848508,0.13959158793050896
MACON_09,1078,752,0.6975881261595547,503,352,0.6998011928429424,1149,792,0.6892950391644909,-0.002213066683387721,0.008293086995063814,0.010506153678451535
MACON_10,210,160,0.7619047619047619,107,72,0.6728971962616822,215,150,0.6976744186046512,0.08900756564307966,0.06423034330011068,-0.024777222342968974
MACON_11,1483,1144,0.7714093054619016,473,341,0.7209302325581395,1329,917,0.6899924755455229,0.05047907290376208,0.08141682991637866,0.030937757012616585
MACON_12,1013,781,0.7709772951628825,359,281,0.7827298050139275,901,621,0.6892341842397336,-0.011752509851045034,0.0817431109231489,0.09349562077419393
MACON_13,379,295,0.7783641160949868,65,48,0.7384615384615385,227,178,0.7841409691629956,0.03990257763344829,-0.0057768530680087915,-0.04567943070145708
MACON_14,409,339,0.8288508557457213,77,62,0.8051948051948052,323,245,0.7585139318885449,0.02365605055091602,0.07033692385717638,0.04668087330626036
MACON_15,1039,845,0.8132820019249278,320,252,0.7875,994,675,0.6790744466800804,0.025782001924927855,0.1342075552448474,0.10842555331991954
MADISON_BEECH,952,767,0.805672268907563,664,559,0.8418674698795181,1242,957,0.7705314009661836,-0.036195200971955055,0.035140867941379494,0.07133606891333455
MADISON_EBBS C,390,309,0.7923076923076923,262,206,0.7862595419847328,464,340,0.7327586206896551,0.006048150322959467,0.05954907161803713,0.053500921295077664
MADISON_GRAPEV,353,288,0.8158640226628895,294,231,0.7857142857142857,547,390,0.7129798903107861,0.03014973694860379,0.10288413235210336,0.07273439540349957
MADISON_HOT SP,212,150,0.7075471698113207,267,217,0.8127340823970037,419,276,0.6587112171837709,-0.10518691258568302,0.048835952627549806,0.15402286521323283
MADISON_LAUREL,286,220,0.7692307692307693,245,187,0.763265306122449,442,305,0.6900452488687783,0.005965463108320246,0.079185520361991,0.07322005725367076
MADISON_MARS H,1252,994,0.7939297124600639,997,810,0.8124373119358074,1872,1333,0.7120726495726496,-0.01850759947574343,0.08185706288741434,0.10036466236315778
MADISON_NORTH,594,467,0.7861952861952862,671,537,0.8002980625931445,1151,844,0.733275412684622,-0.014102776397858285,0.052919873510664184,0.06702264990852247
MADISON_REVERE,60,38,0.6333333333333333,106,82,0.7735849056603774,124,89,0.717741935483871,-0.1402515723270441,-0.08440860215053769,0.05584297017650641
MADISON_SANDY,175,140,0.8,121,96,0.7933884297520661,239,174,0.7280334728033473,0.006611570247933907,0.07196652719665275,0.06535495694871885
MADISON_SOUTH,267,212,0.7940074906367042,297,243,0.8181818181818182,517,365,0.7059961315280464,-0.02417432754511406,0.08801135910865776,0.11218568665377182
MADISON_SPRING,207,140,0.6763285024154589,231,189,0.8181818181818182,322,246,0.7639751552795031,-0.1418533157663593,-0.08764665286404416,0.05420666290231513
MADISON_WALNUT,388,323,0.8324742268041238,355,277,0.780281690140845,582,456,0.7835051546391752,0.05219253666327872,0.0489690721649485,-0.0032234644983302196
MARTIN_BG,531,430,0.8097928436911488,362,295,0.8149171270718232,704,539,0.765625,-0.005124283380674388,0.04416784369114879,0.04929212707182318
MARTIN_CR,273,213,0.7802197802197802,403,316,0.7841191066997518,373,238,0.6380697050938338,-0.0038993264799715988,0.14215007512594646,0.14604940160591806
MARTIN_GRF,431,375,0.8700696055684455,368,314,0.8532608695652174,514,409,0.7957198443579766,0.016808736003228075,0.07434976121046888,0.057541025207240803
MARTIN_GSN,198,155,0.7828282828282829,505,382,0.7564356435643564,290,182,0.6275862068965518,0.026392639263926432,0.15524207593173112,0.12884943666780468
MARTIN_HMT,225,179,0.7955555555555556,507,401,0.7909270216962525,312,174,0.5576923076923077,0.004628533859303063,0.23786324786324786,0.2332347140039448
MARTIN_JMV,623,515,0.826645264847512,724,586,0.8093922651933702,779,543,0.6970474967907574,0.017252999654141843,0.1295977680567546,0.11234476840261276
MARTIN_RBV,399,297,0.7443609022556391,1148,877,0.7639372822299652,697,360,0.5164992826398852,-0.01957637997432604,0.2278616196157539,0.24743799959007995
MARTIN_WM1,544,416,0.7647058823529411,1385,1001,0.7227436823104693,1133,631,0.5569285083848191,0.041962200042471864,0.20777737396812201,0.16581517392565015
MARTIN_WM2,461,329,0.7136659436008677,1430,1069,0.7475524475524475,1024,538,0.525390625,-0.03388650395157988,0.18827531860086766,0.22216182255244754
MCDOWELL_CCREEK,907,738,0.8136714443219405,272,222,0.8161764705882353,884,633,0.7160633484162896,-0.0025050262662947853,0.0976080959056509,0.10011312217194568
MCDOWELL_DYSART,1274,1002,0.7864992150706437,343,254,0.7405247813411079,1035,724,0.6995169082125604,0.0459744337295358,0.08698230685808328,0.04100787312854748
MCDOWELL_FORT 1,560,436,0.7785714285714286,218,164,0.7522935779816514,496,358,0.7217741935483871,0.026277850589777163,0.05679723502304146,0.030519384433264296
MCDOWELL_FORT 2,770,614,0.7974025974025974,358,270,0.7541899441340782,781,522,0.6683738796414853,0.0432126532685192,0.12902871776111213,0.08581606449259294
MCDOWELL_GLENWD,929,754,0.8116254036598493,263,204,0.7756653992395437,757,565,0.7463672391017173,0.03596000442030556,0.06525816455813194,0.02929816013782638
MCDOWELL_HIGGIN,829,655,0.7901085645355851,227,171,0.7533039647577092,589,416,0.7062818336162988,0.03680459977787587,0.08382673091928627,0.047022131141410406
MCDOWELL_M.COVE,888,706,0.795045045045045,192,148,0.7708333333333334,662,446,0.6737160120845922,0.02421171171171166,0.12132903296045283,0.09711732124874117
MCDOWELL_MAR 1,1300,1037,0.7976923076923077,513,406,0.7914230019493177,1187,815,0.6866048862679023,0.006269305742990006,0.11108742142440542,0.10481811568141541
MCDOWELL_MAR 2,437,326,0.7459954233409611,411,329,0.8004866180048662,552,343,0.6213768115942029,-0.05449119466390506,0.12461861174675826,0.17910980641066332
MCDOWELL_MAR 3,430,336,0.7813953488372093,159,110,0.6918238993710691,397,257,0.6473551637279596,0.08957144946614015,0.13404018510924964,0.04446873564310949
MCDOWELL_MAR 4,451,325,0.720620842572062,218,141,0.6467889908256881,532,326,0.6127819548872181,0.07383185174637397,0.10783888768484395,0.03400703593846999
MCDOWELL_MAR 5,444,356,0.8018018018018018,175,115,0.6571428571428571,480,316,0.6583333333333333,0.1446589446589447,0.1434684684684685,-0.0011904761904761862
MCDOWELL_N.COVE,448,364,0.8125,108,82,0.7592592592592593,321,239,0.7445482866043613,0.0532407407407407,0.06795171339563866,0.014710972654897958
MCDOWELL_NEBO,1263,1043,0.8258115597783057,413,335,0.8111380145278451,1029,697,0.6773566569484937,0.014673545250460607,0.148454902829812,0.1337813575793514
MCDOWELL_PLEASA,1050,859,0.8180952380952381,310,257,0.8290322580645161,747,544,0.7282463186077643,-0.010937019969277983,0.08984891948747376,0.10078593945675174
MCDOWELL_T.COVE,363,286,0.7878787878787878,81,61,0.7530864197530864,271,197,0.7269372693726938,0.03479236812570141,0.06094151850609408,0.02614915038039267
MCDOWELL_WEST M,1620,1277,0.7882716049382716,581,421,0.7246127366609294,1391,934,0.6714593817397556,0.06365886827734224,0.11681222319851603,0.05315335492117379
MECKLENBURG_001,495,393,0.793939393939394,471,368,0.7813163481953291,775,602,0.7767741935483871,0.01262304574406481,0.017165200391006885,0.004542154646942076
MECKLENBURG_002,605,418,0.6909090909090909,1357,1044,0.7693441414885778,1603,1089,0.6793512164691204,-0.07843505057948685,0.011557874439970472,0.08999292501945733
MECKLENBURG_003,135,72,0.5333333333333333,1240,811,0.6540322580645161,960,388,0.4041666666666667,-0.12069892473118282,0.12916666666666665,0.24986559139784947
MECKLENBURG_004,269,195,0.724907063197026,1142,802,0.702276707530648,958,509,0.5313152400835073,0.022630355666378055,0.19359182311351875,0.1709614674471407
MECKLENBURG_005,156,106,0.6794871794871795,835,527,0.6311377245508982,692,340,0.4913294797687861,0.04834945493628129,0.1881576997183934,0.13980824478211212
MECKLENBURG_006,187,114,0.6096256684491979,1133,676,0.5966460723742277,1027,444,0.4323271665043817,0.012979596074970123,0.17729850194481617,0.16431890586984604
MECKLENBURG_007,358,282,0.7877094972067039,807,607,0.7521685254027262,982,697,0.709775967413442,0.03554097180397775,0.07793352979326196,0.04239255798928421
MECKLENBURG_008,855,703,0.8222222222222222,531,411,0.7740112994350282,1206,882,0.7313432835820896,0.048210922787193966,0.09087893864013263,0.04266801585293867
MECKLENBURG_009,1140,757,0.6640350877192982,1982,1365,0.6886982845610494,2635,1674,0.6352941176470588,-0.024663196841751223,0.028740970072239413,0.053404166913990636
MECKLENBURG_010,625,483,0.7728,923,727,0.7876489707475623,1384,1068,0.7716763005780347,-0.014848970747562307,0.0011236994219653296,0.015972670169527636
MECKLENBURG_011,1713,1021,0.5960303561004087,3925,2551,0.6499363057324841,5360,2807,0.5236940298507463,-0.0539059496320754,0.07233632624966235,0.12624227588173775
MECKLENBURG_012,295,203,0.688135593220339,1667,1089,0.6532693461307738,1829,885,0.4838709677419355,0.034866247089565205,0.20426462547840352,0.1693983783888383
MECKLENBURG_013,752,431,0.5731382978723404,2564,1630,0.6357254290171607,2811,1330,0.47314123087869087,-0.06258713114482028,0.09999706699364952,0.1625841981384698
MECKLENBURG_014,570,384,0.6736842105263158,2402,1703,0.708992506244796,2297,1452,0.632128863735307,-0.035308295718480265,0.04155534679100881,0.07686364250948907
MECKLENBURG_015,642,446,0.6947040498442367,1803,1354,0.7509706045479756,2231,1610,0.7216494845360825,-0.05626655470373887,-0.026945434691845738,0.02932112001189313
MECKLENBURG_016,85,43,0.5058823529411764,2195,1619,0.7375854214123007,802,331,0.41271820448877805,-0.2317030684711242,0.0931641484523984,0.3248672169235226
MECKLENBURG_017,173,80,0.4624277456647399,1180,708,0.6,1051,386,0.36726926736441484,-0.1375722543352601,0.09515847830032503,0.23273073263558514
MECKLENBURG_018,611,513,0.839607201309329,356,299,0.8398876404494382,851,686,0.8061104582843713,-0.0002804391401092232,0.03349674302495764,0.033777182165066866
MECKLENBURG_019,595,482,0.8100840336134454,462,405,0.8766233766233766,861,690,0.8013937282229965,-0.06653934300993125,0.008690305390448905,0.07522964840038016
MECKLENBURG_020,562,474,0.8434163701067615,726,602,0.8292011019283747,1298,986,0.7596302003081664,0.014215268178386808,0.0837861697985951,0.06957090162020829
MECKLENBURG_021,554,429,0.7743682310469314,906,661,0.7295805739514348,1257,870,0.6921241050119332,0.04478765709549659,0.0822441260349982,0.03745646893950161
MECKLENBURG_022,2736,1566,0.5723684210526315,3740,2228,0.5957219251336898,5367,2795,0.5207751071362027,-0.023353504081058296,0.05159331391642885,0.07494681799748715
MECKLENBURG_023,406,291,0.7167487684729064,1555,1015,0.6527331189710611,1448,731,0.5048342541436464,0.06401564950184524,0.21191451432926,0.14789886482741477
MECKLENBURG_024,347,216,0.622478386167147,1626,1038,0.6383763837638377,1442,702,0.4868238557558946,-0.01589799759669064,0.13565453041125242,0.15155252800794305
MECKLENBURG_025,87,29,0.3333333333333333,1558,1015,0.6514762516046213,841,257,0.3055885850178359,-0.318142918271288,0.02774474831549739,0.3458876665867854
MECKLENBURG_026,255,172,0.6745098039215687,2317,1718,0.7414760466119983,1419,678,0.47780126849894294,-0.06696624269042961,0.19670853542262573,0.26367477811305534
MECKLENBURG_027,250,137,0.548,1777,1121,0.63083849184018,1365,572,0.41904761904761906,-0.08283849184018,0.12895238095238098,0.21179087279256098
MECKLENBURG_028,201,134,0.6666666666666666,1191,818,0.6868178001679262,1038,582,0.5606936416184971,-0.02015113350125952,0.10597302504816952,0.12612415854942904
MECKLENBURG_029,220,159,0.7227272727272728,958,717,0.7484342379958246,1036,671,0.6476833976833977,-0.025706965268551873,0.07504387504387511,0.10075084031242698
MECKLENBURG_030,593,390,0.657672849915683,2731,2028,0.7425851336506774,2691,1807,0.6714975845410628,-0.08491228373499438,-0.013824734625379809,0.07108754910961457
MECKLENBURG_031,178,112,0.6292134831460674,1666,1117,0.67046818727491,1006,408,0.40556660039761433,-0.04125470412884258,0.22364688274845307,0.26490158687729565
MECKLENBURG_032,821,684,0.833130328867235,407,341,0.8378378378378378,994,808,0.8128772635814889,-0.004707508970602792,0.020253065285746108,0.0249605742563489
MECKLENBURG_033,302,197,0.652317880794702,976,651,0.6670081967213115,986,533,0.5405679513184585,-0.01469031592660952,0.11174992947624351,0.12644024540285304
MECKLENBURG_034,500,364,0.728,1303,924,0.7091327705295472,1508,946,0.6273209549071618,0.01886722947045283,0.1006790450928382,0.08181181562238538
MECKLENBURG_035,544,440,0.8088235294117647,670,506,0.755223880597015,1142,852,0.7460595446584939,0.05359964881474977,0.06276398475327083,0.009164335938521062
MECKLENBURG_036,789,657,0.8326996197718631,780,621,0.7961538461538461,1203,901,0.7489609310058188,0.03654577361801703,0.08373868876604429,0.04719291514802726
MECKLENBURG_037,673,521,0.774145616641902,707,554,0.7835926449787836,1083,795,0.7340720221606648,-0.009447028336881602,0.04007359448123715,0.049520622818118754
MECKLENBURG_038,467,295,0.6316916488222698,899,546,0.60734149054505,1164,692,0.5945017182130584,0.024350158277219758,0.037189930609211386,0.012839772331991628
MECKLENBURG_039,188,99,0.526595744680851,1950,1265,0.6487179487179487,1286,378,0.2939346811819596,-0.12212220403709773,0.23266106349889143,0.35478326753598916
MECKLENBURG_040,181,101,0.5580110497237569,1585,979,0.6176656151419558,1167,380,0.32562125107112255,-0.05965456541819891,0.23238979865263437,0.2920443640708333
MECKLENBURG_041,205,116,0.5658536585365853,1649,1093,0.6628259551243177,1014,380,0.3747534516765286,-0.09697229658773243,0.1911002068600567,0.2880725034477891
MECKLENBURG_042,100,41,0.41,1855,1318,0.7105121293800539,947,344,0.3632523759239704,-0.30051212938005395,0.04674762407602956,0.3472597534560835
MECKLENBURG_043,254,161,0.6338582677165354,1732,1195,0.6899538106235565,1214,556,0.45799011532125206,-0.05609554290702112,0.17586815239528336,0.23196369530230448
MECKLENBURG_044,316,249,0.7879746835443038,783,642,0.8199233716475096,911,679,0.7453347969264544,-0.031948688103205836,0.04263988661784934,0.07458857472105518
MECKLENBURG_045,285,216,0.7578947368421053,918,664,0.7233115468409586,885,531,0.6,0.034583190001146735,0.1578947368421053,0.12331154684095857
MECKLENBURG_046,354,255,0.7203389830508474,1256,843,0.6711783439490446,1443,869,0.6022176022176022,0.049160639101802794,0.1181213808332452,0.0689607417314424
MECKLENBURG_047,871,706,0.8105625717566016,919,700,0.7616974972796517,1421,1060,0.7459535538353272,0.04886507447694988,0.06460901792127438,0.015743943444324504
MECKLENBURG_048,781,668,0.8553137003841229,409,334,0.8166259168704156,1016,792,0.7795275590551181,0.038687783513707275,0.07578614132900485,0.03709835781529758
MECKLENBURG_049,877,670,0.7639680729760547,1033,775,0.750242013552759,1695,1193,0.703834808259587,0.013726059423295744,0.06013326471646774,0.046407205293171994
MECKLENBURG_050,426,335,0.7863849765258216,685,496,0.724087591240876,997,652,0.6539618856569709,0.06229738528494566,0.13242309086885073,0.07012570558390507
MECKLENBURG_051,754,572,0.7586206896551724,1010,759,0.7514851485148515,1416,1009,0.7125706214689266,0.007135541140320889,0.046050068186245796,0.03891452704592491
MECKLENBURG_052,598,397,0.6638795986622074,2108,1436,0.681214421252372,1695,864,0.5097345132743363,-0.01733482259016461,0.15414508538787108,0.1714799079780357
MECKLENBURG_053,247,123,0.4979757085020243,2450,1526,0.6228571428571429,1784,552,0.3094170403587444,-0.12488143435511861,0.18855866814327987,0.3134401024983985
MECKLENBURG_054,221,134,0.6063348416289592,2061,1437,0.6972343522561864,1313,567,0.43183549124143183,-0.09089951062722712,0.1744993503875274,0.2653988610147545
MECKLENBURG_055,64,37,0.578125,1137,776,0.6824978012313104,611,209,0.34206219312602293,-0.10437280123131043,0.23606280687397707,0.3404356081052875
MECKLENBURG_056,115,44,0.3826086956521739,1247,804,0.644747393744988,923,266,0.28819068255687974,-0.2621386980928141,0.09441801309529418,0.3565567111881083
MECKLENBURG_057,777,630,0.8108108108108109,807,662,0.8203221809169765,1201,940,0.7826810990840966,-0.00951137010616565,0.0281297117267143,0.03764108183287995
MECKLENBURG_058,579,454,0.7841105354058722,782,618,0.7902813299232737,1141,821,0.7195442594215601,-0.0061707945174015455,0.06456627598431208,0.07073707050171363
MECKLENBURG_059,349,286,0.8194842406876791,460,361,0.7847826086956522,577,421,0.729636048526863,0.034701631992026916,0.08984819216081608,0.05514656016878916
MECKLENBURG_060,108,53,0.49074074074074076,1376,991,0.720203488372093,625,284,0.4544,-0.22946274763135227,0.03634074074074073,0.265803488372093
MECKLENBURG_061,396,278,0.702020202020202,1358,955,0.7032400589101621,1025,580,0.5658536585365853,-0.0012198568899600692,0.13616654348361668,0.13738640037357674
MECKLENBURG_062,268,163,0.6082089552238806,1129,683,0.6049601417183348,1001,414,0.41358641358641357,0.0032488135055458445,0.19462254163746706,0.19137372813192122
MECKLENBURG_063,312,191,0.6121794871794872,1123,716,0.6375779162956366,1026,505,0.4922027290448343,-0.025398429116149424,0.11997675813465292,0.14537518725080234
MECKLENBURG_064,234,166,0.7094017094017094,518,393,0.7586872586872587,586,383,0.6535836177474402,-0.04928554928554929,0.05581809165426921,0.1051036409398185
MECKLENBURG_065,407,335,0.8230958230958231,487,408,0.837782340862423,678,530,0.7817109144542773,-0.014686517766599905,0.04138490864154576,0.056071426408145664
MECKLENBURG_066,404,334,0.8267326732673267,547,463,0.8464351005484461,824,654,0.7936893203883495,-0.019702427281119372,0.033043352878977195,0.05274578016009657
MECKLENBURG_067,496,416,0.8387096774193549,440,365,0.8295454545454546,723,540,0.7468879668049793,0.009164222873900285,0.0918217106143756,0.08265748774047532
MECKLENBURG_068,334,246,0.7365269461077845,557,347,0.6229802513464991,699,399,0.5708154506437768,0.11354669476128532,0.16571149546400765,0.052164800702722336
MECKLENBURG_069,1578,1281,0.811787072243346,1181,947,0.8018628281117697,2099,1633,0.777989518818485,0.009924244131576332,0.033797553424861015,0.023873309293284684
MECKLENBURG_070,753,636,0.8446215139442231,554,475,0.8574007220216606,1131,916,0.8099027409372237,-0.012779208077437487,0.03471877300699944,0.047497981084436924
MECKLENBURG_071,880,685,0.7784090909090909,589,412,0.6994906621392191,1213,871,0.7180544105523495,0.07891842876987187,0.06035468035674141,-0.018563748413130465
MECKLENBURG_072,464,368,0.7931034482758621,429,329,0.7668997668997669,808,601,0.7438118811881188,0.02620368137609519,0.04929156708774329,0.023087885711648104
MECKLENBURG_073,520,416,0.8,555,423,0.7621621621621621,847,611,0.7213695395513577,0.037837837837837895,0.0786304604486423,0.04079262261080441
MECKLENBURG_074,1198,901,0.7520868113522537,1081,785,0.7261794634597595,1728,1157,0.6695601851851852,0.02590734789249427,0.08252662616706852,0.05661927827457425
MECKLENBURG_075,1202,991,0.8244592346089851,828,673,0.8128019323671497,1622,1278,0.7879161528976573,0.011657302241835366,0.03654308171132781,0.02488577946949244
MECKLENBURG_076,841,689,0.8192627824019025,878,733,0.8348519362186788,1391,1091,0.7843278217109992,-0.01558915381677628,0.034934960690903294,0.050524114507679574
MECKLENBURG_077,283,165,0.5830388692579506,2036,1350,0.6630648330058939,1239,538,0.43422114608555284,-0.08002596374794335,0.14881772317239772,0.22884368692034107
MECKLENBURG_078.1,540,341,0.6314814814814815,1725,1144,0.6631884057971015,1729,891,0.5153267784846732,-0.031706924315619944,0.1161547029968083,0.14786162731242825
MECKLENBURG_079,344,251,0.7296511627906976,1213,884,0.7287716405605935,887,484,0.5456595264937993,0.0008795222301041239,0.1839916362968983,0.18311211406679417
MECKLENBURG_080,480,322,0.6708333333333333,2290,1616,0.7056768558951965,1675,868,0.5182089552238806,-0.03484352256186318,0.15262437810945273,0.1874679006713159
MECKLENBURG_081,452,312,0.6902654867256637,2832,1983,0.7002118644067796,1821,833,0.457440966501922,-0.009946377681115948,0.23282452022374167,0.24277089790485762
MECKLENBURG_082,167,69,0.41317365269461076,2268,1361,0.6000881834215167,1630,491,0.30122699386503066,-0.18691453072690595,0.1119466588295801,0.29886118955648605
MECKLENBURG_083,656,471,0.7179878048780488,1578,1062,0.6730038022813688,1465,763,0.5208191126279863,0.044984002596680006,0.1971686922500625,0.1521846896533825
MECKLENBURG_084,280,171,0.6107142857142858,1300,817,0.6284615384615385,1074,476,0.44320297951582865,-0.01774725274725275,0.1675113061984571,0.18525855894570986
MECKLENBURG_085,548,409,0.7463503649635036,1008,768,0.7619047619047619,1146,804,0.7015706806282722,-0.015554396941258264,0.044779684335231384,0.06033408127648965
MECKLENBURG_086,869,739,0.8504027617951668,440,388,0.8818181818181818,963,769,0.7985462097611631,-0.031415420023015006,0.051856552034003744,0.08327197205701875
MECKLENBURG_087,667,495,0.7421289355322339,986,728,0.7383367139959433,1283,842,0.6562743569758379,0.003792221536290663,0.085854578556396,0.08206235702010534
MECKLENBURG_088,668,507,0.7589820359281437,930,666,0.7161290322580646,1330,875,0.6578947368421053,0.04285300367007916,0.10108729908603842,0.05823429541595926
MECKLENBURG_089,1037,766,0.7386692381870781,3336,2439,0.7311151079136691,2670,1475,0.552434456928839,0.00755413027340901,0.1862347812582391,0.1786806509848301
MECKLENBURG_090,466,365,0.7832618025751072,504,381,0.7559523809523809,785,575,0.732484076433121,0.027309421622726315,0.05077772614198628,0.023468304519259964
MECKLENBURG_091,1562,1237,0.791933418693982,1229,958,0.7794955248169243,2424,1804,0.7442244224422442,0.012437893877057737,0.047708996251737856,0.03527110237468012
MECKLENBURG_092,1006,845,0.8399602385685885,859,651,0.7578579743888242,1459,1118,0.7662782727895819,0.0821022641797643,0.07368196577900654,-0.008420298400757753
MECKLENBURG_093,746,627,0.8404825737265416,424,339,0.7995283018867925,864,674,0.7800925925925926,0.04095427183974909,0.060389981133949,0.01943570929419991
MECKLENBURG_094,413,318,0.7699757869249395,976,661,0.6772540983606558,811,444,0.5474722564734895,0.09272168856428376,0.22250353045145,0.12978184188716624
MECKLENBURG_095,241,159,0.6597510373443983,1119,723,0.646112600536193,819,370,0.4517704517704518,0.013638436808205312,0.20798058557394655,0.19434214876574124
MECKLENBURG_096,535,413,0.77196261682243,824,652,0.7912621359223301,1036,765,0.7384169884169884,-0.01929951909990013,0.03354562840544151,0.05284514750534164
MECKLENBURG_097,151,86,0.5695364238410596,746,484,0.6487935656836461,652,314,0.4815950920245399,-0.07925714184258648,0.08794133181651975,0.16719847365910623
MECKLENBURG_098,364,209,0.5741758241758241,1786,1083,0.6063829787234043,1424,621,0.43609550561797755,-0.032207154547580163,0.13808031855784658,0.17028747310542675
MECKLENBURG_099,218,97,0.44495412844036697,1140,594,0.5210526315789473,1042,357,0.34261036468330136,-0.07609850313858035,0.10234376375706561,0.17844226689564596
MECKLENBURG_100,865,690,0.7976878612716763,898,696,0.7750556792873051,1505,1093,0.7262458471760798,0.022632181984371225,0.07144201409559658,0.04880983211122536
MECKLENBURG_101,786,615,0.7824427480916031,697,463,0.6642754662840746,1152,791,0.6866319444444444,0.11816728180752845,0.09581080364715866,-0.022356478160369786
MECKLENBURG_102,830,584,0.7036144578313253,2215,1529,0.6902934537246049,2170,1186,0.5465437788018433,0.013321004106720324,0.1570706790294819,0.14374967492276158
MECKLENBURG_103,1081,886,0.8196114708603145,881,726,0.8240635641316686,1652,1319,0.7984261501210653,-0.004452093271354096,0.02118532073924917,0.025637414010603266
MECKLENBURG_104,173,103,0.5953757225433526,1775,1280,0.7211267605633803,1087,452,0.41582336706531736,-0.12575103802002774,0.17955235547803522,0.30530339349806296
MECKLENBURG_105,455,258,0.567032967032967,2489,1545,0.620731217356368,2443,1187,0.4858780188293082,-0.05369825032340103,0.08115494820365882,0.13485319852705985
MECKLENBURG_106,458,382,0.834061135371179,543,453,0.8342541436464088,780,643,0.8243589743589743,-0.00019300827522983344,0.009702161012204669,0.009895169287434502
MECKLENBURG_107.1,323,218,0.6749226006191951,2247,1698,0.7556742323097463,1502,835,0.5559254327563249,-0.08075163169055122,0.11899716786287018,0.1997487995534214
MECKLENBURG_108,234,141,0.6025641025641025,1288,804,0.6242236024844721,1168,424,0.363013698630137,-0.02165949992036953,0.23955040393396554,0.26120990385433507
MECKLENBURG_109,505,350,0.693069306930693,1206,918,0.7611940298507462,1462,1063,0.7270861833105335,-0.06812472292005323,-0.03401687637984052,0.034107846540212705
MECKLENBURG_110,460,380,0.8260869565217391,382,320,0.837696335078534,692,520,0.7514450867052023,-0.011609378556794892,0.07464186981653687,0.08625124837333176
MECKLENBURG_111,937,738,0.7876200640341515,864,660,0.7638888888888888,1445,1011,0.6996539792387543,0.023731175145262684,0.08796608479539725,0.06423490965013456
MECKLENBURG_112,786,636,0.8091603053435115,557,439,0.7881508078994613,1126,826,0.7335701598579041,0.021009497444050118,0.07559014548560739,0.05458064804155727
MECKLENBURG_113,1168,962,0.8236301369863014,929,723,0.7782561894510226,1664,1263,0.7590144230769231,0.04537394753527879,0.06461571390937826,0.019241766374099467
MECKLENBURG_114,937,767,0.8185699039487727,796,651,0.8178391959798995,1351,1028,0.7609178386380459,0.000730707968873201,0.05765206531072686,0.05692135734185366
MECKLENBURG_115,290,215,0.7413793103448276,778,559,0.718508997429306,690,337,0.48840579710144927,0.022870312915521662,0.25297351324337836,0.2301032003278567
MECKLENBURG_116,210,147,0.7,873,590,0.6758304696449027,664,313,0.4713855421686747,0.02416953035509728,0.22861445783132528,0.204444927476228
MECKLENBURG_117,285,192,0.6736842105263158,1153,778,0.6747614917606245,1072,536,0.5,-0.0010772812343087246,0.17368421052631577,0.1747614917606245
MECKLENBURG_118,833,657,0.7887154861944778,926,692,0.7473002159827213,1484,1068,0.7196765498652291,0.041415270211756505,0.06903893632924873,0.02762366611749223
MECKLENBURG_119,513,391,0.7621832358674464,527,386,0.7324478178368121,867,631,0.7277970011534025,0.029735418030634286,0.034386234714043895,0.004650816683409609
MECKLENBURG_120,216,113,0.5231481481481481,1079,568,0.5264133456904542,1077,457,0.4243268337975859,-0.003265197542306031,0.09882131435056224,0.10208651189286827
MECKLENBURG_121,1502,1224,0.8149134487350199,909,734,0.8074807480748075,1958,1501,0.7665985699693565,0.007432700660212399,0.04831487876566343,0.04088217810545103
MECKLENBURG_122,1121,728,0.6494201605709188,2620,1782,0.6801526717557251,2555,1450,0.5675146771037182,-0.030732511184806355,0.08190548346720061,0.11263799465200697
MECKLENBURG_123,242,169,0.6983471074380165,1417,1085,0.7657021877205363,1020,572,0.5607843137254902,-0.0673550802825198,0.13756279371252633,0.20491787399504613
MECKLENBURG_124,209,132,0.631578947368421,1587,1135,0.7151858853182105,1042,461,0.44241842610364684,-0.08360693794978946,0.18916052126477417,0.27276745921456363
MECKLENBURG_125,208,146,0.7019230769230769,673,476,0.7072808320950966,570,309,0.5421052631578948,-0.005357755172019751,0.15981781376518212,0.16517556893720187
MECKLENBURG_126,380,231,0.6078947368421053,2592,1822,0.7029320987654321,1977,996,0.503793626707132,-0.09503736192332679,0.10410111013497325,0.19913847205830004
MECKLENBURG_127,1915,1559,0.8140992167101828,1378,1148,0.8330914368650217,3109,2425,0.7799935670633644,-0.018992220154838924,0.03410564964681839,0.053097869801657316
MECKLENBURG_128,439,359,0.8177676537585421,1397,1093,0.7823908375089478,1276,883,0.6920062695924765,0.03537681624959432,0.12576138416606564,0.09038456791647131
MECKLENBURG_129,229,141,0.6157205240174672,589,356,0.6044142614601019,616,293,0.47564935064935066,0.011306262557365332,0.14007117336811659,0.12876491081075125
MECKLENBURG_130,302,210,0.695364238410596,914,595,0.650984682713348,836,415,0.4964114832535885,0.04437955569724805,0.1989527551570075,0.15457319945975945
MECKLENBURG_131,638,550,0.8620689655172413,420,352,0.8380952380952381,838,668,0.7971360381861575,0.02397372742200321,0.0649329273310838,0.04095919990908059
MECKLENBURG_132,335,208,0.6208955223880597,1599,1132,0.707942464040025,1415,707,0.49964664310954066,-0.08704694165196536,0.12124887927851902,0.20829582093048438
MECKLENBURG_133,1916,1532,0.7995824634655533,1341,1052,0.7844891871737509,2696,1947,0.7221810089020771,0.015093276291802349,0.07740145456347614,0.062308178271673786
MECKLENBURG_134,1941,1473,0.758887171561051,2282,1748,0.7659947414548641,3537,2360,0.667232117613797,-0.007107569893813115,0.09165505394725404,0.09876262384106715
MECKLENBURG_135,605,361,0.596694214876033,5119,3548,0.6931041218988083,3258,1627,0.49938612645794966,-0.0964099070227753,0.09730808841808336,0.19371799544085866
MECKLENBURG_136,1093,911,0.8334858188472095,834,688,0.8249400479616307,1385,1079,0.7790613718411552,0.00854577088557884,0.05442444700605431,0.04587867612047547
MECKLENBURG_137,2294,1725,0.7519616390584133,1632,1176,0.7205882352941176,3512,2429,0.691628701594533,0.03137340376429565,0.06033293746388024,0.028959533699584594
MECKLENBURG_138,429,249,0.5804195804195804,2029,1281,0.6313454903893544,1656,781,0.4716183574879227,-0.050925909969773975,0.10880122293165773,0.1597271329014317
MECKLENBURG_139.1,1084,803,0.7407749077490775,1081,801,0.7409805735430157,1875,1254,0.6688,-0.0002056657939382145,0.07197490774907755,0.07218057354301577
MECKLENBURG_140,1818,1313,0.7222222222222222,1702,1207,0.709165687426557,3014,1947,0.6459854014598541,0.013056534795665264,0.07623682076236815,0.06318028596670289
MECKLENBURG_141,279,158,0.5663082437275986,1557,994,0.6384071933204881,3304,1613,0.48819612590799033,-0.07209894959288954,0.07811211781960825,0.1502110674124978
MECKLENBURG_142,2502,1934,0.7729816147082335,1906,1480,0.776495278069255,3202,2229,0.6961274203622736,-0.003513663361021546,0.07685419434595986,0.0803678577069814
MECKLENBURG_143,2073,1669,0.8051133622768933,1511,1196,0.7915287888815354,2946,2172,0.7372708757637475,0.013584573395357902,0.06784248651314584,0.05425791311778794
MECKLENBURG_144,1191,891,0.7481108312342569,1103,803,0.7280145058930191,2018,1404,0.6957383548067394,0.020096325341237842,0.05237247642751752,0.03227615108627968
MECKLENBURG_145,1934,1461,0.7554291623578077,5013,3846,0.7672052663076002,4914,3277,0.6668701668701669,-0.01177610394979256,0.08855899548764079,0.10033509943743335
MECKLENBURG_146,313,182,0.5814696485623003,2695,1810,0.6716141001855288,1820,876,0.48131868131868133,-0.09014445162322848,0.100150967243619,0.19029541886684748
MECKLENBURG_147,467,268,0.5738758029978587,2097,1417,0.675727229375298,1615,746,0.46191950464396286,-0.10185142637743938,0.11195629835389581,0.2138077247313352
MECKLENBURG_148,2864,1996,0.696927374301676,3782,2628,0.6948704389212057,6262,4035,0.6443628233791121,0.0020569353804702484,0.052564550922563846,0.0505076155420936
MECKLENBURG_149,555,378,0.6810810810810811,3617,2660,0.7354160906828864,2428,1377,0.5671334431630972,-0.05433500960180526,0.1139476379179839,0.16828264751978916
MECKLENBURG_150,666,493,0.7402402402402403,1968,1471,0.7474593495934959,1627,994,0.610940381069453,-0.007219109353255648,0.12929985917078723,0.13651896852404288
MECKLENBURG_151,602,430,0.7142857142857143,3113,2420,0.7773851590106007,2483,1598,0.6435763189689891,-0.06309944472488638,0.07070939531672515,0.13380884004161153
MECKLENBURG_200,971,725,0.7466529351184346,1290,936,0.7255813953488373,1587,1035,0.6521739130434783,0.021071539769597303,0.09447902207495629,0.07340748230535898
MECKLENBURG_201,1678,1219,0.7264600715137068,4826,3627,0.7515540820555325,3925,2368,0.6033121019108281,-0.025094010541825695,0.12314796960287877,0.14824198014470447
MECKLENBURG_202,3158,2477,0.7843571880937302,2747,2102,0.7651983982526392,4681,3357,0.7171544541764581,0.019158789841090984,0.06720273391727216,0.04804394407618118
MECKLENBURG_203,981,686,0.6992864424057085,5138,3705,0.7210977033865317,3729,2154,0.5776347546259051,-0.0218112609808232,0.1216516877798034,0.1434629487606266
MECKLENBURG_204.1,501,352,0.7025948103792415,3229,2433,0.7534840507897181,2106,1245,0.5911680911680912,-0.0508892404104766,0.11142671921115033,0.16231595962162693
MECKLENBURG_205,711,552,0.7763713080168776,2391,1855,0.7758260142199916,1973,1212,0.6142929548910289,0.0005452937968859484,0.16207835312584873,0.16153305932896278
MECKLENBURG_206,1686,1214,0.7200474495848161,2993,1972,0.6588706982960241,4163,2804,0.6735527263992314,0.061176751288792075,0.046494723185584785,-0.01468202810320729
MECKLENBURG_207,1984,1549,0.7807459677419355,1688,1312,0.7772511848341233,3008,2186,0.7267287234042553,0.003494782907812244,0.05401724433768018,0.05052246142986794
MECKLENBURG_208,2109,1726,0.8183973447131342,886,683,0.7708803611738149,2389,1818,0.7609878610297196,0.047516983539319324,0.057409483683414586,0.009892500144095262
MECKLENBURG_209,1519,1207,0.7946017116524029,1530,1215,0.7941176470588235,2524,1799,0.7127575277337559,0.0004840645935794141,0.081844183918647,0.08136011932506759
MECKLENBURG_210,444,300,0.6756756756756757,4190,3127,0.7463007159904534,2171,1104,0.5085214187010594,-0.07062504031477779,0.16715425697461628,0.23777929728939406
MECKLENBURG_211,1195,769,0.6435146443514644,6324,4456,0.704617330803289,4717,2549,0.5403858384566462,-0.061102686451824595,0.10312880589481821,0.1642314923466428
MECKLENBURG_212,1212,743,0.613036303630363,7795,5237,0.6718409236690186,6122,3218,0.5256452139823587,-0.05880462003865561,0.08739108964800424,0.14619570968665985
MECKLENBURG_213,408,260,0.6372549019607843,3418,2457,0.7188414277355178,1940,917,0.472680412371134,-0.08158652577473358,0.16457448958965026,0.24616101536438384
MECKLENBURG_214,424,318,0.75,1954,1484,0.759467758444217,1453,934,0.64280798348245,-0.00946775844421699,0.10719201651754995,0.11665977496176694
MECKLENBURG_215,1140,885,0.7763157894736842,1154,892,0.7729636048526863,1904,1335,0.7011554621848739,0.0033521846209978445,0.07516032728881028,0.07180814266781244
MECKLENBURG_216,1523,1204,0.7905449770190414,1863,1412,0.7579173376274826,2335,1596,0.6835117773019272,0.03262763939155877,0.10703319971711411,0.07440556032555534
MECKLENBURG_217,813,584,0.7183271832718328,979,676,0.6905005107252298,1381,835,0.6046343229543809,0.027826672546602982,0.11369286031745185,0.08586618777084887
MECKLENBURG_218,1072,846,0.789179104477612,816,619,0.758578431372549,1344,1005,0.7477678571428571,0.03060067310506298,0.041411247334754875,0.010810574229691894
MECKLENBURG_219,1066,862,0.8086303939962477,862,683,0.7923433874709976,1240,878,0.7080645161290322,0.01628700652525006,0.10056587786721549,0.08427887134196543
MECKLENBURG_220,1209,1032,0.8535980148883374,826,682,0.8256658595641646,1374,1041,0.75764192139738,0.027932155324172814,0.09595609349095746,0.06802393816678465
MECKLENBURG_221,2063,1735,0.8410082404265633,1074,910,0.8472998137802608,2033,1580,0.7771765863256271,-0.006291573353697455,0.06383165410093616,0.07012322745463362
MECKLENBURG_222,842,615,0.7304038004750594,4485,3296,0.7348940914158305,2979,1619,0.5434709634105405,-0.0044902909407711356,0.1869328370645189,0.19142312800529004
MECKLENBURG_223.1,1507,1139,0.7558062375580624,3650,2716,0.7441095890410959,3535,2337,0.6611032531824611,0.011696648516966501,0.09470298437560132,0.08300633585863482
MECKLENBURG_224,747,549,0.7349397590361446,1626,1190,0.7318573185731857,1408,833,0.5916193181818182,0.003082440462958913,0.14332044085432638,0.14023800039136747
MECKLENBURG_225,820,628,0.7658536585365854,1066,811,0.7607879924953096,1432,975,0.6808659217877095,0.005065666041275785,0.08498773674887583,0.07992207070760005
MECKLENBURG_226,1092,813,0.7445054945054945,1193,855,0.7166806370494552,1910,1262,0.6607329842931937,0.027824857456039354,0.08377251021230081,0.05594765275626146
MECKLENBURG_227,2236,1681,0.751788908765653,2120,1593,0.7514150943396226,3800,2640,0.6947368421052632,0.00037381442603035,0.057052066660389755,0.056678252234359405
MECKLENBURG_228,702,450,0.6410256410256411,2305,1607,0.6971800433839479,1972,1053,0.533975659229209,-0.05615440235830682,0.1070499817964321,0.16320438415473892
MECKLENBURG_229,3803,2668,0.7015514067841178,6309,4820,0.7639879537169123,7024,4650,0.6620159453302962,-0.062436546932794545,0.039535461453821585,0.10197200838661613
MECKLENBURG_230,1753,1134,0.6468910439247005,5527,3850,0.6965804233761534,4874,2764,0.567090685268773,-0.04968937945145291,0.0798003586559275,0.1294897381073804
MECKLENBURG_231,1264,874,0.6914556962025317,1955,1351,0.6910485933503836,2383,1423,0.5971464540495174,0.00040710285214806685,0.09430924215301428,0.09390213930086622
MECKLENBURG_232,1514,1167,0.7708058124174373,1378,1025,0.7438316400580551,2493,1754,0.7035699959887686,0.026974172359382154,0.06723581642866872,0.04026164406928656
MECKLENBURG_233,1645,1402,0.8522796352583587,1065,884,0.8300469483568075,2174,1739,0.7999080036798528,0.022232686901551224,0.052371631578505884,0.03013894467695466
MECKLENBURG_234,996,767,0.7700803212851406,1292,946,0.7321981424148607,1622,987,0.6085080147965475,0.03788217887027989,0.1615723064885931,0.12369012761831322
MECKLENBURG_235,895,714,0.7977653631284917,1386,920,0.6637806637806638,1435,852,0.5937282229965157,0.13398469934782786,0.20403714013197594,0.07005244078414807
MECKLENBURG_236,2301,1893,0.8226857887874837,1587,1305,0.8223062381852552,2446,1835,0.750204415372036,0.00037955060222849557,0.07248137341544769,0.0721018228132192
MECKLENBURG_237,560,347,0.6196428571428572,2874,1963,0.6830201809324983,2302,1149,0.499131190269331,-0.06337732378964112,0.12051166687352616,0.18388899066316727
MECKLENBURG_238.1,464,355,0.7650862068965517,1564,1247,0.7973145780051151,1334,909,0.6814092953523239,-0.03222837110856336,0.08367691154422785,0.11590528265279121
MECKLENBURG_239,546,399,0.7307692307692307,2499,1865,0.7462985194077632,1993,1186,0.5950827897641746,-0.015529288638532424,0.1356864410050561,0.15121572964358854
MECKLENBURG_240,2331,1786,0.7661947661947662,1422,1018,0.7158931082981715,2953,2026,0.6860819505587538,0.05030165789659469,0.08011281563601247,0.029811157739417782
MECKLENBURG_241,2771,2159,0.7791411042944786,3781,3026,0.8003173763554615,4798,3489,0.7271779908295123,-0.021176272060982937,0.05196311346496629,0.07313938552594923
MECKLENBURG_242,1543,1279,0.8289047310434219,467,371,0.7944325481798715,1490,1148,0.7704697986577181,0.03447218286355036,0.05843493238570374,0.02396274952215338
MECKLENBURG_243,2223,1490,0.6702654071075124,5137,3688,0.7179287521899942,5096,3124,0.6130298273155416,-0.04766334508248182,0.0572355797919708,0.10489892487445263
MITCHELL_01-A,923,786,0.8515709642470206,124,85,0.6854838709677419,577,432,0.7487001733102253,0.16608709327927873,0.1028707909367953,-0.06321630234248343
MITCHELL_02,208,165,0.7932692307692307,14,9,0.6428571428571429,61,43,0.7049180327868853,0.15041208791208782,0.08835119798234548,-0.06206088992974235
MITCHELL_03,325,268,0.8246153846153846,40,33,0.825,176,127,0.7215909090909091,-0.00038461538461531664,0.10302447552447558,0.1034090909090909
MITCHELL_04,3287,2693,0.8192881046547004,509,371,0.7288801571709234,2082,1471,0.7065321805955812,0.09040794748377701,0.11275592405911916,0.022347976575342154
MITCHELL_05,527,416,0.7893738140417458,41,29,0.7073170731707317,267,180,0.6741573033707865,0.08205674087101411,0.11521651067095928,0.03315976979994517
MITCHELL_06,327,273,0.8348623853211009,39,27,0.6923076923076923,169,123,0.727810650887574,0.14255469301340862,0.10705173443352689,-0.03550295857988173
MITCHELL_07,115,93,0.808695652173913,10,5,0.5,42,29,0.6904761904761905,0.30869565217391304,0.11821946169772257,-0.19047619047619047
MITCHELL_09,680,560,0.8235294117647058,146,98,0.6712328767123288,471,350,0.7430997876857749,0.15229653505237706,0.08042962407893095,-0.07186691097344611
MONTGOMERY_BIS,385,306,0.7948051948051948,554,419,0.7563176895306859,526,303,0.5760456273764258,0.03848750527450895,0.218759567428769,0.18027206215426006
MONTGOMERY_CAN,426,324,0.7605633802816901,444,343,0.7725225225225225,536,321,0.5988805970149254,-0.011959142240832388,0.16168278326676477,0.17364192550759716
MONTGOMERY_CHE,326,271,0.8312883435582822,139,106,0.762589928057554,219,154,0.7031963470319634,0.0686984155007282,0.12809199652631875,0.05939358102559056
MONTGOMERY_ELD,999,848,0.8488488488488488,169,140,0.8284023668639053,629,478,0.7599364069952306,0.020446481984943476,0.08891244185361824,0.06846595986867476
MONTGOMERY_LIT,270,233,0.8629629629629629,79,65,0.8227848101265823,232,173,0.7456896551724138,0.0401781528363806,0.11727330779054912,0.07709515495416852
MONTGOMERY_MTG,328,249,0.7591463414634146,833,634,0.7611044417767107,434,270,0.6221198156682027,-0.0019581003132960184,0.1370265257952119,0.13898462610850792
MONTGOMERY_OPH,141,122,0.8652482269503546,33,26,0.7878787878787878,112,97,0.8660714285714286,0.07736943907156679,-0.0008232016210739657,-0.07819264069264076
MONTGOMERY_PEE,845,709,0.8390532544378698,221,175,0.7918552036199095,565,418,0.7398230088495575,0.04719805081796036,0.09923024558831228,0.052032194770351925
MONTGOMERY_ROC,209,159,0.7607655502392344,324,251,0.7746913580246914,259,112,0.43243243243243246,-0.013925807785456934,0.32833311780680197,0.3422589255922589
MONTGOMERY_STA,730,619,0.8479452054794521,288,230,0.7986111111111112,561,399,0.7112299465240641,0.04933409436834091,0.13671525895538794,0.08738116458704703
MONTGOMERY_T1,700,567,0.81,565,437,0.7734513274336283,731,474,0.6484268125854993,0.03654867256637173,0.16157318741450077,0.12502451484812904
MONTGOMERY_T2,528,431,0.8162878787878788,325,250,0.7692307692307693,541,400,0.7393715341959335,0.04705710955710951,0.0769163445919453,0.029859235034835785
MONTGOMERY_UWH,731,602,0.8235294117647058,192,154,0.8020833333333334,598,440,0.7357859531772575,0.021446078431372473,0.08774345858744836,0.06629738015607589
MONTGOMERY_WAD,130,99,0.7615384615384615,189,142,0.7513227513227513,137,71,0.5182481751824818,0.010215710215710216,0.2432902863559797,0.2330745761402695
MOORE_BEN,1001,876,0.8751248751248751,421,298,0.7078384798099763,698,495,0.7091690544412608,0.16728639531489886,0.16595582068361436,-0.001330574631284498
MOORE_CAM,1475,1189,0.8061016949152542,427,319,0.747072599531616,1185,820,0.6919831223628692,0.05902909538363821,0.114118572552385,0.05508947716874679
MOORE_CAR,2813,2310,0.8211873444720938,1030,787,0.7640776699029126,2246,1569,0.6985752448797863,0.05710967456918126,0.12261209959230757,0.06550242502312631
MOORE_DHR,949,833,0.8777660695468915,217,169,0.7788018433179723,555,405,0.7297297297297297,0.0989642262289192,0.1480363398171618,0.049072113588242594
MOORE_EAB,1204,861,0.7151162790697675,875,622,0.7108571428571429,1436,854,0.5947075208913649,0.004259136212624637,0.12040875817840258,0.11614962196577794
MOORE_EKWD,693,543,0.7835497835497836,283,212,0.7491166077738516,646,439,0.6795665634674922,0.03443317577593197,0.10398322008229133,0.06955004430635936
MOORE_EUR-WP,2265,1811,0.7995584988962472,545,437,0.8018348623853211,2134,1543,0.7230552952202437,-0.002276363489073896,0.0765032036760035,0.07877956716507739
MOORE_EWD,803,660,0.821917808219178,324,255,0.7870370370370371,727,548,0.7537826685006878,0.034880771182140946,0.06813513971849028,0.03325436853634933
MOORE_LTR,1557,1155,0.7418111753371869,523,382,0.7304015296367112,1546,989,0.6397153945666235,0.011409645700475646,0.10209578077056336,0.09068613507008771
MOORE_NSP,791,603,0.7623261694058154,664,504,0.7590361445783133,1328,928,0.6987951807228916,0.0032900248275021804,0.06353098868292384,0.06024096385542166
MOORE_PBF,894,681,0.761744966442953,642,438,0.6822429906542056,997,625,0.6268806419257773,0.0795019757887474,0.13486432451717567,0.05536234872842827
MOORE_PDN,1299,1030,0.7929176289453426,738,589,0.7981029810298103,1617,1119,0.6920222634508348,-0.005185352084467687,0.10089536549450773,0.10608071757897541
MOORE_PHA1,1379,1112,0.8063814358230602,591,443,0.7495769881556683,1496,1098,0.733957219251337,0.0568044476673919,0.07242421657172327,0.015619768904331366
MOORE_PHA2,1076,919,0.854089219330855,263,209,0.7946768060836502,975,793,0.8133333333333334,0.05941241324720481,0.04075588599752167,-0.01865652724968314
MOORE_PHB1A,1359,1118,0.8226637233259749,554,442,0.7978339350180506,1315,1023,0.7779467680608365,0.024829788307924372,0.044716955265138414,0.019887166957214042
MOORE_PHB2,1138,968,0.8506151142355008,355,294,0.828169014084507,945,748,0.7915343915343915,0.022446100150993797,0.05908072270110931,0.036634622550115514
MOORE_PHC,1755,1409,0.8028490028490028,788,630,0.799492385786802,1969,1469,0.7460639918740477,0.0033566170622008062,0.05678501097495514,0.053428393912754335
MOORE_RBN,640,513,0.8015625,236,153,0.6483050847457628,484,292,0.6033057851239669,0.1532574152542372,0.19825671487603302,0.04499929962179583
MOORE_SLS,2407,1970,0.8184461985874533,743,572,0.7698519515477793,2097,1592,0.7591797806390082,0.048594247039673966,0.059266417948445116,0.01067217090877115
MOORE_SSP,1471,1121,0.7620666213460231,1435,952,0.6634146341463415,1729,1071,0.6194331983805668,0.0986519871996816,0.14263342296545634,0.043981435765774735
MOORE_TLT,83,63,0.7590361445783133,280,207,0.7392857142857143,160,98,0.6125,0.01975043029259893,0.1465361445783132,0.12678571428571428
MOORE_VSS,1067,815,0.7638238050609185,401,286,0.713216957605985,1048,706,0.6736641221374046,0.05060684745493349,0.09015968292351395,0.03955283546858046
MOORE_WAB,1479,1077,0.7281947261663286,1115,765,0.6860986547085202,1685,1009,0.598813056379822,0.04209607145780847,0.12938166978650667,0.0872855983286982
MOORE_WEM,1267,1104,0.8713496448303079,232,183,0.7887931034482759,546,408,0.7472527472527473,0.08255654138203194,0.1240968975775606,0.04154035619552865
MOORE_WKWD1,1260,982,0.7793650793650794,438,336,0.7671232876712328,1232,911,0.739448051948052,0.012241791693846538,0.039917027417027406,0.02767523572318087
MOORE_WND,1555,1256,0.8077170418006431,574,446,0.7770034843205574,1287,917,0.7125097125097125,0.03071355748008564,0.09520732929093056,0.06449377181084492
NASH_P01A,1261,1057,0.838223632038065,958,716,0.7473903966597077,1386,939,0.6774891774891775,0.0908332353783573,0.16073445454888757,0.06990121917053027
NASH_P02A,983,814,0.8280773143438453,697,488,0.7001434720229556,1063,670,0.6302916274694261,0.12793384232088978,0.19778568687441922,0.06985184455352944
NASH_P03A,755,642,0.8503311258278146,435,318,0.7310344827586207,836,564,0.6746411483253588,0.11929664306919385,0.17568997750245574,0.05639333443326189
NASH_P04A,769,655,0.8517555266579974,539,424,0.7866419294990723,698,432,0.6189111747851003,0.06511359715892506,0.2328443518728971,0.16773075471397203
NASH_P05A,1605,1442,0.8984423676012461,498,395,0.7931726907630522,1030,784,0.7611650485436893,0.10526967683819388,0.1372773190575568,0.03200764221936292
NASH_P06A,905,734,0.8110497237569061,1280,1003,0.78359375,1015,655,0.645320197044335,0.027455973756906116,0.16572952671257113,0.138273552955665
NASH_P07A,371,332,0.894878706199461,218,175,0.8027522935779816,281,201,0.7153024911032029,0.09212641262147936,0.1795762150962581,0.08744980247477874
NASH_P08A,2176,1844,0.8474264705882353,2709,2180,0.8047249907715024,2324,1597,0.6871772805507745,0.04270147981673289,0.16024919003746074,0.11754771022072785
NASH_P09A,473,394,0.8329809725158562,505,411,0.8138613861386138,477,320,0.6708595387840671,0.019119586377242426,0.1621214337317891,0.14300184735454669
NASH_P10A,479,406,0.8475991649269311,986,797,0.808316430020284,581,377,0.648881239242685,0.03928273490664713,0.19871792568424607,0.15943519077759893
NASH_P11A,1542,1346,0.8728923476005188,648,542,0.8364197530864198,1059,817,0.7714825306893296,0.03647259451409901,0.10140981691118922,0.06493722239709021
NASH_P12A,296,256,0.8648648648648649,453,373,0.8233995584988962,305,205,0.6721311475409836,0.04146530636596868,0.19273371732388134,0.15126841095791266
NASH_P13A,138,107,0.7753623188405797,424,335,0.7900943396226415,217,127,0.5852534562211982,-0.014732020782061817,0.19010886261938154,0.20484088340144335
NASH_P14A,607,515,0.8484349258649094,565,463,0.8194690265486726,587,398,0.6780238500851788,0.02896589931623683,0.17041107577973058,0.14144517646349375
NASH_P15A,1596,1369,0.8577694235588973,1419,1165,0.821000704721635,1483,1006,0.6783546864463924,0.03676871883726229,0.17941473711250489,0.1426460182752426
NASH_P16A,530,425,0.8018867924528302,1016,762,0.75,903,501,0.5548172757475083,0.05188679245283023,0.24706951670532196,0.19518272425249172
NASH_P17A,687,519,0.7554585152838428,2081,1570,0.7544449783757808,1580,841,0.5322784810126582,0.0010135369080619405,0.2231800342711846,0.22216649736312266
NASH_P18A,477,362,0.7589098532494759,1485,1136,0.764983164983165,1070,605,0.5654205607476636,-0.00607331173368908,0.19348929250181235,0.19956260423550143
NASH_P19A,1537,1272,0.8275862068965517,2111,1705,0.8076740881099005,2050,1335,0.651219512195122,0.019912118786651223,0.17636669470142974,0.15645457591477852
NASH_P20A,660,550,0.8333333333333334,1199,924,0.7706422018348624,983,579,0.5890132248219736,0.06269113149847094,0.24432010851135977,0.18162897701288883
NASH_P21A,381,285,0.7480314960629921,1357,967,0.7126013264554164,1485,682,0.45925925925925926,0.03543016960757572,0.2887722368037329,0.25334206719615715
NASH_P22A,129,81,0.627906976744186,1010,669,0.6623762376237624,1400,452,0.32285714285714284,-0.03446926087957636,0.3050498338870432,0.33951909476661957
NASH_P23A,270,199,0.737037037037037,1712,1156,0.6752336448598131,1796,709,0.39476614699331847,0.06180339217722397,0.3422708900437186,0.2804674978664946
NASH_P24A,1335,1153,0.8636704119850187,895,642,0.71731843575419,1131,714,0.6312997347480106,0.14635197623082874,0.2323706772370081,0.08601870100617937
NEW HANOVER_CF01,1734,1441,0.8310265282583622,1746,1368,0.7835051546391752,2393,1664,0.6953614709569578,0.04752137361918696,0.13566505730140443,0.08814368368221748
NEW HANOVER_CF02,1269,1040,0.8195429472025216,725,537,0.7406896551724138,1291,842,0.6522075910147173,0.07885329203010782,0.16733535618780437,0.08848206415769655
NEW HANOVER_CF05,1288,942,0.7313664596273292,928,660,0.7112068965517241,1665,1042,0.6258258258258258,0.02015956307560507,0.10554063380150336,0.08538107072589829
NEW HANOVER_CF06,1009,808,0.800792864222002,772,586,0.7590673575129534,1350,911,0.6748148148148149,0.04172550670904862,0.12597804940718715,0.08425254269813853
NEW HANOVER_FP03,722,584,0.8088642659279779,415,331,0.7975903614457831,874,647,0.7402745995423341,0.011273904482194785,0.06858966638564379,0.057315761903449
NEW HANOVER_FP04,2469,2043,0.827460510328068,1317,1055,0.8010630220197419,2869,2057,0.7169745555942837,0.02639748830832611,0.11048595473378431,0.0840884664254582
NEW HANOVER_FP06,1564,1252,0.8005115089514067,999,753,0.7537537537537538,2047,1371,0.6697606253053249,0.046757755197652906,0.13075088364608178,0.08399312844842888
NEW HANOVER_FP07,2200,1812,0.8236363636363636,1190,967,0.8126050420168067,2592,1849,0.7133487654320988,0.011031321619556889,0.11028759820426481,0.09925627658470793
NEW HANOVER_FP08,2194,1729,0.7880583409298085,1247,998,0.8003207698476343,2660,1902,0.7150375939849624,-0.012262428917825807,0.07302074694484617,0.08528317586267198
NEW HANOVER_H01,507,418,0.8244575936883629,455,350,0.7692307692307693,753,487,0.646746347941567,0.05522682445759364,0.17771124574679587,0.12248442128920223
NEW HANOVER_H02,1983,1688,0.8512355017650025,833,669,0.8031212484993998,2001,1515,0.7571214392803598,0.0481142532656027,0.09411406248464271,0.04599980921904001
NEW HANOVER_H04,1439,1161,0.8068102849200834,1112,864,0.7769784172661871,1979,1403,0.708943911066195,0.029831867653896338,0.09786637385388841,0.06803450619999207
NEW HANOVER_H05,1543,1242,0.8049254698639015,947,718,0.7581837381203802,1797,1221,0.679465776293823,0.04674173174352125,0.12545969357007847,0.07871796182655721
NEW HANOVER_H06,1124,886,0.7882562277580071,908,698,0.7687224669603524,1518,1037,0.6831357048748353,0.019533760797654676,0.10512052288317175,0.08558676208551708
NEW HANOVER_H08,2512,2108,0.839171974522293,1308,1112,0.8501529051987767,2914,2259,0.7752230610844201,-0.010980930676483758,0.0639489134378729,0.07492984411435666
NEW HANOVER_H10,1240,934,0.7532258064516129,1401,1050,0.7494646680942184,2101,1288,0.6130414088529271,0.0037611383573944446,0.14018439759868573,0.13642325924129128
NEW HANOVER_H11,2378,1813,0.7624053826745164,1746,1325,0.7588774341351661,3339,2255,0.6753519017669961,0.003527948539350345,0.0870534809075203,0.08352553236816995
NEW HANOVER_H12,1588,1293,0.8142317380352645,827,645,0.7799274486094316,1952,1409,0.7218237704918032,0.03430428942583286,0.09240796754346126,0.0581036781176284
NEW HANOVER_H13,2139,1783,0.83356708742403,1082,901,0.83271719038817,2401,1893,0.7884214910453977,0.0008498970358599145,0.04514559637863225,0.04429569934277233
NEW HANOVER_M02,2226,1860,0.8355795148247979,1590,1293,0.8132075471698114,3080,2360,0.7662337662337663,0.022371967654986502,0.0693457485910316,0.046973780936045095
NEW HANOVER_M03,2575,2084,0.8093203883495146,1799,1366,0.7593107281823235,3459,2388,0.6903729401561145,0.050009660167191106,0.11894744819340008,0.06893778802620898
NEW HANOVER_M04,2255,1770,0.7849223946784922,1819,1433,0.7877954920285871,3236,2213,0.6838689740420272,-0.0028730973500948886,0.10105342063646505,0.10392651798655994
NEW HANOVER_M06,1107,919,0.8301716350496838,713,588,0.8246844319775596,1209,893,0.738626964433416,0.005487203072124247,0.09154467061626781,0.08605746754414356
NEW HANOVER_M07,1048,905,0.8635496183206107,574,479,0.8344947735191638,1149,912,0.793733681462141,0.029054844801446933,0.06981593685846976,0.04076109205702283
NEW HANOVER_W03,232,150,0.646551724137931,1130,763,0.6752212389380531,1108,596,0.5379061371841155,-0.02866951480012203,0.10864558695381554,0.13731510175393757
NEW HANOVER_W08,411,289,0.7031630170316302,685,385,0.5620437956204379,766,345,0.45039164490861616,0.14111922141119226,0.25277137212301404,0.11165215071182177
NEW HANOVER_W12,458,359,0.7838427947598253,691,548,0.7930535455861071,839,563,0.6710369487485102,-0.009210750826281755,0.11280584601131516,0.12201659683759691
NEW HANOVER_W15,808,424,0.5247524752475248,2699,1614,0.5979992589848092,2934,1109,0.3779822767552829,-0.07324678373728444,0.14677019849224188,0.22001698222952631
NEW HANOVER_W16,1056,869,0.8229166666666666,904,722,0.7986725663716814,1497,1088,0.7267869071476286,0.02424410029498525,0.09612975951903802,0.07188565922405277
NEW HANOVER_W17,718,618,0.8607242339832869,672,534,0.7946428571428571,990,701,0.7080808080808081,0.0660813768404298,0.1526434259024788,0.086562049062049
NEW HANOVER_W21,1389,999,0.7192224622030238,1470,1072,0.7292517006802721,2412,1506,0.6243781094527363,-0.010029238477248348,0.09484435275028746,0.10487359122753581
NEW HANOVER_W25,643,395,0.614307931570762,2154,1591,0.7386258124419685,2297,1317,0.5733565520243796,-0.12431788087120643,0.040951379546382394,0.16526926041758883
NEW HANOVER_W26,531,356,0.6704331450094162,1035,720,0.6956521739130435,1341,730,0.5443698732289336,-0.02521902890362726,0.1260632717804826,0.15128230068410986
NEW HANOVER_W27,380,272,0.7157894736842105,1427,1129,0.7911702873160477,1397,920,0.658554044380816,-0.07538081363183713,0.057235429303394536,0.13261624293523167
NEW HANOVER_W29,251,123,0.4900398406374502,1908,1277,0.6692872117400419,1598,650,0.4067584480600751,-0.1792473711025917,0.0832813925773751,0.2625287636799668
NEW HANOVER_W30,1452,1107,0.762396694214876,1808,1240,0.6858407079646017,2675,1558,0.5824299065420561,0.07655598625027427,0.17996678767281993,0.10341080142254566
NEW HANOVER_W31,1340,1077,0.8037313432835821,1232,965,0.7832792207792207,1925,1392,0.7231168831168832,0.020452122504361347,0.08061446016669893,0.060162337662337584
NEW HANOVER_W33,2104,1752,0.8326996197718631,1164,944,0.8109965635738832,2561,1895,0.7399453338539633,0.021703056197979964,0.0927542859178998,0.07105122971991984
NEW HANOVER_W34,1175,770,0.6553191489361702,1737,1114,0.641335636154289,3695,2180,0.5899864682002707,0.013983512781881147,0.06533268073589948,0.05134916795401834
NEW HANOVER_W35,1067,731,0.6850984067478912,1570,1118,0.7121019108280254,2510,1510,0.601593625498008,-0.02700350408013419,0.08350478124988325,0.11050828533001744
NEW HANOVER_WB,744,644,0.8655913978494624,397,345,0.8690176322418136,967,716,0.7404343329886246,-0.003426234392351235,0.12515706486083777,0.128583299253189
NORTHAMPTON_COMIPE,140,99,0.7071428571428572,627,525,0.8373205741626795,407,298,0.7321867321867321,-0.13017771701982228,-0.025043875043874952,0.10513384197594733
NORTHAMPTON_CREEKS,52,38,0.7307692307692307,286,237,0.8286713286713286,204,154,0.7549019607843137,-0.09790209790209792,-0.02413273001508298,0.07376936788701494
NORTHAMPTON_GALATI,63,45,0.7142857142857143,313,237,0.7571884984025559,188,131,0.6968085106382979,-0.042902784116841564,0.01747720364741645,0.060379987764258014
NORTHAMPTON_GAPL,102,69,0.6764705882352942,1281,942,0.7353629976580797,488,225,0.4610655737704918,-0.05889240942278551,0.21540501446480237,0.2742974238875879
NORTHAMPTON_GASTON,310,230,0.7419354838709677,1418,1026,0.7235543018335684,752,388,0.5159574468085106,0.018381182037399357,0.22597803706245712,0.20759685502505776
NORTHAMPTON_JARE,94,79,0.8404255319148937,462,362,0.7835497835497836,259,173,0.667953667953668,0.05687574836511011,0.1724718639612257,0.1155961155961156
NORTHAMPTON_LAKE G,410,305,0.7439024390243902,417,334,0.8009592326139089,561,394,0.7023172905525846,-0.05705679358951865,0.04158514847180561,0.09864194206132426
NORTHAMPTON_LASKER,33,26,0.7878787878787878,82,64,0.7804878048780488,109,91,0.8348623853211009,0.007390983000739038,-0.04698359744231306,-0.0543745804430521
NORTHAMPTON_NEWTOW,101,74,0.7326732673267327,239,193,0.8075313807531381,149,109,0.7315436241610739,-0.07485811342640547,0.001129643165658778,0.07598775659206425
NORTHAMPTON_RICH S,101,67,0.6633663366336634,787,580,0.7369758576874206,308,168,0.5454545454545454,-0.07360952105375718,0.11791179117911799,0.19152131223287516
NORTHAMPTON_SEABOA,97,60,0.6185567010309279,525,379,0.7219047619047619,272,162,0.5955882352941176,-0.10334806087383408,0.022968465736810217,0.1263165266106443
NORTHAMPTON_SEVERN,61,44,0.7213114754098361,149,117,0.785234899328859,116,89,0.7672413793103449,-0.06392342391902295,-0.04592990390050877,0.017993520018514175
NORTHAMPTON_WOPO,85,61,0.7176470588235294,412,295,0.7160194174757282,240,133,0.5541666666666667,0.0016276413478012453,0.16348039215686272,0.16185275080906147
ONSLOW_BC21,3068,2128,0.6936114732724902,761,497,0.6530880420499343,3036,1644,0.541501976284585,0.04052343122255586,0.1521094969879052,0.11158606576534935
ONSLOW_BM08,2376,1658,0.6978114478114478,1957,1297,0.6627491057741441,4006,1813,0.45257114328507236,0.03506234203730363,0.2452403045263754,0.21017796248907178
ONSLOW_CL10,1762,1271,0.7213393870601589,409,269,0.6577017114914425,1619,874,0.5398394070413836,0.06363767556871636,0.18149998001877532,0.11786230445005896
ONSLOW_CR07,2318,1647,0.7105263157894737,914,574,0.6280087527352297,2882,1343,0.46599583622484386,0.08251756305424396,0.2445304795646298,0.16201291651038585
ONSLOW_EN03,3958,2542,0.6422435573521981,3367,2088,0.6201366201366202,6829,2836,0.415287743447064,0.022106937215577882,0.22695581390513409,0.2048488766895562
ONSLOW_FS16,2955,2142,0.7248730964467005,745,512,0.687248322147651,2614,1561,0.5971690895179801,0.037624774299049535,0.12770400692872041,0.09007923262967088
ONSLOW_GB12,2724,2013,0.7389867841409692,1036,711,0.6862934362934363,2710,1506,0.555719557195572,0.05269334784753288,0.1832672269453972,0.13057387909786433
ONSLOW_HM05,1913,1324,0.6921066387872452,1122,762,0.679144385026738,2479,1215,0.4901169826542961,0.012962253760507192,0.2019896561329491,0.18902740237244192
ONSLOW_HN14,1314,960,0.730593607305936,444,298,0.6711711711711712,1509,857,0.5679257786613652,0.05942243613476483,0.16266782864457086,0.10324539250980602
ONSLOW_HR17,2090,1552,0.7425837320574162,558,380,0.6810035842293907,1894,1188,0.6272439281942978,0.061580147828025567,0.11533980386311848,0.05375965603509292
ONSLOW_HU20,2006,1404,0.6999002991026919,485,284,0.5855670103092784,2048,1054,0.5146484375,0.11433328879341353,0.18525186160269191,0.07091857280927838
ONSLOW_JA01,3284,1371,0.4174786845310597,1336,602,0.4505988023952096,4340,1072,0.24700460829493087,-0.03312011786414992,0.1704740762361288,0.20359419410027874
ONSLOW_ML23,567,426,0.7513227513227513,215,156,0.7255813953488373,583,357,0.6123499142367067,0.025741355973914026,0.13897283708604458,0.11323148111213055
ONSLOW_MT24,1331,1021,0.7670924117205109,290,207,0.7137931034482758,1134,738,0.6507936507936508,0.05329930827223506,0.11629876092686009,0.06299945265462503
ONSLOW_NE22A,1772,1130,0.6376975169300225,1312,883,0.6730182926829268,2953,1261,0.427023366068405,-0.035320775752904265,0.2106741508616175,0.24599492661452177
ONSLOW_NE22B,2414,1638,0.6785418392709196,1338,911,0.6808669656203289,3089,1524,0.4933635480738103,-0.00232512634940929,0.18517829119710932,0.1875034175465186
ONSLOW_NM13,600,488,0.8133333333333334,126,88,0.6984126984126984,497,316,0.635814889336016,0.11492063492063498,0.1775184439973173,0.06259780907668233
ONSLOW_NR02,236,114,0.4830508474576271,707,439,0.620933521923621,1045,286,0.2736842105263158,-0.13788267446599384,0.2093666369313113,0.34724931139730514
ONSLOW_RL09,3146,2314,0.7355371900826446,1104,746,0.6757246376811594,3011,1714,0.5692460976419794,0.0598125524014852,0.1662910924406652,0.10647854003918
ONSLOW_SF18,3520,2537,0.7207386363636363,832,546,0.65625,3065,1866,0.6088091353996737,0.06448863636363633,0.11192950096396259,0.04744086460032626
ONSLOW_SW19,2841,2211,0.778247096092925,724,542,0.7486187845303868,2532,1643,0.6488941548183255,0.0296283115625382,0.1293529412745995,0.09972462971206131
ONSLOW_TL06,1847,1333,0.721710882512182,689,469,0.6806966618287373,1874,1013,0.540554962646745,0.041014220683444624,0.181155919865437,0.14014169918199237
ONSLOW_VR15,1071,762,0.711484593837535,289,192,0.6643598615916955,1188,690,0.5808080808080808,0.04712473224583957,0.13067651302945427,0.0835517807836147
ONSLOW_WN04,2110,1630,0.7725118483412322,924,664,0.7186147186147186,2293,1332,0.5808983863933711,0.053897129726513615,0.1916134619478611,0.1377163322213475
ORANGE_CA,334,286,0.8562874251497006,397,346,0.871536523929471,454,347,0.76431718061674,-0.015249098779770431,0.09197024453296054,0.10721934331273097
ORANGE_CB1,137,92,0.6715328467153284,1951,1432,0.7339825730394669,1319,903,0.6846095526914329,-0.06244972632413848,-0.013076705976104441,0.049373020348034036
ORANGE_CF1,331,232,0.7009063444108762,2130,1617,0.7591549295774648,2314,1617,0.698789974070873,-0.058248585166588596,0.0021163703400032263,0.06036495550659182
ORANGE_CG,442,363,0.8212669683257918,594,506,0.8518518518518519,697,548,0.7862266857962698,-0.030584883526060036,0.03504028252952207,0.06562516605558211
ORANGE_CH,43,28,0.6511627906976745,676,578,0.8550295857988166,594,447,0.7525252525252525,-0.20386679510114214,-0.10136246182757802,0.10250433327356412
ORANGE_CO,138,91,0.6594202898550725,1410,1085,0.7695035460992907,1301,932,0.7163720215219063,-0.11008325624421822,-0.05695173166683376,0.05313152457738446
ORANGE_CS1,305,271,0.8885245901639345,740,647,0.8743243243243243,780,646,0.8282051282051283,0.014200265839610204,0.06031946195880622,0.046119196119196015
ORANGE_CW,955,837,0.8764397905759163,773,686,0.88745148771022,1260,1020,0.8095238095238095,-0.011011697134303722,0.06691598105210672,0.07792767818641044
ORANGE_CX,1649,1327,0.8047301394784718,2573,2087,0.8111154294597746,2945,2121,0.7202037351443124,-0.006385289981302722,0.08452640433415948,0.0909116943154622
ORANGE_DA,209,168,0.8038277511961722,1612,1341,0.8318858560794045,1383,1061,0.767172812725958,-0.028058104883232238,0.03665493847021417,0.06471304335344641
ORANGE_DM,151,100,0.6622516556291391,1273,933,0.7329143754909663,1073,716,0.6672879776328052,-0.07066271986182715,-0.005036322003666105,0.06562639785816105
ORANGE_EA1,194,110,0.5670103092783505,1076,708,0.6579925650557621,1222,791,0.6472995090016367,-0.09098225577741159,-0.08028919972328619,0.010693056054125405
ORANGE_EF,539,465,0.862708719851577,754,647,0.8580901856763926,933,748,0.8017148981779206,0.00461853417518443,0.06099382167365641,0.05637528749847198
ORANGE_EH,132,79,0.5984848484848485,1259,987,0.7839555202541699,1014,727,0.7169625246548323,-0.18547067176932142,-0.11847767616998384,0.06699299559933758
ORANGE_ENO,558,461,0.8261648745519713,896,708,0.7901785714285714,1071,787,0.734827264239029,0.0359863031233999,0.0913376103129423,0.0553513071895424
ORANGE_ES,158,105,0.6645569620253164,1079,834,0.772937905468026,893,643,0.7200447928331467,-0.10838094344270954,-0.05548783080783026,0.05289311263487928
ORANGE_GB,756,560,0.7407407407407407,1911,1560,0.8163265306122449,2154,1537,0.71355617455896,-0.07558578987150422,0.027184566181780667,0.10277035605328488
ORANGE_GL,224,170,0.7589285714285714,1180,915,0.7754237288135594,1201,874,0.7277268942547876,-0.01649515738498797,0.03120167717378375,0.04769683455877172
ORANGE_H,101,76,0.7524752475247525,808,724,0.8960396039603961,522,420,0.8045977011494253,-0.14356435643564358,-0.052122453624672826,0.09144190281097075
ORANGE_HE,327,260,0.7951070336391437,892,737,0.8262331838565022,942,723,0.767515923566879,-0.03112615021735854,0.02759111007226467,0.05871726028962321
ORANGE_HF,213,161,0.755868544600939,1362,1130,0.8296622613803231,1559,1193,0.7652341244387428,-0.07379371677938407,-0.009365579837803839,0.06442813694158023
ORANGE_HN,482,418,0.8672199170124482,1097,955,0.8705560619872379,1329,1070,0.8051166290443943,-0.0033361449747897343,0.062103287968053866,0.0654394329428436
ORANGE_KM,174,134,0.7701149425287356,1096,923,0.8421532846715328,950,755,0.7947368421052632,-0.07203834214279725,-0.024621899576527606,0.047416442566269645
ORANGE_NC,95,73,0.7684210526315789,1461,1280,0.8761122518822724,1108,921,0.8312274368231047,-0.10769119925069348,-0.06280638419152584,0.04488481505916764
ORANGE_NS,181,112,0.6187845303867403,1187,761,0.641112047177759,1230,720,0.5853658536585366,-0.022327516791018742,0.033418676728203756,0.0557461935192225
ORANGE_OG,665,559,0.8406015037593985,1384,1206,0.8713872832369942,1593,1318,0.8273697426239799,-0.030785779477595754,0.013231761135418574,0.04401754061301433
ORANGE_OW1,158,71,0.44936708860759494,1750,1203,0.6874285714285714,1424,881,0.6186797752808989,-0.23806148282097644,-0.16931268667330396,0.06874879614767249
ORANGE_PA,431,359,0.8329466357308585,1428,1220,0.8543417366946778,1330,1072,0.806015037593985,-0.021395100963819358,0.026931598136873514,0.04832669910069287
ORANGE_RE,286,194,0.6783216783216783,1797,1352,0.7523650528658876,1954,1364,0.6980552712384852,-0.07404337454420928,-0.019733592916806875,0.05430978162740241
ORANGE_RF,245,158,0.6448979591836734,1206,906,0.7512437810945274,1147,779,0.6791630340017437,-0.10634582191085395,-0.034265074818070285,0.07208074709278367
ORANGE_SJ,234,179,0.7649572649572649,1584,1350,0.8522727272727273,1221,965,0.7903357903357904,-0.08731546231546239,-0.025378525378525474,0.061936936936936915
ORANGE_SM,616,525,0.8522727272727273,821,727,0.8855054811205847,1209,994,0.8221670802315963,-0.0332327538478574,0.030105647041130945,0.06333840088898834
ORANGE_TH1,71,48,0.676056338028169,1246,951,0.7632423756019262,845,579,0.685207100591716,-0.0871860375737572,-0.009150762563546966,0.07803527501021024
ORANGE_TO,354,299,0.844632768361582,565,484,0.856637168141593,581,466,0.802065404475043,-0.012004399780011,0.04256736388653892,0.05457176366654992
ORANGE_UNC,286,202,0.7062937062937062,1957,1427,0.7291773122125702,3102,2176,0.7014829142488717,-0.02288360591886396,0.004810792044834589,0.027694397963698547
ORANGE_WC,336,272,0.8095238095238095,791,665,0.8407079646017699,690,514,0.744927536231884,-0.03118415507796035,0.06459627329192552,0.09578042836988587
ORANGE_WD,183,117,0.639344262295082,1459,1167,0.7998629198080878,1269,873,0.6879432624113475,-0.16051865751300576,-0.0485990001162655,0.11191965739674026
ORANGE_WDS,7,5,0.7142857142857143,369,353,0.9566395663956639,60,55,0.9166666666666666,-0.24235385210994964,-0.20238095238095233,0.03997289972899731
ORANGE_WH,254,182,0.7165354330708661,1167,919,0.7874892887746359,841,563,0.6694411414982164,-0.07095385570376977,0.04709429157264966,0.11804814727641944
ORANGE_WW1,168,89,0.5297619047619048,1556,1052,0.6760925449871465,1319,803,0.6087945413191812,-0.14633064022524178,-0.07903263655727644,0.06729800366796534
PAMLICO_1CR,706,579,0.8201133144475921,310,233,0.7516129032258064,492,330,0.6707317073170732,0.06850041122178563,0.14938160713051885,0.08088119590873322
PAMLICO_1RB,748,593,0.7927807486631016,274,210,0.7664233576642335,510,338,0.6627450980392157,0.026357390998868024,0.1300356506238859,0.10367825962501787
PAMLICO_2OT,847,682,0.8051948051948052,516,414,0.8023255813953488,850,676,0.7952941176470588,0.002869223799456422,0.009900687547746423,0.007031463748290001
PAMLICO_3CH,674,522,0.7744807121661721,638,504,0.7899686520376176,567,359,0.6331569664902998,-0.015487939871445477,0.14132374567587225,0.15681168554731773
PAMLICO_4BR,237,169,0.7130801687763713,168,129,0.7678571428571429,169,104,0.6153846153846154,-0.054776974080771645,0.09769555339175584,0.15247252747252749
PAMLICO_5AP,1112,919,0.8264388489208633,534,431,0.8071161048689138,871,652,0.748564867967853,0.019322744051949448,0.07787398095301024,0.05855123690106079
PASQUOTANK_EAST,793,551,0.694829760403531,1194,809,0.6775544388609716,1721,934,0.5427077280650784,0.017275321542559396,0.15212203233845256,0.13484671079589317
PASQUOTANK_MH,1473,1057,0.7175831636116768,1564,1162,0.7429667519181585,2057,1251,0.608167233835683,-0.025383588306481686,0.10941592977599379,0.13479951808247548
PASQUOTANK_NEW,644,485,0.7531055900621118,687,525,0.7641921397379913,812,490,0.603448275862069,-0.01108654967587952,0.1496573142000428,0.16074386387592232
PASQUOTANK_NIX,1496,1185,0.7921122994652406,907,717,0.7905181918412348,1643,1163,0.7078514911746805,0.0015941076240058027,0.08426080829056015,0.08266670066655435
PASQUOTANK_NORTH,511,320,0.6262230919765166,907,550,0.6063947078280044,1176,480,0.40816326530612246,0.01982838414851218,0.21805982667039414,0.19823144252188196
PASQUOTANK_PRO,2009,1481,0.7371826779492284,1132,863,0.7623674911660777,2351,1457,0.6197362824330073,-0.02518481321684929,0.11744639551622116,0.14263120873307045
PASQUOTANK_SAL,490,396,0.8081632653061225,259,198,0.7644787644787645,556,390,0.7014388489208633,0.043684500827357975,0.1067244163852592,0.06303991555790123
PASQUOTANK_SOUTH,372,224,0.6021505376344086,1478,984,0.6657645466847091,1522,604,0.3968462549277267,-0.06361400905030046,0.20530428270668194,0.2689182917569824
PASQUOTANK_WEST,323,183,0.56656346749226,1428,954,0.6680672268907563,1238,470,0.37964458804523427,-0.10150375939849621,0.1869188794470258,0.288422638845522
PENDER_BW01,2278,1814,0.7963125548726954,1412,983,0.6961756373937678,2293,1398,0.6096816397732229,0.10013691747892761,0.1866309150994725,0.08649399762054488
PENDER_CL05,376,292,0.776595744680851,663,495,0.746606334841629,486,288,0.5925925925925926,0.029989409839222048,0.18400315208825846,0.1540137422490364
PENDER_LT18,3033,2392,0.7886580942960765,881,668,0.7582292849035187,2664,1861,0.6985735735735735,0.030428809392557765,0.09008452072250295,0.05965571132994518
PENDER_MC07,1028,800,0.7782101167315175,932,701,0.7521459227467812,1048,591,0.5639312977099237,0.02606419398473636,0.21427881902159385,0.18821462503685749
PENDER_MT19,1908,1499,0.7856394129979035,645,487,0.7550387596899225,1839,1266,0.6884176182707994,0.030600653307981007,0.09722179472710413,0.06662114141912312
PENDER_PL18,1265,1024,0.8094861660079051,707,489,0.6916548797736917,1026,637,0.6208576998050682,0.11783128623421346,0.1886284662028369,0.07079717996862345
PENDER_RP21,3222,2474,0.7678460583488517,1513,1092,0.7217448777263714,2981,1820,0.6105333780610533,0.04610118062248025,0.15731268028779832,0.11121149966531807
PENDER_SC13,2386,1798,0.7535624476110645,900,653,0.7255555555555555,2330,1537,0.6596566523605151,0.028006892055508992,0.09390579525054943,0.06589890319504044
PENDER_SH12,1453,1150,0.791465932553338,457,329,0.7199124726477024,1247,828,0.6639935846030474,0.07155345990563555,0.1274723479502906,0.05591888804465506
PENDER_SP15,2657,2003,0.7538577342867896,876,617,0.704337899543379,2638,1680,0.6368460955269143,0.049519834743410596,0.1170116387598753,0.06749180401646471
PENDER_UH08,139,103,0.7410071942446043,359,262,0.7298050139275766,364,206,0.5659340659340659,0.011202180317027688,0.17507312831053834,0.16387094799351065
PENDER_UT14,2563,2041,0.796332422941865,711,528,0.7426160337552743,2426,1670,0.6883759274525969,0.05371638918659072,0.10795649548926811,0.05424010630267739
PERQUIMANS_BELVID,305,242,0.7934426229508197,195,144,0.7384615384615385,284,197,0.6936619718309859,0.054981084489281185,0.09978065111983381,0.04479956663055262
PERQUIMANS_BETHEL,1265,944,0.7462450592885376,521,358,0.6871401151631478,1277,853,0.6679718089271731,0.0591049441253898,0.07827325036136445,0.019168306235974653
PERQUIMANS_EAST H,227,163,0.7180616740088106,385,269,0.6987012987012987,398,199,0.5,0.01936037530751189,0.2180616740088106,0.1987012987012987
PERQUIMANS_NEW HO,1094,853,0.779707495429616,493,373,0.7565922920892495,1109,752,0.6780883678990082,0.02311520334036654,0.10161912753060787,0.07850392419024133
PERQUIMANS_NICANO,85,68,0.8,60,48,0.8,91,77,0.8461538461538461,0.0,-0.0461538461538461,-0.0461538461538461
PERQUIMANS_PARKVI,638,516,0.8087774294670846,538,396,0.7360594795539034,697,466,0.6685796269727403,0.07271794991318126,0.14019780249434433,0.06747985258116307
PERQUIMANS_WEST H,292,223,0.7636986301369864,253,180,0.7114624505928854,359,233,0.649025069637883,0.05223617954410098,0.11467356049910338,0.0624373809550024
PERSON_ALVI,614,482,0.7850162866449512,810,628,0.7753086419753087,773,554,0.7166882276843467,0.009707644669642468,0.06832805896060445,0.058620414290961986
PERSON_CUCL,688,552,0.8023255813953488,506,412,0.8142292490118577,724,563,0.7776243093922652,-0.01190366761650885,0.024701272003083585,0.036604939619592436
PERSON_FLHE,2189,1776,0.8113293741434445,1187,917,0.7725358045492839,2254,1745,0.7741792369121562,0.03879356959416058,0.03715013723128835,-0.0016434323628722325
PERSON_HLWY,427,357,0.8360655737704918,237,187,0.7890295358649789,428,331,0.7733644859813084,0.04703603790551292,0.06270108778918349,0.015665049883670568
PERSON_MTTZ,947,788,0.8321013727560718,565,442,0.7823008849557522,1063,798,0.7507055503292568,0.04980048780031954,0.08139582242681498,0.03159533462649544
PERSON_OLHI,626,515,0.8226837060702875,358,296,0.8268156424581006,674,546,0.8100890207715133,-0.004131936387813062,0.012594685298774166,0.01672662168658723
PERSON_PNTH,924,696,0.7532467532467533,1675,1212,0.7235820895522388,1446,918,0.6348547717842323,0.02966466369451448,0.11839198146252095,0.08872731776800646
PERSON_RCOB,948,758,0.79957805907173,1639,1253,0.764490543014033,1457,1054,0.723404255319149,0.035087516057697,0.07617380375258098,0.04108628769488398
PERSON_ROXL,423,335,0.7919621749408984,812,617,0.7598522167487685,662,433,0.6540785498489426,0.03210995819212992,0.13788362509195573,0.10577366689982581
PERSON_SWST,723,623,0.8616874135546335,515,436,0.8466019417475729,730,585,0.8013698630136986,0.015085471807060657,0.060317550540934906,0.04523207873387425
PERSON_WDSD,297,228,0.7676767676767676,411,340,0.8272506082725061,420,309,0.7357142857142858,-0.05957384059573845,0.03196248196248186,0.0915363225582203
PITT_0101,1014,785,0.7741617357001972,1760,1320,0.75,1505,940,0.6245847176079734,0.024161735700197196,0.1495770180922238,0.1254152823920266
PITT_0200A,1044,856,0.8199233716475096,975,730,0.7487179487179487,1153,770,0.6678230702515178,0.07120542292956089,0.15210030139599184,0.08089487846643095
PITT_0200B,659,541,0.8209408194233687,1093,789,0.7218664226898445,961,569,0.5920915712799167,0.09907439673352425,0.22884924814345198,0.12977485140992773
PITT_0301,718,524,0.7298050139275766,2111,1485,0.7034580767408811,1378,651,0.47242380261248185,0.02634693718669545,0.2573812113150947,0.23103427412839928
PITT_0401,294,226,0.7687074829931972,745,556,0.7463087248322148,463,248,0.5356371490280778,0.022398758160982468,0.23307033396511945,0.21067157580413698
PITT_0501,539,453,0.8404452690166976,412,323,0.7839805825242718,461,290,0.6290672451193059,0.05646468649242575,0.2113780238973917,0.15491333740496593
PITT_0601,2292,1944,0.8481675392670157,926,734,0.7926565874730022,2005,1498,0.7471321695760599,0.05551095179401355,0.10103536969095583,0.04552441789694228
PITT_0701,744,649,0.8723118279569892,596,484,0.8120805369127517,782,544,0.6956521739130435,0.06023129104423752,0.1766596540439458,0.11642836299970827
PITT_0800A,673,566,0.8410104011887073,1005,747,0.7432835820895523,806,498,0.6178660049627791,0.09772681909915504,0.2231443962259282,0.12541757712677315
PITT_0800B,507,416,0.8205128205128205,882,660,0.7482993197278912,697,421,0.6040172166427547,0.07221350078492927,0.21649560387006583,0.14428210308513656
PITT_0901,315,259,0.8222222222222222,272,204,0.75,237,151,0.6371308016877637,0.07222222222222219,0.18509142053445848,0.1128691983122363
PITT_1001,1048,852,0.8129770992366412,1027,769,0.7487828627069133,1101,682,0.6194368755676658,0.06419423652972789,0.1935402236689754,0.1293459871392475
PITT_1101,415,335,0.8072289156626506,428,314,0.7336448598130841,488,298,0.610655737704918,0.07358405584956651,0.19657317795773266,0.12298912210816615
PITT_1102A,1267,1047,0.8263614838200474,1184,943,0.7964527027027027,1436,1025,0.7137883008356546,0.02990878111734463,0.11257318298439278,0.08266440186704815
PITT_1102B,1809,1513,0.8363736871199557,1121,886,0.7903657448706513,1818,1336,0.7348734873487349,0.04600794224930449,0.10150019977122082,0.05549225752191633
PITT_1201,1217,928,0.76253081347576,1600,1087,0.679375,1623,802,0.4941466420209489,0.08315581347576007,0.26838417145481114,0.18522835797905107
PITT_1301,559,473,0.8461538461538461,204,164,0.803921568627451,469,364,0.7761194029850746,0.042232277526395134,0.0700344431687715,0.027802165642376364
PITT_1403A1,1129,940,0.8325952170062002,1226,989,0.8066884176182708,1348,941,0.6980712166172107,0.02590679938792939,0.13452400038898948,0.10861720100106009
PITT_1403A2,932,788,0.8454935622317596,1374,1104,0.8034934497816594,1319,927,0.7028051554207733,0.04200011245010027,0.14268840681098638,0.10068829436088611
PITT_1403B,1349,1133,0.8398813936249073,1753,1382,0.7883628066172276,1783,1288,0.7223780145821649,0.05151858700767975,0.11750337904274244,0.06598479203506269
PITT_1501,65,36,0.5538461538461539,718,490,0.6824512534818942,339,103,0.30383480825958703,-0.1286050996357403,0.25001134558656685,0.37861644522230714
PITT_1503,288,154,0.5347222222222222,1332,806,0.6051051051051051,1280,519,0.40546875,-0.07038288288288286,0.12925347222222222,0.19963635510510508
PITT_1504A,236,131,0.5550847457627118,1591,1049,0.6593337523570082,1196,449,0.3754180602006689,-0.10424900659429637,0.1796666855620429,0.28391569215633927
PITT_1504B,671,441,0.6572280178837556,2597,1821,0.7011936850211783,1878,1020,0.5431309904153354,-0.04396566713742267,0.11409702746842021,0.15806269460584288
PITT_1505A,337,211,0.6261127596439169,1465,897,0.6122866894197952,1125,481,0.4275555555555556,0.013826070224121634,0.1985572040883613,0.18473113386423967
PITT_1505B,149,87,0.5838926174496645,1746,1179,0.6752577319587629,987,298,0.30192502532928067,-0.09136511450909846,0.2819675921203838,0.37333270662948226
PITT_1506,307,182,0.5928338762214984,898,573,0.6380846325167038,1172,542,0.46245733788395904,-0.04525075629520536,0.13037653833753937,0.17562729463274473
PITT_1507,697,436,0.6255380200860832,1189,790,0.6644238856181666,2238,919,0.41063449508489724,-0.0388858655320834,0.21490352500118592,0.2537893905332693
PITT_1507B,348,224,0.6436781609195402,394,288,0.7309644670050761,1586,665,0.4192938209331652,-0.08728630608553589,0.22438433998637503,0.3116706460719109
PITT_1508A,562,342,0.608540925266904,301,192,0.6378737541528239,1001,428,0.4275724275724276,-0.029332828885919926,0.18096849769447637,0.2103013265803963
PITT_1508B,361,224,0.6204986149584487,667,435,0.6521739130434783,1024,534,0.521484375,-0.03167529808502956,0.09901423995844871,0.13068953804347827
PITT_1509,992,755,0.7610887096774194,1437,951,0.6617954070981211,1803,980,0.5435385468663338,0.09929330257929825,0.21755016281108552,0.11825686023178728
PITT_1510A,767,662,0.863102998696219,761,591,0.7766097240473062,850,623,0.7329411764705882,0.08649327464891277,0.13016182222563077,0.04366854757671801
PITT_1510B,732,602,0.8224043715846995,875,670,0.7657142857142857,1051,749,0.7126546146527117,0.0566900858704138,0.10974975693198774,0.05305967106157394
PITT_1511A,1317,1124,0.853454821564161,1113,884,0.7942497753818508,1541,1078,0.6995457495133031,0.05920504618231015,0.1539090720508579,0.09470402586854776
PITT_1511B,908,673,0.7411894273127754,1400,929,0.6635714285714286,1665,922,0.5537537537537538,0.07761799874134678,0.18743567355902158,0.10981767481767479
PITT_1512A,1481,1130,0.7629979743416611,2907,2156,0.7416580667354661,2566,1488,0.5798908807482464,0.021339907606194974,0.1831070935934147,0.16176718598721973
PITT_1512B,495,374,0.7555555555555555,1151,833,0.7237185056472633,1085,632,0.5824884792626728,0.03183704990829228,0.17306707629288276,0.14123002638459048
PITT_1513A,1087,892,0.8206071757129715,1118,818,0.7316636851520573,1502,975,0.6491344873501997,0.08894349056091422,0.17147268836277174,0.08252919780185752
PITT_1513B,843,682,0.8090154211150652,875,627,0.7165714285714285,1113,682,0.6127583108715184,0.09244399254363667,0.19625711024354675,0.10381311769991008
POLK_CG05,961,770,0.8012486992715921,174,127,0.7298850574712644,764,542,0.7094240837696335,0.07136364180032773,0.09182461550195864,0.020460973701630913
POLK_CL07,957,705,0.7366771159874608,553,410,0.7414104882459313,1107,771,0.6964769647696477,-0.004733372258470481,0.04020015121781306,0.04493352347628354
POLK_CL08,1201,971,0.8084929225645295,525,418,0.7961904761904762,1214,931,0.7668863261943987,0.01230244637405331,0.041606596370130866,0.029304149996077555
POLK_GC09,1258,967,0.7686804451510334,569,435,0.7644991212653779,1104,783,0.7092391304347826,0.004181323885655508,0.059441314716250804,0.055259990830595296
POLK_SA04,605,490,0.8099173553719008,345,266,0.7710144927536232,757,540,0.71334214002642,0.03890286261827758,0.09657521534548075,0.05767235272720317
POLK_TR123,884,654,0.7398190045248869,870,693,0.7965517241379311,1380,976,0.7072463768115942,-0.05673271961304416,0.03257262771329272,0.08930534732633688
POLK_WO06,792,598,0.7550505050505051,355,257,0.723943661971831,790,539,0.6822784810126582,0.031106843078674062,0.07277202403784688,0.04166518095917282
RANDOLPH_AE,1552,1220,0.7860824742268041,1300,938,0.7215384615384616,1635,956,0.5847094801223242,0.06454401268834253,0.20137299410447995,0.13682898141613742
RANDOLPH_AN,1531,1128,0.736773350751143,913,576,0.6308871851040526,1752,964,0.5502283105022832,0.10588616564709041,0.18654504024885987,0.08065887460176946
RANDOLPH_AR,4295,3547,0.8258440046565774,1233,864,0.7007299270072993,2778,1842,0.6630669546436285,0.12511407764927807,0.16277705001294884,0.03766297236367078
RANDOLPH_AS,1979,1664,0.8408287013643254,593,404,0.6812816188870152,1441,958,0.6648160999306038,0.1595470824773102,0.17601260143372166,0.016465518956411462
RANDOLPH_AW,2251,1776,0.788982674366948,1267,875,0.6906077348066298,2251,1405,0.6241670368725011,0.09837493956031818,0.16481563749444694,0.06644069793412877
RANDOLPH_BC,2019,1694,0.8390292223873205,258,189,0.7325581395348837,1010,739,0.7316831683168317,0.10647108285243678,0.1073460540704888,0.000874971218052023
RANDOLPH_DR,2488,2063,0.8291800643086816,584,409,0.7003424657534246,1594,1021,0.6405269761606023,0.128837598555257,0.18865308814807935,0.059815489592822346
RANDOLPH_GR,2195,1836,0.8364464692482916,555,379,0.6828828828828829,1328,885,0.6664156626506024,0.15356358636540868,0.1700308065976892,0.016467220232280533
RANDOLPH_LB,1219,981,0.8047579983593109,700,517,0.7385714285714285,956,613,0.641213389121339,0.0661865697878824,0.16354460923797198,0.09735803945008958
RANDOLPH_LC,1389,1136,0.8178545716342692,304,208,0.6842105263157895,808,512,0.6336633663366337,0.13364404531847973,0.18419120529763555,0.05054715997915582
RANDOLPH_NM,2791,2338,0.8376925833034754,393,280,0.712468193384224,1346,938,0.6968796433878157,0.12522438991925144,0.14081293991565969,0.01558854999640824
RANDOLPH_PR,3415,2893,0.8471449487554905,551,416,0.7549909255898367,1817,1328,0.7308750687947165,0.0921540231656538,0.11626987996077398,0.024115856795120183
RANDOLPH_RM,1415,1167,0.8247349823321555,640,448,0.7,993,623,0.6273917421953675,0.12473498233215552,0.19734324013678795,0.07260825780463243
RANDOLPH_RN,3010,2468,0.8199335548172757,869,645,0.7422324510932106,2044,1384,0.6771037181996086,0.07770110372406513,0.14282983661766713,0.06512873289360199
RANDOLPH_SE,1291,1099,0.8512780790085205,203,167,0.8226600985221675,576,421,0.7309027777777778,0.028617980486353,0.12037530123074269,0.09175732074438969
RANDOLPH_SO,2112,1788,0.8465909090909091,383,293,0.7650130548302873,1209,868,0.717948717948718,0.08157785426062181,0.1286421911421911,0.0470643368815693
RANDOLPH_ST,1200,1027,0.8558333333333333,252,186,0.7380952380952381,672,458,0.6815476190476191,0.1177380952380952,0.17428571428571427,0.05654761904761907
RANDOLPH_SW,1794,1514,0.8439241917502787,189,138,0.7301587301587301,855,640,0.7485380116959064,0.11376546159154854,0.09538618005437227,-0.018379281537176273
RANDOLPH_TB,1932,1598,0.8271221532091098,211,145,0.6872037914691943,1003,642,0.6400797607178464,0.13991836173991545,0.1870423924912633,0.047124030751347856
RANDOLPH_TR,5173,4236,0.8188671950512275,1163,848,0.7291487532244196,3100,2033,0.6558064516129032,0.08971844182680788,0.16306074343832433,0.07334230161151645
RANDOLPH_TT,2548,2092,0.8210361067503925,405,310,0.7654320987654321,1300,903,0.6946153846153846,0.05560400798496046,0.12642072213500788,0.07081671415004742
RANDOLPH_UG,4214,3570,0.8471760797342193,852,612,0.7183098591549296,2542,1722,0.6774193548387096,0.12886622057928965,0.16975672489550964,0.04089050431621999
RICHMOND_01,951,648,0.6813880126182965,2105,1382,0.6565320665083135,1468,742,0.5054495912806539,0.024855946109982985,0.1759384213376426,0.1510824752276596
RICHMOND_02,1521,1187,0.7804076265614727,1510,1140,0.7549668874172185,1754,1183,0.6744583808437856,0.025440739144254154,0.10594924571768705,0.08050850657343289
RICHMOND_08,924,714,0.7727272727272727,1561,1083,0.6937860345932095,1141,650,0.5696757230499562,0.07894123813406317,0.20305154967731653,0.12411031154325336
RICHMOND_09,1624,1215,0.7481527093596059,1750,1272,0.7268571428571429,1765,1045,0.5920679886685553,0.021295566502463004,0.15608472069105062,0.1347891541885876
RICHMOND_10,203,141,0.6945812807881774,386,281,0.727979274611399,295,187,0.6338983050847458,-0.03339799382322162,0.06068297570343162,0.09408096952665324
RICHMOND_14,27,18,0.6666666666666666,70,47,0.6714285714285714,32,18,0.5625,-0.004761904761904745,0.10416666666666663,0.10892857142857137
RICHMOND_21,646,539,0.8343653250773994,618,504,0.8155339805825242,715,536,0.7496503496503496,0.018831344494875113,0.08471497542704975,0.06588363093217464
RICHMOND_22,665,464,0.6977443609022557,936,658,0.7029914529914529,924,469,0.5075757575757576,-0.0052470920891972694,0.1901686033264981,0.19541569541569537
RICHMOND_23,607,442,0.728171334431631,502,347,0.6912350597609562,707,438,0.6195190947666195,0.03693627467067473,0.10865223966501147,0.07171596499433674
RICHMOND_24,672,504,0.75,638,450,0.7053291536050157,617,387,0.6272285251215559,0.04467084639498431,0.12277147487844409,0.07810062848345978
RICHMOND_25,365,290,0.7945205479452054,310,232,0.7483870967741936,321,201,0.6261682242990654,0.04613345117101186,0.16835232364614006,0.12221887247512819
ROBESON_01,328,230,0.7012195121951219,458,285,0.6222707423580786,455,216,0.4747252747252747,0.07894876983704335,0.2264942374698472,0.14754546763280385
ROBESON_02,439,309,0.7038724373576309,1045,762,0.7291866028708134,949,390,0.410958904109589,-0.02531416551318244,0.2929135332480419,0.31822769876122436
ROBESON_03,615,412,0.6699186991869919,768,487,0.6341145833333334,1012,463,0.4575098814229249,0.0358041158536585,0.21240881776406695,0.17660470191040845
ROBESON_04,520,358,0.6884615384615385,993,647,0.6515609264853978,972,501,0.5154320987654321,0.036900611976140696,0.1730294396961064,0.1361288277199657
ROBESON_05A,512,392,0.765625,1701,1167,0.6860670194003528,1160,494,0.42586206896551726,0.07955798059964725,0.33976293103448274,0.2602049504348355
ROBESON_07,141,95,0.6737588652482269,419,251,0.5990453460620525,338,148,0.4378698224852071,0.07471351918617442,0.2358890427630198,0.1611755235768454
ROBESON_08,528,400,0.7575757575757576,546,382,0.6996336996336996,790,493,0.6240506329113924,0.05794205794205798,0.13352512466436517,0.07558306672230719
ROBESON_09,335,240,0.7164179104477612,633,401,0.6334913112164297,683,309,0.45241581259150804,0.0829265992313315,0.2640020978562531,0.18107549862492162
ROBESON_10,309,229,0.7411003236245954,387,273,0.7054263565891473,433,182,0.42032332563510394,0.03567396703544812,0.3207769979894915,0.2851030309540434
ROBESON_11,910,732,0.8043956043956044,1185,949,0.8008438818565401,1457,1032,0.7083047357584077,0.003551722539064328,0.09609086863719674,0.09253914609813241
ROBESON_11A,408,290,0.7107843137254902,523,382,0.7304015296367112,727,395,0.5433287482806052,-0.01961721591122101,0.16745556544488505,0.18707278135610605
ROBESON_12,302,194,0.6423841059602649,1026,638,0.621832358674464,966,373,0.386128364389234,0.020551747285800892,0.25625574157103087,0.23570399428522998
ROBESON_13,315,211,0.6698412698412698,823,514,0.6245443499392467,767,389,0.5071707953063885,0.045296919902023114,0.16267047453488126,0.11737355463285815
ROBESON_14,194,116,0.5979381443298969,518,265,0.5115830115830116,542,209,0.3856088560885609,0.08635513274688533,0.212329288241336,0.12597415549445068
ROBESON_15,87,46,0.5287356321839081,520,317,0.6096153846153847,450,135,0.3,-0.0808797524314766,0.22873563218390808,0.3096153846153847
ROBESON_16,61,23,0.3770491803278688,680,391,0.575,430,110,0.2558139534883721,-0.19795081967213113,0.12123522683949672,0.31918604651162785
ROBESON_17,58,37,0.6379310344827587,193,109,0.5647668393782384,169,49,0.28994082840236685,0.07316419510452032,0.34799020608039183,0.2748260109758715
ROBESON_18A,299,202,0.6755852842809364,635,429,0.6755905511811023,662,362,0.5468277945619335,-5.266900165890043e-06,0.12875748971900292,0.1287627566191688
ROBESON_19,532,345,0.6484962406015038,1638,1048,0.6398046398046398,1152,405,0.3515625,0.00869160079686404,0.2969337406015038,0.28824213980463975
ROBESON_20,291,216,0.7422680412371134,478,331,0.6924686192468619,441,225,0.5102040816326531,0.04979942199025156,0.23206395960446036,0.1822645376142088
ROBESON_21,734,530,0.7220708446866485,771,527,0.6835278858625162,1002,474,0.47305389221556887,0.03854295882413228,0.24901695247107963,0.21047399364694735
ROBESON_22,588,422,0.717687074829932,890,599,0.6730337078651686,1190,573,0.4815126050420168,0.04465336696476341,0.23617446978791518,0.19152110282315177
ROBESON_23,922,649,0.7039045553145337,1256,899,0.7157643312101911,1583,729,0.46051800379027164,-0.011859775895657454,0.24338655152426203,0.2552463274199195
ROBESON_24,339,232,0.6843657817109144,480,306,0.6375,566,245,0.43286219081272087,0.04686578171091449,0.2515035908981936,0.20463780918727908
ROBESON_25,388,269,0.6932989690721649,708,463,0.653954802259887,809,361,0.446229913473424,0.039344166812277925,0.24706905559874093,0.207724888786463
ROBESON_26A,445,282,0.6337078651685393,1822,1163,0.6383095499451152,1185,525,0.4430379746835443,-0.004601684776575965,0.190669890484995,0.19527157526157096
ROBESON_28,302,221,0.7317880794701986,413,252,0.6101694915254238,592,270,0.4560810810810811,0.12161858794477487,0.27570699838911755,0.15408841044434268
ROBESON_29,206,134,0.6504854368932039,854,555,0.6498829039812647,486,188,0.3868312757201646,0.0006025329119392353,0.2636541611730393,0.26305162826110007
ROBESON_30,671,486,0.7242921013412816,1033,685,0.6631171345595354,1316,706,0.5364741641337386,0.061174966781746276,0.18781793720754303,0.12664297042579675
ROBESON_32A,1233,898,0.7283049472830495,1893,1218,0.6434231378763867,2001,850,0.42478760619690153,0.08488180940666279,0.303517341086148,0.21863553167948518
ROBESON_33,165,118,0.7151515151515152,229,147,0.6419213973799127,236,131,0.5550847457627118,0.07323011777160249,0.16006676938880338,0.08683665161720089
ROBESON_34,482,347,0.7199170124481328,568,328,0.5774647887323944,835,362,0.43353293413173655,0.1424522237157384,0.28638407831639623,0.14393185460065783
ROBESON_35,664,487,0.733433734939759,764,530,0.693717277486911,948,535,0.5643459915611815,0.03971645745284802,0.16908774337857757,0.12937128592572955
ROBESON_36,182,123,0.6758241758241759,533,326,0.6116322701688556,532,236,0.44360902255639095,0.06419190565532029,0.2322151532677849,0.16802324761246462
ROBESON_37,199,144,0.7236180904522613,150,114,0.76,271,183,0.6752767527675276,-0.03638190954773868,0.0483413376847337,0.08472324723247238
ROBESON_38,101,81,0.801980198019802,171,114,0.6666666666666666,197,107,0.5431472081218274,0.1353135313531354,0.25883298989797465,0.12351945854483926
ROBESON_39,454,324,0.7136563876651982,665,472,0.7097744360902256,699,304,0.43490701001430615,0.0038819515749726197,0.2787493776508921,0.27486742607591946
ROBESON_40,131,98,0.7480916030534351,242,165,0.6818181818181818,171,102,0.5964912280701754,0.06627342123525337,0.15160037498325973,0.08532695374800636
ROBESON_41,863,623,0.7219003476245655,1014,639,0.6301775147928994,1720,912,0.5302325581395348,0.09172283283166605,0.1916677894850306,0.09994495665336456
ROCKINGHAM_DR,799,615,0.769712140175219,636,434,0.6823899371069182,774,471,0.6085271317829457,0.08732220306830085,0.16118500839227334,0.07386280532397249
ROCKINGHAM_EC,1631,1268,0.7774371551195586,1212,852,0.7029702970297029,1394,904,0.648493543758967,0.07446685808985565,0.12894361136059163,0.05447675327073598
ROCKINGHAM_ED,2491,1948,0.7820152549177037,1803,1298,0.7199112590127565,2195,1416,0.6451025056947608,0.062103995904947196,0.13691274922294294,0.07480875331799575
ROCKINGHAM_HO-1,1553,1301,0.8377334191886671,569,452,0.7943760984182777,1274,971,0.7621664050235479,0.04335732077038934,0.07556701416511913,0.03220969339472979
ROCKINGHAM_HU-1,2225,1864,0.837752808988764,661,492,0.7443267776096822,1629,1230,0.7550644567219152,0.09342603137908179,0.08268835226684879,-0.010737679112233
ROCKINGHAM_LI-1,1977,1625,0.8219524532119373,793,604,0.7616645649432535,1410,1001,0.7099290780141844,0.06028788826868381,0.11202337519775296,0.05173548692906915
ROCKINGHAM_MO,1787,1512,0.8461108002238389,613,489,0.797716150081566,1217,947,0.7781429745275267,0.048394650142272844,0.06796782569631221,0.019573175554039368
ROCKINGHAM_NB,1964,1650,0.840122199592668,504,412,0.8174603174603174,1353,1062,0.7849223946784922,0.02266188213235054,0.055199804914175754,0.03253792278182521
ROCKINGHAM_RC,2376,2004,0.8434343434343434,974,785,0.8059548254620124,1629,1236,0.7587476979742173,0.03747951797233107,0.08468664546012616,0.0472071274877951
ROCKINGHAM_RE-1,1615,1249,0.773374613003096,2508,1873,0.7468102073365231,1856,1131,0.609375,0.02656440566657281,0.16399961300309596,0.13743520733652315
ROCKINGHAM_RE-2,1684,1374,0.815914489311164,1915,1456,0.760313315926893,1809,1191,0.6583747927031509,0.05560117338427095,0.15753969660801304,0.10193852322374208
ROCKINGHAM_ST,2239,1866,0.833407771326485,1005,788,0.7840796019900498,1801,1309,0.7268184342032205,0.049328169336435246,0.10658933712326457,0.057261167786829326
ROCKINGHAM_WI,1599,1301,0.8136335209505942,1241,969,0.7808219178082192,1241,826,0.6655922643029815,0.03281160314237497,0.1480412566476127,0.11522965350523773
ROCKINGHAM_WS-1,2403,1979,0.8235538909696213,1381,1045,0.7566980448950036,1898,1371,0.7223393045310853,0.0668558460746177,0.10121458643853598,0.03435874036391828
ROWAN_01,1091,906,0.8304307974335472,174,136,0.7816091954022989,604,436,0.7218543046357616,0.0488216020312483,0.10857649279778558,0.05975489076653728
ROWAN_02,483,386,0.7991718426501035,428,316,0.7383177570093458,526,311,0.591254752851711,0.06085408564075778,0.20791708979839252,0.14706300415763474
ROWAN_03,1385,1166,0.8418772563176895,219,164,0.7488584474885844,722,530,0.7340720221606648,0.09301880882910507,0.1078052341570247,0.014786425327919628
ROWAN_04,2513,2147,0.8543573418225229,414,315,0.7608695652173914,1553,1131,0.7282678686413393,0.09348777660513152,0.12608947318118358,0.03260169657605205
ROWAN_05A,2203,1800,0.817067635043123,750,543,0.724,1625,1083,0.6664615384615384,0.09306763504312299,0.15060609658158453,0.05753846153846154
ROWAN_07,911,740,0.8122941822173436,453,355,0.7836644591611479,669,461,0.6890881913303438,0.02862972305619571,0.1232059908869998,0.09457626783080408
ROWAN_08,1599,1325,0.8286429018136335,669,491,0.7339312406576981,1185,831,0.7012658227848101,0.09471166115593543,0.12737707902882345,0.032665417872888014
ROWAN_09,1161,984,0.8475452196382429,230,165,0.717391304347826,758,514,0.6781002638522428,0.13015391529041687,0.16944495578600016,0.039291040495583296
ROWAN_10,1642,1389,0.8459196102314251,426,334,0.784037558685446,1127,822,0.7293700088731144,0.061882051545979144,0.11654960135831072,0.05466754981233157
ROWAN_11,1280,1032,0.80625,660,490,0.7424242424242424,1141,812,0.7116564417177914,0.06382575757575759,0.09459355828220861,0.03076780070645102
ROWAN_12,639,510,0.7981220657276995,647,457,0.7063369397217929,723,471,0.6514522821576764,0.0917851260059066,0.14666978357002314,0.054884657564116535
ROWAN_13,1327,1118,0.8425018839487566,220,166,0.7545454545454545,834,605,0.7254196642685852,0.08795642940330206,0.1170822196801714,0.029125790276869346
ROWAN_14A,2215,1849,0.834762979683973,667,510,0.7646176911544228,1629,1173,0.7200736648250461,0.07014528852955015,0.11468931485892686,0.04454402632937671
ROWAN_15,1871,1561,0.8343132014965259,573,421,0.7347294938917975,1123,804,0.715939447907391,0.09958370760472834,0.11837375358913493,0.01879004598440659
ROWAN_16,749,562,0.7503337783711616,694,447,0.6440922190201729,1058,596,0.5633270321361059,0.10624155935098867,0.18700674623505564,0.08076518688406698
ROWAN_17,1030,787,0.7640776699029126,668,444,0.6646706586826348,1114,649,0.5825852782764811,0.09940701122027784,0.1814923916264315,0.08208538040615365
ROWAN_18,97,49,0.5051546391752577,584,399,0.6832191780821918,305,115,0.3770491803278688,-0.17806453890693408,0.1281054588473889,0.30616999775432296
ROWAN_19A,2227,1816,0.815446789402784,724,534,0.7375690607734806,1601,1091,0.6814490943160525,0.07787772862930342,0.13399769508673154,0.056119966457428117
ROWAN_21,1221,1032,0.8452088452088452,556,415,0.7464028776978417,1024,706,0.689453125,0.09880596751100346,0.1557557202088452,0.05694975269784175
ROWAN_22,621,531,0.855072463768116,62,42,0.6774193548387096,273,214,0.7838827838827839,0.17765310892940633,0.07118967988533209,-0.10646342904407424
ROWAN_23,1061,880,0.8294062205466541,145,109,0.7517241379310344,524,362,0.6908396946564885,0.07768208261561971,0.1385665258901656,0.060884443274545896
ROWAN_24,907,783,0.8632855567805954,175,152,0.8685714285714285,521,393,0.7543186180422264,-0.005285871790833174,0.10896693873836893,0.11425281052920211
ROWAN_25,2129,1711,0.8036636918741193,419,297,0.7088305489260143,1305,898,0.6881226053639847,0.09483314294810508,0.11554108651013462,0.02070794356202954
ROWAN_26,1146,968,0.8446771378708552,148,103,0.6959459459459459,635,466,0.7338582677165354,0.14873119192490925,0.11081887015431979,-0.03791232177058945
ROWAN_27,699,573,0.8197424892703863,193,155,0.8031088082901554,393,287,0.7302798982188295,0.01663368098023088,0.08946259105155674,0.07282891007132586
ROWAN_28,590,446,0.7559322033898305,804,571,0.7101990049751243,905,553,0.611049723756906,0.04573319841470613,0.14488247963292444,0.09914928121821831
ROWAN_29,612,526,0.8594771241830066,189,137,0.7248677248677249,436,300,0.6880733944954128,0.1346093993152817,0.17140372968759376,0.036794330372312056
ROWAN_30,983,733,0.745676500508647,677,430,0.6351550960118169,926,507,0.5475161987041036,0.11052140449683012,0.19816030180454336,0.08763889730771324
ROWAN_31,853,729,0.854630715123095,234,183,0.782051282051282,583,430,0.7375643224699828,0.07257943307181292,0.11706639265311214,0.044486959581299224
ROWAN_32,910,753,0.8274725274725274,330,235,0.7121212121212122,560,388,0.6928571428571428,0.11535131535131526,0.13461538461538458,0.019264069264069317
ROWAN_33,1146,987,0.8612565445026178,147,116,0.7891156462585034,547,394,0.720292504570384,0.0721408982441144,0.14096403993223383,0.06882314168811943
ROWAN_34,721,548,0.7600554785020804,1016,674,0.6633858267716536,1134,687,0.6058201058201058,0.09666965173042685,0.15423537268197463,0.05756572095154777
ROWAN_35,222,143,0.6441441441441441,525,350,0.6666666666666666,510,339,0.6647058823529411,-0.022522522522522515,-0.02056173820879703,0.0019607843137254832
ROWAN_36,722,531,0.7354570637119113,1184,825,0.6967905405405406,1139,648,0.568920105355575,0.03866652317137076,0.1665369583563363,0.12787043518496555
ROWAN_38,601,435,0.7237936772046589,1170,824,0.7042735042735043,920,557,0.6054347826086957,0.0195201729311546,0.11835889459596327,0.09883872166480867
ROWAN_39,575,469,0.8156521739130435,548,412,0.7518248175182481,749,477,0.636849132176235,0.06382735639479531,0.1788030417368085,0.11497568534201319
ROWAN_40,728,577,0.7925824175824175,811,549,0.6769420468557337,1016,660,0.6496062992125984,0.11564037072668387,0.14297611836981916,0.02733574764313529
ROWAN_41,716,555,0.7751396648044693,939,655,0.6975505857294995,979,641,0.6547497446373851,0.07758907907496981,0.12038992016708416,0.04280084109211435
ROWAN_42,90,32,0.35555555555555557,1265,544,0.4300395256916996,700,232,0.3314285714285714,-0.07448397013614405,0.024126984126984163,0.09861095426312821
ROWAN_44,1574,1265,0.8036848792884371,268,193,0.7201492537313433,955,666,0.6973821989528796,0.08353562555709382,0.10630268033555756,0.022767054778463747
ROWAN_45,507,399,0.7869822485207101,459,326,0.710239651416122,476,297,0.6239495798319328,0.07674259710458808,0.1630326686887773,0.08629007158418922
RUTHERFORD_03A,1176,971,0.8256802721088435,257,180,0.7003891050583657,803,590,0.7347447073474471,0.12529116705047783,0.09093556476139641,-0.03435560228908141
RUTHERFORD_04A,1245,1017,0.8168674698795181,343,241,0.7026239067055393,850,562,0.6611764705882353,0.11424356317397877,0.15569099929128283,0.04144743611730406
RUTHERFORD_05A,1308,946,0.7232415902140673,498,336,0.6746987951807228,1047,599,0.5721107927411653,0.048542795033344466,0.15113079747290203,0.10258800243955757
RUTHERFORD_06A,1070,794,0.7420560747663552,527,391,0.7419354838709677,1179,821,0.6963528413910093,0.00012059089538740686,0.045703233375345875,0.04558264247995847
RUTHERFORD_09A,1784,1415,0.7931614349775785,484,343,0.7086776859504132,1225,849,0.6930612244897959,0.08448374902716527,0.10010021048778261,0.015616461460617348
RUTHERFORD_10A,723,620,0.8575380359612724,133,102,0.7669172932330827,485,366,0.7546391752577319,0.09062074272818976,0.10289886070354048,0.012278117975350722
RUTHERFORD_11,2812,2125,0.7556899004267426,837,586,0.7001194743130227,2060,1417,0.6878640776699029,0.05557042611371987,0.06782582275683968,0.01225539664311981
RUTHERFORD_13,1496,1105,0.7386363636363636,1112,793,0.7131294964028777,1456,903,0.6201923076923077,0.02550686723348594,0.11844405594405594,0.09293718871057
RUTHERFORD_14,961,708,0.736732570239334,626,397,0.634185303514377,1045,646,0.6181818181818182,0.10254726672495706,0.11855075205751586,0.016003485332558798
RUTHERFORD_16A,1508,1214,0.8050397877984085,349,274,0.7851002865329513,1041,732,0.7031700288184438,0.019939501265457182,0.10186975897996464,0.08193025771450746
RUTHERFORD_18,1074,850,0.7914338919925512,346,266,0.7687861271676301,816,585,0.7169117647058824,0.022647764824921146,0.07452212728666885,0.0518743624617477
RUTHERFORD_19,1042,808,0.7754318618042226,323,229,0.7089783281733746,709,471,0.6643159379407616,0.06645353363084805,0.11111592386346103,0.04466239023261298
RUTHERFORD_27,1411,1129,0.8001417434443657,711,533,0.749648382559775,1372,979,0.7135568513119533,0.05049336088459078,0.08658489213241238,0.03609153124782161
RUTHERFORD_28,788,595,0.7550761421319797,348,228,0.6551724137931034,602,366,0.6079734219269103,0.09990372833887629,0.14710272020506943,0.04719899186619314
RUTHERFORD_29,860,658,0.7651162790697674,439,314,0.715261958997722,746,453,0.6072386058981233,0.04985432007204538,0.15787767317164414,0.10802335309959876
RUTHERFORD_30,1193,859,0.7200335289186923,956,648,0.6778242677824268,1276,766,0.6003134796238244,0.04220926113626555,0.1197200492948679,0.07751078815860235
RUTHERFORD_34,780,652,0.8358974358974359,174,132,0.7586206896551724,566,400,0.7067137809187279,0.07727674624226355,0.12918365497870798,0.051906908736444435
SAMPSON_AUTR,936,767,0.8194444444444444,246,172,0.6991869918699187,482,309,0.6410788381742739,0.12025745257452569,0.1783656062701705,0.058108153695644815
SAMPSON_CLCE,99,60,0.6060606060606061,602,388,0.6445182724252492,256,102,0.3984375,-0.038457666364643095,0.20762310606060608,0.24608077242524917
SAMPSON_CLEA,752,607,0.8071808510638298,1270,917,0.7220472440944882,745,398,0.5342281879194631,0.08513360696934158,0.2729526631443666,0.18781905617502503
SAMPSON_CLEM,837,705,0.8422939068100358,289,198,0.6851211072664359,504,310,0.6150793650793651,0.15717279954359986,0.22721454173067068,0.07004174218707082
SAMPSON_CLNE,830,686,0.8265060240963855,579,420,0.7253886010362695,543,317,0.583793738489871,0.10111742306011606,0.24271228560651448,0.14159486254639841
SAMPSON_CLSW,551,441,0.8003629764065335,492,346,0.7032520325203252,575,345,0.6,0.09711094388620833,0.20036297640653356,0.10325203252032522
SAMPSON_CLWE,831,706,0.8495788206979543,517,335,0.6479690522243714,471,266,0.564755838641189,0.20160976847358292,0.2848229820567654,0.08321321358318245
SAMPSON_GARL,387,285,0.7364341085271318,555,406,0.7315315315315315,354,182,0.5141242937853108,0.004902576995600261,0.222309814741821,0.21740723774622073
SAMPSON_GIDD,414,326,0.7874396135265701,468,351,0.75,354,195,0.5508474576271186,0.037439613526570104,0.23659215589945148,0.19915254237288138
SAMPSON_HARR,393,332,0.8447837150127226,823,640,0.7776427703523694,421,232,0.5510688836104513,0.06714094466035325,0.2937148314022714,0.22657388674191814
SAMPSON_HERR,514,449,0.8735408560311284,72,54,0.75,176,107,0.6079545454545454,0.12354085603112841,0.265586310576583,0.14204545454545459
SAMPSON_INGO,453,340,0.7505518763796909,475,347,0.7305263157894737,343,164,0.478134110787172,0.020025560590217206,0.2724177655925189,0.2523922050023017
SAMPSON_KEEN,600,475,0.7916666666666666,299,199,0.6655518394648829,459,278,0.6056644880174292,0.12611482720178369,0.1860021786492374,0.05988735144745372
SAMPSON_KFRK,758,623,0.8218997361477572,553,392,0.7088607594936709,533,314,0.5891181988742964,0.11303897665408635,0.23278153727346085,0.1197425606193745
SAMPSON_LAKE,843,643,0.7627520759193357,1241,901,0.726027397260274,699,368,0.5264663805436338,0.036724678659061705,0.23628569537570188,0.19956101671664017
SAMPSON_MING,1455,1210,0.8316151202749141,494,319,0.645748987854251,836,473,0.5657894736842105,0.18586613242066308,0.2658256465907036,0.07995951417004055
SAMPSON_NGRV,643,530,0.8242612752721618,389,276,0.7095115681233933,411,280,0.681265206812652,0.11474970714876842,0.14299606845950974,0.02824636131074132
SAMPSON_PLVW,1657,1387,0.8370549185274593,371,251,0.6765498652291105,750,475,0.6333333333333333,0.16050505329834874,0.20372158519412598,0.04321653189577723
SAMPSON_ROSE,743,574,0.7725437415881561,313,215,0.6869009584664537,545,319,0.5853211009174312,0.08564278312170237,0.18722264067072492,0.10157985754902255
SAMPSON_ROWA,638,544,0.8526645768025078,506,363,0.717391304347826,455,253,0.5560439560439561,0.1352732724546818,0.2966206207585518,0.16134734830387
SAMPSON_SBRG,518,415,0.8011583011583011,247,180,0.728744939271255,282,176,0.624113475177305,0.07241336188704606,0.17704482598099613,0.10463146409395008
SAMPSON_TURK,371,311,0.8382749326145552,425,310,0.7294117647058823,308,184,0.5974025974025974,0.1088631679086729,0.24087233521195783,0.13200916730328494
SAMPSON_WBRK,786,661,0.8409669211195929,275,191,0.6945454545454546,454,283,0.6233480176211453,0.14642146657413835,0.2176189034984476,0.07119743692430924
SCOTLAND_01-16,372,221,0.5940860215053764,1703,1145,0.6723429242513213,1078,376,0.34879406307977734,-0.07825690274594488,0.24529195842559903,0.3235488611715439
SCOTLAND_02-25,763,550,0.7208387942332897,1374,939,0.6834061135371179,1269,602,0.4743892828999212,0.03743268069617178,0.24644951133336845,0.20901683063719667
SCOTLAND_03,730,569,0.7794520547945205,1162,877,0.7547332185886403,1164,675,0.5798969072164949,0.024718836205880224,0.19955514757802562,0.1748363113721454
SCOTLAND_04,949,728,0.7671232876712328,1270,982,0.7732283464566929,1487,942,0.6334902488231339,-0.006105058785460082,0.13363303884809896,0.13973809763355904
SCOTLAND_05-10,543,404,0.7440147329650092,625,443,0.7088,840,462,0.55,0.03521473296500921,0.19401473296500915,0.15879999999999994
SCOTLAND_06-89,962,696,0.7234927234927235,921,679,0.7372421281216069,1432,853,0.5956703910614525,-0.01374940462888341,0.12782233243127106,0.14157173706015447
SCOTLAND_07,768,570,0.7421875,1303,1004,0.7705295471987721,1065,583,0.5474178403755868,-0.02834204719877209,0.19476965962441317,0.22311170682318526
STANLY_0003,774,632,0.8165374677002584,553,425,0.7685352622061483,941,683,0.7258235919234857,0.04800220549411005,0.0907138757767727,0.04271167028266265
STANLY_0011,609,516,0.8472906403940886,233,183,0.7854077253218884,518,386,0.7451737451737451,0.06188291507220023,0.1021168952203435,0.04023398014814328
STANLY_0014,545,455,0.8348623853211009,143,122,0.8531468531468531,426,318,0.7464788732394366,-0.018284467825752215,0.08838351208166428,0.1066679799074165
STANLY_0015,477,406,0.8511530398322851,355,280,0.7887323943661971,466,324,0.6952789699570815,0.06242064546608794,0.15587406987520358,0.09345342440911564
STANLY_0016,581,487,0.8382099827882961,277,216,0.779783393501805,451,329,0.729490022172949,0.058426589286491026,0.10871996061534706,0.05029337132885603
STANLY_0017,1093,929,0.8499542543458372,280,221,0.7892857142857143,680,501,0.736764705882353,0.0606685400601229,0.11318954846348417,0.05252100840336127
STANLY_0018,650,532,0.8184615384615385,180,139,0.7722222222222223,415,292,0.7036144578313253,0.04623931623931621,0.1148470806302132,0.068607764390897
STANLY_0019,1029,876,0.8513119533527697,149,120,0.8053691275167785,560,412,0.7357142857142858,0.045942825835991186,0.11559766763848389,0.0696548418024927
STANLY_0021,850,770,0.9058823529411765,100,79,0.79,404,324,0.801980198019802,0.11588235294117644,0.10390215492137445,-0.01198019801980199
STANLY_0022,1185,1010,0.8523206751054853,290,224,0.7724137931034483,642,476,0.7414330218068536,0.079906882002037,0.1108876532986317,0.03098077129659471
STANLY_0023,1954,1673,0.8561924257932446,326,252,0.7730061349693251,1185,829,0.69957805907173,0.08318629082391948,0.15661436672151463,0.07342807589759515
STANLY_0024,2388,2033,0.8513400335008375,535,414,0.7738317757009345,1582,1135,0.7174462705436156,0.077508257799903,0.13389376295722188,0.05638550515731888
STANLY_0025,2291,1956,0.8537756438236578,374,284,0.7593582887700535,1273,905,0.7109190887666929,0.09441735505360427,0.14285655505696493,0.04843920000336066
STANLY_0107,932,758,0.8133047210300429,722,544,0.7534626038781164,974,654,0.6714579055441479,0.059842117151926555,0.14184681548589506,0.0820046983339685
STANLY_0108,201,116,0.5771144278606966,958,641,0.6691022964509394,487,203,0.41683778234086244,-0.09198786859024288,0.16027664551983412,0.252264514110077
STANLY_0110,785,613,0.780891719745223,513,385,0.7504873294346979,832,526,0.6322115384615384,0.03040439031052511,0.14868018128368454,0.11827579097315943
STANLY_0113,688,572,0.8313953488372093,172,129,0.75,546,372,0.6813186813186813,0.08139534883720934,0.150076667518528,0.06868131868131866
STANLY_0120,1759,1511,0.8590108015918135,228,182,0.7982456140350878,921,682,0.740499457111835,0.060765187556725775,0.11851134447997858,0.0577461569232528
STANLY_0126,1208,1010,0.8360927152317881,354,286,0.807909604519774,734,521,0.7098092643051771,0.02818311071201407,0.12628345092661097,0.0981003402145969
STANLY_0127,1679,1392,0.8290649195949971,717,556,0.7754532775453278,1109,787,0.7096483318304779,0.053611642049669284,0.11941658776451913,0.06580494571484985
STANLY_0212,1170,940,0.8034188034188035,438,289,0.6598173515981736,994,589,0.5925553319919518,0.1436014518206299,0.2108634714268517,0.0672620196062218
STOKES_01,452,368,0.8141592920353983,95,80,0.8421052631578947,268,221,0.8246268656716418,-0.027945971122496416,-0.01046757363624351,0.017478397486252906
STOKES_02,974,815,0.8367556468172485,210,180,0.8571428571428571,628,464,0.7388535031847133,-0.02038721032560864,0.09790214363253513,0.11828935395814377
STOKES_03,873,746,0.854524627720504,125,101,0.808,427,314,0.7353629976580797,0.04652462772050392,0.1191616300624243,0.07263700234192039
STOKES_04,1180,997,0.8449152542372881,212,160,0.7547169811320755,726,532,0.7327823691460055,0.09019827310521256,0.11213288509128261,0.02193461198607005
STOKES_0506,818,665,0.812958435207824,206,157,0.7621359223300971,514,394,0.7665369649805448,0.05082251287772688,0.04642147022727916,-0.004401042650447717
STOKES_07,346,296,0.8554913294797688,92,78,0.8478260869565217,245,186,0.7591836734693878,0.007665242523247073,0.09630765601038105,0.08864241348713398
STOKES_08,880,754,0.8568181818181818,158,121,0.7658227848101266,436,295,0.676605504587156,0.09099539700805526,0.18021267723102585,0.0892172802229706
STOKES_09,1227,1001,0.8158109209453953,334,258,0.7724550898203593,680,489,0.7191176470588235,0.04335583112503605,0.09669327388657178,0.053337442761535736
STOKES_10,2132,1768,0.8292682926829268,529,443,0.8374291115311909,1299,925,0.7120862201693611,-0.00816081884826414,0.11718207251356572,0.12534289136182986
STOKES_11,2022,1696,0.8387734915924827,535,405,0.7570093457943925,1189,822,0.6913372582001682,0.08176414579809022,0.1474362333923145,0.06567208759422427
STOKES_12,1079,907,0.8405931417979611,217,184,0.847926267281106,638,470,0.7366771159874608,-0.007333125483144909,0.1039160258105003,0.11124915129364521
STOKES_13,1074,897,0.835195530726257,181,136,0.7513812154696132,611,428,0.7004909983633388,0.08381431525664373,0.13470453236291813,0.050890217106274394
STOKES_140,1314,1120,0.852359208523592,287,235,0.818815331010453,790,583,0.7379746835443038,0.03354387751313903,0.1143845249792882,0.08084064746614916
STOKES_150,743,632,0.8506056527590848,194,158,0.8144329896907216,403,310,0.7692307692307693,0.0361726630683632,0.08137488352831557,0.04520222045995237
STOKES_1618,911,770,0.845225027442371,514,411,0.7996108949416343,629,438,0.6963434022257552,0.04561413250073676,0.14888162521661585,0.1032674927158791
STOKES_17,867,731,0.8431372549019608,337,258,0.7655786350148368,510,379,0.7431372549019608,0.07755861988712398,0.09999999999999998,0.022441380112875997
STOKES_1819,492,426,0.8658536585365854,204,166,0.8137254901960784,304,224,0.7368421052631579,0.05212816834050693,0.1290115532734275,0.07688338493292057
STOKES_20,764,627,0.8206806282722513,191,152,0.7958115183246073,482,352,0.7302904564315352,0.02486910994764402,0.09039017184071607,0.06552106189307205
SURRY_01,1004,850,0.8466135458167331,270,218,0.8074074074074075,627,449,0.7161084529505582,0.03920613840932563,0.13050509286617484,0.09129895445684921
SURRY_04,815,686,0.841717791411043,360,287,0.7972222222222223,643,444,0.6905132192846034,0.044495569188820694,0.15120457212643956,0.10670900293761887
SURRY_05,1475,1246,0.8447457627118644,232,175,0.7543103448275862,838,605,0.7219570405727923,0.09043541788427822,0.1227887221390721,0.03235330425479388
SURRY_09,720,597,0.8291666666666667,169,129,0.7633136094674556,537,359,0.6685288640595903,0.06585305719921108,0.16063780260707639,0.0947847454078653
SURRY_10,714,621,0.8697478991596639,121,94,0.7768595041322314,376,248,0.6595744680851063,0.09288839502743251,0.21017343107455755,0.11728503604712504
SURRY_11,672,538,0.8005952380952381,262,168,0.6412213740458015,543,347,0.6390423572744015,0.15937386404943665,0.16155288082083663,0.0021790167713999775
SURRY_12,864,647,0.7488425925925926,463,300,0.6479481641468683,968,535,0.5526859504132231,0.10089442844572427,0.19615664217936946,0.09526221373364518
SURRY_15,860,660,0.7674418604651163,381,265,0.6955380577427821,690,419,0.6072463768115942,0.07190380272233421,0.1601954836535221,0.08829168093118789
SURRY_16,746,617,0.8270777479892761,188,137,0.7287234042553191,489,317,0.6482617586912065,0.09835434373395702,0.17881598929806963,0.08046164556411262
SURRY_17,678,536,0.7905604719764012,193,151,0.7823834196891192,469,319,0.6801705756929638,0.00817705228728205,0.11038989628343743,0.10221284399615538
SURRY_18,1030,852,0.8271844660194175,342,251,0.7339181286549707,728,478,0.6565934065934066,0.09326633736444678,0.17059105942601094,0.07732472206156416
SURRY_19,1333,1062,0.7966991747936985,487,376,0.7720739219712526,1050,683,0.6504761904761904,0.024625252822445876,0.14622298431750802,0.12159773149506214
SURRY_22,592,498,0.8412162162162162,183,141,0.7704918032786885,435,315,0.7241379310344828,0.07072441293752774,0.11707828518173347,0.04635387224420573
SURRY_23,809,680,0.8405438813349815,193,156,0.8082901554404145,472,346,0.7330508474576272,0.03225372589456699,0.10749303387735432,0.07523930798278733
SURRY_24,452,399,0.8827433628318584,104,88,0.8461538461538461,224,177,0.7901785714285714,0.036589516678012246,0.092564791403287,0.05597527472527475
SURRY_25,758,581,0.7664907651715039,229,164,0.7161572052401747,608,382,0.6282894736842105,0.050333559931329264,0.13820129148729343,0.08786773155596417
SURRY_26,1438,1190,0.827538247566064,370,274,0.7405405405405405,958,663,0.6920668058455115,0.08699770702552345,0.13547144172055248,0.048473734695029025
SURRY_27,900,741,0.8233333333333334,205,163,0.7951219512195122,524,376,0.7175572519083969,0.028211382113821126,0.10577608142493644,0.07756469931111531
SURRY_28,728,605,0.8310439560439561,204,155,0.7598039215686274,503,331,0.658051689860835,0.07124003447532867,0.17299226618312114,0.10175223170779246
SURRY_29,1439,1149,0.7984711605281446,654,464,0.709480122324159,1110,728,0.6558558558558558,0.08899103820398557,0.14261530467228878,0.053624266468303206
SURRY_30,2072,1693,0.8170849420849421,931,752,0.807733619763695,1528,1062,0.6950261780104712,0.009351322321247135,0.12205876407447092,0.11270744175322378
SURRY_32,1675,1386,0.8274626865671642,478,386,0.8075313807531381,1084,775,0.7149446494464945,0.019931305814026024,0.11251803712066966,0.09258673130664363
SURRY_34,1868,1532,0.8201284796573876,889,692,0.7784026996625422,1573,1080,0.6865861411315957,0.04172577999484539,0.1335423385257919,0.0918165585309465
SWAIN_ALARKA,325,249,0.7661538461538462,202,169,0.8366336633663366,289,217,0.7508650519031141,-0.07047981721249041,0.01528879425073204,0.08576861146322245
SWAIN_ALMOND,599,466,0.7779632721202003,243,188,0.7736625514403292,551,402,0.7295825771324864,0.004300720679871084,0.04838069498771391,0.04407997430784283
SWAIN_BC1,848,591,0.6969339622641509,545,403,0.7394495412844037,929,617,0.6641550053821313,-0.042515579020252714,0.032778956882019594,0.07529453590227231
SWAIN_BC2,790,584,0.739240506329114,554,432,0.779783393501805,892,605,0.6782511210762332,-0.040542887172691056,0.06098938525288078,0.10153227242557183
SWAIN_WHCH,804,513,0.6380597014925373,894,589,0.6588366890380313,1485,827,0.5569023569023569,-0.020776987545493952,0.08115734459018042,0.10193433213567438
TRANSYLVANIA_B1,371,296,0.7978436657681941,500,395,0.79,947,696,0.7349524815205913,0.007843665768194064,0.06289118424760276,0.0550475184794087
TRANSYLVANIA_B2,371,277,0.7466307277628033,534,402,0.7528089887640449,752,521,0.6928191489361702,-0.006178261001241636,0.05381157882663301,0.05998983982787465
TRANSYLVANIA_B3,505,388,0.7683168316831683,545,459,0.8422018348623853,976,727,0.7448770491803278,-0.07388500317921698,0.02343978250284051,0.09732478568205749
TRANSYLVANIA_B4,353,271,0.7677053824362606,458,372,0.8122270742358079,783,570,0.7279693486590039,-0.044521691799547236,0.03973603377725676,0.084257725576804
TRANSYLVANIA_BD,948,755,0.7964135021097046,489,378,0.7730061349693251,1344,950,0.7068452380952381,0.023407367140379498,0.08956826401446649,0.066160896874087
TRANSYLVANIA_CC.1,898,758,0.844097995545657,368,301,0.8179347826086957,1077,824,0.7650882079851439,0.026163212936961333,0.07900978756051313,0.0528465746235518
TRANSYLVANIA_CM,227,186,0.8193832599118943,201,165,0.8208955223880597,449,349,0.77728285077951,-0.0015122624761654269,0.04210040913238433,0.04361267160854976
TRANSYLVANIA_DR,764,598,0.7827225130890052,606,486,0.801980198019802,1325,1034,0.780377358490566,-0.019257684930796826,0.002345154598439203,0.02160283952923603
TRANSYLVANIA_EF,341,274,0.8035190615835777,209,169,0.8086124401913876,532,422,0.793233082706767,-0.005093378607809895,0.010285978876810709,0.015379357484620604
TRANSYLVANIA_LR,659,540,0.8194233687405159,288,227,0.7881944444444444,778,583,0.7493573264781491,0.031228924296071492,0.07006604226236679,0.0388371179662953
TRANSYLVANIA_PF,418,324,0.7751196172248804,236,180,0.7627118644067796,625,403,0.6448,0.012407752818100803,0.1303196172248804,0.11791186440677959
TRANSYLVANIA_RE.1,967,737,0.7621509824198552,255,181,0.7098039215686275,1042,714,0.6852207293666027,0.052347060851227756,0.07693025305325252,0.024583192202024762
TRANSYLVANIA_TC1,443,361,0.8148984198645598,81,63,0.7777777777777778,371,266,0.7169811320754716,0.03712064208678201,0.09791728778908815,0.06079664570230614
TRANSYLVANIA_TC7,880,671,0.7625,283,214,0.7561837455830389,732,497,0.6789617486338798,0.006316254416961042,0.08353825136612014,0.0772219969491591
TRANSYLVANIA_WC,500,402,0.804,337,298,0.884272997032641,816,645,0.7904411764705882,-0.0802729970326409,0.013558823529411845,0.09383182056205275
TYRRELL_1,17,12,0.7058823529411765,136,104,0.7647058823529411,35,22,0.6285714285714286,-0.05882352941176461,0.07731092436974796,0.13613445378151257
TYRRELL_14,7,6,0.8571428571428571,10,8,0.8,32,26,0.8125,0.05714285714285705,0.044642857142857095,-0.012499999999999956
TYRRELL_15,100,75,0.75,198,146,0.7373737373737373,201,146,0.7263681592039801,0.012626262626262652,0.023631840796019876,0.011005578169757224
TYRRELL_16,9,6,0.6666666666666666,7,7,1.0,9,9,1.0,-0.33333333333333337,-0.33333333333333337,0.0
TYRRELL_2,336,240,0.7142857142857143,513,381,0.7426900584795322,568,387,0.6813380281690141,-0.028404344193817876,0.03294768611670018,0.06135203031051806
TYRRELL_3,37,25,0.6756756756756757,61,49,0.8032786885245902,74,50,0.6756756756756757,-0.1276030128489145,0.0,0.1276030128489145
UNION_0005,1568,1225,0.78125,1141,849,0.7440841367221736,1611,1044,0.6480446927374302,0.03716586327782645,0.13320530726256985,0.0960394439847434
UNION_001,205,115,0.5609756097560976,552,304,0.5507246376811594,501,198,0.39520958083832336,0.010250972074938192,0.16576602891777426,0.15551505684283606
UNION_0019,2096,1720,0.8206106870229007,1000,786,0.786,1949,1395,0.7157516675218061,0.03461068702290071,0.10485901950109466,0.07024833247819395
UNION_002,351,272,0.7749287749287749,694,455,0.6556195965417867,590,353,0.5983050847457627,0.11930917838698818,0.17662369018301216,0.05731451179602398
UNION_0020A,1485,1124,0.7569023569023569,974,735,0.7546201232032854,1782,1210,0.6790123456790124,0.0022822336990714343,0.07789001122334449,0.07560777752427306
UNION_0020B,2000,1595,0.7975,832,620,0.7451923076923077,2009,1436,0.7147834743653559,0.05230769230769228,0.08271652563464404,0.030408833326951767
UNION_003,317,252,0.7949526813880127,465,308,0.6623655913978495,452,282,0.6238938053097345,0.13258708999016322,0.1710588760782782,0.03847178608811497
UNION_0030,1868,1475,0.7896145610278372,1236,888,0.7184466019417476,1954,1277,0.6535312180143296,0.07116795908608964,0.13608334301350766,0.06491538392741802
UNION_004,182,102,0.5604395604395604,730,456,0.6246575342465753,438,193,0.4406392694063927,-0.06421797380701488,0.11980029103316775,0.18401826484018263
UNION_0044,1355,1067,0.7874538745387454,846,667,0.7884160756501182,1712,1175,0.6863317757009346,-0.0009622011113727957,0.10112209883781076,0.10208429994918355
UNION_0045,1382,1108,0.8017366136034733,557,452,0.8114901256732495,1393,1017,0.7300789662598708,-0.00975351206977626,0.07165764734360247,0.08141115941337873
UNION_006,1202,1004,0.8352745424292846,528,393,0.7443181818181818,898,622,0.6926503340757239,0.0909563606111028,0.1426242083535607,0.05166784774245792
UNION_007,1784,1402,0.7858744394618834,1144,812,0.7097902097902098,1728,1173,0.6788194444444444,0.07608422967167361,0.10705499501743898,0.030970765345765372
UNION_008,601,425,0.7071547420965059,953,628,0.6589716684155299,796,394,0.4949748743718593,0.04818307368097596,0.2121798677246466,0.16399679404367062
UNION_009,340,265,0.7794117647058824,700,487,0.6957142857142857,393,215,0.5470737913486005,0.08369747899159663,0.2323379733572819,0.14864049436568527
UNION_010,243,182,0.7489711934156379,520,365,0.7019230769230769,467,290,0.6209850107066381,0.04704811649256102,0.12798618270899975,0.08093806621643873
UNION_011,1869,1639,0.8769395398608881,231,187,0.8095238095238095,854,662,0.775175644028103,0.0674157303370786,0.10176389583278511,0.03434816549570652
UNION_012,1684,1477,0.8770783847980997,203,157,0.7733990147783252,740,574,0.7756756756756756,0.10367937001977456,0.1014027091224241,-0.0022766608973504576
UNION_013,1818,1553,0.8542354235423543,228,175,0.7675438596491229,897,682,0.7603121516164995,0.0866915638932314,0.09392327192585481,0.007231708032623407
UNION_014,724,564,0.7790055248618785,471,335,0.7112526539278131,890,542,0.6089887640449438,0.06775287093406535,0.17001676081693462,0.10226388988286927
UNION_015,1804,1437,0.7965631929046563,1199,899,0.749791492910759,2101,1490,0.709186101856259,0.0467716999938973,0.0873770910483973,0.040605391054500006
UNION_016,2521,2071,0.8214994049980167,1526,1158,0.7588466579292268,2683,1869,0.6966082743197913,0.06265274706878987,0.12489113067822533,0.062238383609435455
UNION_017A,1713,1394,0.8137769994162288,799,595,0.7446808510638298,1611,1131,0.702048417132216,0.06909614835239908,0.11172858228401283,0.042632433931613756
UNION_017B,2076,1683,0.8106936416184971,963,736,0.7642782969885774,2414,1735,0.7187241093620547,0.0464153446299197,0.09196953225644244,0.045554187626522746
UNION_018,1493,1240,0.8305425318151373,590,466,0.7898305084745763,1623,1240,0.7640172520024646,0.04071202334056101,0.06652527981267264,0.025813256472111634
UNION_021,1517,1279,0.8431114040870138,367,295,0.8038147138964578,980,758,0.773469387755102,0.03929669019055604,0.0696420163319118,0.030345326141355766
UNION_022,1555,1264,0.8128617363344052,306,218,0.7124183006535948,1118,764,0.6833631484794276,0.10044343568081038,0.1294985878549776,0.02905515217416721
UNION_023,976,842,0.8627049180327869,461,348,0.754880694143167,827,605,0.7315598548972189,0.10782422388961987,0.13114506313556806,0.02332083924594819
UNION_024,1323,1131,0.854875283446712,339,250,0.7374631268436578,857,620,0.7234539089848308,0.11741215660305426,0.1314213744618813,0.014009217858827028
UNION_025,1061,882,0.8312912346842601,476,356,0.7478991596638656,752,536,0.7127659574468085,0.08339207502039458,0.11852527723745165,0.03513320221705707
UNION_026,1114,921,0.8267504488330341,373,275,0.7372654155495979,692,464,0.6705202312138728,0.08948503328343616,0.15623021761916123,0.06674518433572507
UNION_027,1047,893,0.8529130850047756,311,238,0.7652733118971061,570,431,0.756140350877193,0.08763977310766946,0.09677273412758258,0.009132961019913122
UNION_028A,2309,1831,0.7929839757470767,1207,923,0.7647058823529411,3022,2144,0.7094639311714097,0.02827809339413556,0.08352004457566697,0.05524195118153141
UNION_028B,1629,1293,0.7937384898710865,794,600,0.7556675062972292,2361,1727,0.7314697162219399,0.0380709835738573,0.062268773649146625,0.024197790075289327
UNION_028C,1558,1228,0.7881899871630296,697,532,0.763271162123386,2084,1527,0.732725527831094,0.0249188250396436,0.055464459331935556,0.030545634292291957
UNION_028D,1894,1424,0.7518479408658922,1121,824,0.7350579839429081,2579,1799,0.6975571927103529,0.01678995692298413,0.05429074815553936,0.03750079123255523
UNION_029A,1699,1320,0.7769276044732195,1493,1171,0.7843268586738111,2254,1573,0.6978704525288376,-0.007399254200591621,0.0790571519443819,0.08645640614497352
UNION_029B,704,565,0.8025568181818182,407,305,0.7493857493857494,773,569,0.7360931435963778,0.05317106879606881,0.06646367458544045,0.013292605789371637
UNION_029C,1307,1071,0.819433817903596,738,560,0.7588075880758808,1369,984,0.718772826880935,0.06062622982771526,0.10066099102266102,0.040034761194945756
UNION_031,1538,1215,0.7899869960988296,1043,754,0.7229146692233941,1734,1174,0.6770472895040369,0.06707232687543552,0.11293970659479269,0.04586737971935717
UNION_032,1808,1551,0.8578539823008849,643,524,0.8149300155520995,1316,991,0.7530395136778115,0.0429239667487854,0.10481446862307342,0.06189050187428802
UNION_033,1209,975,0.8064516129032258,478,360,0.7531380753138075,1086,769,0.7081031307550645,0.05331353758941826,0.09834848214816128,0.04503494455874302
UNION_034,2091,1784,0.8531802965088474,675,502,0.7437037037037038,1372,1016,0.7405247813411079,0.10947659280514366,0.11265551516773953,0.0031789223625958707
UNION_035,861,733,0.851335656213705,401,324,0.8079800498753117,906,708,0.7814569536423841,0.043355606338393304,0.0698787025713209,0.02652309623292759
UNION_036,1095,932,0.8511415525114155,530,392,0.7396226415094339,702,484,0.6894586894586895,0.11151891100198164,0.16168286305272606,0.05016395205074442
UNION_037A,2082,1677,0.8054755043227666,1382,1043,0.7547033285094067,2609,1815,0.6956688386354926,0.05077217581335991,0.10980666568727404,0.05903448987391413
UNION_037B,714,611,0.8557422969187675,243,205,0.8436213991769548,544,436,0.8014705882352942,0.012120897741812686,0.05427170868347331,0.04215081094166062
UNION_038A,1329,1018,0.7659894657637322,1097,756,0.6891522333637192,1571,974,0.6199872692552514,0.07683723240001294,0.14600219650848079,0.06916496410846784
UNION_038B,912,736,0.8070175438596491,471,374,0.7940552016985138,1013,748,0.7384007897334649,0.012962342161135232,0.06861675412618418,0.055654411965048944
UNION_039,1524,1273,0.8353018372703412,625,457,0.7312,1240,853,0.6879032258064516,0.10410183727034128,0.14739861146388966,0.04329677419354838
UNION_040,1696,1399,0.8248820754716981,817,625,0.7649938800489596,1916,1418,0.7400835073068893,0.05988819542273849,0.0847985681648088,0.024910372742070308
UNION_041,2025,1642,0.8108641975308643,774,601,0.7764857881136951,2305,1688,0.7323210412147505,0.03437840941716919,0.07854315631611375,0.04416474689894456
UNION_042,873,715,0.8190148911798396,486,358,0.7366255144032922,842,591,0.7019002375296912,0.08238937677654745,0.11711465365014839,0.03472527687360094
UNION_043,122,73,0.5983606557377049,538,320,0.5947955390334573,352,140,0.3977272727272727,0.0035651167042476395,0.2006333830104322,0.19706826630618457
VANCE_CC,680,584,0.8588235294117647,1249,983,0.7870296236989591,828,552,0.6666666666666666,0.07179390571280553,0.19215686274509802,0.1203629570322925
VANCE_CH,183,105,0.5737704918032787,2454,1644,0.6699266503667481,913,335,0.3669222343921139,-0.09615615856346948,0.20684825741116475,0.30300441597463423
VANCE_KITT,1029,849,0.8250728862973761,1448,1118,0.7720994475138122,1131,698,0.6171529619805481,0.052973438783563864,0.20791992431682793,0.15494648553326407
VANCE_MIDD,610,509,0.8344262295081967,1295,1015,0.7837837837837838,753,506,0.6719787516600265,0.0506424457244129,0.16244747784817015,0.11180503212375725
VANCE_NH,778,646,0.8303341902313625,1596,1234,0.7731829573934837,1009,657,0.6511397423191279,0.05715123283787871,0.1791944479122346,0.12204321507435589
VANCE_NV,223,166,0.7443946188340808,634,438,0.6908517350157729,319,143,0.4482758620689655,0.05354288381830785,0.29611875676511523,0.24257587294680738
VANCE_SCRK,815,606,0.743558282208589,2063,1545,0.7489093553078041,1262,749,0.5935023771790808,-0.00535107309921512,0.15005590502950816,0.15540697812872328
VANCE_SH,405,279,0.6888888888888889,1867,1260,0.674879485806106,928,417,0.44935344827586204,0.014009403082782868,0.23953544061302684,0.22552603753024397
VANCE_WH,618,521,0.843042071197411,1896,1467,0.7737341772151899,960,629,0.6552083333333333,0.06930789398222115,0.18783373786407775,0.11852584388185661
WAKE_01-01,240,183,0.7625,898,727,0.8095768374164811,1110,782,0.7045045045045045,-0.047076837416481165,0.05799549549549543,0.1050723329119766
WAKE_01-02,261,196,0.7509578544061303,745,626,0.8402684563758389,954,716,0.750524109014675,-0.08931060196970864,0.0004337453914552425,0.08974434736116388
WAKE_01-03,613,533,0.8694942903752039,654,586,0.8960244648318043,974,805,0.8264887063655031,-0.02653017445660044,0.04300558400970078,0.06953575846630122
WAKE_01-04,349,300,0.8595988538681948,447,390,0.87248322147651,529,426,0.8052930056710775,-0.01288436760831524,0.05430584819711726,0.0671902158054325
WAKE_01-05,353,314,0.8895184135977338,375,335,0.8933333333333333,485,414,0.8536082474226804,-0.0038149197355995534,0.03591016617505338,0.039725085910652935
WAKE_01-06,403,297,0.7369727047146402,1332,1052,0.7897897897897898,1437,1073,0.7466945024356297,-0.052817085075149595,-0.009721797720989578,0.04309528735416002
WAKE_01-07,513,349,0.6803118908382066,1557,1143,0.7341040462427746,1619,1105,0.6825200741198271,-0.05379215540456794,-0.002208183281620424,0.05158397212294752
WAKE_01-09,198,169,0.8535353535353535,543,475,0.8747697974217311,525,443,0.8438095238095238,-0.02123444388637763,0.009725829725829693,0.030960273612207323
WAKE_01-10,347,302,0.8703170028818443,605,545,0.9008264462809917,702,592,0.8433048433048433,-0.030509443399147407,0.027012159577000983,0.05752160297614839
WAKE_01-11,1032,901,0.873062015503876,703,611,0.8691322901849218,1205,962,0.7983402489626557,0.003929725318954191,0.07472176654122031,0.07079204122226612
WAKE_01-12,413,357,0.864406779661017,703,615,0.8748221906116643,942,745,0.7908704883227177,-0.010415410950647352,0.07353629133829931,0.08395170228894666
WAKE_01-13,133,106,0.7969924812030075,819,675,0.8241758241758241,869,677,0.7790563866513234,-0.02718334297281666,0.0179360945516841,0.04511943752450076
WAKE_01-14,391,305,0.7800511508951407,1932,1626,0.8416149068322981,1884,1445,0.7669851380042463,-0.06156375593715746,0.013066012890894374,0.07462976882805183
WAKE_01-15,824,635,0.7706310679611651,1178,891,0.7563667232597623,1459,1009,0.6915695681973955,0.014264344701402809,0.07906149976376964,0.06479715506236683
WAKE_01-16,567,452,0.7971781305114638,1386,1089,0.7857142857142857,1467,1052,0.7171097477845945,0.011463844797178102,0.08006838272686934,0.06860453792969123
WAKE_01-17,378,314,0.8306878306878307,339,292,0.8613569321533924,513,404,0.7875243664717348,-0.030669101465561677,0.04316346421609585,0.07383256568165752
WAKE_01-18,562,454,0.8078291814946619,1155,858,0.7428571428571429,1363,901,0.661041819515774,0.06497203863751899,0.14678736197888786,0.08181532334136887
WAKE_01-19,81,32,0.3950617283950617,1279,884,0.691164972634871,888,316,0.35585585585585583,-0.29610324423980927,0.03920587253920588,0.33530911677901515
WAKE_01-20,174,113,0.6494252873563219,1596,1174,0.7355889724310777,1412,730,0.5169971671388102,-0.0861636850747558,0.1324281202175117,0.21859180529226752
WAKE_01-21,621,441,0.7101449275362319,2111,1533,0.7261961155850308,2465,1497,0.6073022312373225,-0.016051188048798903,0.10284269629890941,0.11889388434770831
WAKE_01-22,161,96,0.5962732919254659,2667,2027,0.7600299962504687,1688,746,0.4419431279620853,-0.1637567043250029,0.15433016396338056,0.31808686828838345
WAKE_01-23,568,406,0.7147887323943662,1797,1300,0.7234279354479688,3674,2334,0.6352749047359826,-0.008639203053602551,0.07951382765838366,0.08815303071198621
WAKE_01-25,80,28,0.35,538,306,0.5687732342007435,846,195,0.23049645390070922,-0.21877323420074357,0.11950354609929076,0.33827678030003433
WAKE_01-26,107,66,0.616822429906542,1399,950,0.6790564689063617,1568,641,0.40880102040816324,-0.06223403899981972,0.20802140949837877,0.2702554484981985
WAKE_01-27,221,126,0.5701357466063348,1373,990,0.721048798252003,1534,892,0.5814863102998696,-0.15091305164566815,-0.01135056369353482,0.13956248795213333
WAKE_01-28,375,247,0.6586666666666666,2437,1821,0.7472302010668855,2231,1218,0.5459435230838189,-0.08856353440021891,0.11272314358284774,0.20128667798306665
WAKE_01-29,712,636,0.8932584269662921,738,653,0.8848238482384824,989,795,0.8038422649140546,0.008434578727809727,0.08941616205223746,0.08098158332442773
WAKE_01-30,347,301,0.8674351585014409,393,352,0.8956743002544529,628,513,0.8168789808917197,-0.02823914175301201,0.0505561776097212,0.07879531936273321
WAKE_01-31,349,234,0.670487106017192,1502,939,0.6251664447403462,2202,1189,0.5399636693914623,0.04532066127684575,0.13052343662572963,0.08520277534888387
WAKE_01-32,366,244,0.6666666666666666,1189,840,0.7064760302775441,1478,919,0.621786197564276,-0.0398093636108775,0.04488046910239063,0.08468983271326813
WAKE_01-33,446,378,0.8475336322869955,740,626,0.845945945945946,828,649,0.783816425120773,0.0015876863410495545,0.06371720716622253,0.06212952082517298
WAKE_01-34,71,43,0.6056338028169014,1128,741,0.6569148936170213,1061,368,0.3468426013195099,-0.05128109080011989,0.2587912014973915,0.3100722922975114
WAKE_01-35,118,64,0.5423728813559322,1625,1118,0.688,1184,480,0.40540540540540543,-0.14562711864406774,0.13696747595052677,0.2825945945945945
WAKE_01-36,880,718,0.8159090909090909,841,643,0.7645659928656362,1184,884,0.7466216216216216,0.051343098043454716,0.06928746928746932,0.0179443712440146
WAKE_01-37,465,395,0.8494623655913979,582,504,0.865979381443299,911,722,0.7925356750823271,-0.01651701585190113,0.05692669050907073,0.07344370636097186
WAKE_01-38,332,259,0.7801204819277109,1159,884,0.7627264883520276,1117,715,0.640107430617726,0.017393993575683275,0.14001305130998487,0.1226190577343016
WAKE_01-39,475,368,0.7747368421052632,1089,815,0.7483930211202938,1308,851,0.650611620795107,0.026343820984969346,0.12412522131015613,0.09778140032518678
WAKE_01-40,259,149,0.5752895752895753,2921,2017,0.6905169462512838,2067,848,0.41025641025641024,-0.11522737096170854,0.165033165033165,0.28026053599487355
WAKE_01-41,244,177,0.7254098360655737,945,671,0.71005291005291,1254,785,0.6259968102073366,0.015356926012663696,0.09941302585823719,0.0840560998455735
WAKE_01-42,892,789,0.8845291479820628,823,676,0.8213851761846902,1296,1033,0.7970679012345679,0.06314397179737263,0.08746124674749489,0.02431727495012226
WAKE_01-43,428,345,0.8060747663551402,1082,787,0.7273567467652495,1311,815,0.6216628527841342,0.07871801958989066,0.18441191357100595,0.10569389398111528
WAKE_01-44,603,490,0.8126036484245439,1626,1279,0.7865928659286593,1593,1081,0.6785938480853735,0.02601078249588462,0.13400980033917043,0.1079990178432858
WAKE_01-45,388,296,0.7628865979381443,654,503,0.7691131498470948,923,655,0.7096424702058505,-0.006226551908950495,0.05324412773229381,0.059470679641244306
WAKE_01-46,245,161,0.6571428571428571,1504,987,0.65625,1469,591,0.4023144996596324,0.0008928571428571397,0.25482835748322474,0.2539355003403676
WAKE_01-47,646,566,0.8761609907120743,644,572,0.8881987577639752,921,760,0.8251900108577633,-0.01203776705190085,0.05097097985431098,0.06300874690621183
WAKE_01-48,263,213,0.8098859315589354,972,795,0.8179012345679012,1191,841,0.7061293031066331,-0.008015303008965802,0.10375662845230227,0.11177193146126807
WAKE_01-49,412,279,0.6771844660194175,1481,1012,0.6833220796758946,1875,1106,0.5898666666666667,-0.006137613656477137,0.08731779935275086,0.093455413009228
WAKE_01-50,159,105,0.660377358490566,2058,1552,0.7541302235179786,1257,627,0.4988066825775656,-0.09375286502741265,0.1615706759130004,0.25532354094041304
WAKE_01-51,259,223,0.861003861003861,373,327,0.8766756032171582,503,391,0.7773359840954275,-0.015671742213297257,0.08366787690843347,0.09933961912173073
WAKE_02-01,938,828,0.8827292110874201,876,755,0.8618721461187214,1570,1299,0.8273885350318472,0.020857064968698658,0.05534067605557291,0.034483611086874255
WAKE_02-02,2178,1873,0.8599632690541782,1556,1316,0.8457583547557841,3215,2543,0.7909797822706065,0.0142049142983941,0.06898348678357169,0.05477857248517759
WAKE_02-03,1045,918,0.8784688995215311,679,606,0.8924889543446245,1422,1162,0.8171589310829818,-0.01402005482309343,0.0613099684385493,0.07533002326164273
WAKE_02-04,926,811,0.8758099352051836,576,488,0.8472222222222222,1207,953,0.7895608947804474,0.028587712982961366,0.08624904042473613,0.05766132744177477
WAKE_02-05,336,301,0.8958333333333334,267,238,0.8913857677902621,536,446,0.832089552238806,0.004447565543071241,0.06374378109452739,0.059296215551456144
WAKE_02-06,1020,902,0.884313725490196,624,546,0.875,1247,1020,0.8179631114675221,0.009313725490196045,0.06635061402267395,0.0570368885324779
WAKE_03-01,1263,1046,0.8281868566904196,1399,1144,0.8177269478198713,3154,2362,0.7488902980342422,0.010459908870548262,0.07929655865617735,0.06883664978562909
WAKE_03-02,904,733,0.8108407079646017,930,765,0.8225806451612904,2007,1484,0.739412057797708,-0.011739937196688643,0.0714286501668937,0.08316858736358235
WAKE_04-01,432,352,0.8148148148148148,896,721,0.8046875,1095,831,0.7589041095890411,0.01012731481481477,0.05591070522577368,0.04578339041095891
WAKE_04-02,581,468,0.8055077452667814,1059,836,0.789423984891407,1543,1121,0.7265068049254698,0.0160837603753744,0.07900094034131155,0.06291717996593715
WAKE_04-03,413,312,0.7554479418886199,766,566,0.7389033942558747,1090,721,0.6614678899082569,0.016544547632745155,0.09398005198036297,0.07743550434761781
WAKE_04-04,360,303,0.8416666666666667,794,631,0.7947103274559194,961,660,0.6867845993756504,0.04695633921074727,0.15488206729101628,0.10792572808026901
WAKE_04-05,750,641,0.8546666666666667,1207,1033,0.855840927920464,1970,1567,0.7954314720812182,-0.0011742612537972708,0.05923519458544846,0.06040945583924573
WAKE_04-06,728,606,0.8324175824175825,1041,880,0.8453410182516811,1528,1218,0.7971204188481675,-0.012923435834098607,0.035297163569414924,0.04822059940351353
WAKE_04-07,1006,901,0.8956262425447317,645,538,0.834108527131783,1321,1077,0.8152914458743377,0.061517715412948704,0.080334796670394,0.0188170812574453
WAKE_04-08,404,310,0.7673267326732673,1008,802,0.7956349206349206,1459,1034,0.7087045921864291,-0.02830818796165324,0.058622140486838226,0.08693032844849147
WAKE_04-09,701,571,0.8145506419400856,853,662,0.776084407971864,1689,1219,0.7217288336293665,0.038466233968221686,0.09282180831071918,0.05435557434249749
WAKE_04-10,528,454,0.8598484848484849,926,798,0.8617710583153347,1498,1164,0.7770360480640854,-0.001922573466849875,0.08281243678439942,0.0847350102512493
WAKE_04-11,256,214,0.8359375,621,484,0.7793880837359098,919,651,0.7083786724700761,0.05654941626409016,0.12755882752992387,0.07100941126583371
WAKE_04-12,633,518,0.8183254344391785,898,758,0.844097995545657,1496,1170,0.7820855614973262,-0.02577256110647852,0.03623987294185227,0.06201243404833079
WAKE_04-13,976,824,0.8442622950819673,1403,1195,0.8517462580185318,2825,2267,0.8024778761061947,-0.007483962936564503,0.041784418975772564,0.04926838191233707
WAKE_04-14,353,312,0.8838526912181303,601,526,0.8752079866888519,813,640,0.7872078720787208,0.008644704529278346,0.09664481913940948,0.08800011461013113
WAKE_04-15,491,411,0.8370672097759674,809,679,0.8393077873918418,1385,1049,0.7574007220216606,-0.002240577615874373,0.07966648775430674,0.08190706537018111
WAKE_04-16,387,316,0.8165374677002584,761,671,0.8817345597897503,1050,846,0.8057142857142857,-0.06519709208949198,0.010823181985972652,0.07602027407546463
WAKE_04-17,305,241,0.7901639344262295,664,538,0.8102409638554217,1010,757,0.7495049504950495,-0.020077029429192206,0.04065898393117995,0.060736013360372154
WAKE_04-18,488,384,0.7868852459016393,983,789,0.8026449643947101,1615,1151,0.7126934984520124,-0.015759718493070785,0.07419174744962698,0.08995146594269776
WAKE_04-19,337,295,0.8753709198813057,524,454,0.8664122137404581,1010,798,0.7900990099009901,0.008958706140847594,0.08527190998031553,0.07631320383946794
WAKE_04-20,555,441,0.7945945945945946,1221,968,0.7927927927927928,1614,1165,0.7218091697645601,0.0018018018018017834,0.07278542483003447,0.07098362302823269
WAKE_04-21,273,186,0.6813186813186813,788,576,0.7309644670050761,1038,621,0.5982658959537572,-0.04964578568639477,0.08305278536492411,0.13269857105131888
WAKE_05-01,923,728,0.7887323943661971,1355,1008,0.7439114391143912,2216,1544,0.6967509025270758,0.04482095525180596,0.0919814918391213,0.04716053658731534
WAKE_05-03,1047,846,0.8080229226361032,1381,1027,0.7436640115858074,2518,1810,0.7188244638602065,0.06435891105029579,0.08919845877589672,0.02483954772560093
WAKE_05-05,1358,981,0.7223858615611193,3113,2283,0.7333761644715708,4103,2727,0.6646356324640507,-0.010990302910451555,0.05775022909706862,0.06874053200752017
WAKE_05-06,1090,906,0.8311926605504587,1595,1272,0.7974921630094044,3291,2485,0.7550896384077788,0.03370049754105431,0.07610302214267994,0.042402524601625635
WAKE_05-08,658,422,0.6413373860182371,2049,1475,0.7198633479746218,3148,2024,0.6429479034307497,-0.07852596195638473,-0.0016105174125126132,0.07691544454387211
WAKE_05-09,610,450,0.7377049180327869,1587,1197,0.7542533081285444,2915,2070,0.7101200686106347,-0.01654839009575748,0.027584849422152224,0.044133239517909706
WAKE_05-10,473,331,0.6997885835095138,1317,1000,0.7593014426727411,2409,1637,0.6795350767953507,-0.05951285916322735,0.02025350671416304,0.07976636587739039
WAKE_06-04,1072,851,0.7938432835820896,1410,1106,0.7843971631205674,2401,1661,0.6917950853810912,0.009446120461522156,0.10204819820099831,0.09260207773947615
WAKE_06-05,1143,999,0.8740157480314961,704,590,0.8380681818181818,1595,1288,0.8075235109717869,0.0359475662133143,0.06649223705970919,0.030544670846394895
WAKE_06-06,1858,1490,0.8019375672766416,1900,1539,0.81,3619,2671,0.7380491848576956,-0.008062432723358492,0.06388838241894601,0.0719508151423045
WAKE_06-07,955,780,0.8167539267015707,1062,860,0.8097928436911488,1989,1483,0.7456008044243339,0.006961083010421865,0.0711531222772368,0.06419203926681494
WAKE_06-08,559,458,0.8193202146690519,817,670,0.8200734394124847,1210,889,0.7347107438016529,-0.0007532247434327566,0.084609470867399,0.08536269561083176
WAKE_06-10,1891,1483,0.7842411422527763,1601,1283,0.8013741411617739,3353,2382,0.7104085893229943,-0.017132998908997554,0.07383255292978197,0.09096555183877952
WAKE_06-11,392,289,0.7372448979591837,434,324,0.7465437788018433,801,528,0.6591760299625468,-0.009298880842659618,0.07806886799663693,0.08736774883929654
WAKE_06-12,2440,2007,0.8225409836065574,1821,1507,0.827567270730368,4243,3204,0.7551260900306387,-0.005026287123810591,0.06741489357591868,0.07244118069972927
WAKE_07-01,304,251,0.8256578947368421,803,616,0.7671232876712328,966,664,0.6873706004140787,0.05853460706560931,0.13828729432276343,0.07975268725715412
WAKE_07-02,381,338,0.8871391076115486,596,479,0.8036912751677853,750,554,0.7386666666666667,0.0834478324437633,0.14847244094488188,0.06502460850111857
WAKE_07-03,395,350,0.8860759493670886,541,464,0.8576709796672828,756,614,0.8121693121693122,0.02840496969980577,0.07390663719777635,0.04550166749797058
WAKE_07-04,694,561,0.80835734870317,1566,1225,0.7822477650063857,2117,1508,0.7123287671232876,0.02610958369678429,0.09602858157988237,0.06991899788309808
WAKE_07-05,407,334,0.8206388206388207,715,572,0.8,826,628,0.7602905569007264,0.02063882063882061,0.06034826373809421,0.0397094430992736
WAKE_07-06,971,882,0.9083419155509783,1118,969,0.8667262969588551,1702,1412,0.8296122209165687,0.04161561859212326,0.0787296946344096,0.03711407604228634
WAKE_07-07,981,867,0.8837920489296636,1555,1307,0.8405144694533762,2000,1586,0.793,0.04327757947628741,0.09079204892966353,0.04751446945337612
WAKE_07-09,710,574,0.8084507042253521,1290,997,0.7728682170542636,1701,1184,0.696061140505585,0.035582487171088584,0.11238956371976716,0.07680707654867858
WAKE_07-10,947,775,0.8183738120380147,2005,1542,0.7690773067331671,2844,2034,0.7151898734177216,0.04929650530484764,0.10318393862029318,0.05388743331544554
WAKE_07-11,284,245,0.8626760563380281,393,361,0.9185750636132316,512,444,0.8671875,-0.05589900727520347,-0.00451144366197187,0.0513875636132316
WAKE_07-12,563,457,0.8117229129662522,1152,868,0.7534722222222222,1312,920,0.7012195121951219,0.05825069074403,0.1105034007711303,0.0522527100271003
WAKE_07-13,514,435,0.8463035019455253,905,738,0.8154696132596685,1076,814,0.7565055762081785,0.030833888685856792,0.0897979257373468,0.058964037051490004
WAKE_08-02,948,802,0.8459915611814346,1324,1106,0.8353474320241692,2173,1712,0.7878508973768983,0.010644129157265425,0.05814066380453631,0.04749653464727088
WAKE_08-03,1283,1005,0.7833203429462198,2391,1831,0.7657883730656629,3410,2388,0.7002932551319648,0.01753196988055683,0.08302708781425494,0.06549511793369811
WAKE_08-04,565,505,0.8938053097345132,485,434,0.8948453608247423,837,719,0.8590203106332138,-0.0010400510902290883,0.034784999101299396,0.035825050191528485
WAKE_08-05,565,500,0.8849557522123894,649,568,0.8751926040061633,1024,859,0.8388671875,0.009763148206226147,0.046088564712389424,0.03632541650616328
WAKE_08-06,319,208,0.6520376175548589,1014,699,0.6893491124260355,1113,676,0.6073674752920036,-0.037311494871176576,0.04467014226285526,0.08198163713403184
WAKE_08-07,840,743,0.8845238095238095,648,559,0.8626543209876543,1282,1066,0.8315132605304212,0.021869488536155224,0.05301054899338831,0.031141060457233083
WAKE_08-08,1089,941,0.8640955004591369,1241,1072,0.8638195004029009,2323,1917,0.8252260008609557,0.0002760000562359588,0.0388694995981812,0.03859349954194524
WAKE_08-09,379,313,0.8258575197889182,748,603,0.8061497326203209,1033,771,0.7463697967086157,0.019707787168597335,0.0794877230803025,0.05977993591170516
WAKE_08-10,613,520,0.8482871125611745,1003,794,0.7916251246261217,1508,1107,0.7340848806366048,0.05666198793505284,0.11420223192456969,0.05754024398951685
WAKE_08-11,845,692,0.8189349112426035,1447,1196,0.8265376641326884,2243,1698,0.7570218457423094,-0.00760275289008483,0.061913065500294184,0.06951581839037901
WAKE_09-01,904,760,0.8407079646017699,852,654,0.7676056338028169,1012,665,0.6571146245059288,0.07310233079895301,0.18359334009584105,0.11049100929688804
WAKE_09-02,857,671,0.7829638273045507,2066,1509,0.7303969022265246,1804,1052,0.5831485587583148,0.05256692507802607,0.19981526854623588,0.1472483434682098
WAKE_09-03,1529,1286,0.8410725964682799,2400,1907,0.7945833333333333,2599,1720,0.6617929973066564,0.04648926313494661,0.1792795991616235,0.1327903360266769
WAKE_10-01,593,487,0.821247892074199,449,342,0.7616926503340757,679,456,0.6715758468335787,0.05955524174012328,0.14967204524062028,0.090116803500497
WAKE_10-02,1242,985,0.7930756843800322,1958,1470,0.7507660878447395,2130,1270,0.596244131455399,0.04230959653529265,0.19683155292463317,0.15452195638934052
WAKE_10-03,899,721,0.8020022246941045,1512,1169,0.7731481481481481,1674,1101,0.6577060931899642,0.028854076545956397,0.14429613150414033,0.11544205495818394
WAKE_10-05,1256,1062,0.8455414012738853,1574,1297,0.8240152477763659,1769,1325,0.7490107405313736,0.021526153497519407,0.09653066074251171,0.0750045072449923
WAKE_10-06,1519,1236,0.8136932192231732,2966,2376,0.8010788941335132,3502,2445,0.6981724728726442,0.012614325089659983,0.115520746350529,0.10290642126086902
WAKE_11-01,1231,909,0.7384240454914703,2302,1734,0.7532580364900087,3145,2128,0.6766295707472179,-0.014833990998538327,0.06179447474425248,0.07662846574279081
WAKE_11-02,1125,911,0.8097777777777778,1864,1441,0.773068669527897,2448,1765,0.7209967320261438,0.03670910824988083,0.08878104575163404,0.05207193750175321
WAKE_12-02,1844,1469,0.7966377440347071,2043,1600,0.7831620166421929,3153,2180,0.6914050111005392,0.013475727392514236,0.1052327329341679,0.09175700554165367
WAKE_12-04,2393,1987,0.8303384872544922,1335,1055,0.7902621722846442,3137,2313,0.7373286579534587,0.04007631496984798,0.09300982930103352,0.05293351433118554
WAKE_12-06,2383,1931,0.8103231221149811,1978,1542,0.7795753286147624,3609,2688,0.744804655029094,0.030747793500218723,0.06551846708588716,0.03477067358566843
WAKE_12-07,1164,990,0.8505154639175257,905,736,0.8132596685082873,1733,1240,0.7155222158107328,0.0372557954092384,0.13499324810679292,0.09773745269755452
WAKE_12-08,1611,1317,0.8175046554934823,1803,1419,0.7870216306156406,2767,1942,0.7018431514275388,0.030483024877841713,0.11566150406594344,0.08517847918810173
WAKE_12-09,2209,1820,0.8239022181982798,1516,1193,0.7869393139841688,3150,2267,0.7196825396825397,0.03696290421411097,0.1042196785157401,0.06725677430162913
WAKE_12-10,1609,1364,0.8477315102548166,1238,1071,0.8651050080775444,2713,2124,0.7828971618134906,-0.01737349782272779,0.06483434844132607,0.08220784626405386
WAKE_12-11,1199,1019,0.8498748957464554,994,790,0.7947686116700201,1980,1425,0.7196969696969697,0.05510628407643525,0.13017792604948564,0.07507164197305038
WAKE_12-12,1452,1267,0.8725895316804407,792,675,0.8522727272727273,1822,1439,0.7897914379802415,0.02031680440771344,0.0827980937001992,0.06248128929248575
WAKE_12-13,1147,911,0.7942458587619878,969,742,0.7657378740970072,1777,1216,0.6842993809791784,0.028507984664980612,0.10994647778280942,0.0814384931178288
WAKE_13-02,524,457,0.8721374045801527,631,532,0.8431061806656102,980,787,0.8030612244897959,0.029031223914542492,0.06907618009035676,0.04004495617581427
WAKE_13-05,345,243,0.7043478260869566,1352,919,0.6797337278106509,1244,664,0.5337620578778135,0.024614098276305674,0.17058576820914306,0.1459716699328374
WAKE_13-06,701,602,0.8587731811697575,1019,824,0.8086359175662414,1521,1177,0.7738330046022354,0.05013726360351611,0.08494017656752217,0.03480291296400606
WAKE_13-07,378,292,0.7724867724867724,1268,940,0.7413249211356467,1202,741,0.6164725457570716,0.031161851351125702,0.1560142267297009,0.12485237537857519
WAKE_13-08,436,297,0.6811926605504587,2034,1405,0.6907571288102261,1811,940,0.5190502484815019,-0.009564468259767422,0.16214241206895674,0.17170688032872417
WAKE_13-09,594,450,0.7575757575757576,2487,1850,0.7438681141938078,2323,1441,0.6203185535944898,0.013707643381949741,0.13725720398126773,0.12354956059931799
WAKE_13-10,1518,1302,0.857707509881423,2011,1688,0.8393833913475882,2973,2337,0.786074672048436,0.018324118533834755,0.07163283783298702,0.05330871929915226
WAKE_13-11,1000,871,0.871,1023,857,0.8377321603128055,1525,1218,0.7986885245901639,0.03326783968719449,0.07231147540983607,0.03904363572264158
WAKE_13-12,350,237,0.6771428571428572,1851,1256,0.6785521339816315,1684,777,0.46140142517814725,-0.0014092768387743426,0.2157414319647099,0.21715070880348425
WAKE_13-13,488,383,0.7848360655737705,1570,1287,0.8197452229299363,1740,1206,0.6931034482758621,-0.03490915735616584,0.09173261729790838,0.12664177465407422
WAKE_14-01,356,304,0.8539325842696629,191,162,0.8481675392670157,389,308,0.7917737789203085,0.0057650450026471844,0.06215880534935436,0.05639376034670718
WAKE_14-02,3236,2740,0.8467243510506799,1711,1432,0.836937463471654,3984,3124,0.7841365461847389,0.009786887579025905,0.06258780486594095,0.05280091728691505
WAKE_15-01,1440,1223,0.8493055555555555,1247,1037,0.8315958299919808,1933,1435,0.7423693740300051,0.017709725563574752,0.1069361815255504,0.08922645596197565
WAKE_15-02,1968,1620,0.823170731707317,2140,1672,0.7813084112149533,3241,2262,0.6979327368096266,0.041862320492363714,0.12523799489769039,0.08337567440532667
WAKE_15-03,2068,1773,0.8573500967117988,1346,1095,0.8135215453194651,2572,1925,0.7484447900466563,0.04382855139233377,0.10890530666514253,0.06507675527280876
WAKE_15-04,769,688,0.8946684005201561,689,573,0.8316400580551524,1025,780,0.7609756097560976,0.06302834246500366,0.1336927907640585,0.07066444829905483
WAKE_16-01,1022,774,0.7573385518590998,1546,1092,0.7063389391979301,1922,1141,0.5936524453694069,0.0509996126611697,0.16368610648969295,0.11268649382852325
WAKE_16-02,625,447,0.7152,3014,2277,0.7554744525547445,2445,1397,0.5713701431492842,-0.0402744525547446,0.1438298568507157,0.1841043094054603
WAKE_16-03,272,217,0.7977941176470589,692,542,0.7832369942196532,715,449,0.627972027972028,0.014557123427405672,0.16982208967503087,0.1552649662476252
WAKE_16-04,754,662,0.8779840848806366,1165,972,0.8343347639484978,1212,942,0.7772277227722773,0.0436493209321388,0.10075636210835937,0.05710704117622056
WAKE_16-05,630,527,0.8365079365079365,1023,802,0.7839687194525904,1294,869,0.6715610510046368,0.052539217055346144,0.16494688550329972,0.11240766844795358
WAKE_16-06,251,195,0.7768924302788844,640,487,0.7609375,563,330,0.5861456483126111,0.015954930278884394,0.19074678196627337,0.17479185168738898
WAKE_16-07,811,709,0.87422934648582,1352,1158,0.856508875739645,1538,1165,0.7574772431729518,0.017720470746175,0.11675210331286812,0.09903163256669312
WAKE_16-09,1173,953,0.8124467178175618,2375,1894,0.7974736842105263,2690,1836,0.6825278810408922,0.014973033607035502,0.1299188367766696,0.1149458031696341
WAKE_16-10,455,313,0.6879120879120879,3171,2447,0.771680857773573,2153,1218,0.5657222480260102,-0.08376876986148507,0.12218983988607768,0.20595860974756275
WAKE_16-11,680,501,0.736764705882353,2940,2265,0.7704081632653061,2376,1433,0.6031144781144782,-0.03364345738295316,0.13365022776787483,0.167293685150828
WAKE_17-01,431,318,0.7378190255220418,1477,1065,0.7210561949898443,1334,755,0.5659670164917541,0.016762830532197515,0.17185200903028774,0.15508917849809023
WAKE_17-02,530,421,0.7943396226415095,931,750,0.8055853920515574,1116,801,0.717741935483871,-0.011245769410047957,0.07659768715763848,0.08784345656768644
WAKE_17-03,1070,854,0.7981308411214953,3271,2604,0.7960868236013452,3124,2114,0.6766965428937259,0.0020440175201501543,0.12143429822776941,0.11939028070761926
WAKE_17-05,643,503,0.7822706065318819,1980,1549,0.7823232323232323,1991,1230,0.6177800100452034,-5.262579135045797e-05,0.1644905964866784,0.16454322227802887
WAKE_17-06,650,560,0.8615384615384616,976,774,0.7930327868852459,1067,672,0.6298031865042174,0.06850567465321566,0.23173527503424418,0.16322960038102852
WAKE_17-07,327,250,0.764525993883792,2359,1771,0.7507418397626113,1786,1010,0.5655095184770437,0.013784154121180725,0.19901647540674838,0.18523232128556766
WAKE_17-09,254,166,0.6535433070866141,2532,1910,0.7543443917851501,1797,906,0.5041736227045075,-0.10080108469853599,0.14936968438210663,0.2501707690806426
WAKE_17-10,250,197,0.788,629,469,0.7456279809220986,600,346,0.5766666666666667,0.042372019077901446,0.21133333333333337,0.16896131425543193
WAKE_17-11,671,513,0.7645305514157973,2330,1819,0.7806866952789699,2438,1494,0.6127973748974569,-0.016156143863172656,0.1517331765183404,0.16788932038151305
WAKE_17-12,607,469,0.7726523887973641,1964,1505,0.7662932790224033,1790,1168,0.6525139664804469,0.006359109774960792,0.12013842231691718,0.11377931254195639
WAKE_17-13,1025,834,0.8136585365853658,2610,2057,0.7881226053639847,2445,1634,0.6683026584867076,0.025535931221381092,0.14535587809865824,0.11981994687727715
WAKE_17-15,546,462,0.8461538461538461,1277,999,0.7823022709475332,1243,840,0.6757843925985519,0.0638515752063129,0.1703694535552942,0.1065178783489813
WAKE_17-16,367,273,0.7438692098092643,1370,1050,0.7664233576642335,1182,673,0.5693739424703892,-0.02255414785496923,0.1744952673388751,0.19704941519384434
WAKE_17-17,567,459,0.8095238095238095,1305,1055,0.8084291187739464,1400,933,0.6664285714285715,0.0010946907498631253,0.14309523809523805,0.14200054734537493
WAKE_18-01,537,370,0.6890130353817505,2002,1434,0.7162837162837162,2926,1807,0.6175666438824333,-0.027270680901965716,0.0714463914993172,0.09871707240128291
WAKE_18-02,1591,1353,0.8504085480829667,1229,1044,0.8494711147274207,2621,2111,0.8054177794734834,0.0009374333555460801,0.04499076860948337,0.04405333525393729
WAKE_18-03,565,473,0.8371681415929203,730,607,0.8315068493150685,1196,950,0.794314381270903,0.005661292277851837,0.042853760322017265,0.03719246804416543
WAKE_18-04,1385,1176,0.8490974729241877,1415,1107,0.7823321554770318,2533,1888,0.7453612317410185,0.06676531744715586,0.10373624118316915,0.036970923736013295
WAKE_18-05,1383,1240,0.8966015907447578,1445,1271,0.8795847750865052,2750,2308,0.8392727272727273,0.017016815658252527,0.05732886347203048,0.04031204781377795
WAKE_18-06,639,493,0.7715179968701096,1669,1283,0.768723786698622,2327,1579,0.6785560807907176,0.002794210171487621,0.09296191607939197,0.09016770590790435
WAKE_18-07,1396,1200,0.8595988538681948,1027,846,0.8237585199610516,1982,1571,0.7926337033299697,0.03584033390714314,0.06696515053822505,0.03112481663108191
WAKE_18-08,960,774,0.80625,1455,1120,0.7697594501718213,2444,1777,0.7270867430441899,0.036490549828178676,0.07916325695581017,0.04267270712763149
WAKE_19-03,1068,847,0.7930711610486891,1163,947,0.8142734307824592,1791,1253,0.699609156895589,-0.02120226973377004,0.09346200415310013,0.11466427388687017
WAKE_19-05,1381,1117,0.8088341781317886,848,718,0.8466981132075472,1758,1297,0.7377701934015927,-0.03786393507575858,0.07106398473019593,0.10892791980595451
WAKE_19-07,1734,1410,0.8131487889273357,1888,1491,0.7897245762711864,2812,1981,0.7044807965860598,0.023424212656149246,0.10866799234127589,0.08524377968512664
WAKE_19-09,1964,1670,0.8503054989816701,1708,1387,0.8120608899297423,2607,1947,0.7468354430379747,0.038244609051927725,0.1034700559436954,0.06522544689176768
WAKE_19-11,1043,838,0.8034515819750719,1214,956,0.7874794069192751,1914,1337,0.6985370950888192,0.015972175055796844,0.10491448688625271,0.08894231183045587
WAKE_19-13,576,456,0.7916666666666666,896,658,0.734375,1137,750,0.6596306068601583,0.05729166666666663,0.13203605980650834,0.07474439313984171
WAKE_19-14,892,725,0.8127802690582959,1097,843,0.7684594348222424,1546,1078,0.6972833117723156,0.044320834236053486,0.1154969572859803,0.07117612304992682
WAKE_19-15,997,792,0.794383149448345,985,768,0.7796954314720812,1478,1066,0.7212449255751014,0.014687717976263781,0.07313822387324354,0.058450505896979754
WAKE_19-16,802,682,0.8503740648379052,1197,940,0.7852965747702589,1343,896,0.6671630677587491,0.0650774900676463,0.1832109970791561,0.11813350701150982
WAKE_19-17,939,757,0.8061767838125665,2493,1991,0.7986361813076615,2684,1855,0.6911326378539493,0.0075406025049050696,0.11504414595861723,0.10750354345371216
WAKE_19-18,1312,1063,0.8102134146341463,1484,1194,0.8045822102425876,2392,1705,0.7127926421404682,0.005631204391558731,0.09742077249367809,0.09178956810211936
WAKE_19-20,1198,1008,0.8414023372287145,1275,1022,0.8015686274509803,1844,1380,0.7483731019522777,0.03983370977773415,0.0930292352764368,0.053195525498702656
WAKE_19-21,1374,1104,0.8034934497816594,2098,1693,0.8069590085795996,2692,1915,0.7113670133729569,-0.0034655587979401936,0.09212643640870244,0.09559199520664263
WAKE_19-22,1027,847,0.824732229795521,1037,811,0.7820636451301832,1788,1330,0.743847874720358,0.04266858466533774,0.080884355075163,0.03821577040982527
WAKE_19-23,1574,1204,0.7649301143583227,1823,1460,0.8008776741634668,2637,1861,0.7057262040197194,-0.03594755980514408,0.05920391033860328,0.09515147014374736
WAKE_19-24,1635,1406,0.8599388379204893,1147,960,0.8369659982563208,2316,1805,0.7793609671848014,0.02297283966416852,0.0805778707356879,0.057605031071519375
WAKE_19-25,888,757,0.8524774774774775,960,768,0.8,1553,1177,0.7578879587894398,0.05247747747747744,0.09458951868803767,0.042112041210560225
WAKE_20-01,868,696,0.8018433179723502,1372,1057,0.7704081632653061,2124,1448,0.6817325800376648,0.031435154707044055,0.12011073793468541,0.08867558322764135
WAKE_20-03,1211,970,0.800990916597853,1372,1105,0.8053935860058309,2559,1890,0.738569753810082,-0.004402669407977844,0.06242116278777099,0.06682383219574883
WAKE_20-04,640,539,0.8421875,1016,834,0.8208661417322834,2241,1721,0.7679607318161535,0.021321358267716528,0.07422676818384644,0.05290540991612991
WAKE_20-05,1196,994,0.8311036789297659,1217,984,0.8085456039441249,2345,1870,0.7974413646055437,0.022558074985640997,0.033662314324222176,0.011104239338581179
WAKE_20-06A,1215,978,0.8049382716049382,1924,1533,0.7967775467775468,3141,2293,0.7300222858962114,0.008160724827391497,0.07491598570872682,0.06675526088133532
WAKE_20-06B,867,737,0.8500576701268743,960,823,0.8572916666666667,2083,1673,0.8031685069611137,-0.007233996539792398,0.04688916316576053,0.054123159705552926
WAKE_20-08,1234,1013,0.8209076175040518,1479,1180,0.7978363759296823,2921,2190,0.749743238616912,0.023071241574369572,0.07116437888713978,0.04809313731277021
WAKE_20-09,660,568,0.8606060606060606,787,674,0.8564167725540025,1546,1268,0.8201811125485123,0.004189288052058093,0.04042494805754826,0.03623566000549017
WAKE_20-10,591,489,0.8274111675126904,914,750,0.8205689277899344,2024,1581,0.7811264822134387,0.006842239722755994,0.04628468529925167,0.03944244557649568
WAKE_20-11,1571,1267,0.8064926798217695,1927,1549,0.8038401660612351,3809,2890,0.7587293252822263,0.002652513760534436,0.04776335453954328,0.04511084077900884
WAKE_20-12,1372,1063,0.7747813411078717,1904,1520,0.7983193277310925,4279,3180,0.7431642907221313,-0.02353798662322082,0.031617050385740364,0.05515503700896118
WAKE_20-15,812,535,0.6588669950738916,1918,1405,0.7325338894681961,3420,2312,0.6760233918128655,-0.07366689439430452,-0.017156396738973956,0.05651049765533056
WAKE_20-17,946,742,0.7843551797040169,1652,1316,0.7966101694915254,3381,2531,0.748595090209997,-0.012254989787508497,0.035760089494019875,0.04801507928152837
WAKE_20-18,602,398,0.6611295681063123,1506,1098,0.7290836653386454,2247,1433,0.6377392078326658,-0.06795409723233314,0.023390360273646493,0.09134445750597964
WAKE_20-19,800,626,0.7825,1552,1166,0.7512886597938144,3429,2475,0.7217847769028871,0.031211340206185545,0.06071522309711286,0.029503882890927313
WAKE_20-20,707,570,0.8062234794908062,1111,895,0.8055805580558055,2588,2018,0.7797527047913446,0.0006429214350006651,0.026470774699461574,0.02582785326446091
WARREN_001,419,340,0.8114558472553699,374,303,0.8101604278074866,400,296,0.74,0.0012954194478832504,0.07145584725536991,0.07016042780748666
WARREN_002,302,237,0.7847682119205298,276,220,0.7971014492753623,324,259,0.7993827160493827,-0.012333237354832494,-0.014614504128852901,-0.0022812667740204073
WARREN_003,159,126,0.7924528301886793,519,416,0.8015414258188824,223,145,0.6502242152466368,-0.009088595630203145,0.14222861494204253,0.15131721057224568
WARREN_004,142,118,0.8309859154929577,460,352,0.7652173913043478,191,132,0.6910994764397905,0.0657685241886099,0.13988643905316722,0.07411791486455732
WARREN_005,144,114,0.7916666666666666,771,602,0.7808041504539559,245,159,0.6489795918367347,0.010862516212710727,0.14268707482993193,0.1318245586172212
WARREN_006,185,139,0.7513513513513513,681,507,0.7444933920704846,326,184,0.5644171779141104,0.006857959280866743,0.18693417343724095,0.1800762141563742
WARREN_007,132,98,0.7424242424242424,475,343,0.7221052631578947,217,125,0.576036866359447,0.020318979266347736,0.16638737606479548,0.14606839679844774
WARREN_008,81,61,0.7530864197530864,821,647,0.7880633373934226,216,112,0.5185185185185185,-0.03497691764033617,0.23456790123456794,0.2695448188749041
WARREN_009,92,75,0.8152173913043478,284,236,0.8309859154929577,127,82,0.6456692913385826,-0.015768524188609967,0.16954809996576514,0.1853166241543751
WARREN_010,156,109,0.6987179487179487,1113,847,0.7610062893081762,357,211,0.5910364145658263,-0.062288340590227476,0.10768153415212234,0.1699698747423498
WARREN_011,58,50,0.8620689655172413,188,137,0.7287234042553191,70,42,0.6,0.1333455612619222,0.26206896551724135,0.12872340425531914
WARREN_012,475,363,0.7642105263157895,205,161,0.7853658536585366,418,291,0.6961722488038278,-0.021155327342747166,0.06803827751196168,0.08919360485470884
WARREN_013,97,69,0.711340206185567,367,266,0.7247956403269755,167,96,0.5748502994011976,-0.013455434141408484,0.13648990678436945,0.14994534092577794
WARREN_014,112,88,0.7857142857142857,768,576,0.75,288,164,0.5694444444444444,0.0357142857142857,0.21626984126984128,0.18055555555555558
WASHINGTON_LM,285,221,0.775438596491228,1002,789,0.7874251497005988,437,255,0.5835240274599542,-0.01198655320937081,0.1919145690312738,0.2039011222406446
WASHINGTON_P1,168,136,0.8095238095238095,719,527,0.7329624478442281,399,170,0.42606516290726815,0.07656136167958139,0.3834586466165414,0.30689728493696
WASHINGTON_P2,86,52,0.6046511627906976,598,426,0.7123745819397993,304,108,0.35526315789473684,-0.10772341914910166,0.2493880048959608,0.35711142404506246
WASHINGTON_P3,500,397,0.794,1057,810,0.7663197729422895,694,399,0.5749279538904899,0.02768022705771056,0.21907204610951014,0.19139181905179958
WASHINGTON_SC,284,229,0.8063380281690141,434,343,0.7903225806451613,375,255,0.68,0.016015447523852866,0.12633802816901407,0.1103225806451612
WASHINGTON_SK,225,168,0.7466666666666667,340,277,0.8147058823529412,281,199,0.708185053380783,-0.06803921568627447,0.03848161328588373,0.1065208289721582
WATAUGA_01,206,170,0.8252427184466019,138,116,0.8405797101449275,212,164,0.7735849056603774,-0.015336991698325586,0.0516578127862245,0.06699480448455009
WATAUGA_02,484,395,0.8161157024793388,172,142,0.8255813953488372,419,317,0.7565632458233891,-0.009465692869498388,0.05955245665594977,0.06901814952544816
WATAUGA_03,966,787,0.8146997929606625,650,538,0.8276923076923077,1164,872,0.7491408934707904,-0.0129925147316452,0.06555889948987215,0.07855141422151735
WATAUGA_04,1278,1070,0.837245696400626,828,669,0.8079710144927537,1695,1220,0.7197640117994101,0.029274681907872302,0.11748168460121589,0.08820700269334358
WATAUGA_05,198,133,0.6717171717171717,630,468,0.7428571428571429,865,571,0.6601156069364161,-0.07113997113997117,0.01160156478075558,0.08274153592072675
WATAUGA_06,341,190,0.5571847507331378,892,516,0.57847533632287,1887,1039,0.5506094329623742,-0.02129058558973218,0.006575317770763589,0.02786590336049577
WATAUGA_07,818,629,0.7689486552567237,972,744,0.7654320987654321,1991,1398,0.7021597187343044,0.003516556491291678,0.06678893652241935,0.06327238003112767
WATAUGA_08,971,813,0.8372811534500515,429,349,0.8135198135198135,921,693,0.752442996742671,0.02376133993023799,0.08483815670738049,0.061076816777142495
WATAUGA_09,255,210,0.8235294117647058,106,87,0.8207547169811321,313,243,0.7763578274760383,0.002774694783573728,0.04717158428866752,0.044396889505093795
WATAUGA_10,417,319,0.7649880095923262,225,181,0.8044444444444444,456,337,0.7390350877192983,-0.03945643485211825,0.02595292187302789,0.06540935672514614
WATAUGA_11,914,746,0.8161925601750547,457,364,0.7964989059080962,1055,809,0.7668246445497631,0.01969365426695846,0.049367915625291636,0.029674261358333176
WATAUGA_12,418,249,0.5956937799043063,939,590,0.6283280085197018,1959,1175,0.5997958141909138,-0.032634228615395555,-0.004102034286607492,0.028532194328788063
WATAUGA_13,542,366,0.6752767527675276,803,573,0.7135740971357409,1480,956,0.6459459459459459,-0.038297344368213304,0.029330806821581734,0.06762815118979504
WATAUGA_14,867,644,0.7427912341407151,941,719,0.7640807651434643,1800,1234,0.6855555555555556,-0.021289531002749218,0.057235678585159544,0.07852520958790876
WATAUGA_15,1024,759,0.7412109375,1118,876,0.7835420393559929,2070,1428,0.6898550724637681,-0.04233110185599287,0.05135586503623191,0.09368696689222478
WATAUGA_16,82,65,0.7926829268292683,17,16,0.9411764705882353,80,58,0.725,-0.14849354375896695,0.06768292682926835,0.2161764705882353
WATAUGA_17,266,203,0.7631578947368421,122,99,0.8114754098360656,273,201,0.7362637362637363,-0.04831751509922344,0.026894158473105834,0.07521167357232927
WATAUGA_18,836,706,0.8444976076555024,287,225,0.7839721254355401,783,568,0.7254150702426565,0.060525482219962345,0.11908253741284591,0.05855705519288357
WATAUGA_19,1151,904,0.7854039965247611,634,511,0.805993690851735,1447,1115,0.7705597788527989,-0.020589694326973884,0.014844217671962201,0.035433911998936085
WATAUGA_20,243,156,0.6419753086419753,93,62,0.6666666666666666,240,162,0.675,-0.024691358024691357,-0.03302469135802477,-0.008333333333333415
WAYNE_01,1049,858,0.8179218303145853,581,428,0.7366609294320138,724,454,0.6270718232044199,0.08126090088257154,0.19085000711016542,0.10958910622759388
WAYNE_02,1849,1481,0.8009734991887507,868,663,0.7638248847926268,1230,766,0.6227642276422765,0.037148614396123936,0.17820927154647426,0.14106065715035032
WAYNE_03,1760,1452,0.825,762,538,0.7060367454068242,1184,734,0.6199324324324325,0.1189632545931758,0.2050675675675675,0.0861043129743917
WAYNE_04,2294,1880,0.8195292066259808,983,735,0.7477110885045778,1599,1040,0.6504065040650406,0.07181811812140304,0.1691227025609402,0.09730458443953716
WAYNE_05,1780,1507,0.846629213483146,811,670,0.8261405672009864,1218,846,0.6945812807881774,0.020488646282159628,0.15204793269496863,0.131559286412809
WAYNE_06,927,784,0.8457389428263214,914,697,0.762582056892779,772,502,0.6502590673575129,0.08315688593354242,0.19547987546880852,0.1123229895352661
WAYNE_07,1822,1471,0.8073545554335895,1303,981,0.7528779739063699,1528,982,0.6426701570680629,0.05447658152721957,0.16468439836552662,0.11020781683830705
WAYNE_08,1368,1063,0.777046783625731,550,376,0.6836363636363636,967,581,0.6008273009307136,0.09341041998936739,0.17621948269501742,0.08280906270565003
WAYNE_09,1253,1035,0.8260175578611333,580,432,0.7448275862068966,797,548,0.6875784190715182,0.08118997165423669,0.1384391387896151,0.05724916713537842
WAYNE_10,281,195,0.693950177935943,913,588,0.6440306681270537,517,211,0.4081237911025145,0.04991950980888937,0.28582638683342854,0.23590687702453916
WAYNE_11,612,486,0.7941176470588235,1184,859,0.7255067567567568,718,414,0.5766016713091922,0.06861089030206668,0.21751597574963133,0.14890508544756464
WAYNE_12,851,666,0.782608695652174,1462,1096,0.7496580027359782,1085,617,0.5686635944700461,0.03295069291619579,0.21394510118212784,0.18099440826593205
WAYNE_13,384,311,0.8098958333333334,942,703,0.7462845010615711,592,323,0.5456081081081081,0.0636113322717623,0.26428772522522526,0.20067639295346296
WAYNE_14,1600,1353,0.845625,728,565,0.7760989010989011,1063,725,0.6820319849482597,0.06952609890109884,0.1635930150517403,0.09406691615064144
WAYNE_15,1351,1071,0.7927461139896373,836,543,0.6495215311004785,1198,664,0.5542570951585977,0.14322458288915885,0.23848901883103968,0.09526443594188083
WAYNE_16,853,675,0.7913247362250879,698,493,0.7063037249283668,761,409,0.5374507227332457,0.08502101129672113,0.25387401349184224,0.16885300219512112
WAYNE_17,133,57,0.42857142857142855,772,428,0.5544041450777202,508,124,0.2440944881889764,-0.12583271650629163,0.18447694038245216,0.3103096568887438
WAYNE_18,158,103,0.6518987341772152,734,441,0.6008174386920981,471,175,0.37154989384288745,0.051081295485117084,0.2803488403343278,0.2292675448492107
WAYNE_1920,221,117,0.5294117647058824,1857,1236,0.6655896607431341,917,321,0.3500545256270447,-0.13617789603725172,0.17935723907883766,0.3155351351160894
WAYNE_21,288,215,0.7465277777777778,915,671,0.7333333333333333,535,295,0.5514018691588785,0.013194444444444509,0.19512590861889934,0.18193146417445483
WAYNE_22,459,357,0.7777777777777778,741,508,0.6855600539811066,586,324,0.552901023890785,0.09221772379667115,0.2248767538869928,0.13265903009032165
WAYNE_23,628,431,0.6863057324840764,632,435,0.6882911392405063,683,331,0.48462664714494874,-0.001985406756429886,0.2016790853391277,0.2036644920955576
WAYNE_24,1473,1233,0.8370672097759674,384,286,0.7447916666666666,802,545,0.6795511221945137,0.09227554310930075,0.15751608758145363,0.06524054447215288
WAYNE_2530,1015,825,0.812807881773399,1329,936,0.7042889390519187,957,546,0.5705329153605015,0.10851894272148033,0.24227496641289747,0.13375602369141715
WAYNE_26,616,474,0.7694805194805194,968,704,0.7272727272727273,777,425,0.546975546975547,0.04220779220779214,0.22250497250497248,0.18029718029718034
WAYNE_27,256,197,0.76953125,864,647,0.7488425925925926,435,209,0.4804597701149425,0.02068865740740744,0.2890714798850575,0.26838282247765005
WAYNE_28,1175,911,0.7753191489361703,1047,708,0.6762177650429799,1194,619,0.518425460636516,0.09910138389319034,0.2568936882996543,0.15779230440646397
WAYNE_29,316,227,0.7183544303797469,872,593,0.680045871559633,533,282,0.5290806754221389,0.03830855882011386,0.189273754957608,0.15096519613749415
WILKES_101,363,314,0.8650137741046832,106,80,0.7547169811320755,220,166,0.7545454545454545,0.11029679297260764,0.11046831955922864,0.00017152658662100695
WILKES_102,793,647,0.8158890290037831,270,212,0.7851851851851852,518,375,0.7239382239382239,0.03070384381859792,0.0919508050655592,0.06124696124696127
WILKES_103,326,284,0.8711656441717791,41,33,0.8048780487804879,163,138,0.8466257668711656,0.06628759539129125,0.024539877300613466,-0.04174771809067779
WILKES_104,940,770,0.8191489361702128,218,154,0.7064220183486238,577,386,0.6689774696707106,0.11272691782158895,0.1501714664995022,0.03744454867791325
WILKES_105,736,623,0.8464673913043478,97,72,0.7422680412371134,353,244,0.6912181303116147,0.10419935006723435,0.15524926099273306,0.05104991092549871
WILKES_106,537,451,0.839851024208566,136,110,0.8088235294117647,251,175,0.6972111553784861,0.031027494796801336,0.14263986883007995,0.11161237403327862
WILKES_107,1692,1458,0.8617021276595744,292,223,0.7636986301369864,784,558,0.7117346938775511,0.09800349752258808,0.14996743378202337,0.051963936259435295
WILKES_108,684,560,0.8187134502923976,257,198,0.7704280155642024,531,344,0.647834274952919,0.04828543472819524,0.1708791753394786,0.12259374061128336
WILKES_109,460,397,0.8630434782608696,165,127,0.7696969696969697,228,161,0.706140350877193,0.09334650856389992,0.15690312738367662,0.0635566188197767
WILKES_111,1048,899,0.857824427480916,229,182,0.7947598253275109,649,483,0.7442218798151001,0.06306460215340515,0.1136025476658159,0.050537945512410754
WILKES_112,1157,967,0.8357821953327571,265,195,0.7358490566037735,658,455,0.6914893617021277,0.09993313872898357,0.1442928336306294,0.04435969490164582
WILKES_113A,1188,1009,0.8493265993265994,273,223,0.8168498168498168,676,519,0.7677514792899408,0.03247678247678254,0.08157512003665857,0.049098337559876026
WILKES_114,432,366,0.8472222222222222,69,52,0.7536231884057971,222,171,0.7702702702702703,0.09359903381642509,0.07695195195195192,-0.016647081864473168
WILKES_115A,2201,1857,0.8437074057246706,341,251,0.7360703812316716,1072,729,0.6800373134328358,0.10763702449299906,0.16367009229183482,0.05603306779883577
WILKES_117,701,605,0.8630527817403709,151,121,0.8013245033112583,315,235,0.746031746031746,0.06172827842911266,0.11702103570862488,0.05529275727951222
WILKES_118,922,688,0.7462039045553145,556,383,0.6888489208633094,888,560,0.6306306306306306,0.05735498369200509,0.11557327392468386,0.05821829023267877
WILKES_119,2319,1970,0.8495040965933592,447,354,0.7919463087248322,1299,971,0.7474980754426482,0.057557787868527055,0.102006021150711,0.04444823328218395
WILKES_120A,2354,1961,0.8330501274426508,389,301,0.7737789203084833,1199,846,0.7055879899916597,0.05927120713416756,0.1274621374509911,0.06819093031682355
WILKES_122,582,503,0.8642611683848798,40,34,0.85,180,139,0.7722222222222223,0.014261168384879785,0.09203894616265751,0.07777777777777772
WILKES_123A,1355,1131,0.8346863468634687,188,150,0.7978723404255319,643,459,0.713841368584759,0.03681400643793675,0.12084497827870966,0.0840309718407729
WILKES_125,485,415,0.8556701030927835,86,69,0.8023255813953488,228,161,0.706140350877193,0.053344521697434644,0.1495297522155905,0.09618523051815586
WILKES_126,545,455,0.8348623853211009,64,51,0.796875,229,168,0.7336244541484717,0.03798738532110091,0.10123793117262925,0.06325054585152834
WILKES_127,945,778,0.8232804232804233,469,361,0.7697228144989339,713,530,0.7433380084151473,0.05355760878148941,0.07994241486527598,0.02638480608378657
WILKES_128,1406,1181,0.8399715504978663,391,298,0.7621483375959079,805,551,0.684472049689441,0.07782321290195837,0.15549950080842534,0.07767628790646697
WILKES_129,1039,895,0.861405197305101,329,256,0.7781155015197568,615,452,0.734959349593496,0.08328969578534418,0.12644584771160505,0.04315615192626088
WILSON_PRBL,1080,895,0.8287037037037037,689,532,0.772133526850508,944,632,0.6694915254237288,0.056570176853195764,0.15921217827997491,0.10264200142677915
WILSON_PRCR,903,746,0.8261351052048727,582,429,0.7371134020618557,859,546,0.6356228172293364,0.08902170314301694,0.1905122879755362,0.10149058483251927
WILSON_PRGA,698,565,0.8094555873925502,849,640,0.7538280329799765,729,432,0.5925925925925926,0.05562755441257372,0.21686299479995763,0.1612354403873839
WILSON_PROL,1767,1476,0.8353140916808149,1029,813,0.7900874635568513,1596,1180,0.7393483709273183,0.04522662812396361,0.09596572075349663,0.05073909262953302
WILSON_PRSA,274,225,0.8211678832116789,414,328,0.7922705314009661,277,181,0.6534296028880866,0.028897351810712735,0.16773828032359228,0.13884092851287955
WILSON_PRSP,869,705,0.8112773302646721,559,447,0.7996422182468694,750,508,0.6773333333333333,0.011635112017802651,0.13394399693133874,0.12230888491353609
WILSON_PRST,384,302,0.7864583333333334,572,443,0.7744755244755245,466,272,0.5836909871244635,0.011982808857808891,0.20276734620886983,0.19078453735106093
WILSON_PRTA,1978,1614,0.8159757330637007,2563,1878,0.7327350760827156,2374,1590,0.6697556866048863,0.08324065698098515,0.14622004645881448,0.06297938947782933
WILSON_PRTO,1118,923,0.8255813953488372,1394,1033,0.7410329985652798,1211,779,0.643270024772915,0.08454839678355741,0.18231137057592228,0.09776297379236487
WILSON_PRWA,99,53,0.5353535353535354,544,333,0.6121323529411765,374,175,0.4679144385026738,-0.07677881758764116,0.06743909685086158,0.14421791443850274
WILSON_PRWB,72,33,0.4583333333333333,717,436,0.6080892608089261,372,112,0.3010752688172043,-0.1497559274755928,0.157258064516129,0.3070139919917218
WILSON_PRWC,122,80,0.6557377049180327,1046,754,0.7208413001912046,382,180,0.4712041884816754,-0.06510359527317189,0.18453351643635735,0.24963711170952924
WILSON_PRWD,528,456,0.8636363636363636,467,392,0.8394004282655246,669,494,0.7384155455904334,0.024235935370839012,0.12522081804593022,0.1009848826750912
WILSON_PRWE,202,132,0.6534653465346535,734,493,0.6716621253405994,488,231,0.4733606557377049,-0.018196778805945946,0.18010469079694857,0.19830146960289452
WILSON_PRWH,39,20,0.5128205128205128,583,378,0.6483704974271012,229,74,0.3231441048034934,-0.1355499846065884,0.18967640801701935,0.32522639262360775
WILSON_PRWI,281,187,0.6654804270462633,1001,696,0.6953046953046953,527,207,0.3927893738140417,-0.029824268258431985,0.2726910532322216,0.3025153214906536
WILSON_PRWJ,749,605,0.807743658210948,1886,1446,0.7667020148462355,1195,747,0.6251046025104603,0.0410416433647125,0.18263905570048766,0.14159741233577516
WILSON_PRWK,442,379,0.8574660633484162,523,426,0.8145315487571702,537,412,0.7672253258845437,0.04293451459124609,0.09024073746387251,0.047306222872626424
WILSON_PRWL,635,508,0.8,922,727,0.7885032537960954,825,571,0.6921212121212121,0.011496746203904618,0.10787878787878791,0.09638204167488329
WILSON_PRWM,1117,937,0.8388540734109221,1778,1378,0.7750281214848144,1517,1011,0.6664469347396177,0.06382595192610774,0.17240713867130442,0.10858118674519668
WILSON_PRWN,104,52,0.5,1607,1189,0.7398879900435594,556,242,0.4352517985611511,-0.23988799004355943,0.0647482014388489,0.30463619148240834
WILSON_PRWP,517,441,0.8529980657640233,568,439,0.772887323943662,525,387,0.7371428571428571,0.08011074182036126,0.11585520862116616,0.0357444668008049
WILSON_PRWQ,27,12,0.4444444444444444,437,313,0.7162471395881007,156,53,0.33974358974358976,-0.2718026951436563,0.10470085470085466,0.37650354984451095
WILSON_PRWR,111,77,0.6936936936936937,998,642,0.6432865731462926,455,152,0.33406593406593404,0.05040712054740115,0.35962775962775967,0.3092206390803585
YADKIN_BNVL,1661,1382,0.8320288982540638,315,228,0.7238095238095238,912,687,0.7532894736842105,0.10821937444454,0.07873942456985328,-0.029479949874686717
YADKIN_DCRK,1082,918,0.8484288354898336,185,114,0.6162162162162163,693,470,0.6782106782106783,0.23221261927361736,0.17021815727915535,-0.06199446199446201
YADKIN_EBND,1359,1125,0.8278145695364238,222,172,0.7747747747747747,715,477,0.6671328671328671,0.053039794761649106,0.16068170240355673,0.10764190764190762
YADKIN_FBSH,1875,1635,0.872,317,250,0.7886435331230284,966,743,0.7691511387163561,0.08335646687697162,0.1028488612836439,0.019492394406672275
YADKIN_NBCK,915,785,0.8579234972677595,148,106,0.7162162162162162,397,262,0.6599496221662469,0.1417072810515433,0.19797387510151265,0.056266594049969365
YADKIN_NFAL,664,566,0.8524096385542169,94,76,0.8085106382978723,371,284,0.7654986522911051,0.043899000256344634,0.08691098626311178,0.043011986006767144
YADKIN_NKNB,1503,1216,0.8090485695276114,419,303,0.7231503579952268,971,649,0.6683831101956745,0.08589821153238464,0.14066545933193686,0.05476724779955222
YADKIN_NLIB,2027,1704,0.8406512086827824,445,318,0.7146067415730337,1334,901,0.6754122938530734,0.1260444671097487,0.16523891482970898,0.03919444771996028
YADKIN_SBCK,476,409,0.8592436974789915,83,68,0.8192771084337349,257,187,0.7276264591439688,0.03996658904525663,0.1316172383350227,0.09165064928976607
YADKIN_SFAL,1096,940,0.8576642335766423,154,120,0.7792207792207793,542,369,0.6808118081180812,0.07844345435586308,0.17685242545856117,0.09840897110269808
YADKIN_SKNB,774,685,0.8850129198966409,97,66,0.6804123711340206,320,223,0.696875,0.20460054876262024,0.18813791989664086,-0.01646262886597938
YADKIN_SLIB,1282,1093,0.8525741029641186,191,131,0.6858638743455497,665,486,0.7308270676691729,0.16671022861856888,0.12174703529494568,-0.044963193323623196
YANCEY_01 BUR,1118,855,0.7647584973166368,831,659,0.7930204572803851,1260,922,0.7317460317460317,-0.02826195996374825,0.03301246557060511,0.06127442553435336
YANCEY_02 CAN,549,435,0.7923497267759563,300,237,0.79,625,446,0.7136,0.00234972677595624,0.07874972677595626,0.07640000000000002
YANCEY_03 EGY,213,158,0.7417840375586855,119,95,0.7983193277310925,251,176,0.701195219123506,-0.05653529017240699,0.040588818435179475,0.09712410860758647
YANCEY_04 RAM,158,122,0.7721518987341772,64,40,0.625,129,79,0.6124031007751938,0.14715189873417722,0.15974879795898345,0.012596899224806224
YANCEY_05 GRE,210,174,0.8285714285714286,115,88,0.7652173913043478,155,114,0.7354838709677419,0.06335403726708078,0.0930875576036867,0.029733520336605923
YANCEY_06 JAC,531,423,0.7966101694915254,373,319,0.8552278820375335,609,465,0.7635467980295566,-0.058617712546008116,0.033063371461968805,0.09168108400797692
YANCEY_07 BRU,165,143,0.8666666666666667,89,70,0.7865168539325843,189,138,0.7301587301587301,0.08014981273408239,0.13650793650793658,0.056358123773854185
YANCEY_08 CRA,1055,888,0.8417061611374408,535,414,0.7738317757009345,879,641,0.7292377701934016,0.06787438543650626,0.11246839094403915,0.0445940055075329
YANCEY_09 SOU,701,575,0.8202567760342369,544,445,0.8180147058823529,729,546,0.7489711934156379,0.0022420701518839348,0.07128558261859896,0.06904351246671503
YANCEY_10 PEN,230,189,0.8217391304347826,105,76,0.7238095238095238,227,168,0.7400881057268722,0.09792960662525885,0.08165102470791041,-0.016278581917348434
YANCEY_11 PRI,602,487,0.8089700996677741,232,173,0.7456896551724138,479,338,0.7056367432150313,0.0632804444953603,0.10333335645274278,0.040052911957382475
