precinct_id,registered_total,registered_youth,voted_total_2024,voted_youth_2024,turnout_total,turnout_youth,turnout_gap,youth_share,youth_potential,nonvoting_youth
ALAMANCE_01,3794,379,3017,197,0.7952029520295203,0.5197889182058048,0.27541403382371554,0.09989457037427517,0.48021108179419525,182
ALAMANCE_02,3945,403,3227,209,0.8179974651457541,0.5186104218362283,0.2993870433095258,0.10215462610899874,0.4813895781637717,194
ALAMANCE_035,4686,1184,3523,879,0.7518139137857448,0.7423986486486487,0.009415265137096118,0.2526675202731541,0.25760135135135137,305
ALAMANCE_03C,2428,225,1987,121,0.8183690280065898,0.5377777777777778,0.28059125022881204,0.09266886326194398,0.4622222222222222,104
ALAMANCE_03N,3680,1040,2628,768,0.7141304347826087,0.7384615384615385,-0.024331103678929766,0.2826086956521739,0.26153846153846155,272
ALAMANCE_03N2,750,12,661,6,0.8813333333333333,0.5,0.3813333333333333,0.016,0.5,6
ALAMANCE_03SE,4163,348,2856,163,0.6860437184722555,0.46839080459770116,0.21765291387455438,0.08359356233485467,0.5316091954022989,185
ALAMANCE_03SM,4139,386,3085,187,0.7453491181444794,0.4844559585492228,0.26089315959525655,0.09325924136264799,0.5155440414507773,199
ALAMANCE_03W,3173,301,2479,153,0.7812795461708163,0.5083056478405316,0.27297389833028474,0.09486290576741255,0.49169435215946844,148
ALAMANCE_04,4172,401,3404,207,0.8159156279961649,0.516209476309227,0.2997061516869379,0.0961169702780441,0.4837905236907731,194
ALAMANCE_05,2743,255,2296,142,0.8370397375136711,0.5568627450980392,0.2801769924156319,0.0929639081297849,0.44313725490196076,113
ALAMANCE_063,2663,432,1688,159,0.6338715734134435,0.3680555555555556,0.2658160178578879,0.16222305670296658,0.6319444444444444,273
ALAMANCE_064,5126,512,4045,250,0.7891143191572376,0.48828125,0.3008330691572376,0.0998829496683574,0.51171875,262
ALAMANCE_06E,2431,237,1686,85,0.6935417523652818,0.35864978902953587,0.33489196333574595,0.09749074454956808,0.6413502109704642,152
ALAMANCE_06N,2512,313,1543,106,0.6142515923566879,0.33865814696485624,0.27559344539183167,0.12460191082802548,0.6613418530351438,207
ALAMANCE_06S,3856,346,2835,157,0.7352178423236515,0.45375722543352603,0.28146061689012547,0.08973029045643154,0.546242774566474,189
ALAMANCE_06W,1164,121,742,39,0.6374570446735395,0.32231404958677684,0.31514299508676263,0.10395189003436427,0.6776859504132231,82
ALAMANCE_07,3325,323,2676,165,0.804812030075188,0.5108359133126935,0.29397611676249447,0.09714285714285714,0.4891640866873065,158
ALAMANCE_08N,3088,322,2420,147,0.783678756476684,0.45652173913043476,0.3271570173462492,0.10427461139896373,0.5434782608695652,175
ALAMANCE_08S,1626,163,1267,81,0.7792127921279213,0.49693251533742333,0.28228027679049794,0.1002460024600246,0.5030674846625767,82
ALAMANCE_09N,2714,223,2125,118,0.7829771554900515,0.5291479820627802,0.2538291734272713,0.0821665438467207,0.47085201793721976,105
ALAMANCE_09S,5134,503,3983,231,0.775808336579665,0.4592445328031809,0.3165638037764841,0.09797428905336969,0.5407554671968191,272
ALAMANCE_103,4892,499,3684,212,0.7530662305805397,0.4248496993987976,0.3282165311817421,0.10200327064595258,0.5751503006012024,287
ALAMANCE_104,2298,212,1687,95,0.7341166231505657,0.4481132075471698,0.28600341560339587,0.09225413402959094,0.5518867924528302,117
ALAMANCE_10N,3658,330,2935,170,0.802351011481684,0.5151515151515151,0.28719949633016884,0.09021323127392017,0.48484848484848486,160
ALAMANCE_10S1,6381,679,4662,326,0.7306064880112835,0.4801178203240059,0.25048866768727757,0.10640965365930105,0.5198821796759941,353
ALAMANCE_11,3754,380,2887,170,0.7690463505594033,0.4473684210526316,0.3216779295067717,0.10122535961640916,0.5526315789473685,210
ALAMANCE_1210,1931,189,1260,66,0.6525116519937856,0.3492063492063492,0.3033053027874364,0.09787674779906784,0.6507936507936508,123
ALAMANCE_124,1805,168,1325,74,0.7340720221606648,0.44047619047619047,0.29359583168447434,0.09307479224376732,0.5595238095238095,94
ALAMANCE_125,1958,130,1507,49,0.7696629213483146,0.3769230769230769,0.3927398444252377,0.06639427987742594,0.6230769230769231,81
ALAMANCE_126,1786,125,1514,66,0.8477043673012318,0.528,0.31970436730123175,0.06998880179171332,0.472,59
ALAMANCE_127,4416,591,2833,187,0.6415307971014492,0.3164128595600677,0.3251179375413815,0.13383152173913043,0.6835871404399323,404
ALAMANCE_128,2036,238,1130,61,0.5550098231827112,0.25630252100840334,0.29870730217430785,0.1168958742632613,0.7436974789915967,177
ALAMANCE_129,1795,147,1407,74,0.7838440111420613,0.5034013605442177,0.28044265059784357,0.0818941504178273,0.4965986394557823,73
ALAMANCE_12E,1650,228,942,56,0.5709090909090909,0.24561403508771928,0.32529505582137164,0.13818181818181818,0.7543859649122807,172
ALAMANCE_12N,3428,427,2105,112,0.6140606767794633,0.26229508196721313,0.35176559481225017,0.12456242707117852,0.7377049180327869,315
ALAMANCE_12S,1279,217,740,73,0.5785770132916341,0.33640552995391704,0.2421714833377171,0.16966379984362784,0.663594470046083,144
ALAMANCE_12W,1990,154,1486,82,0.7467336683417085,0.5324675324675324,0.2142661358741761,0.07738693467336684,0.4675324675324675,72
ALAMANCE_13,3965,447,2779,145,0.7008827238335436,0.3243847874720358,0.37649793636150775,0.11273644388398486,0.6756152125279642,302
ALEXANDER_B1,3032,240,2450,125,0.808047493403694,0.5208333333333334,0.2872141600703606,0.079155672823219,0.4791666666666667,115
ALEXANDER_B2,3612,323,2921,165,0.8086932447397563,0.5108359133126935,0.29785733142706283,0.08942414174972314,0.4891640866873065,158
ALEXANDER_E,2399,204,1970,97,0.8211754897874114,0.47549019607843135,0.34568529370898005,0.0850354314297624,0.5245098039215687,107
ALEXANDER_G1G2,1599,162,1313,88,0.8211382113821138,0.5432098765432098,0.277928334838904,0.10131332082551595,0.4567901234567901,74
ALEXANDER_LRSL,1862,181,1542,94,0.8281417830290011,0.5193370165745856,0.30880476645441546,0.09720730397422127,0.48066298342541436,87
ALEXANDER_M,1837,213,1388,102,0.7555797495917257,0.4788732394366197,0.276706510155106,0.11594991834512793,0.5211267605633803,111
ALEXANDER_S1S2,2810,287,2125,123,0.7562277580071174,0.42857142857142855,0.32765632943568884,0.10213523131672597,0.5714285714285714,164
ALEXANDER_T1T4T5,3948,370,3006,175,0.7613981762917933,0.47297297297297297,0.2884252033188203,0.09371833839918946,0.527027027027027,195
ALEXANDER_T2T3,2809,266,2133,126,0.7593449626201495,0.47368421052631576,0.28566075209383374,0.09469562121751512,0.5263157894736842,140
ALEXANDER_W,1835,162,1522,87,0.8294277929155314,0.5370370370370371,0.2923907558784943,0.088283378746594,0.46296296296296297,75
ALLEGHANY_01,1372,80,1089,36,0.793731778425656,0.45,0.343731778425656,0.05830903790087463,0.55,44
ALLEGHANY_03A,3707,285,2843,125,0.7669274345832209,0.43859649122807015,0.32833094335515073,0.07688157539789588,0.5614035087719298,160
ALLEGHANY_04,1458,119,1130,58,0.7750342935528121,0.48739495798319327,0.2876393355696188,0.08161865569272976,0.5126050420168067,61
ALLEGHANY_06A,1679,110,1364,55,0.8123883263847528,0.5,0.3123883263847528,0.06551518761167362,0.5,55
ANSON_ANS,1031,91,782,45,0.7584869059165859,0.4945054945054945,0.2639814114110913,0.08826382153249272,0.5054945054945055,46
ANSON_BURN,1417,130,1101,67,0.7769936485532816,0.5153846153846153,0.26160903316866624,0.09174311926605505,0.4846153846153846,63
ANSON_GULL,1044,93,730,27,0.6992337164750958,0.2903225806451613,0.4089111358299345,0.08908045977011494,0.7096774193548387,66
ANSON_LILE,2229,193,1606,81,0.7205024674742037,0.41968911917098445,0.3008133483032192,0.08658591296545536,0.5803108808290155,112
ANSON_MM,1167,111,788,39,0.675235646958012,0.35135135135135137,0.3238842956066606,0.09511568123393316,0.6486486486486487,72
ANSON_PEAC,1318,125,1004,56,0.7617602427921093,0.448,0.3137602427921093,0.09484066767830046,0.552,69
ANSON_POLK,937,101,607,38,0.647812166488794,0.37623762376237624,0.2715745427264178,0.10779082177161152,0.6237623762376238,63
ANSON_WADES,6492,546,3903,204,0.6012014787430684,0.37362637362637363,0.22757510511669476,0.08410351201478743,0.6263736263736264,342
ANSON_WS,348,34,253,19,0.7270114942528736,0.5588235294117647,0.16818796484110887,0.09770114942528736,0.4411764705882353,15
ASHE_02,1265,113,981,57,0.775494071146245,0.504424778761062,0.27106929238518307,0.08932806324110672,0.49557522123893805,56
ASHE_03,488,38,374,11,0.7663934426229508,0.2894736842105263,0.4769197584124245,0.0778688524590164,0.7105263157894737,27
ASHE_04,508,33,407,14,0.8011811023622047,0.42424242424242425,0.3769386781197805,0.06496062992125984,0.5757575757575758,19
ASHE_06,493,39,383,14,0.7768762677484787,0.358974358974359,0.41790190877411976,0.07910750507099391,0.6410256410256411,25
ASHE_07,369,31,281,10,0.7615176151761518,0.3225806451612903,0.4389369700148615,0.08401084010840108,0.6774193548387096,21
ASHE_08,209,14,157,7,0.7511961722488039,0.5,0.25119617224880386,0.06698564593301436,0.5,7
ASHE_09,3576,298,2735,129,0.764821029082774,0.43288590604026844,0.3319351230425056,0.08333333333333333,0.5671140939597316,169
ASHE_10,242,23,170,6,0.7024793388429752,0.2608695652173913,0.4416097736255839,0.09504132231404959,0.7391304347826086,17
ASHE_11,2051,175,1634,81,0.7966845441248172,0.46285714285714286,0.3338274012676743,0.08532423208191127,0.5371428571428571,94
ASHE_12,631,36,498,14,0.7892234548335975,0.3888888888888889,0.40033456594470856,0.05705229793977813,0.6111111111111112,22
ASHE_13,1217,83,968,41,0.7953985209531635,0.4939759036144578,0.30142261733870573,0.06820049301561217,0.5060240963855421,42
ASHE_14,2362,157,1931,70,0.8175275190516511,0.445859872611465,0.37166764644018613,0.06646909398814564,0.554140127388535,87
ASHE_15,950,57,746,30,0.7852631578947369,0.5263157894736842,0.2589473684210527,0.06,0.47368421052631576,27
ASHE_16,2278,161,1831,77,0.8037752414398596,0.4782608695652174,0.32551437187464216,0.07067603160667252,0.5217391304347826,84
ASHE_17,796,66,600,29,0.7537688442211056,0.4393939393939394,0.3143749048271662,0.0829145728643216,0.5606060606060606,37
ASHE_18,157,10,112,4,0.7133757961783439,0.4,0.3133757961783439,0.06369426751592357,0.6,6
ASHE_20,3132,245,2352,99,0.7509578544061303,0.40408163265306124,0.34687622175306904,0.07822477650063857,0.5959183673469388,146
AVERY_01,953,89,744,45,0.7806925498426023,0.5056179775280899,0.2750745723145124,0.09338929695697797,0.4943820224719101,44
AVERY_02,2436,188,1702,84,0.6986863711001642,0.44680851063829785,0.25187786046186633,0.07717569786535304,0.5531914893617021,104
AVERY_03,461,30,367,17,0.7960954446854663,0.5666666666666667,0.22942877801879968,0.0650759219088937,0.43333333333333335,13
AVERY_04,104,9,83,6,0.7980769230769231,0.6666666666666666,0.1314102564102565,0.08653846153846154,0.3333333333333333,3
AVERY_05,333,28,258,15,0.7747747747747747,0.5357142857142857,0.23906048906048905,0.08408408408408409,0.4642857142857143,13
AVERY_06,799,67,571,28,0.7146433041301627,0.417910447761194,0.29673285636896873,0.08385481852315395,0.582089552238806,39
AVERY_07,229,26,181,11,0.7903930131004366,0.4230769230769231,0.36731609002351356,0.11353711790393013,0.5769230769230769,15
AVERY_08,331,25,261,13,0.7885196374622356,0.52,0.2685196374622356,0.0755287009063444,0.48,12
AVERY_09,316,24,255,13,0.8069620253164557,0.5416666666666666,0.26529535864978904,0.0759493670886076,0.4583333333333333,11
AVERY_10,788,66,614,31,0.7791878172588832,0.4696969696969697,0.3094908475619135,0.08375634517766498,0.5303030303030303,35
AVERY_11,524,32,394,14,0.7519083969465649,0.4375,0.31440839694656486,0.061068702290076333,0.5625,18
AVERY_12,251,11,196,8,0.7808764940239044,0.7272727272727273,0.05360376675117706,0.043824701195219126,0.2727272727272727,3
AVERY_13,542,42,402,18,0.7416974169741697,0.42857142857142855,0.31312598840274114,0.07749077490774908,0.5714285714285714,24
AVERY_14,902,80,670,29,0.7427937915742794,0.3625,0.3802937915742794,0.08869179600886919,0.6375,51
AVERY_15,771,63,585,28,0.7587548638132295,0.4444444444444444,0.3143104193687851,0.08171206225680934,0.5555555555555556,35
AVERY_16,1555,72,1156,32,0.7434083601286173,0.4444444444444444,0.2989639156841729,0.04630225080385852,0.5555555555555556,40
AVERY_17,560,64,434,30,0.775,0.46875,0.30625,0.11428571428571428,0.53125,34
AVERY_18,346,32,274,13,0.791907514450867,0.40625,0.38565751445086704,0.09248554913294797,0.59375,19
AVERY_19,270,21,204,9,0.7555555555555555,0.42857142857142855,0.326984126984127,0.07777777777777778,0.5714285714285714,12
BEAUFORT_AUROR,1017,74,758,25,0.7453294001966568,0.33783783783783783,0.407491562358819,0.0727630285152409,0.6621621621621622,49
BEAUFORT_BEADM,1770,170,1453,81,0.8209039548022599,0.4764705882352941,0.34443336656696577,0.096045197740113,0.5235294117647059,89
BEAUFORT_BELHV,1468,114,1079,44,0.7350136239782016,0.38596491228070173,0.34904871169749985,0.0776566757493188,0.6140350877192983,70
BEAUFORT_BLCK,892,54,744,29,0.8340807174887892,0.5370370370370371,0.2970436804517521,0.06053811659192825,0.46296296296296297,25
BEAUFORT_CHOCO,3970,448,2904,167,0.7314861460957179,0.37276785714285715,0.3587182889528608,0.1128463476070529,0.6272321428571429,281
BEAUFORT_EDWAR,952,76,725,35,0.7615546218487395,0.4605263157894737,0.3010283060592658,0.07983193277310924,0.5394736842105263,41
BEAUFORT_GILEA,2236,111,1838,54,0.8220035778175313,0.4864864864864865,0.3355170913310448,0.04964221824686941,0.5135135135135135,57
BEAUFORT_HB,793,82,634,36,0.7994955863808323,0.43902439024390244,0.36047119613692985,0.1034047919293821,0.5609756097560976,46
BEAUFORT_NCRK,1439,94,1218,53,0.846421125781793,0.5638297872340425,0.2825913385477504,0.06532314107018763,0.43617021276595747,41
BEAUFORT_OLDF,1614,137,1267,68,0.7850061957868649,0.49635036496350365,0.28865583082336127,0.0848822800495663,0.5036496350364964,69
BEAUFORT_PANTE,1058,112,808,46,0.7637051039697542,0.4107142857142857,0.3529908182554685,0.10586011342155009,0.5892857142857143,66
BEAUFORT_PINET,844,86,699,51,0.8281990521327014,0.5930232558139535,0.23517579631874785,0.1018957345971564,0.4069767441860465,35
BEAUFORT_PSJW3,1428,136,904,48,0.6330532212885154,0.35294117647058826,0.2801120448179271,0.09523809523809523,0.6470588235294118,88
BEAUFORT_RVRD,2054,206,1608,89,0.7828627069133398,0.4320388349514563,0.3508238719618835,0.1002921129503408,0.5679611650485437,117
BEAUFORT_SURBA,1998,146,1679,73,0.8403403403403403,0.5,0.34034034034034033,0.07307307307307308,0.5,73
BEAUFORT_TCRK,2392,254,1871,117,0.782190635451505,0.46062992125984253,0.3215607141916625,0.10618729096989966,0.5393700787401575,137
BEAUFORT_WASH1,1540,121,1075,43,0.698051948051948,0.35537190082644626,0.34268004722550177,0.07857142857142857,0.6446280991735537,78
BEAUFORT_WASH2,1520,123,1003,39,0.6598684210526315,0.3170731707317073,0.3427952503209242,0.08092105263157895,0.6829268292682927,84
BEAUFORT_WASH4,2134,200,1606,91,0.7525773195876289,0.455,0.29757731958762884,0.09372071227741331,0.545,109
BEAUFORT_WASHP,1195,114,964,54,0.8066945606694561,0.47368421052631576,0.33301035014314034,0.09539748953974896,0.5263157894736842,60
BEAUFORT_WDPD,1578,150,1264,64,0.8010139416983524,0.4266666666666667,0.3743472750316857,0.09505703422053231,0.5733333333333334,86
BERTIE_C1,847,61,623,24,0.7355371900826446,0.39344262295081966,0.34209456713182496,0.07201889020070838,0.6065573770491803,37
BERTIE_C2,1240,75,912,27,0.7354838709677419,0.36,0.37548387096774194,0.06048387096774194,0.64,48
BERTIE_IW,327,39,233,14,0.7125382262996942,0.358974358974359,0.35356386732533523,0.11926605504587157,0.6410256410256411,25
BERTIE_M1,710,54,539,23,0.7591549295774648,0.42592592592592593,0.33322900365153885,0.07605633802816901,0.5740740740740741,31
BERTIE_M2,768,71,489,18,0.63671875,0.2535211267605634,0.3831976232394366,0.09244791666666667,0.7464788732394366,53
BERTIE_MH,801,60,582,21,0.7265917602996255,0.35,0.3765917602996255,0.0749063670411985,0.65,39
BERTIE_RX,1091,104,736,29,0.6746104491292392,0.27884615384615385,0.3957642952830853,0.09532538955087076,0.7211538461538461,75
BERTIE_SN,805,71,550,23,0.6832298136645962,0.323943661971831,0.35928615169276523,0.08819875776397515,0.676056338028169,48
BERTIE_W1,3611,340,2532,109,0.7011908058709498,0.3205882352941177,0.38060257057683217,0.09415674328440875,0.6794117647058824,231
BERTIE_W2,653,62,554,41,0.8483920367534457,0.6612903225806451,0.18710171417280053,0.09494640122511486,0.3387096774193548,21
BERTIE_WD,783,71,493,14,0.6296296296296297,0.19718309859154928,0.4324465310380804,0.09067688378033206,0.8028169014084507,57
BERTIE_WH,1029,66,790,27,0.7677356656948494,0.4090909090909091,0.3586447566039403,0.0641399416909621,0.5909090909090909,39
BLADEN_P10,661,78,489,29,0.7397881996974282,0.3717948717948718,0.36799332790255634,0.11800302571860817,0.6282051282051282,49
BLADEN_P15,2838,326,2030,137,0.715292459478506,0.42024539877300615,0.2950470607054998,0.11486962649753348,0.5797546012269938,189
BLADEN_P201,1451,118,1123,59,0.7739490006891798,0.5,0.2739490006891798,0.08132322536181943,0.5,59
BLADEN_P202,2408,273,1711,117,0.7105481727574751,0.42857142857142855,0.2819767441860465,0.11337209302325581,0.5714285714285714,156
BLADEN_P25,1045,109,706,48,0.6755980861244019,0.44036697247706424,0.23523111364733762,0.10430622009569378,0.5596330275229358,61
BLADEN_P30,1243,93,897,24,0.7216411906677394,0.25806451612903225,0.4635766745387071,0.07481898632341111,0.7419354838709677,69
BLADEN_P35,666,85,446,36,0.6696696696696697,0.4235294117647059,0.2461402579049638,0.12762762762762764,0.5764705882352941,49
BLADEN_P40,1729,135,1315,68,0.7605552342394447,0.5037037037037037,0.25685153053574106,0.07807981492192019,0.4962962962962963,67
BLADEN_P45,522,59,369,26,0.7068965517241379,0.4406779661016949,0.266218585622443,0.11302681992337164,0.559322033898305,33
BLADEN_P501,2850,297,2022,120,0.7094736842105264,0.40404040404040403,0.30543328017012233,0.10421052631578948,0.5959595959595959,177
BLADEN_P502,1885,179,1279,69,0.6785145888594164,0.3854748603351955,0.2930397285242209,0.09496021220159151,0.6145251396648045,110
BLADEN_P55,610,52,453,19,0.7426229508196721,0.36538461538461536,0.37723833543505675,0.08524590163934426,0.6346153846153846,33
BLADEN_P60,1534,144,1142,56,0.7444589308996089,0.3888888888888889,0.35557004201072,0.0938722294654498,0.6111111111111112,88
BLADEN_P65,600,43,492,20,0.82,0.46511627906976744,0.3548837209302325,0.07166666666666667,0.5348837209302325,23
BLADEN_P70,486,50,369,22,0.7592592592592593,0.44,0.3192592592592593,0.102880658436214,0.56,28
BLADEN_P75,1144,101,826,31,0.722027972027972,0.3069306930693069,0.41509727895866505,0.08828671328671328,0.693069306930693,70
BLADEN_P80,1213,140,822,50,0.6776586974443528,0.35714285714285715,0.32051584030149566,0.11541632316570487,0.6428571428571429,90
BRUNSWICK_CB01,2637,266,1807,104,0.6852483883200606,0.39097744360902253,0.2942709447110381,0.10087220326128175,0.6090225563909775,162
BRUNSWICK_CB02,7650,676,5352,257,0.6996078431372549,0.3801775147928994,0.3194303283443555,0.08836601307189543,0.6198224852071006,419
BRUNSWICK_CB03,3039,203,2256,86,0.7423494570582428,0.4236453201970443,0.31870413686119853,0.06679828891082593,0.5763546798029556,117
BRUNSWICK_CB04,4741,276,3448,108,0.7272727272727273,0.391304347826087,0.3359683794466403,0.05821556633621599,0.6086956521739131,168
BRUNSWICK_CB05,4125,245,3077,96,0.7459393939393939,0.39183673469387753,0.35410265924551637,0.059393939393939395,0.6081632653061224,149
BRUNSWICK_CB06,7939,430,6065,161,0.763950119662426,0.3744186046511628,0.3895315150112632,0.05416299282025444,0.6255813953488372,269
BRUNSWICK_NB01,2444,224,1656,94,0.6775777414075287,0.41964285714285715,0.25793488426467154,0.09165302782324058,0.5803571428571429,130
BRUNSWICK_NB02,9674,563,7082,193,0.732065329749845,0.3428063943161634,0.38925893543368156,0.05819722968782303,0.6571936056838366,370
BRUNSWICK_NB03,6516,562,4487,208,0.6886126457949663,0.3701067615658363,0.31850588422913,0.08624923265807244,0.6298932384341637,354
BRUNSWICK_NB04,7312,411,5685,168,0.7774890590809628,0.40875912408759124,0.36872993499337153,0.0562089715536105,0.5912408759124088,243
BRUNSWICK_NB05,4054,359,2561,110,0.6317217562900839,0.3064066852367688,0.3253150710533151,0.08855451406018747,0.6935933147632312,249
BRUNSWICK_NB06,7131,186,5819,88,0.8160145842097882,0.4731182795698925,0.34289630463989573,0.026083298275136727,0.5268817204301075,98
BRUNSWICK_NB07,10212,875,7200,379,0.7050528789659224,0.43314285714285716,0.27191002182306523,0.08568350959655308,0.5668571428571428,496
BRUNSWICK_SB01,3044,219,2063,84,0.6777266754270697,0.3835616438356164,0.29416503159145324,0.07194480946123522,0.6164383561643836,135
BRUNSWICK_SB02,5942,520,4337,219,0.7298889262874453,0.42115384615384616,0.3087350801335991,0.08751262201279031,0.5788461538461539,301
BRUNSWICK_SB03,9515,185,7905,78,0.8307934839726747,0.42162162162162165,0.4091718623510531,0.019442984760903836,0.5783783783783784,107
BRUNSWICK_SB04,4011,226,3055,88,0.7616554475193219,0.3893805309734513,0.3722749165458706,0.05634505110944901,0.6106194690265486,138
BRUNSWICK_SB05,3732,239,2823,96,0.7564308681672026,0.401673640167364,0.3547572279998386,0.06404072883172561,0.5983263598326359,143
BRUNSWICK_SB06,3702,167,2941,82,0.7944354403025392,0.49101796407185627,0.30341747623068294,0.0451107509454349,0.5089820359281437,85
BRUNSWICK_SB07,3518,172,2798,77,0.7953382603752132,0.4476744186046512,0.347663841770562,0.0488914155770324,0.5523255813953488,95
BRUNSWICK_SB08,2252,111,1834,63,0.8143872113676732,0.5675675675675675,0.24681964380010568,0.049289520426287745,0.43243243243243246,48
BRUNSWICK_WB01,2171,248,1588,116,0.7314601566098572,0.46774193548387094,0.26371822112598625,0.11423307231690465,0.532258064516129,132
BRUNSWICK_WB02,8030,207,5855,78,0.7291407222914073,0.37681159420289856,0.3523291280885087,0.025778331257783314,0.6231884057971014,129
BRUNSWICK_WB03,1652,150,1164,61,0.7046004842615012,0.4066666666666667,0.29793381759483456,0.09079903147699758,0.5933333333333334,89
BRUNSWICK_WB04,8495,311,6218,131,0.7319599764567393,0.4212218649517685,0.31073811150497077,0.03660977045320777,0.5787781350482315,180
BRUNSWICK_WB05,5395,154,4195,61,0.7775718257645968,0.3961038961038961,0.3814679296607007,0.028544949026876737,0.6038961038961039,93
BRUNSWICK_WB06,8232,371,6571,184,0.798226433430515,0.49595687331536387,0.30226956011515116,0.045068027210884355,0.5040431266846361,187
BUNCOMBE_01.1,2372,92,1537,42,0.6479763912310287,0.45652173913043476,0.19145465210059393,0.0387858347386172,0.5434782608695652,50
BUNCOMBE_02.1,3400,317,2240,156,0.6588235294117647,0.4921135646687697,0.166709964742995,0.09323529411764706,0.5078864353312302,161
BUNCOMBE_03.1,2388,157,1695,81,0.7097989949748744,0.5159235668789809,0.19387542809589353,0.06574539363484087,0.4840764331210191,76
BUNCOMBE_04.1,1479,110,1193,58,0.8066260987153482,0.5272727272727272,0.27935337144262096,0.07437457741717377,0.4727272727272727,52
BUNCOMBE_05.1,2766,274,2240,148,0.8098336948662328,0.5401459854014599,0.26968770946477294,0.09906001446131597,0.45985401459854014,126
BUNCOMBE_06.1,1486,85,1169,36,0.7866756393001346,0.4235294117647059,0.36314622753542875,0.05720053835800808,0.5764705882352941,49
BUNCOMBE_07.1,2003,131,1483,59,0.7403894158761857,0.45038167938931295,0.2900077364868727,0.0654018971542686,0.549618320610687,72
BUNCOMBE_08.2,2889,241,1876,94,0.6493596400138456,0.3900414937759336,0.259318146237912,0.08341986846659744,0.6099585062240664,147
BUNCOMBE_08.3,2786,174,2034,74,0.7300789662598708,0.42528735632183906,0.3047916099380317,0.0624551328068916,0.5747126436781609,100
BUNCOMBE_09.1,4486,307,2886,116,0.6433348194382523,0.3778501628664495,0.2654846565718028,0.06843513152028534,0.6221498371335505,191
BUNCOMBE_10.1,1685,148,1034,52,0.6136498516320474,0.35135135135135137,0.26229850028069607,0.08783382789317508,0.6486486486486487,96
BUNCOMBE_11.1,2742,93,1078,26,0.39314369073668853,0.27956989247311825,0.11357379826357028,0.03391684901531729,0.7204301075268817,67
BUNCOMBE_12.1,2674,124,1975,57,0.7385938668661182,0.4596774193548387,0.2789164475112795,0.04637247569184742,0.5403225806451613,67
BUNCOMBE_13.1,2572,163,1649,65,0.6411353032659409,0.3987730061349693,0.24236229713097163,0.06337480559875583,0.6012269938650306,98
BUNCOMBE_14.2,2698,181,1816,76,0.6730911786508524,0.4198895027624309,0.2532016758884215,0.0670867309117865,0.580110497237569,105
BUNCOMBE_14.3,1400,138,821,67,0.5864285714285714,0.4855072463768116,0.10092132505175982,0.09857142857142857,0.5144927536231884,71
BUNCOMBE_15.1,2357,135,1807,60,0.7666525243954179,0.4444444444444444,0.32220807995097345,0.057276198557488334,0.5555555555555556,75
BUNCOMBE_16.2,3383,215,2359,105,0.6973100798108188,0.4883720930232558,0.20893798678756303,0.06355305941472066,0.5116279069767442,110
BUNCOMBE_17.1,1663,94,1253,47,0.7534576067348165,0.5,0.25345760673481654,0.05652435357787132,0.5,47
BUNCOMBE_18.2,5716,430,4051,182,0.7087123862841148,0.4232558139534884,0.28545657233062643,0.07522743177046885,0.5767441860465117,248
BUNCOMBE_19.1,1920,119,1117,37,0.5817708333333333,0.31092436974789917,0.2708464635854342,0.06197916666666667,0.6890756302521008,82
BUNCOMBE_20.1,1189,55,832,22,0.6997476871320437,0.4,0.2997476871320437,0.04625735912531539,0.6,33
BUNCOMBE_21.1,2869,170,2110,73,0.735447891251307,0.4294117647058823,0.3060361265454247,0.059254095503659815,0.5705882352941176,97
BUNCOMBE_22.2,2426,139,1970,58,0.8120362737015664,0.4172661870503597,0.39477008665120666,0.0572959604286892,0.5827338129496403,81
BUNCOMBE_23.2,778,28,539,13,0.6928020565552699,0.4642857142857143,0.22851634226955564,0.03598971722365039,0.5357142857142857,15
BUNCOMBE_23.3,869,63,743,32,0.8550057537399309,0.5079365079365079,0.347069245803423,0.07249712313003452,0.49206349206349204,31
BUNCOMBE_24.1,2771,190,1941,78,0.7004691447131,0.4105263157894737,0.2899428289236263,0.06856730422230242,0.5894736842105263,112
BUNCOMBE_25.1,2583,144,1764,66,0.6829268292682927,0.4583333333333333,0.22459349593495942,0.05574912891986063,0.5416666666666666,78
BUNCOMBE_26.1,2208,183,1492,79,0.6757246376811594,0.43169398907103823,0.2440306486101212,0.08288043478260869,0.5683060109289617,104
BUNCOMBE_27.2,852,48,705,21,0.8274647887323944,0.4375,0.3899647887323944,0.056338028169014086,0.5625,27
BUNCOMBE_28.1,2395,573,1608,344,0.6713987473903966,0.6003490401396161,0.07104970725078052,0.23924843423799583,0.39965095986038396,229
BUNCOMBE_29.2,3480,185,2513,75,0.7221264367816091,0.40540540540540543,0.3167210313762037,0.05316091954022988,0.5945945945945946,110
BUNCOMBE_30.2,3820,302,2553,142,0.6683246073298429,0.47019867549668876,0.19812593183315413,0.07905759162303665,0.5298013245033113,160
BUNCOMBE_30.3,3837,312,2817,129,0.7341673182173573,0.41346153846153844,0.3207057797558188,0.08131352619233777,0.5865384615384616,183
BUNCOMBE_31.1,1332,126,1102,67,0.8273273273273273,0.5317460317460317,0.29558129558129553,0.0945945945945946,0.46825396825396826,59
BUNCOMBE_32.1,2314,181,1767,79,0.7636127917026794,0.43646408839779005,0.3271487033048893,0.07821953327571306,0.56353591160221,102
BUNCOMBE_33.2,1531,119,1175,59,0.767472240365774,0.4957983193277311,0.2716739210380429,0.07772697583278902,0.5042016806722689,60
BUNCOMBE_33.3,2093,145,1575,57,0.7525083612040134,0.3931034482758621,0.35940491292815135,0.0692785475394171,0.6068965517241379,88
BUNCOMBE_34.1,1232,84,966,36,0.7840909090909091,0.42857142857142855,0.3555194805194805,0.06818181818181818,0.5714285714285714,48
BUNCOMBE_35.1,1902,88,1496,29,0.786540483701367,0.32954545454545453,0.45699502915591245,0.046267087276550996,0.6704545454545454,59
BUNCOMBE_36.1,2176,187,1611,85,0.7403492647058824,0.45454545454545453,0.28580381016042783,0.0859375,0.5454545454545454,102
BUNCOMBE_37.1,1615,127,1242,67,0.7690402476780186,0.5275590551181102,0.2414811925599084,0.07863777089783282,0.47244094488188976,60
BUNCOMBE_38.2,2069,180,1665,99,0.804736587723538,0.55,0.2547365877235379,0.08699855002416626,0.45,81
BUNCOMBE_38.3,3554,310,2803,148,0.7886888013505908,0.4774193548387097,0.31126944651188115,0.08722566122678672,0.5225806451612903,162
BUNCOMBE_39.2,1778,124,1403,50,0.7890888638920135,0.4032258064516129,0.3858630574404006,0.06974128233970754,0.5967741935483871,74
BUNCOMBE_39.3,2983,225,2345,98,0.7861213543412672,0.43555555555555553,0.35056579878571165,0.07542742205833054,0.5644444444444444,127
BUNCOMBE_40.2,4130,400,3178,181,0.7694915254237288,0.4525,0.31699152542372877,0.09685230024213075,0.5475,219
BUNCOMBE_41.1,3581,334,2741,148,0.7654286512147445,0.4431137724550898,0.32231487875965464,0.09327003630270873,0.5568862275449101,186
BUNCOMBE_42.1,2377,253,1589,81,0.6684896928901978,0.3201581027667984,0.34833159012339937,0.1064366848969289,0.6798418972332015,172
BUNCOMBE_43.2,1885,176,1219,71,0.646684350132626,0.4034090909090909,0.24327525922353516,0.09336870026525199,0.5965909090909091,105
BUNCOMBE_44.1,6753,439,4849,186,0.718051236487487,0.42369020501138954,0.2943610314760975,0.06500814452835776,0.5763097949886105,253
BUNCOMBE_45.1,5085,434,3462,168,0.6808259587020649,0.3870967741935484,0.2937291845085165,0.08534906588003933,0.6129032258064516,266
BUNCOMBE_46.1,1561,128,1201,66,0.769378603459321,0.515625,0.25375360345932096,0.08199871877001921,0.484375,62
BUNCOMBE_47.1,4512,382,3285,171,0.7280585106382979,0.4476439790575916,0.2804145315807062,0.08466312056737589,0.5523560209424084,211
BUNCOMBE_48.1,4195,344,3075,147,0.733015494636472,0.4273255813953488,0.30568991324112316,0.08200238379022647,0.5726744186046512,197
BUNCOMBE_49.1,4510,365,3339,159,0.7403547671840355,0.43561643835616437,0.3047383288278711,0.08093126385809313,0.5643835616438356,206
BUNCOMBE_50.1,1539,103,1152,47,0.7485380116959064,0.4563106796116505,0.2922273320842559,0.06692657569850552,0.5436893203883495,56
BUNCOMBE_51.2,2203,218,1675,93,0.7603268270540172,0.42660550458715596,0.33372132246686126,0.09895596913300045,0.573394495412844,125
BUNCOMBE_52.1,4497,337,3381,144,0.7518345563709139,0.42729970326409494,0.32453485310681895,0.07493884812096953,0.5727002967359051,193
BUNCOMBE_53.1,3392,264,2633,109,0.7762382075471698,0.4128787878787879,0.36335941966838187,0.07783018867924528,0.5871212121212122,155
BUNCOMBE_54.2,4981,526,3178,178,0.63802449307368,0.33840304182509506,0.29962145124858497,0.1056012848825537,0.6615969581749049,348
BUNCOMBE_55.1,3352,252,2559,93,0.7634248210023866,0.36904761904761907,0.39437720195476755,0.07517899761336516,0.6309523809523809,159
BUNCOMBE_56.2,2160,138,1644,54,0.7611111111111111,0.391304347826087,0.3698067632850241,0.06388888888888888,0.6086956521739131,84
BUNCOMBE_57.1,3173,289,2463,117,0.7762369996848408,0.40484429065743943,0.3713927090274014,0.09108099590293098,0.5951557093425606,172
BUNCOMBE_58.1,2862,210,2174,96,0.7596086652690426,0.45714285714285713,0.30246580812618545,0.07337526205450734,0.5428571428571428,114
BUNCOMBE_59.1,4231,249,3387,118,0.8005199716379107,0.4738955823293173,0.3266243893085934,0.058851335381706456,0.5261044176706827,131
BUNCOMBE_60.2,1474,127,1011,58,0.6858887381275441,0.4566929133858268,0.22919582474171735,0.08616010854816825,0.5433070866141733,69
BUNCOMBE_60.4,1858,112,1456,55,0.7836383207750269,0.49107142857142855,0.2925668922035984,0.060279870828848225,0.5089285714285714,57
BUNCOMBE_61.1,2578,177,2038,95,0.7905352986811481,0.536723163841808,0.2538121348393402,0.0686578743211792,0.4632768361581921,82
BUNCOMBE_62.1,2636,160,1982,65,0.7518968133535661,0.40625,0.34564681335356606,0.06069802731411229,0.59375,95
BUNCOMBE_63.1,653,60,496,33,0.7595712098009189,0.55,0.2095712098009188,0.09188361408882083,0.45,27
BUNCOMBE_64.1,2140,142,1567,49,0.7322429906542056,0.34507042253521125,0.38717256811899436,0.06635514018691589,0.6549295774647887,93
BUNCOMBE_65.1,3266,348,2419,184,0.7406613594611146,0.5287356321839081,0.2119257272772065,0.1065523576240049,0.47126436781609193,164
BUNCOMBE_66.1,1896,243,1319,110,0.695675105485232,0.45267489711934156,0.24300020836589048,0.1281645569620253,0.5473251028806584,133
BUNCOMBE_67.1,2569,125,2140,70,0.833008952899961,0.56,0.27300895289996097,0.04865706500583885,0.44,55
BUNCOMBE_68.1,4957,492,3465,211,0.6990114988904579,0.42886178861788615,0.27014971027257173,0.09925358079483558,0.5711382113821138,281
BUNCOMBE_681,416,34,313,15,0.7524038461538461,0.4411764705882353,0.31122737556561086,0.08173076923076923,0.5588235294117647,19
BUNCOMBE_69.1,3426,266,2631,125,0.7679509632224168,0.4699248120300752,0.29802615119234166,0.07764156450671336,0.5300751879699248,141
BUNCOMBE_70.1,3499,251,2405,116,0.6873392397827951,0.46215139442231074,0.22518784536048436,0.0717347813661046,0.5378486055776892,135
BUNCOMBE_71.1,4438,263,3422,103,0.7710680486705723,0.3916349809885932,0.37943306768197915,0.059260928346101846,0.6083650190114068,160
BURKE_0001,3225,303,2403,119,0.7451162790697674,0.3927392739273927,0.3523770051423747,0.09395348837209302,0.6072607260726073,184
BURKE_0003,1223,101,918,47,0.7506132461161079,0.46534653465346537,0.28526671146264254,0.08258381030253475,0.5346534653465347,54
BURKE_0011,3137,326,2292,131,0.7306343640420784,0.401840490797546,0.32879387324453235,0.1039209435766656,0.598159509202454,195
BURKE_0012,1846,160,1497,81,0.8109425785482124,0.50625,0.3046925785482124,0.0866738894907909,0.49375,79
BURKE_0013,2893,263,2172,111,0.7507777393708953,0.4220532319391635,0.3287245074317318,0.09090909090909091,0.5779467680608364,152
BURKE_0014,2068,202,1533,86,0.7412959381044487,0.42574257425742573,0.315553363847023,0.097678916827853,0.5742574257425742,116
BURKE_0015,1507,126,1071,52,0.7106834771068348,0.4126984126984127,0.2979850644084221,0.0836098208360982,0.5873015873015873,74
BURKE_0018,553,30,410,14,0.7414104882459313,0.4666666666666667,0.2747438215792646,0.054249547920433995,0.5333333333333333,16
BURKE_0019,664,36,530,21,0.7981927710843374,0.5833333333333334,0.21485943775100402,0.05421686746987952,0.4166666666666667,15
BURKE_0020,1001,57,815,25,0.8141858141858141,0.43859649122807015,0.375589322957744,0.056943056943056944,0.5614035087719298,32
BURKE_0021,1542,124,1135,56,0.7360570687418937,0.45161290322580644,0.28444416551608726,0.08041504539559015,0.5483870967741935,68
BURKE_0022,1986,181,1526,91,0.7683786505538771,0.5027624309392266,0.26561621961465054,0.09113796576032225,0.4972375690607735,90
BURKE_0024,2573,237,2015,116,0.7831325301204819,0.48945147679324896,0.29368105332723293,0.09211037699183833,0.510548523206751,121
BURKE_0031,2027,172,1427,65,0.7039960532807104,0.37790697674418605,0.3260890765365243,0.08485446472619634,0.622093023255814,107
BURKE_0034,1935,174,1406,78,0.7266149870801034,0.4482758620689655,0.2783391250111379,0.08992248062015504,0.5517241379310345,96
BURKE_0035,1504,145,1072,59,0.7127659574468085,0.4068965517241379,0.3058694057226706,0.09640957446808511,0.593103448275862,86
BURKE_0036,1891,170,1448,68,0.7657324167107351,0.4,0.3657324167107351,0.0898995240613432,0.6,102
BURKE_0038,2294,227,1627,95,0.7092414995640802,0.4185022026431718,0.29073929692090844,0.0989537925021796,0.5814977973568282,132
BURKE_0039,1994,164,1383,74,0.6935807422266801,0.45121951219512196,0.24236123003155813,0.08224674022066199,0.5487804878048781,90
BURKE_0040,1840,184,1353,71,0.7353260869565217,0.3858695652173913,0.3494565217391304,0.1,0.6141304347826086,113
BURKE_0047-A,1980,163,1552,72,0.7838383838383839,0.44171779141104295,0.34212059242734094,0.08232323232323233,0.558282208588957,91
BURKE_0047-B,1406,180,1045,72,0.7432432432432432,0.4,0.3432432432432432,0.12802275960170698,0.6,108
BURKE_0048,2058,184,1658,92,0.8056365403304179,0.5,0.30563654033041787,0.08940719144800778,0.5,92
BURKE_0051,3495,298,2626,120,0.7513590844062947,0.40268456375838924,0.3486745206479055,0.08526466380543633,0.5973154362416108,178
BURKE_0052,1434,158,1009,65,0.703626220362622,0.41139240506329117,0.29223381529933085,0.1101813110181311,0.5886075949367089,93
BURKE_0062,870,72,679,30,0.7804597701149425,0.4166666666666667,0.3637931034482758,0.08275862068965517,0.5833333333333334,42
BURKE_0064,815,54,664,30,0.8147239263803681,0.5555555555555556,0.2591683708248125,0.06625766871165645,0.4444444444444444,24
BURKE_0066,2188,190,1536,72,0.7020109689213894,0.37894736842105264,0.3230636005003367,0.08683729433272395,0.6210526315789474,118
BURKE_0070,2618,268,1997,126,0.7627960275019099,0.4701492537313433,0.2926467737705666,0.10236822001527884,0.5298507462686567,142
BURKE_0071,2407,247,1737,99,0.7216452014956377,0.4008097165991903,0.3208354848964474,0.10261736601578729,0.5991902834008097,148
BURKE_0072,3543,324,2532,124,0.7146486028789162,0.38271604938271603,0.33193255349620016,0.09144792548687553,0.6172839506172839,200
CABARRUS_01-02,3404,420,2690,207,0.7902467685076381,0.4928571428571429,0.2973896256504952,0.12338425381903642,0.5071428571428571,213
CABARRUS_01-04,6662,905,5175,436,0.7767937556289403,0.481767955801105,0.2950257998278353,0.13584509156409486,0.518232044198895,469
CABARRUS_01-07,2984,359,2414,184,0.8089812332439679,0.5125348189415042,0.29644641430246366,0.1203083109919571,0.48746518105849584,175
CABARRUS_01-08,5988,751,4332,310,0.7234468937875751,0.41278295605858856,0.31066393772898654,0.12541750167000668,0.5872170439414115,441
CABARRUS_01-10,3392,382,2561,181,0.7550117924528302,0.4738219895287958,0.28118980292403445,0.11261792452830188,0.5261780104712042,201
CABARRUS_01-11,5047,603,3934,286,0.7794729542302358,0.47429519071310117,0.3051777635171346,0.11947691698038439,0.5257048092868989,317
CABARRUS_02-01,4039,319,2882,134,0.7135429561772716,0.4200626959247649,0.2934802602525067,0.07897994553107204,0.5799373040752351,185
CABARRUS_02-02,4917,617,3521,242,0.7160870449461053,0.39222042139384117,0.32386662355226414,0.12548301810046777,0.6077795786061588,375
CABARRUS_02-03,7208,843,5175,379,0.7179522752497225,0.44958481613285883,0.26836745911686366,0.11695338512763596,0.5504151838671412,464
CABARRUS_02-05,4781,531,3537,209,0.739803388412466,0.3935969868173258,0.34620640159514016,0.11106463083037021,0.6064030131826742,322
CABARRUS_02-06,4009,460,2623,160,0.654277874781741,0.34782608695652173,0.3064517878252193,0.11474183088051883,0.6521739130434783,300
CABARRUS_02-07,3851,357,2907,183,0.7548688652298104,0.5126050420168067,0.24226382321300377,0.09270319397559075,0.48739495798319327,174
CABARRUS_02-08,8584,1272,6134,559,0.7145852749301025,0.43946540880503143,0.27511986612507106,0.14818266542404473,0.5605345911949685,713
CABARRUS_02-09,8643,1307,6247,621,0.722781441629064,0.4751338944146901,0.24764754721437388,0.1512206409811408,0.5248661055853099,686
CABARRUS_03-00,6345,767,4881,373,0.7692671394799054,0.4863102998696219,0.28295683961028356,0.12088258471237194,0.5136897001303781,394
CABARRUS_04-01,3490,346,2326,139,0.6664756446991404,0.40173410404624277,0.2647415406528977,0.0991404011461318,0.5982658959537572,207
CABARRUS_04-03,3051,287,2159,118,0.7076368403802032,0.41114982578397213,0.2964870145962311,0.09406751884627991,0.5888501742160279,169
CABARRUS_04-08,2437,246,1613,91,0.6618793598686911,0.3699186991869919,0.2919606606816992,0.10094378334017234,0.6300813008130082,155
CABARRUS_04-09,4767,479,3666,238,0.7690371302706105,0.4968684759916493,0.2721686542789612,0.10048248374239564,0.5031315240083507,241
CABARRUS_04-11,3816,364,2521,142,0.6606394129979035,0.3901098901098901,0.2705295228880134,0.09538784067085954,0.6098901098901099,222
CABARRUS_04-12,5076,622,3270,218,0.6442080378250591,0.3504823151125402,0.2937257227125189,0.12253743104806934,0.6495176848874598,404
CABARRUS_04-13,5659,602,4142,256,0.7319314366495847,0.42524916943521596,0.30668226721436875,0.10637921894327619,0.574750830564784,346
CABARRUS_05-00,2951,264,2347,124,0.7953236191121653,0.4696969696969697,0.3256266494151956,0.08946119959335819,0.5303030303030303,140
CABARRUS_06-00,2270,247,1893,147,0.8339207048458149,0.5951417004048583,0.23877900444095668,0.10881057268722467,0.4048582995951417,100
CABARRUS_07-00,1371,146,1146,79,0.8358862144420132,0.541095890410959,0.2947903240310542,0.10649161196207148,0.4589041095890411,67
CABARRUS_08-00,4346,423,3488,214,0.8025770823745974,0.5059101654846335,0.2966669168899638,0.09733087896916705,0.4940898345153664,209
CABARRUS_09-00,2993,271,2451,141,0.8189107918476445,0.5202952029520295,0.298615588895615,0.09054460407617775,0.4797047970479705,130
CABARRUS_10-00,6589,714,5159,359,0.7829716193656093,0.5028011204481793,0.28017049891743007,0.10836242221884959,0.49719887955182074,355
CABARRUS_11-01,6341,900,4035,333,0.6363349629395995,0.37,0.26633496293959946,0.1419334489828103,0.63,567
CABARRUS_11-02,3754,367,2898,176,0.771976558337773,0.47956403269754766,0.29241252564022535,0.09776238678742674,0.5204359673024523,191
CABARRUS_12-03,2149,212,1611,102,0.7496510004653327,0.4811320754716981,0.2685189249936346,0.09865053513261983,0.5188679245283019,110
CABARRUS_12-04,2928,242,1891,87,0.6458333333333334,0.359504132231405,0.2863292011019284,0.08265027322404371,0.640495867768595,155
CABARRUS_12-05,2173,190,1771,96,0.8150023009664059,0.5052631578947369,0.30973914307166905,0.08743672342383801,0.49473684210526314,94
CABARRUS_12-08,1663,244,958,66,0.5760673481659652,0.27049180327868855,0.3055755448872766,0.14672279013830428,0.7295081967213115,178
CABARRUS_12-09,3067,289,2211,132,0.7208999021845451,0.45674740484429066,0.2641524973402545,0.09422888816432996,0.5432525951557093,157
CABARRUS_12-11,1820,169,1189,66,0.6532967032967033,0.3905325443786982,0.2627641589180051,0.09285714285714286,0.6094674556213018,103
CABARRUS_12-12,2232,249,1575,106,0.7056451612903226,0.42570281124497994,0.2799423500453427,0.11155913978494623,0.5742971887550201,143
CABARRUS_12-13,4341,545,2580,169,0.5943331029716655,0.3100917431192661,0.28424135985239946,0.12554710896106888,0.689908256880734,376
CABARRUS_12-14,3004,253,2284,89,0.7603195739014648,0.35177865612648224,0.4085409177749825,0.08422103861517977,0.6482213438735178,164
CALDWELL_1,5111,493,3787,200,0.7409508902367443,0.4056795131845842,0.33527137705216015,0.09645861866562316,0.5943204868154158,293
CALDWELL_10,3317,314,2592,171,0.7814290021103407,0.5445859872611465,0.23684301484919423,0.09466385287910763,0.4554140127388535,143
CALDWELL_11,3685,306,2846,161,0.7723202170963365,0.5261437908496732,0.24617642624666325,0.0830393487109905,0.4738562091503268,145
CALDWELL_12,2580,207,2048,105,0.7937984496124031,0.5072463768115942,0.28655207280080885,0.08023255813953488,0.4927536231884058,102
CALDWELL_13,5830,521,4574,252,0.7845626072041166,0.4836852207293666,0.30087738647475004,0.08936535162950257,0.5163147792706334,269
CALDWELL_14,5018,444,4066,240,0.8102829812674373,0.5405405405405406,0.2697424407268967,0.0884814667198087,0.4594594594594595,204
CALDWELL_15,2723,259,2121,118,0.7789203084832905,0.4555984555984556,0.32332185288483495,0.09511568123393316,0.5444015444015444,141
CALDWELL_2,2235,127,1763,59,0.7888143176733781,0.4645669291338583,0.3242473885395198,0.056823266219239374,0.5354330708661418,68
CALDWELL_3,1229,109,1023,51,0.8323840520748577,0.46788990825688076,0.3644941438179769,0.0886899918633035,0.5321100917431193,58
CALDWELL_4,3080,267,2448,139,0.7948051948051948,0.5205992509363296,0.2742059438688652,0.08668831168831169,0.4794007490636704,128
CALDWELL_5,3150,294,2347,136,0.7450793650793651,0.46258503401360546,0.28249433106575966,0.09333333333333334,0.5374149659863946,158
CALDWELL_6,5988,566,4059,220,0.6778557114228457,0.38869257950530034,0.2891631319175454,0.09452237808951236,0.6113074204946997,346
CALDWELL_7,4957,462,3484,203,0.7028444623764374,0.4393939393939394,0.263450522982498,0.0932015331853944,0.5606060606060606,259
CALDWELL_8,4069,337,3282,182,0.8065863848611452,0.5400593471810089,0.2665270376801363,0.08282133202260998,0.4599406528189911,155
CALDWELL_9,3003,257,2342,141,0.7798867798867799,0.5486381322957199,0.23124864759106,0.08558108558108558,0.45136186770428016,116
CAMDEN_CH,3169,340,2357,132,0.7437677500788893,0.38823529411764707,0.3555324559612422,0.10728936573051435,0.611764705882353,208
CAMDEN_SH,2210,217,1597,85,0.7226244343891403,0.391705069124424,0.33091936526471627,0.09819004524886878,0.6082949308755761,132
CAMDEN_SM,3234,323,2265,127,0.7003710575139147,0.3931888544891641,0.30718220302475063,0.09987631416202845,0.6068111455108359,196
CARTERET_ABCH,1381,56,1130,24,0.8182476466328747,0.42857142857142855,0.3896762180614462,0.04055032585083273,0.5714285714285714,32
CARTERET_ASCI,816,61,650,26,0.7965686274509803,0.4262295081967213,0.37033911925425905,0.07475490196078431,0.5737704918032787,35
CARTERET_BCRK,2182,219,1656,81,0.7589367552703942,0.3698630136986301,0.38907374157176405,0.10036663611365719,0.6301369863013698,138
CARTERET_BFT1,1429,71,1151,28,0.8054583624912526,0.39436619718309857,0.411092165308154,0.0496850944716585,0.6056338028169014,43
CARTERET_BFT2,3976,239,3165,102,0.7960261569416499,0.42677824267782427,0.36924791426382564,0.06011066398390342,0.5732217573221757,137
CARTERET_BOGE,3429,337,2698,133,0.7868183143773695,0.39465875370919884,0.39215956066817065,0.09827938174394868,0.6053412462908012,204
CARTERET_CAPE,3991,356,3156,152,0.7907792533199699,0.42696629213483145,0.36381296118513845,0.08920070157855174,0.5730337078651685,204
CARTERET_DASW,631,53,526,23,0.8335974643423137,0.4339622641509434,0.39963520019137033,0.08399366085578447,0.5660377358490566,30
CARTERET_HAIS,1032,61,888,37,0.8604651162790697,0.6065573770491803,0.2539077392298894,0.05910852713178295,0.39344262295081966,24
CARTERET_IBPK,1847,87,1561,41,0.8451543042772063,0.47126436781609193,0.37388993646111435,0.04710341093665403,0.5287356321839081,46
CARTERET_ISLE,4168,243,3402,113,0.8162188099808061,0.46502057613168724,0.35119823384911886,0.05830134357005758,0.5349794238683128,130
CARTERET_MASM,686,57,562,22,0.8192419825072886,0.38596491228070173,0.4332770702265869,0.08309037900874636,0.6140350877192983,35
CARTERET_MCRK,493,36,410,18,0.8316430020283976,0.5,0.3316430020283976,0.07302231237322515,0.5,18
CARTERET_MERR,543,19,421,6,0.7753222836095764,0.3157894736842105,0.45953280992536594,0.034990791896869246,0.6842105263157895,13
CARTERET_MHD1,2520,224,2027,106,0.8043650793650794,0.4732142857142857,0.3311507936507937,0.08888888888888889,0.5267857142857143,118
CARTERET_MHD2,3037,236,2192,96,0.721764899571946,0.4067796610169492,0.3149852385549968,0.07770826473493579,0.5932203389830508,140
CARTERET_MHD3,3301,251,2674,104,0.810057558315662,0.41434262948207173,0.3957149288335902,0.07603756437443199,0.5856573705179283,147
CARTERET_MHD4,2922,218,2488,111,0.8514715947980835,0.5091743119266054,0.3422972828714781,0.07460643394934977,0.4908256880733945,107
CARTERET_NPT1,3558,319,2608,126,0.7329960652051715,0.3949843260188088,0.3380117391863627,0.08965711073636874,0.6050156739811913,193
CARTERET_NPT2,3407,329,2494,148,0.7320223070149692,0.44984802431610943,0.28217428269885975,0.09656589374816554,0.5501519756838906,181
CARTERET_NRIV,709,59,553,23,0.7799717912552891,0.3898305084745763,0.39014128278071286,0.08321579689703808,0.6101694915254238,36
CARTERET_OTBEG,2036,145,1616,55,0.793713163064833,0.3793103448275862,0.4144028182372468,0.07121807465618861,0.6206896551724138,90
CARTERET_PELE,1808,153,1403,67,0.775995575221239,0.43790849673202614,0.3380870784892128,0.08462389380530974,0.5620915032679739,86
CARTERET_STEL,2089,210,1556,82,0.7448539971278123,0.3904761904761905,0.35437780665162183,0.10052656773575874,0.6095238095238096,128
CARTERET_WIHA,2043,189,1632,79,0.7988252569750367,0.41798941798941797,0.38083583898561874,0.09251101321585903,0.582010582010582,110
CARTERET_WILD,3560,304,2555,95,0.7176966292134831,0.3125,0.4051966292134831,0.0853932584269663,0.6875,209
CASWELL_ANDE,919,70,737,43,0.8019586507072906,0.6142857142857143,0.18767293642157623,0.07616974972796518,0.38571428571428573,27
CASWELL_LEAS,636,46,485,19,0.7625786163522013,0.41304347826086957,0.3495351380913317,0.07232704402515723,0.5869565217391305,27
CASWELL_LOCU,2055,164,1570,79,0.7639902676399026,0.4817073170731707,0.2822829505667319,0.07980535279805352,0.5182926829268293,85
CASWELL_MILT,1963,132,1462,64,0.7447784004075395,0.48484848484848486,0.25992991555905465,0.06724401426388181,0.5151515151515151,68
CASWELL_PELH,2984,251,2228,127,0.7466487935656837,0.5059760956175299,0.24067269794815382,0.08411528150134048,0.4940239043824701,124
CASWELL_PH,1799,137,1464,73,0.8137854363535297,0.5328467153284672,0.28093872102506257,0.07615341856586992,0.46715328467153283,64
CASWELL_PROVI,790,50,635,28,0.8037974683544303,0.56,0.24379746835443028,0.06329113924050633,0.44,22
CASWELL_STON,2333,183,1826,94,0.7826832404629233,0.5136612021857924,0.2690220382771309,0.07843977711101587,0.48633879781420764,89
CASWELL_YANC,2146,163,1540,72,0.7176141658900279,0.44171779141104295,0.27589637447898496,0.07595526561043803,0.558282208588957,91
CATAWBA_01,3694,361,2918,181,0.7899296155928532,0.5013850415512465,0.2885445740416067,0.0977260422306443,0.4986149584487535,180
CATAWBA_02,2429,219,1946,118,0.8011527377521613,0.5388127853881278,0.2623399523640335,0.09016055990119391,0.4611872146118721,101
CATAWBA_03,2562,280,1916,114,0.7478532396565184,0.40714285714285714,0.34071038251366126,0.1092896174863388,0.5928571428571429,166
CATAWBA_04,968,117,662,49,0.6838842975206612,0.4188034188034188,0.26508087871724234,0.12086776859504132,0.5811965811965812,68
CATAWBA_05,3698,385,2738,166,0.740400216333153,0.43116883116883115,0.30923138516432186,0.10411032990805841,0.5688311688311688,219
CATAWBA_06,2504,216,2024,108,0.8083067092651757,0.5,0.30830670926517567,0.08626198083067092,0.5,108
CATAWBA_07,3230,379,2270,146,0.7027863777089783,0.38522427440633245,0.3175621033026459,0.1173374613003096,0.6147757255936676,233
CATAWBA_08,2697,255,2178,113,0.8075639599555061,0.44313725490196076,0.36442670505354535,0.09454949944382647,0.5568627450980392,142
CATAWBA_09,2671,261,2104,132,0.7877199550730064,0.5057471264367817,0.28197282863622475,0.09771621115687008,0.4942528735632184,129
CATAWBA_10,649,75,378,26,0.5824345146379045,0.3466666666666667,0.23576784797123784,0.11556240369799692,0.6533333333333333,49
CATAWBA_11,1100,173,754,80,0.6854545454545454,0.4624277456647399,0.22302679978980555,0.1572727272727273,0.5375722543352601,93
CATAWBA_12,1722,178,986,51,0.5725900116144018,0.28651685393258425,0.28607315768181757,0.10336817653890824,0.7134831460674157,127
CATAWBA_13,1667,215,959,65,0.5752849430113978,0.3023255813953488,0.27295936161604895,0.1289742051589682,0.6976744186046512,150
CATAWBA_14,1544,124,1277,73,0.8270725388601037,0.5887096774193549,0.2383628614407488,0.08031088082901554,0.4112903225806452,51
CATAWBA_15,735,75,373,13,0.507482993197279,0.17333333333333334,0.3341496598639456,0.10204081632653061,0.8266666666666667,62
CATAWBA_16,2795,246,1893,104,0.6772808586762075,0.42276422764227645,0.254516631033931,0.08801431127012523,0.5772357723577236,142
CATAWBA_17,1821,212,1118,61,0.613948380010983,0.28773584905660377,0.3262125309543792,0.11641954969796815,0.7122641509433962,151
CATAWBA_19,1240,138,845,43,0.6814516129032258,0.3115942028985507,0.36985741000467504,0.11129032258064517,0.6884057971014492,95
CATAWBA_20,3736,405,2789,174,0.7465203426124197,0.42962962962962964,0.3168907129827901,0.10840471092077088,0.5703703703703704,231
CATAWBA_21,2368,197,1781,91,0.7521114864864865,0.4619289340101523,0.29018255247633423,0.08319256756756757,0.5380710659898477,106
CATAWBA_22,3831,364,2742,139,0.7157400156617071,0.38186813186813184,0.33387188379357524,0.09501435656486557,0.6181318681318682,225
CATAWBA_23,4335,463,3419,208,0.7886966551326413,0.44924406047516197,0.33945259465747935,0.10680507497116494,0.550755939524838,255
CATAWBA_24,4183,469,3204,211,0.7659574468085106,0.44989339019189767,0.31606405661661297,0.11212048768826201,0.5501066098081023,258
CATAWBA_25,2323,290,1462,95,0.6293585880327163,0.3275862068965517,0.30177238113616456,0.1248385708136031,0.6724137931034483,195
CATAWBA_26,1908,156,1461,83,0.7657232704402516,0.532051282051282,0.23367198838896952,0.08176100628930817,0.46794871794871795,73
CATAWBA_27,4156,402,3133,195,0.7538498556304138,0.48507462686567165,0.2687752287647422,0.09672762271414823,0.5149253731343284,207
CATAWBA_28,3532,435,2319,151,0.6565685164212911,0.3471264367816092,0.3094420796396819,0.12315968289920724,0.6528735632183909,284
CATAWBA_29,4776,570,3678,263,0.7701005025125628,0.4614035087719298,0.308696993740633,0.11934673366834171,0.5385964912280702,307
CATAWBA_30,4224,487,2835,171,0.6711647727272727,0.351129363449692,0.32003540927758073,0.11529356060606061,0.648870636550308,316
CATAWBA_31,6384,526,4913,257,0.7695802005012531,0.48859315589353614,0.28098704460771695,0.08239348370927319,0.5114068441064639,269
CATAWBA_32,3252,373,2317,148,0.7124846248462484,0.3967828418230563,0.31570178302319213,0.11469864698646987,0.6032171581769437,225
CATAWBA_33,5160,581,3662,217,0.7096899224806201,0.37349397590361444,0.3361959465770057,0.1125968992248062,0.6265060240963856,364
CATAWBA_34,4648,492,3598,215,0.7740963855421686,0.4369918699186992,0.33710451562346944,0.10585197934595525,0.5630081300813008,277
CATAWBA_35,3885,473,2437,169,0.6272844272844272,0.3572938689217759,0.26999055836265135,0.12175032175032174,0.642706131078224,304
CATAWBA_36,2530,255,1999,124,0.7901185770750988,0.48627450980392156,0.30384406727117724,0.1007905138339921,0.5137254901960784,131
CATAWBA_37,2786,269,1911,115,0.6859296482412061,0.4275092936802974,0.25842035456090867,0.09655419956927494,0.5724907063197026,154
CATAWBA_38,3429,302,2623,153,0.7649460484106153,0.5066225165562914,0.2583235318543239,0.08807232429279674,0.49337748344370863,149
CATAWBA_39,2551,265,2026,120,0.7941983535868287,0.4528301886792453,0.34136816490758337,0.10388083104664837,0.5471698113207547,145
CATAWBA_40,1685,179,1182,68,0.7014836795252225,0.37988826815642457,0.32159541136879793,0.10623145400593471,0.6201117318435754,111
CATAWBA_41,5006,416,3792,188,0.7574910107870555,0.4519230769230769,0.30556793386397857,0.08310027966440271,0.5480769230769231,228
CHATHAM_15,2468,209,2054,110,0.8322528363047001,0.5263157894736842,0.30593704683101597,0.0846839546191248,0.47368421052631576,99
CHATHAM_21,1666,112,1395,58,0.8373349339735895,0.5178571428571429,0.3194777911164466,0.06722689075630252,0.48214285714285715,54
CHATHAM_3,1864,181,1480,96,0.7939914163090128,0.5303867403314917,0.26360467597752113,0.0971030042918455,0.4696132596685083,85
CHATHAM_30,1905,178,1581,97,0.8299212598425196,0.5449438202247191,0.28497743961780053,0.09343832020997375,0.4550561797752809,81
CHATHAM_42,2627,219,2209,123,0.8408831366577846,0.5616438356164384,0.2792393010413462,0.08336505519604111,0.4383561643835616,96
CHATHAM_75,5061,258,4306,127,0.8508199960482118,0.49224806201550386,0.35857193403270793,0.05097806757557795,0.5077519379844961,131
CHATHAM_78,6193,397,5163,210,0.8336831906991765,0.5289672544080605,0.30471593629111604,0.06410463426449217,0.47103274559193953,187
CHATHAM_85,2832,367,1962,167,0.6927966101694916,0.4550408719346049,0.23775573823488666,0.129590395480226,0.5449591280653951,200
CHATHAM_9,1491,141,1202,73,0.8061703554661301,0.5177304964539007,0.28843985901222946,0.09456740442655935,0.48226950354609927,68
CHATHAM_CRD118,1615,169,1340,107,0.8297213622291022,0.6331360946745562,0.19658526755454597,0.10464396284829722,0.3668639053254438,62
CHATHAM_ECL109,6309,415,5184,222,0.8216833095577746,0.5349397590361445,0.28674355052163003,0.06577904580757647,0.4650602409638554,193
CHATHAM_EPP112,4316,330,3426,187,0.793790546802595,0.5666666666666667,0.22712388013592832,0.07645968489341984,0.43333333333333335,143
CHATHAM_ESC114,4077,630,2853,261,0.6997792494481236,0.4142857142857143,0.28549353516240933,0.1545253863134658,0.5857142857142857,369
CHATHAM_GLD118,3158,247,2560,141,0.8106396453451552,0.5708502024291497,0.23978944291600546,0.07821405953134895,0.4291497975708502,106
CHATHAM_MON113,2282,219,1821,116,0.7979842243645925,0.5296803652968036,0.26830385906778886,0.09596844872918492,0.4703196347031963,103
CHATHAM_NWM117,6575,471,5375,244,0.8174904942965779,0.5180467091295117,0.29944378516706627,0.07163498098859315,0.4819532908704883,227
CHATHAM_WCL108,3951,345,3298,188,0.8347253859782333,0.5449275362318841,0.28979784974634926,0.08731966590736523,0.45507246376811594,157
CHATHAM_WPP114,5796,450,4735,238,0.8169427191166322,0.5288888888888889,0.28805383022774333,0.07763975155279502,0.4711111111111111,212
CHEROKEE_ANNW,1675,147,1174,60,0.7008955223880597,0.40816326530612246,0.2927322570819373,0.08776119402985075,0.5918367346938775,87
CHEROKEE_ANSW,1646,162,1122,62,0.6816524908869988,0.38271604938271603,0.2989364415042827,0.09842041312272175,0.6172839506172839,100
CHEROKEE_BELL,1498,83,1049,30,0.7002670226969292,0.3614457831325301,0.3388212395643991,0.05540720961281709,0.6385542168674698,53
CHEROKEE_BRAS,1025,56,768,32,0.7492682926829268,0.5714285714285714,0.17783972125435543,0.054634146341463415,0.42857142857142855,24
CHEROKEE_CSON,1104,58,794,31,0.7192028985507246,0.5344827586206896,0.184720139930035,0.05253623188405797,0.46551724137931033,27
CHEROKEE_GCRK,532,37,388,13,0.7293233082706767,0.35135135135135137,0.37797195691932534,0.06954887218045112,0.6486486486486487,24
CHEROKEE_HANG,846,49,620,22,0.7328605200945626,0.4489795918367347,0.2838809282578279,0.057919621749408984,0.5510204081632653,27
CHEROKEE_HIWA,2536,155,1809,65,0.7133280757097792,0.41935483870967744,0.29397323700010175,0.0611198738170347,0.5806451612903226,90
CHEROKEE_HOTH,1815,93,1217,38,0.6705234159779614,0.40860215053763443,0.26192126544032696,0.0512396694214876,0.5913978494623656,55
CHEROKEE_MARB,1515,115,1042,42,0.6877887788778878,0.3652173913043478,0.32257138757354,0.07590759075907591,0.6347826086956522,73
CHEROKEE_MURN,2250,162,1572,73,0.6986666666666667,0.4506172839506173,0.24804938271604937,0.072,0.5493827160493827,89
CHEROKEE_MURS,2692,181,1867,66,0.6935364041604755,0.36464088397790057,0.3288955201825749,0.06723625557206538,0.6353591160220995,115
CHEROKEE_PCHT,2501,169,1799,87,0.719312275089964,0.514792899408284,0.20451937568168,0.06757297081167533,0.48520710059171596,82
CHEROKEE_RGER,2148,114,1527,47,0.7108938547486033,0.41228070175438597,0.29861315299421737,0.05307262569832402,0.5877192982456141,67
CHEROKEE_TOPT,387,34,305,22,0.7881136950904393,0.6470588235294118,0.14105487156102747,0.08785529715762273,0.35294117647058826,12
CHEROKEE_UNKA,669,53,469,21,0.7010463378176383,0.39622641509433965,0.3048199227232986,0.07922272047832586,0.6037735849056604,32
CHOWAN_1,1985,174,1292,48,0.6508816120906801,0.27586206896551724,0.37501954312516284,0.08765743073047859,0.7241379310344828,126
CHOWAN_2,3199,281,2307,100,0.7211628633948108,0.35587188612099646,0.3652909772738144,0.08783994998437011,0.6441281138790036,181
CHOWAN_3,1691,148,1247,58,0.7374334713187463,0.3918918918918919,0.3455415794268544,0.08752217622708457,0.6081081081081081,90
CHOWAN_4,857,75,637,28,0.7432905484247374,0.37333333333333335,0.36995721509140406,0.08751458576429405,0.6266666666666667,47
CHOWAN_5,916,82,702,35,0.7663755458515283,0.4268292682926829,0.3395462775588454,0.08951965065502183,0.573170731707317,47
CHOWAN_6,1552,115,1177,40,0.7583762886597938,0.34782608695652173,0.41055020170327206,0.0740979381443299,0.6521739130434783,75
CLAY_BRAS,927,71,702,35,0.7572815533980582,0.49295774647887325,0.264323806919185,0.07659115426105717,0.5070422535211268,36
CLAY_HAY1,1338,82,990,37,0.7399103139013453,0.45121951219512196,0.28869080170622335,0.061285500747384154,0.5487804878048781,45
CLAY_HAY2,1739,129,1294,56,0.7441058079355952,0.43410852713178294,0.3099972808038123,0.07418056354226567,0.5658914728682171,73
CLAY_HAYC,481,32,344,12,0.7151767151767152,0.375,0.3401767151767152,0.06652806652806653,0.625,20
CLAY_HIAW,1741,101,1277,54,0.7334865020103389,0.5346534653465347,0.19883303666380425,0.058012636415852956,0.46534653465346537,47
CLAY_SHCR,1465,97,1088,41,0.7426621160409557,0.422680412371134,0.31998170366982165,0.06621160409556313,0.5773195876288659,56
CLAY_SWEE,851,52,638,23,0.7497062279670975,0.4423076923076923,0.3073985356594052,0.06110458284371328,0.5576923076923077,29
CLAY_TUSQ,764,53,593,28,0.7761780104712042,0.5283018867924528,0.24787612367875134,0.0693717277486911,0.4716981132075472,25
CLAY_WARN,893,57,666,29,0.7458006718924972,0.5087719298245614,0.23702874206793578,0.06382978723404255,0.49122807017543857,28
CLEVELAND_BETHWR,1899,195,1415,74,0.7451290152711953,0.37948717948717947,0.3656418357840159,0.10268562401263823,0.6205128205128205,121
CLEVELAND_BR,4932,532,3744,256,0.7591240875912408,0.48120300751879697,0.27792108007244387,0.10786699107866991,0.518796992481203,276
CLEVELAND_CASAR,1483,138,1210,72,0.815913688469319,0.5217391304347826,0.2941745580345364,0.0930546190155091,0.4782608695652174,66
CLEVELAND_FALSTN,1678,145,1324,67,0.7890345649582837,0.46206896551724136,0.32696559944104236,0.0864123957091776,0.5379310344827586,78
CLEVELAND_GROVER,3418,324,2437,126,0.7129900526623757,0.3888888888888889,0.3241011637734868,0.09479227618490345,0.6111111111111112,198
CLEVELAND_KINGST,852,63,643,29,0.7546948356807511,0.4603174603174603,0.29437737536329084,0.07394366197183098,0.5396825396825397,34
CLEVELAND_KM N,5169,470,3671,198,0.710195395627781,0.42127659574468085,0.28891879988310015,0.09092667827432772,0.5787234042553191,272
CLEVELAND_KM S,4807,470,3395,192,0.7062617016850427,0.4085106382978723,0.29775106338717033,0.0977740794674433,0.5914893617021276,278
CLEVELAND_LATT,2847,306,2135,140,0.7499121882683526,0.45751633986928103,0.29239584839907157,0.10748155953635406,0.5424836601307189,166
CLEVELAND_LAWNDL,1734,154,1304,65,0.7520184544405998,0.42207792207792205,0.32994053236267773,0.08881199538638986,0.577922077922078,89
CLEVELAND_MRB-YO,1655,147,1263,64,0.7631419939577039,0.43537414965986393,0.32776784429783995,0.08882175226586103,0.564625850340136,83
CLEVELAND_MULLS,2077,182,1664,92,0.8011555127587867,0.5054945054945055,0.29566100726428124,0.08762638420799229,0.4945054945054945,90
CLEVELAND_OAKGRV,3744,335,2883,164,0.7700320512820513,0.48955223880597015,0.28047981247608117,0.08947649572649573,0.5104477611940299,171
CLEVELAND_POLKVL,2550,229,1998,108,0.7835294117647059,0.47161572052401746,0.31191369124068846,0.08980392156862745,0.5283842794759825,121
CLEVELAND_RIPPY,3885,416,2718,151,0.6996138996138996,0.3629807692307692,0.3366331303831304,0.10707850707850708,0.6370192307692307,265
CLEVELAND_S C,6918,594,4688,216,0.6776525007227523,0.36363636363636365,0.31401613708638865,0.08586296617519515,0.6363636363636364,378
CLEVELAND_S E,2639,210,1999,88,0.7574838954149299,0.41904761904761906,0.33843627636731083,0.07957559681697612,0.580952380952381,122
CLEVELAND_S N,4661,395,3410,155,0.7316026603733105,0.3924050632911392,0.33919759708217123,0.0847457627118644,0.6075949367088608,240
CLEVELAND_S S,6444,613,4382,225,0.6800124146492862,0.367047308319739,0.3129651063295472,0.09512725015518311,0.632952691680261,388
CLEVELAND_SHANGI,2741,248,2102,123,0.7668734038672017,0.4959677419354839,0.27090566193171783,0.09047792776358993,0.5040322580645161,125
CLEVELAND_WACO,3369,303,2533,147,0.7518551498961116,0.48514851485148514,0.26670663504462644,0.08993766696349065,0.5148514851485149,156
COLUMBUS_P02B,1037,102,731,38,0.7049180327868853,0.37254901960784315,0.3323690131790421,0.09836065573770492,0.6274509803921569,64
COLUMBUS_P06,883,62,656,26,0.7429218573046432,0.41935483870967744,0.3235670185949658,0.07021517553793885,0.5806451612903226,36
COLUMBUS_P07,3133,302,2060,119,0.6575167571018193,0.39403973509933776,0.2634770220024816,0.09639323332269391,0.6059602649006622,183
COLUMBUS_P117,2786,283,1956,103,0.7020818377602297,0.36395759717314485,0.33812424058708485,0.10157932519741565,0.6360424028268551,180
COLUMBUS_P121,1938,194,1439,85,0.7425180598555211,0.4381443298969072,0.3043737299586139,0.1001031991744066,0.5618556701030928,109
COLUMBUS_P14,3429,323,2552,134,0.7442403032954215,0.4148606811145511,0.32937962218087036,0.0941965587634879,0.5851393188854489,189
COLUMBUS_P15,2270,216,1593,89,0.701762114537445,0.41203703703703703,0.28972507750040793,0.09515418502202644,0.5879629629629629,127
COLUMBUS_P16B,1785,148,1372,70,0.7686274509803922,0.47297297297297297,0.29565447800741923,0.08291316526610644,0.527027027027027,78
COLUMBUS_P19,2524,232,1676,95,0.6640253565768621,0.40948275862068967,0.25454259795617246,0.0919175911251981,0.5905172413793104,137
COLUMBUS_P223,3162,340,2025,97,0.6404174573055028,0.2852941176470588,0.355123339658444,0.10752688172043011,0.7147058823529412,243
COLUMBUS_P22A,2041,198,1430,60,0.7006369426751592,0.30303030303030304,0.39760663964485615,0.09701126898579128,0.696969696969697,138
COLUMBUS_P245,3465,386,2590,185,0.7474747474747475,0.4792746113989637,0.2682001360757838,0.1113997113997114,0.5207253886010362,201
COLUMBUS_P26B,3410,289,2058,83,0.6035190615835777,0.28719723183391005,0.31632182974966766,0.08475073313782991,0.71280276816609,206
COLUMBUS_P534,2179,223,1539,103,0.7062872877466728,0.4618834080717489,0.24440387967492394,0.10234052317576871,0.5381165919282511,120
COLUMBUS_P82,1664,150,1272,69,0.7644230769230769,0.46,0.30442307692307685,0.09014423076923077,0.54,81
COLUMBUS_P89,1543,167,1052,68,0.6817887232663642,0.40718562874251496,0.27460309452384923,0.10823071937783539,0.592814371257485,99
CRAVEN_02,11059,1661,6389,503,0.5777195044759924,0.3028296207104154,0.274889883765577,0.1501944117913012,0.6971703792895846,1158
CRAVEN_03,3584,261,3063,135,0.8546316964285714,0.5172413793103449,0.33739031711822653,0.07282366071428571,0.4827586206896552,126
CRAVEN_05,2553,134,2046,64,0.8014101057579318,0.47761194029850745,0.32379816545942436,0.05248726987857422,0.5223880597014925,70
CRAVEN_07,2324,215,1798,85,0.7736660929432013,0.3953488372093023,0.378317255733899,0.09251290877796901,0.6046511627906976,130
CRAVEN_11,2898,237,2138,79,0.7377501725327812,0.3333333333333333,0.4044168391994479,0.08178053830227744,0.6666666666666666,158
CRAVEN_16,4514,450,3365,194,0.7454585733274258,0.4311111111111111,0.3143474622163147,0.09968985378821445,0.5688888888888889,256
CRAVEN_17,2684,265,1935,93,0.7209388971684053,0.35094339622641507,0.36999550094199024,0.09873323397913562,0.6490566037735849,172
CRAVEN_19,3330,274,2460,101,0.7387387387387387,0.3686131386861314,0.37012560005260736,0.08228228228228228,0.6313868613138686,173
CRAVEN_20,3647,163,2797,61,0.7669317247052372,0.37423312883435583,0.39269859587088135,0.04469426926240746,0.6257668711656442,102
CRAVEN_21,3861,380,3013,156,0.7803677803677803,0.4105263157894737,0.36984146457830663,0.09842009842009843,0.5894736842105263,224
CRAVEN_23,6509,569,4972,225,0.7638654171147642,0.3954305799648506,0.3684348371499136,0.08741742203103395,0.6045694200351494,344
CRAVEN_CFB8,1517,140,1180,57,0.7778510217534608,0.40714285714285714,0.37070816461060363,0.0922874093605801,0.5928571428571429,83
CRAVEN_CLR4,3110,274,2179,98,0.7006430868167203,0.35766423357664234,0.34297885324007793,0.08810289389067524,0.6423357664233577,176
CRAVEN_DFB9,855,83,632,36,0.7391812865497076,0.43373493975903615,0.30544634679067145,0.09707602339181287,0.5662650602409639,47
CRAVEN_N1,2209,151,1509,44,0.6831145314622001,0.2913907284768212,0.39172380298537895,0.06835672249886826,0.7086092715231788,107
CRAVEN_N2,2535,261,1518,66,0.5988165680473373,0.25287356321839083,0.34594300482894647,0.10295857988165681,0.7471264367816092,195
CRAVEN_N3N5,3866,340,2622,115,0.6782203828246249,0.3382352941176471,0.33998508870697786,0.08794619762027936,0.6617647058823529,225
CRAVEN_N4,5236,550,3357,187,0.6411382734912147,0.34,0.30113827349121464,0.10504201680672269,0.66,363
CRAVEN_N6,5040,415,3692,159,0.7325396825396825,0.38313253012048193,0.34940715241920056,0.08234126984126984,0.6168674698795181,256
CRAVEN_TE13,1413,121,1118,48,0.7912243453644727,0.39669421487603307,0.39453013048843966,0.08563340410474168,0.6033057851239669,73
CRAVEN_VE14,4382,412,3327,189,0.7592423550890005,0.4587378640776699,0.3005044910113306,0.09402099497946144,0.5412621359223301,223
CUMBERLAND_AH49,3468,304,2047,93,0.5902537485582469,0.3059210526315789,0.28433269592666793,0.08765859284890427,0.694078947368421,211
CUMBERLAND_AL51-1,1886,205,1359,74,0.7205726405090138,0.36097560975609755,0.35959703075291627,0.10869565217391304,0.6390243902439025,131
CUMBERLAND_AL51-2,2496,298,1812,111,0.7259615384615384,0.3724832214765101,0.35347831698502835,0.11939102564102565,0.62751677852349,187
CUMBERLAND_AL51-3,1696,170,1286,71,0.7582547169811321,0.4176470588235294,0.3406076581576027,0.10023584905660378,0.5823529411764706,99
CUMBERLAND_CC01,2454,238,1287,49,0.5244498777506112,0.20588235294117646,0.3185675248094348,0.09698451507742462,0.7941176470588235,189
CUMBERLAND_CC03,2133,227,1015,69,0.47585560243788094,0.3039647577092511,0.17189084472862987,0.10642287857477731,0.6960352422907489,158
CUMBERLAND_CC04,1304,117,792,34,0.6073619631901841,0.2905982905982906,0.3167636725918935,0.0897239263803681,0.7094017094017094,83
CUMBERLAND_CC06,1273,99,801,27,0.629222309505106,0.2727272727272727,0.35649503677783334,0.07776904948939513,0.7272727272727273,72
CUMBERLAND_CC07,1092,72,776,29,0.7106227106227107,0.4027777777777778,0.30784493284493286,0.06593406593406594,0.5972222222222222,43
CUMBERLAND_CC08,1456,129,1091,66,0.7493131868131868,0.5116279069767442,0.2376852798364426,0.0885989010989011,0.4883720930232558,63
CUMBERLAND_CC10,1140,113,724,36,0.6350877192982456,0.3185840707964602,0.3165036485017854,0.09912280701754386,0.6814159292035398,77
CUMBERLAND_CC12,1748,150,1377,72,0.7877574370709383,0.48,0.3077574370709383,0.08581235697940504,0.52,78
CUMBERLAND_CC13,2236,833,1004,364,0.4490161001788909,0.4369747899159664,0.012041310262924487,0.3725402504472272,0.5630252100840336,469
CUMBERLAND_CC14,2897,262,1853,101,0.6396272005522955,0.38549618320610685,0.25413101734618865,0.09043838453572661,0.6145038167938931,161
CUMBERLAND_CC15,2674,210,1840,75,0.6881077038145101,0.35714285714285715,0.330964846671653,0.07853403141361257,0.6428571428571429,135
CUMBERLAND_CC16,1861,171,1180,50,0.6340677055346587,0.29239766081871343,0.3416700447159453,0.09188608275120903,0.7076023391812866,121
CUMBERLAND_CC17,2488,250,1419,67,0.5703376205787781,0.268,0.3023376205787781,0.10048231511254019,0.732,183
CUMBERLAND_CC18,1647,146,1189,46,0.7219186399514268,0.3150684931506849,0.4068501468007419,0.08864602307225258,0.684931506849315,100
CUMBERLAND_CC21,3747,392,2115,127,0.5644515612489992,0.3239795918367347,0.2404719694122645,0.10461702695489725,0.6760204081632653,265
CUMBERLAND_CC22A,4769,526,2826,191,0.5925770601803313,0.36311787072243346,0.22945918945789784,0.11029565946739359,0.6368821292775665,335
CUMBERLAND_CC23-2,3082,361,1993,140,0.6466580142764439,0.3878116343490305,0.2588463799274134,0.11713173264114211,0.6121883656509696,221
CUMBERLAND_CC24,1741,193,901,60,0.5175186674325101,0.31088082901554404,0.20663783841696604,0.11085582998276852,0.689119170984456,133
CUMBERLAND_CC25,2109,190,1241,60,0.5884305357989569,0.3157894736842105,0.27264106211474637,0.09009009009009009,0.6842105263157895,130
CUMBERLAND_CC26,3707,378,2124,109,0.5729700566495819,0.28835978835978837,0.2846102682897935,0.10196924736984084,0.7116402116402116,269
CUMBERLAND_CC27,4651,489,2215,111,0.47624166845839605,0.22699386503067484,0.2492478034277212,0.10513867985379488,0.7730061349693251,378
CUMBERLAND_CC29,2354,248,1321,89,0.5611724723874256,0.3588709677419355,0.20230150464549013,0.10535259133389975,0.6411290322580645,159
CUMBERLAND_CC31,2142,219,1227,51,0.572829131652661,0.2328767123287671,0.3399524193238939,0.10224089635854341,0.7671232876712328,168
CUMBERLAND_CC32,1517,196,771,44,0.5082399472643375,0.22448979591836735,0.28375015134597015,0.12920237310481214,0.7755102040816326,152
CUMBERLAND_CC33,2544,236,1560,57,0.6132075471698113,0.24152542372881355,0.3716821234409977,0.09276729559748427,0.7584745762711864,179
CUMBERLAND_CC34,2127,193,1538,94,0.7230841560883874,0.48704663212435234,0.23603752396403505,0.09073812881993418,0.5129533678756477,99
CUMBERLAND_CC519,3109,310,1573,77,0.5059504663879061,0.24838709677419354,0.2575633696137125,0.09971051785139916,0.7516129032258064,233
CUMBERLAND_CL57-1,3396,280,2159,85,0.6357479387514723,0.30357142857142855,0.33217651018004374,0.08244994110718493,0.6964285714285714,195
CUMBERLAND_CL57-2,3350,358,2152,125,0.6423880597014925,0.34916201117318435,0.29322604852830814,0.10686567164179105,0.6508379888268156,233
CUMBERLAND_CU02,1933,177,1227,54,0.6347646145887222,0.3050847457627119,0.32967986882601036,0.09156751163993793,0.6949152542372882,123
CUMBERLAND_EO01,3298,352,2425,123,0.7352941176470589,0.3494318181818182,0.3858622994652407,0.10673135233474833,0.6505681818181818,229
CUMBERLAND_EO02,2372,290,1750,110,0.7377740303541316,0.3793103448275862,0.3584636855265454,0.12225969645868466,0.6206896551724138,180
CUMBERLAND_G10A,5697,748,3827,287,0.6717570651219941,0.3836898395721925,0.2880672255498016,0.13129717395120238,0.6163101604278075,461
CUMBERLAND_G10B,3077,301,2018,98,0.655833604159896,0.32558139534883723,0.33025220881105877,0.0978225544361391,0.6744186046511628,203
CUMBERLAND_G10C,4590,677,2972,226,0.6474945533769063,0.33382570162481534,0.31366885175209097,0.1474945533769063,0.6661742983751846,451
CUMBERLAND_G11B,6092,1193,1635,232,0.2683847669074196,0.1944677284157586,0.07391703849166098,0.1958305975049245,0.8055322715842415,961
CUMBERLAND_G1A,2407,260,1345,71,0.5587868716244287,0.27307692307692305,0.2857099485475057,0.1080182800166182,0.7269230769230769,189
CUMBERLAND_G1B,4282,468,3108,188,0.7258290518449323,0.4017094017094017,0.32411965013553057,0.10929472209248015,0.5982905982905983,280
CUMBERLAND_G2A,4661,446,3057,160,0.6558678395194164,0.35874439461883406,0.29712344490058235,0.09568762068225703,0.6412556053811659,286
CUMBERLAND_G2C-1,3268,337,2088,123,0.6389228886168911,0.3649851632047478,0.2739377254121433,0.10312117503059975,0.6350148367952523,214
CUMBERLAND_G2E-1,2307,268,1319,88,0.5717381881231036,0.3283582089552239,0.24337997916787973,0.11616818378846988,0.6716417910447762,180
CUMBERLAND_G2E-2,2957,322,1523,95,0.5150490361853229,0.2950310559006211,0.22001798028470182,0.10889414947582009,0.7049689440993789,227
CUMBERLAND_G3A-1,4207,519,2407,148,0.5721416686474923,0.28516377649325625,0.286977892154236,0.12336581887330639,0.7148362235067437,371
CUMBERLAND_G3A-2C,3047,337,1769,109,0.5805710534952412,0.32344213649851633,0.25712891699672485,0.11060059074499508,0.6765578635014837,228
CUMBERLAND_G3B,1429,137,763,40,0.5339398180545836,0.291970802919708,0.24196901513487556,0.09587123862841147,0.708029197080292,97
CUMBERLAND_G3C,1507,135,975,43,0.6469807564698076,0.31851851851851853,0.32846223795128904,0.08958195089581951,0.6814814814814815,92
CUMBERLAND_G4A,1668,166,996,48,0.5971223021582733,0.2891566265060241,0.30796567565224925,0.09952038369304557,0.7108433734939759,118
CUMBERLAND_G4B,1822,161,1136,53,0.6234906695938529,0.32919254658385094,0.29429812301000197,0.08836443468715698,0.6708074534161491,108
CUMBERLAND_G4C,2209,223,1227,63,0.555454956994115,0.2825112107623318,0.27294374623178314,0.1009506564056134,0.7174887892376681,160
CUMBERLAND_G5A-1,2774,337,1774,114,0.6395097332372026,0.33827893175074186,0.30123080148646075,0.12148521989906272,0.6617210682492581,223
CUMBERLAND_G5A-2,2383,213,1667,76,0.6995383969785984,0.3568075117370892,0.34273088524150924,0.08938313050776332,0.6431924882629108,137
CUMBERLAND_G5B-1,3463,402,1915,89,0.5529887380883627,0.22139303482587064,0.33159570326249205,0.11608431995379728,0.7786069651741293,313
CUMBERLAND_G5B-2,2499,249,1516,72,0.6066426570628252,0.2891566265060241,0.3174860305568011,0.09963985594237695,0.7108433734939759,177
CUMBERLAND_G5C,2428,254,1282,67,0.5280065897858319,0.2637795275590551,0.26422706222677683,0.10461285008237232,0.7362204724409449,187
CUMBERLAND_G6A,5100,543,3782,213,0.7415686274509804,0.39226519337016574,0.34930343408081466,0.10647058823529412,0.6077348066298343,330
CUMBERLAND_G6B,1179,112,915,54,0.7760814249363868,0.48214285714285715,0.2939385677935296,0.09499575911789652,0.5178571428571429,58
CUMBERLAND_G6C,2022,194,1461,69,0.7225519287833828,0.3556701030927835,0.3668818256905993,0.09594460929772503,0.6443298969072165,125
CUMBERLAND_G7A,1391,145,1023,58,0.7354421279654925,0.4,0.33544212796549244,0.10424155283968368,0.6,87
CUMBERLAND_G7B,1278,150,970,69,0.758998435054773,0.46,0.298998435054773,0.11737089201877934,0.54,81
CUMBERLAND_G8A,3997,442,2373,118,0.5936952714535902,0.2669683257918552,0.32672694566173505,0.11058293720290217,0.7330316742081447,324
CUMBERLAND_G8B,3228,502,2082,182,0.6449814126394052,0.36254980079681276,0.28243161184259247,0.15551425030978935,0.6374501992031872,320
CUMBERLAND_G8C,2560,261,1520,73,0.59375,0.2796934865900383,0.3140565134099617,0.101953125,0.7203065134099617,188
CUMBERLAND_G8D,3138,300,2050,114,0.6532823454429573,0.38,0.27328234544295726,0.09560229445506692,0.62,186
CUMBERLAND_G9A-3,3049,339,1983,117,0.6503771728435552,0.34513274336283184,0.3052444294807234,0.11118399475237783,0.6548672566371682,222
CUMBERLAND_G9B-1,5072,662,3108,234,0.612776025236593,0.35347432024169184,0.2593017049949012,0.1305205047318612,0.6465256797583081,428
CUMBERLAND_G9B-2,5310,742,3554,285,0.6693032015065913,0.38409703504043125,0.28520616646616004,0.13973634651600753,0.6159029649595688,457
CUMBERLAND_LI65,3827,400,2819,160,0.736608309380716,0.4,0.33660830938071595,0.10452051215050953,0.6,240
CUMBERLAND_LO66A,4878,526,3437,214,0.7045920459204592,0.4068441064638783,0.2977479394565809,0.1078310783107831,0.5931558935361216,312
CUMBERLAND_LR63,5502,588,3247,168,0.5901490367139222,0.2857142857142857,0.30443475099963646,0.10687022900763359,0.7142857142857143,420
CUMBERLAND_MB62,3304,345,1845,111,0.5584140435835351,0.3217391304347826,0.2366749131487525,0.10441888619854721,0.6782608695652174,234
CUMBERLAND_MR02,3300,327,1879,92,0.5693939393939393,0.28134556574923547,0.28804837364470387,0.09909090909090909,0.7186544342507645,235
CUMBERLAND_SH77,3183,404,2204,146,0.6924285265472825,0.3613861386138614,0.3310423879334211,0.12692428526547284,0.6386138613861386,258
CUMBERLAND_SL78-3,5541,649,2831,167,0.5109186067496841,0.2573189522342065,0.25359965451547767,0.11712687240570294,0.7426810477657936,482
CURRITUCK_CB,291,14,211,7,0.7250859106529209,0.5,0.22508591065292094,0.048109965635738834,0.5,7
CURRITUCK_CH,4591,434,3373,182,0.734698322805489,0.41935483870967744,0.31534348409581153,0.09453278152907864,0.5806451612903226,252
CURRITUCK_CO,1139,100,754,39,0.6619841966637401,0.39,0.2719841966637401,0.08779631255487269,0.61,61
CURRITUCK_EM,3776,311,2653,117,0.7025953389830508,0.3762057877813505,0.3263895512017003,0.08236228813559322,0.6237942122186495,194
CURRITUCK_GW,357,23,270,11,0.7563025210084033,0.4782608695652174,0.27804165144318593,0.06442577030812324,0.5217391304347826,12
CURRITUCK_IR,1392,120,1089,50,0.7823275862068966,0.4166666666666667,0.3656609195402299,0.08620689655172414,0.5833333333333334,70
CURRITUCK_KI,1132,85,841,40,0.7429328621908127,0.47058823529411764,0.27234462689669503,0.07508833922261485,0.5294117647058824,45
CURRITUCK_PB,4360,395,3171,157,0.7272935779816514,0.39746835443037976,0.32982522355127164,0.09059633027522936,0.6025316455696202,238
CURRITUCK_PP,1973,162,1473,63,0.7465788139888495,0.3888888888888889,0.3576899250999606,0.08210846426761277,0.6111111111111112,99
CURRITUCK_WH,1144,48,773,17,0.6756993006993007,0.3541666666666667,0.32153263403263405,0.04195804195804196,0.6458333333333334,31
CURRITUCK_WM,4556,466,3123,169,0.6854697102721685,0.3626609442060086,0.32280876606615994,0.10228270412642669,0.6373390557939914,297
DARE_AVON,940,54,692,23,0.7361702127659574,0.42592592592592593,0.31024428684003147,0.0574468085106383,0.5740740740740741,31
DARE_BUX,1254,124,915,40,0.7296650717703349,0.3225806451612903,0.4070844266090446,0.09888357256778309,0.6774193548387096,84
DARE_CHCA,863,57,590,28,0.6836616454229433,0.49122807017543857,0.1924335752475047,0.0660486674391657,0.5087719298245614,29
DARE_COL,3929,327,2931,126,0.7459913463985747,0.3853211009174312,0.36067024548114346,0.08322728429625859,0.6146788990825688,201
DARE_DUCK,782,29,574,14,0.7340153452685422,0.4827586206896552,0.251256724578887,0.0370843989769821,0.5172413793103449,15
DARE_EL,99,7,68,2,0.6868686868686869,0.2857142857142857,0.40115440115440115,0.0707070707070707,0.7142857142857143,5
DARE_FRCO,813,52,615,19,0.7564575645756457,0.36538461538461536,0.39107294919103036,0.06396063960639606,0.6346153846153846,33
DARE_HAT,580,37,436,14,0.7517241379310344,0.3783783783783784,0.37334575955265603,0.06379310344827586,0.6216216216216216,23
DARE_KDH,6528,489,4795,209,0.7345281862745098,0.4274028629856851,0.3071253232888247,0.07490808823529412,0.5725971370143149,280
DARE_KTHK,3400,316,2544,126,0.7482352941176471,0.3987341772151899,0.3495011169024572,0.09294117647058824,0.6012658227848101,190
DARE_MATO,5258,496,4057,211,0.7715861544313427,0.4254032258064516,0.3461829286248911,0.09433244579688094,0.5745967741935484,285
DARE_MH,508,43,363,19,0.7145669291338582,0.4418604651162791,0.27270646401757914,0.08464566929133858,0.5581395348837209,24
DARE_NGHD,2821,189,2196,79,0.7784473590925204,0.41798941798941797,0.3604579411031024,0.06699751861042183,0.582010582010582,110
DARE_SOSH,3626,251,2938,114,0.8102592388306674,0.4541832669322709,0.3560759718983965,0.06922228350799779,0.545816733067729,137
DARE_STPT,161,11,134,5,0.8322981366459627,0.45454545454545453,0.3777526821005082,0.06832298136645963,0.5454545454545454,6
DARE_WAN,1152,105,885,53,0.7682291666666666,0.5047619047619047,0.2634672619047619,0.09114583333333333,0.49523809523809526,52
DAVIDSON_04,6554,564,5323,302,0.8121757705218188,0.5354609929078015,0.2767147776140173,0.08605431797375648,0.4645390070921986,262
DAVIDSON_06,3542,411,2605,171,0.7354601919819311,0.41605839416058393,0.3194017978213472,0.11603613777526821,0.583941605839416,240
DAVIDSON_08,1110,104,869,49,0.7828828828828829,0.47115384615384615,0.31172903672903673,0.0936936936936937,0.5288461538461539,55
DAVIDSON_10,2848,294,2159,126,0.7580758426966292,0.42857142857142855,0.32950441412520065,0.10323033707865169,0.5714285714285714,168
DAVIDSON_12,1014,102,731,35,0.7209072978303748,0.3431372549019608,0.377770042928414,0.10059171597633136,0.6568627450980392,67
DAVIDSON_14,2055,178,1639,87,0.7975669099756691,0.4887640449438202,0.30880286503184895,0.08661800486618004,0.5112359550561798,91
DAVIDSON_16,3308,328,2616,143,0.7908101571946796,0.43597560975609756,0.35483454743858206,0.09915356711003627,0.5640243902439024,185
DAVIDSON_18,2339,145,1904,77,0.8140230867892262,0.5310344827586206,0.28298860403060555,0.061992304403591277,0.4689655172413793,68
DAVIDSON_20,2926,275,2344,130,0.8010936431989063,0.4727272727272727,0.3283663704716336,0.09398496240601503,0.5272727272727272,145
DAVIDSON_22,1109,130,785,55,0.7078449053201082,0.4230769230769231,0.28476798224318517,0.11722272317403065,0.5769230769230769,75
DAVIDSON_24,1979,212,1462,105,0.7387569479535119,0.49528301886792453,0.24347392908558735,0.10712481051035877,0.5047169811320755,107
DAVIDSON_26,1370,140,1035,71,0.7554744525547445,0.5071428571428571,0.24833159541188743,0.10218978102189781,0.4928571428571429,69
DAVIDSON_28,3044,284,2277,137,0.7480289093298291,0.4823943661971831,0.265634543132646,0.09329829172141918,0.5176056338028169,147
DAVIDSON_30,1967,221,1193,71,0.6065073716319268,0.3212669683257919,0.2852404033061349,0.11235383833248602,0.6787330316742082,150
DAVIDSON_32,1584,207,992,76,0.6262626262626263,0.3671497584541063,0.25911286780852,0.13068181818181818,0.6328502415458938,131
DAVIDSON_34,1957,219,1247,81,0.6371997956055186,0.3698630136986301,0.26733678190688853,0.11190597853857946,0.6301369863013698,138
DAVIDSON_36,1333,126,894,43,0.6706676669167292,0.3412698412698413,0.3293978256468879,0.09452363090772693,0.6587301587301587,83
DAVIDSON_38,1357,177,735,50,0.5416359616801769,0.2824858757062147,0.2591500859739622,0.13043478260869565,0.7175141242937854,127
DAVIDSON_40,2100,174,1509,69,0.7185714285714285,0.39655172413793105,0.3220197044334975,0.08285714285714285,0.603448275862069,105
DAVIDSON_42,2765,294,2114,136,0.7645569620253164,0.46258503401360546,0.30197192801171097,0.10632911392405063,0.5374149659863946,158
DAVIDSON_44,4036,380,3242,191,0.8032705649157582,0.5026315789473684,0.3006389859683898,0.09415262636273539,0.49736842105263157,189
DAVIDSON_46,2722,253,2181,121,0.8012490815576782,0.4782608695652174,0.32298821199246075,0.09294636296840558,0.5217391304347826,132
DAVIDSON_48,2687,256,2148,135,0.7994045403796055,0.52734375,0.2720607903796055,0.09527353926311873,0.47265625,121
DAVIDSON_50,3881,355,3097,175,0.7979902087090955,0.49295774647887325,0.3050324622302223,0.09147127029116207,0.5070422535211268,180
DAVIDSON_52,4898,465,3847,224,0.7854226214781543,0.4817204301075269,0.30370219137062743,0.0949367088607595,0.5182795698924731,241
DAVIDSON_54,2000,184,1532,81,0.766,0.44021739130434784,0.3257826086956522,0.092,0.5597826086956522,103
DAVIDSON_56,1437,121,1127,52,0.7842727905358385,0.4297520661157025,0.35452072442013605,0.08420320111343076,0.5702479338842975,69
DAVIDSON_58,3749,302,2925,137,0.7802080554814618,0.45364238410596025,0.3265656713755015,0.08055481461723127,0.5463576158940397,165
DAVIDSON_60,4662,551,3154,197,0.6765336765336766,0.35753176043557167,0.3190019160981049,0.11818961818961819,0.6424682395644283,354
DAVIDSON_62,1853,268,958,61,0.5169994603345925,0.22761194029850745,0.2893875200360851,0.14463032919589855,0.7723880597014925,207
DAVIDSON_64,1671,186,922,58,0.5517654099341711,0.3118279569892473,0.2399374529449238,0.11131059245960502,0.6881720430107527,128
DAVIDSON_66,1854,207,1172,64,0.6321467098166127,0.30917874396135264,0.32296796585526005,0.11165048543689321,0.6908212560386473,143
DAVIDSON_68,2293,232,1464,69,0.6384648931530745,0.2974137931034483,0.34105110004962624,0.10117749672917575,0.7025862068965517,163
DAVIDSON_70,2490,230,1966,125,0.7895582329317269,0.5434782608695652,0.2460799720621617,0.09236947791164658,0.45652173913043476,105
DAVIDSON_72,3259,417,2537,218,0.7784596501994476,0.5227817745803357,0.2556778756191119,0.12795335992635778,0.47721822541966424,199
DAVIDSON_74,4038,380,3131,175,0.7753838533927687,0.4605263157894737,0.31485753760329505,0.0941059930658742,0.5394736842105263,205
DAVIDSON_76,3331,301,2592,133,0.7781447012909036,0.4418604651162791,0.33628423617462455,0.09036325427799459,0.5581395348837209,168
DAVIDSON_78,3757,369,2890,182,0.7692307692307693,0.4932249322493225,0.27600583698144676,0.09821666223050306,0.5067750677506775,187
DAVIDSON_80A,5821,580,4779,294,0.8209929565366776,0.506896551724138,0.31409640481253964,0.09963923724445971,0.49310344827586206,286
DAVIDSON_82,3140,304,2484,153,0.7910828025477707,0.5032894736842105,0.28779332886356024,0.09681528662420383,0.4967105263157895,151
DAVIDSON_84,6207,483,5032,241,0.8106975994844531,0.4989648033126294,0.3117327961718237,0.0778153697438376,0.5010351966873706,242
DAVIDSON_86A,3888,419,2772,178,0.7129629629629629,0.42482100238663484,0.28814196057632807,0.10776748971193416,0.5751789976133651,241
DAVIDSON_88,2757,255,2177,132,0.789626405513239,0.5176470588235295,0.2719793466897096,0.09249183895538629,0.4823529411764706,123
DAVIE_01,1310,95,1037,46,0.7916030534351145,0.4842105263157895,0.307392527119325,0.07251908396946564,0.5157894736842106,49
DAVIE_02,1204,107,944,47,0.7840531561461794,0.4392523364485981,0.3448008196975813,0.0888704318936877,0.5607476635514018,60
DAVIE_03,2859,279,2282,120,0.7981811822315495,0.43010752688172044,0.3680736553498291,0.09758656873032528,0.5698924731182796,159
DAVIE_04,1979,214,1351,63,0.6826680141485599,0.29439252336448596,0.388275490784074,0.10813542193026782,0.705607476635514,151
DAVIE_05,2812,265,2327,133,0.827524893314367,0.5018867924528302,0.3256381008615368,0.09423897581792319,0.4981132075471698,132
DAVIE_06,1778,158,1465,84,0.8239595050618672,0.5316455696202531,0.2923139354416141,0.08886389201349831,0.46835443037974683,74
DAVIE_07,1859,179,1436,80,0.7724583109198494,0.44692737430167595,0.32553093661817345,0.09628832705755783,0.553072625698324,99
DAVIE_08,2453,241,1724,80,0.7028128821850795,0.33195020746887965,0.3708626747161999,0.09824704443538525,0.6680497925311203,161
DAVIE_09,2626,293,1943,138,0.7399086062452399,0.4709897610921502,0.2689188451530897,0.11157654226961157,0.5290102389078498,155
DAVIE_10,2913,277,2430,158,0.8341915550978373,0.5703971119133574,0.26379444318447987,0.09509097150703742,0.4296028880866426,119
DAVIE_11,1787,135,1442,72,0.8069390039171797,0.5333333333333333,0.2736056705838463,0.07554560716284275,0.4666666666666667,63
DAVIE_12,3935,382,3206,187,0.8147395171537484,0.4895287958115183,0.32521072134223006,0.09707750952986023,0.5104712041884817,195
DAVIE_13,3565,207,2939,106,0.8244039270687237,0.5120772946859904,0.3123266323827333,0.05806451612903226,0.48792270531400966,101
DAVIE_14,2619,245,2059,111,0.7861779305078274,0.4530612244897959,0.33311670601803145,0.0935471554028255,0.5469387755102041,134
DUPLIN_ALBE,1485,241,990,80,0.6666666666666666,0.33195020746887965,0.334716459197787,0.1622895622895623,0.6680497925311203,161
DUPLIN_BEUL,3059,300,2261,144,0.7391304347826086,0.48,0.25913043478260867,0.09807126511932004,0.52,156
DUPLIN_CALY,731,86,555,35,0.759233926128591,0.4069767441860465,0.35225718194254446,0.11764705882352941,0.5930232558139535,51
DUPLIN_CFRK,774,83,560,35,0.7235142118863049,0.42168674698795183,0.3018274648983531,0.10723514211886305,0.5783132530120482,48
DUPLIN_CHAR,1364,156,933,50,0.6840175953079178,0.32051282051282054,0.3635047747950973,0.11436950146627566,0.6794871794871795,106
DUPLIN_CHIN,931,73,696,33,0.7475832438238453,0.4520547945205479,0.2955284493032974,0.07841031149301826,0.547945205479452,40
DUPLIN_CYCK,1330,140,1042,71,0.7834586466165413,0.5071428571428571,0.2763157894736842,0.10526315789473684,0.4928571428571429,69
DUPLIN_FAIS,1393,192,949,67,0.6812634601579325,0.3489583333333333,0.3323051268245992,0.13783201722900215,0.6510416666666666,125
DUPLIN_GLIS,763,102,561,47,0.7352555701179554,0.46078431372549017,0.2744712563924652,0.13368283093053734,0.5392156862745098,55
DUPLIN_HALL,1502,188,1042,75,0.6937416777629827,0.39893617021276595,0.2948055075502167,0.12516644474034622,0.601063829787234,113
DUPLIN_KENA,3224,342,2246,125,0.6966501240694789,0.3654970760233918,0.3311530480460871,0.10607940446650124,0.6345029239766082,217
DUPLIN_MAGN,1457,223,925,62,0.634866163349348,0.27802690582959644,0.35683925751975154,0.15305422100205904,0.7219730941704036,161
DUPLIN_ROSE,1693,219,1152,67,0.6804489072652097,0.3059360730593607,0.37451283420584897,0.12935617247489664,0.6940639269406392,152
DUPLIN_SMCA,1326,152,973,59,0.7337858220211161,0.3881578947368421,0.345627927284274,0.11463046757164404,0.6118421052631579,93
DUPLIN_WARS,3320,381,2015,99,0.6069277108433735,0.25984251968503935,0.34708519115833414,0.11475903614457832,0.7401574803149606,282
DUPLIN_WLLC,6378,658,4504,235,0.7061774851050486,0.35714285714285715,0.3490346279621915,0.10316713703355283,0.6428571428571429,423
DUPLIN_WOLF,1624,230,1089,80,0.6705665024630542,0.34782608695652173,0.32274041550653243,0.1416256157635468,0.6521739130434783,150
DURHAM_01,1253,114,831,48,0.6632083000798085,0.42105263157894735,0.24215566850086112,0.09098164405426976,0.5789473684210527,66
DURHAM_02,4392,1907,2528,1064,0.575591985428051,0.5579444153120083,0.017647570116042677,0.4341985428051002,0.4420555846879916,843
DURHAM_03,3375,350,1859,266,0.5508148148148149,0.76,-0.20918518518518514,0.1037037037037037,0.24,84
DURHAM_04,1736,113,1395,54,0.8035714285714286,0.4778761061946903,0.3256953223767383,0.06509216589861751,0.5221238938053098,59
DURHAM_05,7058,2784,3643,2183,0.5161518843865117,0.7841235632183908,-0.2679716788318791,0.39444601870218193,0.2158764367816092,601
DURHAM_06,2051,180,1427,66,0.6957581667479278,0.36666666666666664,0.32909150008126115,0.08776206728425158,0.6333333333333333,114
DURHAM_07,3270,302,2023,227,0.6186544342507645,0.7516556291390728,-0.1330011948883083,0.09235474006116208,0.24834437086092714,75
DURHAM_08,3390,207,2270,97,0.6696165191740413,0.46859903381642515,0.20101748535761615,0.061061946902654866,0.5314009661835749,110
DURHAM_09,2674,216,2205,109,0.824607329842932,0.5046296296296297,0.3199777002133023,0.08077786088257292,0.49537037037037035,107
DURHAM_10,3055,200,1897,84,0.6209492635024549,0.42,0.20094926350245496,0.06546644844517185,0.58,116
DURHAM_12,790,75,455,21,0.5759493670886076,0.28,0.29594936708860753,0.0949367088607595,0.72,54
DURHAM_13,1196,177,573,44,0.4790969899665552,0.24858757062146894,0.23050941934508626,0.1479933110367893,0.751412429378531,133
DURHAM_14,2736,392,1478,116,0.5402046783625731,0.29591836734693877,0.24428631101563436,0.14327485380116958,0.7040816326530612,276
DURHAM_15,1607,163,946,49,0.5886745488487866,0.3006134969325153,0.28806105191627124,0.1014312383322962,0.6993865030674846,114
DURHAM_17,4500,305,2823,114,0.6273333333333333,0.3737704918032787,0.2535628415300546,0.06777777777777778,0.6262295081967213,191
DURHAM_18,2502,379,1377,100,0.5503597122302158,0.2638522427440633,0.2865074694861525,0.15147881694644286,0.7361477572559367,279
DURHAM_19,3487,355,2406,128,0.6899913966160023,0.36056338028169016,0.3294280163343121,0.10180671063951821,0.6394366197183099,227
DURHAM_20,2263,170,1665,80,0.7357490057445868,0.47058823529411764,0.26516077045046915,0.07512152010605391,0.5294117647058824,90
DURHAM_21,1835,82,1447,39,0.7885558583106267,0.47560975609756095,0.31294610221306574,0.0446866485013624,0.524390243902439,43
DURHAM_22,4860,593,2992,178,0.6156378600823045,0.30016863406408095,0.3154692260182235,0.12201646090534979,0.6998313659359191,415
DURHAM_23,7162,794,5079,315,0.7091594526668529,0.3967254408060453,0.31243401186080755,0.1108628874616029,0.6032745591939547,479
DURHAM_24,4151,288,3130,121,0.7540351722476512,0.4201388888888889,0.33389628335876226,0.06938087207901711,0.5798611111111112,167
DURHAM_25,3326,285,2750,138,0.8268190018039687,0.4842105263157895,0.34260847548817924,0.0856885147324113,0.5157894736842106,147
DURHAM_26,1455,97,1229,48,0.8446735395189003,0.4948453608247423,0.34982817869415805,0.06666666666666667,0.5051546391752577,49
DURHAM_27,3513,192,2825,108,0.8041559920296043,0.5625,0.2416559920296043,0.05465414175918019,0.4375,84
DURHAM_28,3805,295,3154,156,0.8289093298291721,0.5288135593220339,0.3000957705071382,0.07752956636005257,0.4711864406779661,139
DURHAM_29,4557,551,3357,253,0.7366688610928243,0.4591651542649728,0.27750370682785147,0.12091288128154487,0.5408348457350273,298
DURHAM_30-2,8099,802,6150,343,0.7593530065440178,0.42768079800498754,0.3316722085390303,0.0990245709346833,0.5723192019950125,459
DURHAM_30-3,5651,578,4149,245,0.7342063351619182,0.42387543252595156,0.3103309026359667,0.10228278180852947,0.5761245674740484,333
DURHAM_30-4,5647,378,4413,187,0.7814768903842748,0.4947089947089947,0.2867678956752801,0.06693819727288826,0.5052910052910053,191
DURHAM_31,8270,663,6039,316,0.730229746070133,0.4766214177978884,0.2536083282722446,0.08016928657799274,0.5233785822021116,347
DURHAM_32,8233,300,6773,158,0.822664885218025,0.5266666666666666,0.29599821855135844,0.03643872221547431,0.47333333333333333,142
DURHAM_33-1,6710,369,4948,167,0.7374068554396424,0.45257452574525747,0.2848323296943849,0.05499254843517139,0.5474254742547425,202
DURHAM_33-2,6792,490,4285,206,0.6308892815076561,0.4204081632653061,0.21048111824235,0.07214369846878681,0.5795918367346938,284
DURHAM_34-1,3699,312,2832,153,0.7656123276561233,0.49038461538461536,0.27522771227150794,0.08434712084347121,0.5096153846153846,159
DURHAM_34-2,6186,678,4376,309,0.7074038150662787,0.4557522123893805,0.2516516026768982,0.1096023278370514,0.5442477876106194,369
DURHAM_35-4,4953,416,4205,224,0.8489804159095498,0.5384615384615384,0.3105188774480113,0.08398950131233596,0.46153846153846156,192
DURHAM_35-5,4832,367,3895,183,0.8060844370860927,0.4986376021798365,0.3074468349062562,0.0759519867549669,0.5013623978201635,184
DURHAM_36,2992,315,2041,140,0.6821524064171123,0.4444444444444444,0.23770796197266786,0.10528074866310161,0.5555555555555556,175
DURHAM_37,6597,464,5378,250,0.8152190389571017,0.5387931034482759,0.27642593550882577,0.07033500075792026,0.46120689655172414,214
DURHAM_38,8295,707,5714,339,0.6888487040385775,0.4794908062234795,0.20935789781509795,0.08523206751054853,0.5205091937765205,368
DURHAM_40,2337,138,1549,61,0.6628155755241762,0.4420289855072464,0.22078659001692985,0.059050064184852376,0.5579710144927537,77
DURHAM_41,1368,119,987,41,0.7214912280701754,0.3445378151260504,0.376953412944125,0.08698830409356725,0.6554621848739496,78
DURHAM_42,1320,160,860,54,0.6515151515151515,0.3375,0.31401515151515147,0.12121212121212122,0.6625,106
DURHAM_43,7435,625,5815,325,0.7821116341627438,0.52,0.26211163416274375,0.08406186953597848,0.48,300
DURHAM_44,6925,560,5795,309,0.8368231046931408,0.5517857142857143,0.2850373904074265,0.08086642599277978,0.44821428571428573,251
DURHAM_45,5396,434,4474,224,0.8291326908821349,0.5161290322580645,0.3130036586240704,0.0804299481097109,0.4838709677419355,210
DURHAM_46,3485,326,2360,107,0.6771879483500718,0.3282208588957055,0.3489670894543663,0.09354375896700143,0.6717791411042945,219
DURHAM_47,2002,202,1427,78,0.7127872127872128,0.38613861386138615,0.32664859892582665,0.1008991008991009,0.6138613861386139,124
DURHAM_50,4467,346,3138,187,0.7024848891873741,0.5404624277456648,0.1620224614417093,0.07745690620102977,0.4595375722543353,159
DURHAM_51,5807,336,4782,173,0.8234888927156879,0.5148809523809523,0.3086079403347356,0.057861201997589116,0.4851190476190476,163
DURHAM_52,3746,533,2411,190,0.6436198611852643,0.35647279549718575,0.2871470656880785,0.1422851041110518,0.6435272045028143,343
DURHAM_53-2,5318,415,3995,225,0.7512222640090259,0.5421686746987951,0.20905358931023077,0.07803685596088755,0.4578313253012048,190
DURHAM_54,8384,644,5914,327,0.7053912213740458,0.5077639751552795,0.19762724621876626,0.07681297709923664,0.4922360248447205,317
DURHAM_55-11,1787,198,1076,55,0.6021264689423615,0.2777777777777778,0.32434869116458376,0.11080022383883603,0.7222222222222222,143
DURHAM_55-49,3044,2268,1534,1346,0.5039421813403416,0.5934744268077602,-0.08953224546741856,0.7450722733245729,0.40652557319223986,922
DURHAM_56,5283,503,4378,285,0.8286958167707742,0.5666003976143141,0.26209541915646006,0.09521105432519401,0.43339960238568587,218
DURHAM_57,5624,402,4350,208,0.7734708392603129,0.5174129353233831,0.25605790393692984,0.07147937411095306,0.48258706467661694,194
EDGECOMBE_0101,1981,187,1318,53,0.6653205451792025,0.28342245989304815,0.3818980852861543,0.09439676930843009,0.7165775401069518,134
EDGECOMBE_0102,3073,247,2167,70,0.7051740969736414,0.2834008097165992,0.4217732872570422,0.08037748128864303,0.7165991902834008,177
EDGECOMBE_0103,2222,204,1623,92,0.7304230423042304,0.45098039215686275,0.27944265014736763,0.09180918091809182,0.5490196078431373,112
EDGECOMBE_0104,2201,217,1602,80,0.7278509768287142,0.3686635944700461,0.35918738235866815,0.09859154929577464,0.631336405529954,137
EDGECOMBE_0201,1151,97,856,35,0.7437011294526499,0.36082474226804123,0.38287638718460865,0.0842745438748914,0.6391752577319587,62
EDGECOMBE_0301,407,35,312,11,0.7665847665847666,0.3142857142857143,0.4522990522990523,0.085995085995086,0.6857142857142857,24
EDGECOMBE_0401,619,47,478,24,0.7722132471728594,0.5106382978723404,0.26157494930051906,0.07592891760904685,0.48936170212765956,23
EDGECOMBE_0501,623,79,440,40,0.7062600321027287,0.5063291139240507,0.19993091817867803,0.12680577849117175,0.4936708860759494,39
EDGECOMBE_0601,910,59,670,28,0.7362637362637363,0.4745762711864407,0.2616874650772956,0.06483516483516484,0.5254237288135594,31
EDGECOMBE_0701,1604,149,1085,46,0.67643391521197,0.3087248322147651,0.36770908299720495,0.0928927680798005,0.6912751677852349,103
EDGECOMBE_0801,1517,176,1090,73,0.7185234014502307,0.4147727272727273,0.30375067417750345,0.11601845748187212,0.5852272727272727,103
EDGECOMBE_0901,1170,114,866,54,0.7401709401709402,0.47368421052631576,0.26648672964462444,0.09743589743589744,0.5263157894736842,60
EDGECOMBE_1001,2097,198,1525,83,0.7272293752980449,0.41919191919191917,0.3080374561061257,0.0944206008583691,0.5808080808080808,115
EDGECOMBE_1101,980,95,726,39,0.7408163265306122,0.4105263157894737,0.33029001074113856,0.09693877551020408,0.5894736842105263,56
EDGECOMBE_1201,4418,439,2389,105,0.5407424173834314,0.23917995444191345,0.301562462941518,0.0993662290629244,0.7608200455580866,334
EDGECOMBE_1202,2308,224,1064,37,0.4610051993067591,0.16517857142857142,0.2958266278781877,0.09705372616984402,0.8348214285714286,187
EDGECOMBE_1203,3278,353,2290,132,0.6985967053081147,0.37393767705382436,0.3246590282542903,0.1076876143990238,0.6260623229461756,221
EDGECOMBE_1204,1754,157,1033,41,0.5889395667046751,0.2611464968152866,0.32779306988938844,0.0895096921322691,0.7388535031847133,116
EDGECOMBE_1205,1296,107,633,26,0.48842592592592593,0.24299065420560748,0.24543527172031845,0.08256172839506173,0.7570093457943925,81
EDGECOMBE_1301,1210,133,905,64,0.7479338842975206,0.48120300751879697,0.26673087677872365,0.10991735537190082,0.518796992481203,69
EDGECOMBE_1401,1027,109,726,49,0.7069133398247323,0.44954128440366975,0.2573720554210625,0.10613437195715676,0.5504587155963303,60
FORSYTH_012,3106,325,2441,160,0.7858982614294913,0.49230769230769234,0.2935905691217989,0.10463618802318093,0.5076923076923077,165
FORSYTH_013,4225,436,3268,214,0.773491124260355,0.4908256880733945,0.28266543618696055,0.10319526627218935,0.5091743119266054,222
FORSYTH_014,2358,194,1864,104,0.7905004240882103,0.5360824742268041,0.2544179498614062,0.08227311280746395,0.4639175257731959,90
FORSYTH_015,4769,390,3680,199,0.7716502411407004,0.5102564102564102,0.26139383088429013,0.08177815055567204,0.4897435897435897,191
FORSYTH_016,2997,274,2322,132,0.7747747747747747,0.48175182481751827,0.2930229499572565,0.09142475809142475,0.5182481751824818,142
FORSYTH_017,2161,229,1699,113,0.7862100879222582,0.49344978165938863,0.2927603062628696,0.10596945858398889,0.5065502183406113,116
FORSYTH_021,3989,324,3339,173,0.8370518927049386,0.5339506172839507,0.30310127542098797,0.08122336425169216,0.4660493827160494,151
FORSYTH_031,2080,171,1681,93,0.8081730769230769,0.543859649122807,0.2643134278002699,0.08221153846153846,0.45614035087719296,78
FORSYTH_032,3415,278,2706,141,0.7923865300146413,0.5071942446043165,0.2851922854103248,0.08140556368960468,0.49280575539568344,137
FORSYTH_033,2645,286,1874,123,0.7085066162570889,0.43006993006993005,0.27843668618715883,0.10812854442344046,0.5699300699300699,163
FORSYTH_034,2483,240,1824,97,0.7345952476842529,0.4041666666666667,0.3304285810175862,0.09665726943213854,0.5958333333333333,143
FORSYTH_042,3993,394,2795,147,0.6999749561733033,0.3730964467005076,0.3268785094727957,0.09867267718507387,0.6269035532994924,247
FORSYTH_043,3192,408,2126,161,0.6660401002506265,0.3946078431372549,0.27143225711337166,0.12781954887218044,0.6053921568627451,247
FORSYTH_051,3448,303,2575,135,0.7468097447795824,0.44554455445544555,0.30126519032413684,0.087877030162413,0.5544554455445545,168
FORSYTH_052,1249,93,1002,45,0.8022417934347478,0.4838709677419355,0.3183708256928123,0.0744595676541233,0.5161290322580645,48
FORSYTH_053,3030,252,2427,120,0.800990099009901,0.47619047619047616,0.32479962281942487,0.08316831683168317,0.5238095238095238,132
FORSYTH_054,2709,251,2266,134,0.8364710225175341,0.5338645418326693,0.30260648068486484,0.09265411590992986,0.46613545816733065,117
FORSYTH_055,4096,419,3274,221,0.79931640625,0.5274463007159904,0.2718701055340096,0.102294921875,0.47255369928400953,198
FORSYTH_061,2472,198,1815,90,0.7342233009708737,0.45454545454545453,0.2796778464254192,0.08009708737864078,0.5454545454545454,108
FORSYTH_062,2001,187,1634,96,0.816591704147926,0.5133689839572193,0.30322272019070673,0.09345327336331834,0.48663101604278075,91
FORSYTH_063,4068,401,3198,206,0.7861356932153393,0.513715710723192,0.2724199824921473,0.09857423795476893,0.486284289276808,195
FORSYTH_064,1374,96,1061,50,0.772197962154294,0.5208333333333334,0.25136462882096067,0.06986899563318777,0.4791666666666667,46
FORSYTH_065,4458,386,3639,208,0.8162853297442799,0.538860103626943,0.2774252261173369,0.08658591296545536,0.46113989637305697,178
FORSYTH_066,2770,290,2046,146,0.7386281588447653,0.503448275862069,0.23517988298269632,0.10469314079422383,0.496551724137931,144
FORSYTH_067,2077,165,1389,67,0.6687530091478093,0.40606060606060607,0.26269240308720326,0.07944150216658642,0.593939393939394,98
FORSYTH_068,2893,285,2312,147,0.7991704113377117,0.5157894736842106,0.28338093765350114,0.09851365364673349,0.4842105263157895,138
FORSYTH_071,3875,376,3150,214,0.8129032258064516,0.5691489361702128,0.2437542896362388,0.09703225806451612,0.4308510638297872,162
FORSYTH_073,3637,394,3030,213,0.8331042067638164,0.5406091370558376,0.2924950697079788,0.10833104206763816,0.4593908629441624,181
FORSYTH_074,3884,361,2966,178,0.7636457260556128,0.4930747922437673,0.27057093381184544,0.09294541709577755,0.5069252077562327,183
FORSYTH_075,836,82,692,49,0.8277511961722488,0.5975609756097561,0.23019022056249272,0.09808612440191387,0.4024390243902439,33
FORSYTH_076,3180,302,2488,128,0.7823899371069183,0.423841059602649,0.3585488775042693,0.0949685534591195,0.5761589403973509,174
FORSYTH_077,3021,404,2263,183,0.7490897053955644,0.452970297029703,0.2961194083658614,0.13373055279708707,0.5470297029702971,221
FORSYTH_081,3882,479,2599,169,0.6695002575991756,0.35281837160751567,0.31668188599166,0.12339000515198352,0.6471816283924844,310
FORSYTH_083,2231,251,1625,86,0.7283729269385926,0.3426294820717131,0.38574344486687945,0.11250560286866876,0.6573705179282868,165
FORSYTH_084,2414,216,1923,96,0.7966031483015742,0.4444444444444444,0.3521587038571298,0.08947804473902236,0.5555555555555556,120
FORSYTH_085,2413,225,1855,105,0.7687525901367592,0.4666666666666667,0.30208592347009255,0.09324492333195193,0.5333333333333333,120
FORSYTH_091,2319,190,1814,81,0.7822337214316516,0.4263157894736842,0.3559179319579674,0.08193186718413109,0.5736842105263158,109
FORSYTH_092,1862,167,1565,88,0.8404940923737916,0.5269461077844312,0.3135479845893604,0.08968850698174007,0.47305389221556887,79
FORSYTH_101,2171,203,1657,75,0.7632427452786734,0.3694581280788177,0.3937846171998557,0.09350529709811146,0.6305418719211823,128
FORSYTH_111,1881,132,1546,69,0.8219032429558746,0.5227272727272727,0.2991759702286019,0.07017543859649122,0.4772727272727273,63
FORSYTH_112,3319,297,2624,141,0.7905995781862006,0.47474747474747475,0.3158521034387259,0.08948478457366676,0.5252525252525253,156
FORSYTH_121,3428,302,2518,116,0.7345390898483081,0.3841059602649007,0.3504331295834074,0.088098016336056,0.6158940397350994,186
FORSYTH_123,3274,229,2405,100,0.7345754428833231,0.4366812227074236,0.2978942201758995,0.06994502138057422,0.5633187772925764,129
FORSYTH_124,3496,414,2449,163,0.7005148741418764,0.39371980676328505,0.30679506737859136,0.11842105263157894,0.606280193236715,251
FORSYTH_131,3953,366,3140,183,0.7943334176574753,0.5,0.29433341765747534,0.09258790791803694,0.5,183
FORSYTH_132,4793,517,3854,252,0.8040892968912998,0.4874274661508704,0.3166618307404294,0.10786563738785729,0.5125725338491296,265
FORSYTH_134,3443,371,2846,182,0.8266047051989543,0.49056603773584906,0.3360386674631053,0.10775486494336335,0.5094339622641509,189
FORSYTH_135,3821,436,2918,210,0.7636744307772835,0.481651376146789,0.2820230546304945,0.11410625490709238,0.518348623853211,226
FORSYTH_202,2249,221,1448,87,0.6438417074255225,0.3936651583710407,0.2501765490544818,0.09826589595375723,0.6063348416289592,134
FORSYTH_203,1753,213,1065,74,0.607529948659441,0.3474178403755869,0.2601121082838541,0.1215059897318882,0.6525821596244131,139
FORSYTH_204,1725,322,1041,200,0.6034782608695652,0.6211180124223602,-0.017639751552794958,0.18666666666666668,0.37888198757763975,122
FORSYTH_205,830,101,475,30,0.572289156626506,0.297029702970297,0.275259453656209,0.1216867469879518,0.7029702970297029,71
FORSYTH_206,1623,197,1063,79,0.6549599507085644,0.4010152284263959,0.25394472228216847,0.12138016019716574,0.5989847715736041,118
FORSYTH_207,2522,330,1575,127,0.6245043616177637,0.38484848484848483,0.23965587676927885,0.1308485329103886,0.6151515151515151,203
FORSYTH_208,2388,524,1340,356,0.5611390284757118,0.6793893129770993,-0.11825028450138741,0.21943048576214405,0.32061068702290074,168
FORSYTH_301,912,133,470,33,0.5153508771929824,0.24812030075187969,0.26723057644110276,0.14583333333333334,0.7518796992481203,100
FORSYTH_302,1086,143,582,32,0.5359116022099447,0.22377622377622378,0.31213537843372097,0.13167587476979742,0.7762237762237763,111
FORSYTH_303,815,124,349,31,0.42822085889570555,0.25,0.17822085889570555,0.1521472392638037,0.75,93
FORSYTH_304,1814,186,1209,54,0.6664829106945975,0.2903225806451613,0.3761603300494362,0.10253583241455347,0.7096774193548387,132
FORSYTH_305,1467,155,1058,62,0.7211997273346966,0.4,0.3211997273346966,0.1056578050443081,0.6,93
FORSYTH_306,1671,321,906,87,0.5421903052064632,0.27102803738317754,0.2711622678232856,0.19210053859964094,0.7289719626168224,234
FORSYTH_401,1817,270,1032,66,0.5679691799669785,0.24444444444444444,0.323524735522534,0.14859658778205834,0.7555555555555555,204
FORSYTH_402,1304,175,686,29,0.5260736196319018,0.1657142857142857,0.3603593339176161,0.13420245398773006,0.8342857142857143,146
FORSYTH_403,2326,219,1171,72,0.5034393809114359,0.3287671232876712,0.1746722576237647,0.0941530524505589,0.6712328767123288,147
FORSYTH_404,2850,243,1626,76,0.5705263157894737,0.31275720164609055,0.2577691141433831,0.08526315789473685,0.6872427983539094,167
FORSYTH_405,2444,1541,1364,956,0.55810147299509,0.6203763789746918,-0.062274905979601725,0.6305237315875614,0.3796236210253082,585
FORSYTH_501,1951,242,1362,84,0.6981035366478728,0.34710743801652894,0.3509960986313439,0.12403895438236802,0.6528925619834711,158
FORSYTH_502,1437,222,855,64,0.5949895615866388,0.2882882882882883,0.30670127329835056,0.1544885177453027,0.7117117117117117,158
FORSYTH_503,1587,402,985,233,0.6206679269061122,0.5796019900497512,0.04106593685636095,0.2533081285444234,0.42039800995024873,169
FORSYTH_504,1346,252,720,66,0.5349182763744428,0.2619047619047619,0.27301351446968086,0.18722139673105498,0.7380952380952381,186
FORSYTH_505,2010,337,1118,86,0.5562189054726369,0.2551928783382789,0.30102602713435794,0.16766169154228855,0.744807121661721,251
FORSYTH_506,2007,267,1398,99,0.6965620328849028,0.3707865168539326,0.3257755160309702,0.13303437967115098,0.6292134831460674,168
FORSYTH_508,3106,407,2056,132,0.6619446233097231,0.32432432432432434,0.3376202989853988,0.1310367031551835,0.6756756756756757,275
FORSYTH_509,2562,316,1898,138,0.7408274785323966,0.43670886075949367,0.30411861777290294,0.12334113973458236,0.5632911392405063,178
FORSYTH_601,1692,135,1149,60,0.6790780141843972,0.4444444444444444,0.23463356973995275,0.0797872340425532,0.5555555555555556,75
FORSYTH_602,4530,405,3375,188,0.7450331125827815,0.4641975308641975,0.28083558171858397,0.08940397350993377,0.5358024691358024,217
FORSYTH_603,2239,183,1574,94,0.7029924073246985,0.5136612021857924,0.1893312051389061,0.08173291648057168,0.48633879781420764,89
FORSYTH_604,1969,224,1156,82,0.5871000507872016,0.36607142857142855,0.22102862221577307,0.11376333164042661,0.6339285714285714,142
FORSYTH_605,3780,378,2520,150,0.6666666666666666,0.3968253968253968,0.2698412698412698,0.1,0.6031746031746031,228
FORSYTH_606,1844,274,1208,104,0.6550976138828634,0.3795620437956204,0.27553557008724294,0.14859002169197397,0.6204379562043796,170
FORSYTH_607,2414,169,1800,66,0.7456503728251864,0.3905325443786982,0.3551178284464882,0.0700082850041425,0.6094674556213018,103
FORSYTH_701,1534,125,1147,73,0.7477183833116037,0.584,0.1637183833116037,0.08148631029986962,0.416,52
FORSYTH_702,1767,99,1314,54,0.7436332767402377,0.5454545454545454,0.1981787312856923,0.05602716468590832,0.45454545454545453,45
FORSYTH_703,1297,78,1005,47,0.7748650732459522,0.6025641025641025,0.17230097068184969,0.06013878180416345,0.3974358974358974,31
FORSYTH_704,2000,102,1506,47,0.753,0.46078431372549017,0.29221568627450983,0.051,0.5392156862745098,55
FORSYTH_705,2629,197,1873,92,0.7124381894256371,0.467005076142132,0.2454331132835051,0.07493343476607076,0.5329949238578681,105
FORSYTH_706,1315,122,905,48,0.688212927756654,0.39344262295081966,0.2947703048058343,0.09277566539923954,0.6065573770491803,74
FORSYTH_707,1435,117,1061,39,0.7393728222996516,0.3333333333333333,0.4060394889663183,0.08153310104529617,0.6666666666666666,78
FORSYTH_708,4439,464,3360,211,0.7569272358639333,0.4547413793103448,0.3021858565535885,0.10452804685740032,0.5452586206896551,253
FORSYTH_709,3277,235,2430,93,0.7415318889227952,0.39574468085106385,0.34578720807173136,0.07171193164479707,0.6042553191489362,142
FORSYTH_801,1435,185,1093,100,0.7616724738675958,0.5405405405405406,0.22113193332705527,0.1289198606271777,0.4594594594594595,85
FORSYTH_802,1687,166,1451,92,0.8601066982809722,0.5542168674698795,0.30588983081109267,0.0983995257854179,0.4457831325301205,74
FORSYTH_803,1731,159,1470,97,0.8492201039861352,0.610062893081761,0.23915721090437425,0.09185441941074524,0.389937106918239,62
FORSYTH_804,1303,126,1084,53,0.8319263238679969,0.42063492063492064,0.4112914032330763,0.09669992325402917,0.5793650793650794,73
FORSYTH_805,2462,215,2105,122,0.8549959382615759,0.5674418604651162,0.2875540777964597,0.08732737611697806,0.4325581395348837,93
FORSYTH_806,2041,147,1603,70,0.7853993140617345,0.47619047619047616,0.3092088378712583,0.0720235178833905,0.5238095238095238,77
FORSYTH_807,1946,179,1581,92,0.8124357656731758,0.5139664804469274,0.2984692852262484,0.09198355601233299,0.4860335195530726,87
FORSYTH_808,3517,333,2353,140,0.6690361103212965,0.42042042042042044,0.24861568990087607,0.09468296843901051,0.5795795795795796,193
FORSYTH_809,2867,255,2442,137,0.8517614230903383,0.5372549019607843,0.314506521129554,0.088943146145797,0.4627450980392157,118
FORSYTH_901,1883,155,1507,92,0.8003186404673394,0.5935483870967742,0.2067702533705652,0.08231545406266595,0.4064516129032258,63
FORSYTH_902,2672,136,1611,64,0.6029191616766467,0.47058823529411764,0.13233092638252908,0.05089820359281437,0.5294117647058824,72
FORSYTH_903,3877,1990,2676,1354,0.6902244003095177,0.6804020100502512,0.009822390259266456,0.5132834665978849,0.31959798994974875,636
FORSYTH_904,2386,287,1598,122,0.6697401508801342,0.4250871080139373,0.24465304286619688,0.12028499580888516,0.5749128919860628,165
FORSYTH_905,3152,832,1999,642,0.6342005076142132,0.7716346153846154,-0.13743410777040221,0.2639593908629442,0.2283653846153846,190
FORSYTH_906,3419,301,2666,152,0.779760163790582,0.5049833887043189,0.2747767750862631,0.08803743784732378,0.4950166112956811,149
FORSYTH_907,2017,160,1534,66,0.7605354486861676,0.4125,0.34803544868616765,0.07932573128408528,0.5875,94
FORSYTH_908,2805,280,2360,140,0.8413547237076648,0.5,0.34135472370766484,0.09982174688057041,0.5,140
FORSYTH_909,1434,147,1126,68,0.7852161785216178,0.46258503401360546,0.3226311445080124,0.10251046025104603,0.5374149659863946,79
FRANKLIN_01,1915,190,1287,52,0.6720626631853786,0.2736842105263158,0.39837845265906274,0.09921671018276762,0.7263157894736842,138
FRANKLIN_02,1688,146,1225,59,0.7257109004739336,0.4041095890410959,0.3216013114328377,0.08649289099526067,0.5958904109589042,87
FRANKLIN_03,4682,439,3406,181,0.7274668944895344,0.4123006833712984,0.315166211118236,0.09376334899615549,0.5876993166287016,258
FRANKLIN_05,2617,315,1885,120,0.7202904088651128,0.38095238095238093,0.3393380279127318,0.1203668322506687,0.6190476190476191,195
FRANKLIN_06,1848,166,1381,56,0.7472943722943723,0.3373493975903614,0.4099449747040109,0.08982683982683982,0.6626506024096386,110
FRANKLIN_07,2096,237,1584,111,0.7557251908396947,0.46835443037974683,0.28737076045994786,0.11307251908396947,0.5316455696202531,126
FRANKLIN_08,4164,347,3083,135,0.7403938520653218,0.38904899135446686,0.35134486071085497,0.08333333333333333,0.6109510086455331,212
FRANKLIN_09,1572,102,1249,53,0.794529262086514,0.5196078431372549,0.27492141894925903,0.0648854961832061,0.4803921568627451,49
FRANKLIN_10,1020,87,802,37,0.7862745098039216,0.42528735632183906,0.3609871534820825,0.08529411764705883,0.5747126436781609,50
FRANKLIN_11,1699,158,1301,63,0.7657445556209534,0.3987341772151899,0.36701037840576356,0.09299587992937022,0.6012658227848101,95
FRANKLIN_12,1448,138,1107,67,0.7645027624309392,0.4855072463768116,0.2789955160541276,0.09530386740331492,0.5144927536231884,71
FRANKLIN_13,2324,246,1787,111,0.7689328743545611,0.45121951219512196,0.3177133621594392,0.10585197934595525,0.5487804878048781,135
FRANKLIN_14,5517,559,4243,270,0.7690773971361247,0.48300536672629696,0.2860720304098277,0.1013231828892514,0.516994633273703,289
FRANKLIN_15,4363,441,3239,183,0.7423790969516387,0.41496598639455784,0.3274131105570809,0.10107724043089618,0.5850340136054422,258
FRANKLIN_16,1987,197,1501,75,0.7554101660795168,0.38071065989847713,0.3746995061810397,0.09914443885254152,0.6192893401015228,122
FRANKLIN_17,4564,478,3504,248,0.7677475898334793,0.5188284518828452,0.24891913795063414,0.10473269062226118,0.4811715481171548,230
FRANKLIN_18,4493,404,3372,186,0.7505007789895393,0.4603960396039604,0.29010473938557885,0.08991764967727577,0.5396039603960396,218
FRANKLIN_19,8688,820,6681,396,0.7689917127071824,0.48292682926829267,0.2860648834388897,0.0943830570902394,0.5170731707317073,424
GASTON_10A,3410,296,2588,131,0.7589442815249267,0.44256756756756754,0.3163767139573591,0.08680351906158358,0.5574324324324325,165
GASTON_11A,3239,285,2505,135,0.7733868477925285,0.47368421052631576,0.29970263726621277,0.08799012040753319,0.5263157894736842,150
GASTON_12A,2422,216,1870,104,0.7720891824938068,0.48148148148148145,0.2906077010123253,0.08918249380677126,0.5185185185185185,112
GASTON_13A,3113,294,2446,155,0.785737230966913,0.5272108843537415,0.2585263466131714,0.09444265981368455,0.47278911564625853,139
GASTON_14A,5611,541,4016,231,0.7157369452860453,0.4269870609981516,0.28874988428789367,0.09641775084655142,0.5730129390018485,310
GASTON_15A,4741,528,2595,160,0.5473528791394221,0.30303030303030304,0.24432257610911906,0.11136890951276102,0.696969696969697,368
GASTON_16A,3131,350,1819,98,0.58096454806771,0.28,0.30096454806771,0.11178537208559565,0.72,252
GASTON_17A,3017,264,1995,101,0.6612529002320185,0.38257575757575757,0.278677142656261,0.08750414318859795,0.6174242424242424,163
GASTON_18A,4114,416,2972,192,0.7224112785610112,0.46153846153846156,0.2608728170225496,0.1011181332036947,0.5384615384615384,224
GASTON_19A,3822,354,2924,155,0.7650444793301936,0.4378531073446328,0.3271913719855608,0.09262166405023547,0.5621468926553672,199
GASTON_1A,3322,239,2027,68,0.6101745936183022,0.28451882845188287,0.3256557651664193,0.07194461167971102,0.7154811715481172,171
GASTON_20A,5646,553,4290,271,0.7598299681190224,0.49005424954792043,0.26977571857110194,0.09794544810485299,0.5099457504520796,282
GASTON_21A,3520,240,2817,113,0.8002840909090909,0.4708333333333333,0.3294507575757576,0.06818181818181818,0.5291666666666667,127
GASTON_22A,4315,393,3079,143,0.7135573580533024,0.3638676844783715,0.34968967357493097,0.0910776361529548,0.6361323155216285,250
GASTON_23A,5467,482,4044,226,0.73971099323212,0.46887966804979253,0.27083132518232744,0.08816535577098958,0.5311203319502075,256
GASTON_24A,5183,471,3990,216,0.7698244260081034,0.4585987261146497,0.3112256998934537,0.09087401119043026,0.5414012738853503,255
GASTON_25A,3184,308,2133,111,0.6699120603015075,0.36038961038961037,0.30952244991189715,0.09673366834170855,0.6396103896103896,197
GASTON_26A,2564,207,1835,82,0.7156786271450858,0.3961352657004831,0.3195433614446027,0.08073322932917316,0.6038647342995169,125
GASTON_27A,2815,225,2153,100,0.7648312611012433,0.4444444444444444,0.3203868166567989,0.07992895204262877,0.5555555555555556,125
GASTON_28A,4602,396,3114,149,0.6766623207301173,0.37626262626262624,0.3003996944674911,0.08604954367666232,0.6237373737373737,247
GASTON_29A,4645,442,3096,177,0.6665231431646932,0.4004524886877828,0.26607065447691036,0.09515608180839613,0.5995475113122172,265
GASTON_2A,4401,451,2640,140,0.59986366734833,0.31042128603104213,0.28944238131728783,0.10247670983867303,0.6895787139689579,311
GASTON_30A,7194,747,5440,325,0.7561857103141507,0.4350736278447122,0.3211120824694385,0.10383653044203503,0.5649263721552878,422
GASTON_31A,4741,477,3769,235,0.7949799620333263,0.49266247379454925,0.3023174882387771,0.10061168529846024,0.5073375262054507,242
GASTON_32A,4258,333,3342,175,0.7848755284170972,0.5255255255255256,0.2593500028915716,0.07820573038985439,0.4744744744744745,158
GASTON_33A,6017,516,4675,244,0.7769652650822669,0.4728682170542636,0.30409704802800336,0.085757021771647,0.5271317829457365,272
GASTON_34A,4947,374,3744,178,0.7568223165554882,0.47593582887700536,0.2808864876784828,0.07560137457044673,0.5240641711229946,196
GASTON_35A,2277,186,1612,69,0.7079490557751428,0.3709677419354839,0.3369813138396589,0.08168642951251646,0.6290322580645161,117
GASTON_36A,1967,185,1441,85,0.7325876970005084,0.4594594594594595,0.2731282375410489,0.09405185561769192,0.5405405405405406,100
GASTON_37A,3948,303,2798,125,0.7087132725430598,0.41254125412541254,0.2961720184176473,0.07674772036474165,0.5874587458745875,178
GASTON_38A,3595,254,2481,108,0.690125173852573,0.4251968503937008,0.2649283234588722,0.07065368567454798,0.5748031496062992,146
GASTON_39A,4186,306,3183,134,0.7603917821309125,0.43790849673202614,0.3224832853988864,0.07310081223124701,0.5620915032679739,172
GASTON_3A,4771,410,3418,154,0.716411653741354,0.375609756097561,0.340801897643793,0.08593586250261999,0.624390243902439,256
GASTON_40A,5922,606,4552,312,0.7686592367443431,0.5148514851485149,0.25380775159582825,0.10233029381965553,0.48514851485148514,294
GASTON_4A,4947,478,3328,167,0.6727309480493229,0.3493723849372385,0.3233585631120844,0.09662421669698808,0.6506276150627615,311
GASTON_5A,5580,584,3652,211,0.6544802867383512,0.3613013698630137,0.29317891687533754,0.10465949820788531,0.6386986301369864,373
GASTON_6A,4405,364,3233,164,0.7339387060158911,0.45054945054945056,0.2833892554664405,0.08263337116912599,0.5494505494505495,200
GASTON_7A,2337,226,1587,83,0.6790757381258024,0.3672566371681416,0.31181910095766074,0.09670517757809156,0.6327433628318584,143
GASTON_8A,3912,334,2814,138,0.7193251533742331,0.41317365269461076,0.3061515006796223,0.08537832310838446,0.5868263473053892,196
GASTON_9A,2441,204,1816,85,0.7439573945104465,0.4166666666666667,0.3272907278437798,0.08357230643179026,0.5833333333333334,119
GATES_1,1520,125,1064,44,0.7,0.352,0.348,0.08223684210526316,0.648,81
GATES_2,1009,94,728,38,0.7215064420218038,0.40425531914893614,0.31725112287286766,0.0931615460852329,0.5957446808510638,56
GATES_3,2121,202,1449,75,0.6831683168316832,0.3712871287128713,0.31188118811881194,0.09523809523809523,0.6287128712871287,127
GATES_4N,1594,129,1055,39,0.6618569636135508,0.3023255813953488,0.359531382218202,0.0809284818067754,0.6976744186046512,90
GATES_4S,949,67,680,28,0.7165437302423604,0.417910447761194,0.2986332824811664,0.07060063224446786,0.582089552238806,39
GATES_5,1074,91,801,41,0.7458100558659218,0.45054945054945056,0.2952606053164712,0.08472998137802606,0.5494505494505495,50
GRAHAM_EAST,2469,240,1931,130,0.7820980153908464,0.5416666666666666,0.24043134872417982,0.09720534629404617,0.4583333333333333,110
GRAHAM_STEC,1257,90,967,50,0.7692919649960223,0.5555555555555556,0.21373640944046668,0.07159904534606205,0.4444444444444444,40
GRAHAM_TAPO,465,39,338,22,0.7268817204301076,0.5641025641025641,0.16277915632754347,0.08387096774193549,0.4358974358974359,17
GRAHAM_WEST,2052,205,1513,96,0.7373294346978557,0.4682926829268293,0.26903675177102643,0.09990253411306042,0.5317073170731708,109
GRANVILLE_ANTI,1043,67,850,34,0.8149568552253116,0.5074626865671642,0.3074941686581474,0.06423777564717162,0.4925373134328358,33
GRANVILLE_BERE,1627,123,1279,53,0.7861094038106945,0.43089430894308944,0.35521509486760505,0.07559926244622003,0.5691056910569106,70
GRANVILLE_BTNR,2944,331,2029,130,0.6891983695652174,0.39274924471299094,0.29644912485222646,0.11243206521739131,0.6072507552870091,201
GRANVILLE_CORI,2461,268,1916,114,0.7785453067858594,0.4253731343283582,0.3531721724575012,0.10889882161722877,0.5746268656716418,154
GRANVILLE_CRDL,1915,168,1380,62,0.720626631853786,0.36904761904761907,0.3515790128061669,0.08772845953002611,0.6309523809523809,106
GRANVILLE_CRDM,4983,487,3758,224,0.754164158137668,0.459958932238193,0.294205225899475,0.09773228978526992,0.5400410677618069,263
GRANVILLE_EAOX,2072,205,1443,76,0.6964285714285714,0.37073170731707317,0.32569686411149823,0.09893822393822393,0.6292682926829268,129
GRANVILLE_MTEN,5366,495,4182,244,0.7793514722325755,0.49292929292929294,0.28642217930328256,0.09224748415952293,0.5070707070707071,251
GRANVILLE_OKHL,1305,116,965,50,0.7394636015325671,0.43103448275862066,0.3084291187739464,0.08888888888888889,0.5689655172413793,66
GRANVILLE_SALM,1891,211,1492,114,0.7890005288207298,0.5402843601895735,0.2487161686311563,0.1115811739820201,0.4597156398104265,97
GRANVILLE_SASS,1988,162,1515,77,0.7620724346076458,0.47530864197530864,0.2867637926323372,0.08148893360160966,0.5246913580246914,85
GRANVILLE_SOOX,1623,128,1102,54,0.6789895255699322,0.421875,0.2571145255699322,0.07886629698089957,0.578125,74
GRANVILLE_TYHO,4563,376,3440,177,0.7538899846592154,0.47074468085106386,0.28314530380815156,0.0824019285557747,0.5292553191489362,199
GRANVILLE_WILT,6520,581,5155,299,0.7906441717791411,0.5146299483648882,0.27601422341425297,0.08911042944785276,0.4853700516351119,282
GRANVILLE_WOEL,1481,135,1118,54,0.7548953409858203,0.4,0.3548953409858203,0.09115462525320729,0.6,81
GREENE_ARBA,900,92,696,40,0.7733333333333333,0.43478260869565216,0.33855072463768116,0.10222222222222223,0.5652173913043478,52
GREENE_BEAR,815,62,656,31,0.8049079754601227,0.5,0.3049079754601227,0.07607361963190185,0.5,31
GREENE_BULL,853,88,593,26,0.6951934349355217,0.29545454545454547,0.3997388894809762,0.10316529894490035,0.7045454545454546,62
GREENE_CAST,929,94,676,52,0.7276641550053822,0.5531914893617021,0.17447266564368002,0.10118406889128095,0.44680851063829785,42
GREENE_HOOK,798,93,585,46,0.7330827067669173,0.4946236559139785,0.23845905085293884,0.11654135338345864,0.5053763440860215,47
GREENE_MAUR,1548,155,1160,73,0.7493540051679587,0.47096774193548385,0.27838626323247484,0.10012919896640828,0.5290322580645161,82
GREENE_SH#1,1619,147,1217,49,0.7516985793699815,0.3333333333333333,0.4183652460366482,0.09079678814082767,0.6666666666666666,98
GREENE_SHIN,1538,179,1172,84,0.7620286085825748,0.4692737430167598,0.29275486556581504,0.11638491547464239,0.5307262569832403,95
GREENE_SUGG,970,105,732,41,0.7546391752577319,0.3904761904761905,0.36416298478154147,0.10824742268041238,0.6095238095238096,64
GREENE_WALS,1030,114,786,41,0.7631067961165049,0.35964912280701755,0.40345767330948734,0.11067961165048544,0.6403508771929824,73
GUILFORD_CG1,3084,243,2280,142,0.7392996108949417,0.5843621399176955,0.1549374709772462,0.07879377431906615,0.4156378600823045,101
GUILFORD_CG2,2348,201,1883,115,0.8019591141396933,0.572139303482587,0.22981981065710633,0.08560477001703577,0.42786069651741293,86
GUILFORD_CG3A,1806,143,1438,79,0.7962347729789591,0.5524475524475524,0.24378722053140667,0.07918050941306755,0.44755244755244755,64
GUILFORD_CG3B,3164,289,2539,155,0.8024652338811631,0.5363321799307958,0.26613305395036724,0.09134007585335019,0.46366782006920415,134
GUILFORD_FEN1,3898,401,2850,198,0.7311441765007696,0.4937655860349127,0.23737859046585685,0.10287326834273987,0.5062344139650873,203
GUILFORD_FEN2,2131,213,1751,100,0.8216799624589395,0.4694835680751174,0.3521963943838221,0.0999530736743313,0.5305164319248826,113
GUILFORD_FR1,4821,411,3306,207,0.685749844430616,0.5036496350364964,0.18210020939411964,0.08525202240199128,0.49635036496350365,204
GUILFORD_FR2,2514,245,1923,122,0.7649164677804295,0.49795918367346936,0.2669572841069602,0.09745425616547335,0.5020408163265306,123
GUILFORD_FR3,1756,192,1377,95,0.7841685649202733,0.4947916666666667,0.28937689825360663,0.10933940774487472,0.5052083333333334,97
GUILFORD_FR4,1592,136,1269,77,0.7971105527638191,0.5661764705882353,0.23093408217558387,0.08542713567839195,0.4338235294117647,59
GUILFORD_FR5A,2265,244,1766,126,0.779690949227373,0.5163934426229508,0.2632975066044222,0.10772626931567329,0.48360655737704916,118
GUILFORD_FR5B,1529,147,1147,70,0.750163505559189,0.47619047619047616,0.2739730293687128,0.09614126880313931,0.5238095238095238,77
GUILFORD_G01,1358,385,809,258,0.5957290132547864,0.6701298701298701,-0.07440085687508369,0.28350515463917525,0.32987012987012987,127
GUILFORD_G02,1686,196,1003,65,0.5948991696322657,0.33163265306122447,0.2632665165710413,0.1162514827995255,0.6683673469387755,131
GUILFORD_G03,1993,219,1107,51,0.5554440541896638,0.2328767123287671,0.3225673418608967,0.10988459608630206,0.7671232876712328,168
GUILFORD_G04,2144,339,1158,142,0.5401119402985075,0.41887905604719766,0.12123288425130985,0.15811567164179105,0.5811209439528023,197
GUILFORD_G05,1473,180,914,50,0.6205023761031908,0.2777777777777778,0.342724598325413,0.12219959266802444,0.7222222222222222,130
GUILFORD_G06,1581,168,1042,72,0.6590765338393422,0.42857142857142855,0.23050510526791362,0.1062618595825427,0.5714285714285714,96
GUILFORD_G07,2454,256,1410,86,0.5745721271393643,0.3359375,0.23863462713936434,0.10431947840260798,0.6640625,170
GUILFORD_G08,2675,320,1645,117,0.6149532710280374,0.365625,0.24932827102803745,0.11962616822429907,0.634375,203
GUILFORD_G09,3369,451,2124,184,0.6304541406945681,0.4079822616407982,0.22247187905376986,0.13386761650341347,0.5920177383592018,267
GUILFORD_G10,3206,423,1942,153,0.6057392389270119,0.3617021276595745,0.24403711126743738,0.13194011228945726,0.6382978723404256,270
GUILFORD_G11,1806,89,1254,48,0.6943521594684385,0.5393258426966292,0.15502631677180934,0.04928017718715393,0.4606741573033708,41
GUILFORD_G12,1094,76,861,43,0.7870201096892139,0.5657894736842105,0.22123063600500337,0.06946983546617916,0.4342105263157895,33
GUILFORD_G13,1404,95,1126,51,0.801994301994302,0.5368421052631579,0.2651521967311441,0.06766381766381767,0.4631578947368421,44
GUILFORD_G14,1199,117,1012,67,0.8440366972477065,0.5726495726495726,0.27138712459813386,0.097581317764804,0.42735042735042733,50
GUILFORD_G15,1386,86,1145,48,0.8261183261183261,0.5581395348837209,0.2679787912346052,0.06204906204906205,0.4418604651162791,38
GUILFORD_G16,1529,142,1305,72,0.8534990189666448,0.5070422535211268,0.34645676544551807,0.09287115761935906,0.49295774647887325,70
GUILFORD_G17,1854,121,1475,65,0.7955771305285868,0.5371900826446281,0.2583870478839587,0.06526429341963323,0.4628099173553719,56
GUILFORD_G18,1349,116,1119,60,0.8295033358042995,0.5172413793103449,0.3122619564939546,0.08598962194217939,0.4827586206896552,56
GUILFORD_G19,1655,155,1324,93,0.8,0.6,0.20000000000000007,0.09365558912386707,0.4,62
GUILFORD_G20,2589,199,2015,93,0.7782927771340286,0.46733668341708545,0.3109560937169431,0.0768636539204326,0.5326633165829145,106
GUILFORD_G21,3707,364,2562,147,0.6911248988400324,0.40384615384615385,0.2872787449938785,0.09819260857836526,0.5961538461538461,217
GUILFORD_G22,1852,180,1567,103,0.8461123110151187,0.5722222222222222,0.27389008879289656,0.09719222462203024,0.42777777777777776,77
GUILFORD_G23,1550,124,1096,58,0.7070967741935484,0.46774193548387094,0.2393548387096775,0.08,0.532258064516129,66
GUILFORD_G24,1657,147,1152,77,0.6952323476161738,0.5238095238095238,0.17142282380664997,0.08871454435727218,0.47619047619047616,70
GUILFORD_G25,1820,120,1386,46,0.7615384615384615,0.38333333333333336,0.37820512820512814,0.06593406593406594,0.6166666666666667,74
GUILFORD_G26,3550,414,2556,183,0.72,0.4420289855072464,0.2779710144927536,0.11661971830985915,0.5579710144927537,231
GUILFORD_G27,3049,223,2467,118,0.8091177435224663,0.5291479820627802,0.2799697614596861,0.0731387340111512,0.47085201793721976,105
GUILFORD_G28,1129,69,868,25,0.7688219663418955,0.36231884057971014,0.40650312576218534,0.06111603188662533,0.6376811594202898,44
GUILFORD_G29,1714,132,1168,72,0.6814469078179697,0.5454545454545454,0.13599236236342427,0.07701283547257877,0.45454545454545453,60
GUILFORD_G30,1845,127,1542,75,0.8357723577235773,0.5905511811023622,0.24522117662121512,0.06883468834688347,0.4094488188976378,52
GUILFORD_G31,1481,90,1219,45,0.8230925050641459,0.5,0.3230925050641459,0.06076975016880486,0.5,45
GUILFORD_G32,2425,215,2053,114,0.8465979381443299,0.5302325581395348,0.3163653800047951,0.088659793814433,0.4697674418604651,101
GUILFORD_G33,1727,160,1467,81,0.8494499131441806,0.50625,0.34319991314418063,0.09264620729588882,0.49375,79
GUILFORD_G34,1866,174,1581,90,0.8472668810289389,0.5172413793103449,0.330025501718594,0.0932475884244373,0.4827586206896552,84
GUILFORD_G35,1235,82,1069,48,0.8655870445344129,0.5853658536585366,0.2802211908758764,0.06639676113360324,0.4146341463414634,34
GUILFORD_G36,1988,191,1451,100,0.7298792756539235,0.5235602094240838,0.20631906622983975,0.0960764587525151,0.47643979057591623,91
GUILFORD_G37,2861,265,1708,87,0.5969940580216707,0.3283018867924528,0.2686921712292179,0.09262495630898288,0.6716981132075471,178
GUILFORD_G38,2590,201,1912,97,0.7382239382239382,0.48258706467661694,0.25563687354732123,0.0776061776061776,0.5174129353233831,104
GUILFORD_G39,1428,279,1038,153,0.726890756302521,0.5483870967741935,0.17850365952832747,0.1953781512605042,0.45161290322580644,126
GUILFORD_G40A1,1756,136,1392,79,0.7927107061503417,0.5808823529411765,0.21182835320916515,0.0774487471526196,0.41911764705882354,57
GUILFORD_G40A2,1365,73,1037,38,0.7597069597069597,0.5205479452054794,0.23915901450148025,0.05347985347985348,0.4794520547945205,35
GUILFORD_G40B,1595,140,1185,70,0.7429467084639498,0.5,0.24294670846394983,0.0877742946708464,0.5,70
GUILFORD_G41A,1616,86,1139,43,0.7048267326732673,0.5,0.20482673267326734,0.053217821782178217,0.5,43
GUILFORD_G41B,2081,148,1633,68,0.7847188851513696,0.4594594594594595,0.3252594256919101,0.071119654012494,0.5405405405405406,80
GUILFORD_G42A,1579,96,1283,51,0.8125395820139328,0.53125,0.28128958201393284,0.060797973400886635,0.46875,45
GUILFORD_G42B,1088,12,958,7,0.8805147058823529,0.5833333333333334,0.29718137254901955,0.011029411764705883,0.4166666666666667,5
GUILFORD_G43,3101,304,1797,107,0.5794904869396968,0.3519736842105263,0.22751680272917052,0.09803289261528539,0.6480263157894737,197
GUILFORD_G44,2435,637,1501,425,0.6164271047227926,0.6671899529042387,-0.05076284818144605,0.26160164271047226,0.3328100470957614,212
GUILFORD_G45,2573,1940,1653,1412,0.6424407306645938,0.7278350515463917,-0.08539432088179788,0.7539836766420521,0.2721649484536082,528
GUILFORD_G46,3080,663,1555,364,0.5048701298701299,0.5490196078431373,-0.04414947797300739,0.21525974025974026,0.45098039215686275,299
GUILFORD_G47,2732,597,1711,391,0.626281112737921,0.6549413735343383,-0.02866026079641737,0.21852122986822842,0.34505862646566166,206
GUILFORD_G48,3768,997,2513,714,0.6669320594479831,0.7161484453360081,-0.049216385888025016,0.2645966029723992,0.283851554663992,283
GUILFORD_G49,1371,165,746,54,0.5441283734500365,0.32727272727272727,0.21685564617730924,0.12035010940919037,0.6727272727272727,111
GUILFORD_G50,3570,796,1871,413,0.5240896358543418,0.5188442211055276,0.005245414748814126,0.22296918767507004,0.48115577889447236,383
GUILFORD_G51,1975,252,1226,88,0.6207594936708861,0.3492063492063492,0.27155314446453693,0.12759493670886077,0.6507936507936508,164
GUILFORD_G52,2031,217,1145,65,0.5637616937469226,0.2995391705069124,0.2642225232400102,0.1068439192516002,0.7004608294930875,152
GUILFORD_G53,2853,350,1809,136,0.6340694006309149,0.38857142857142857,0.2454979720594863,0.12267788293024887,0.6114285714285714,214
GUILFORD_G54,2639,299,1496,117,0.5668813944676013,0.391304347826087,0.17557704664151436,0.11330049261083744,0.6086956521739131,182
GUILFORD_G55,2435,280,1698,115,0.6973305954825462,0.4107142857142857,0.28661630976826047,0.11498973305954825,0.5892857142857143,165
GUILFORD_G56,1759,216,1175,84,0.6679931779420125,0.3888888888888889,0.2791042890531236,0.12279704377487209,0.6111111111111112,132
GUILFORD_G57,1912,207,1316,90,0.6882845188284519,0.43478260869565216,0.2535019101327997,0.10826359832635983,0.5652173913043478,117
GUILFORD_G58,1996,266,1127,102,0.564629258517034,0.38345864661654133,0.18117061190049272,0.13326653306613226,0.6165413533834586,164
GUILFORD_G59,1502,218,947,78,0.6304926764314248,0.3577981651376147,0.2726945112938101,0.14513981358189082,0.6422018348623854,140
GUILFORD_G60,2080,268,1226,80,0.5894230769230769,0.29850746268656714,0.2909156142365098,0.12884615384615383,0.7014925373134329,188
GUILFORD_G61,2046,272,1267,91,0.6192570869990225,0.33455882352941174,0.28469826346961075,0.13294232649071358,0.6654411764705882,181
GUILFORD_G62,1593,159,1156,63,0.7256748273697426,0.39622641509433965,0.329448412275403,0.09981167608286252,0.6037735849056604,96
GUILFORD_G63,1887,151,1325,69,0.7021727609962904,0.45695364238410596,0.24521911861218448,0.0800211976682565,0.543046357615894,82
GUILFORD_G64,3188,318,1903,143,0.5969259723964868,0.449685534591195,0.14724043780529184,0.09974905897114178,0.550314465408805,175
GUILFORD_G65,2593,283,1761,127,0.6791361357500965,0.44876325088339225,0.2303728848667042,0.10913999228692634,0.5512367491166078,156
GUILFORD_G66,2496,306,1785,150,0.7151442307692307,0.49019607843137253,0.2249481523378582,0.12259615384615384,0.5098039215686274,156
GUILFORD_G67,2511,1150,864,491,0.34408602150537637,0.42695652173913046,-0.08287050023375409,0.45798486658701715,0.5730434782608695,659
GUILFORD_G68,2523,1783,980,837,0.38842647641696393,0.46943353897924844,-0.08100706256228452,0.7066983749504558,0.5305664610207516,946
GUILFORD_G69,2395,338,1321,157,0.5515657620041754,0.46449704142011833,0.08706872058405707,0.14112734864300627,0.5355029585798816,181
GUILFORD_G70,3013,1166,1678,774,0.5569200132758049,0.6638078902229846,-0.10688787694717972,0.3869897112512446,0.3361921097770154,392
GUILFORD_G71,2638,309,1410,85,0.5344958301743745,0.2750809061488673,0.2594149240255072,0.11713419257012889,0.7249190938511327,224
GUILFORD_G72,2867,360,1702,126,0.5936519009417509,0.35,0.24365190094175093,0.12556679455877223,0.65,234
GUILFORD_G73,1546,164,953,62,0.6164294954721863,0.3780487804878049,0.2383807149843814,0.10608020698576973,0.6219512195121951,102
GUILFORD_G74,2067,205,1373,63,0.664247701983551,0.3073170731707317,0.3569306288128193,0.09917755200774069,0.6926829268292682,142
GUILFORD_G75,1827,209,1220,74,0.6677613574165299,0.35406698564593303,0.31369437177059684,0.1143951833607006,0.645933014354067,135
GUILFORD_GIB,3151,264,2408,126,0.7642018406854967,0.4772727272727273,0.2869291134127694,0.08378292605522057,0.5227272727272727,138
GUILFORD_GR,2856,242,2291,116,0.802170868347339,0.4793388429752066,0.32283202537213235,0.08473389355742297,0.5206611570247934,126
GUILFORD_H01,2073,291,1212,93,0.5846599131693199,0.31958762886597936,0.2650722843033405,0.14037626628075253,0.6804123711340206,198
GUILFORD_H02,1743,168,1171,59,0.6718301778542742,0.35119047619047616,0.32063970166379807,0.0963855421686747,0.6488095238095238,109
GUILFORD_H03,1961,263,926,73,0.4722080571137175,0.27756653992395436,0.19464151718976314,0.1341152473227945,0.7224334600760456,190
GUILFORD_H04,2908,331,1758,107,0.6045392022008254,0.32326283987915405,0.2812763623216713,0.11382393397524071,0.676737160120846,224
GUILFORD_H05,2270,287,1360,88,0.5991189427312775,0.30662020905923343,0.2924987336720441,0.126431718061674,0.6933797909407665,199
GUILFORD_H06,3073,390,2114,160,0.6879271070615034,0.41025641025641024,0.27767069680509315,0.1269118125610153,0.5897435897435898,230
GUILFORD_H07,1615,206,809,40,0.5009287925696595,0.1941747572815534,0.3067540352881061,0.12755417956656348,0.8058252427184466,166
GUILFORD_H08,1297,146,603,34,0.46491904394757133,0.2328767123287671,0.23204233161880422,0.1125674633770239,0.7671232876712328,112
GUILFORD_H09,1672,227,819,56,0.48983253588516745,0.24669603524229075,0.2431365006428767,0.13576555023923445,0.7533039647577092,171
GUILFORD_H10,2522,296,1721,108,0.6823949246629659,0.36486486486486486,0.31753005979810106,0.11736716891356067,0.6351351351351351,188
GUILFORD_H11,2171,588,1207,337,0.5559649930907415,0.5731292517006803,-0.017164258609938754,0.27084292952556427,0.4268707482993197,251
GUILFORD_H12,1321,131,837,45,0.6336109008327026,0.3435114503816794,0.29009945045102314,0.0991672975018925,0.6564885496183206,86
GUILFORD_H13,1814,144,1356,72,0.7475192943770672,0.5,0.2475192943770672,0.07938257993384785,0.5,72
GUILFORD_H14,1536,127,1219,52,0.7936197916666666,0.4094488188976378,0.38417097276902884,0.08268229166666667,0.5905511811023622,75
GUILFORD_H15,2079,217,1408,84,0.6772486772486772,0.3870967741935484,0.29015190305512883,0.10437710437710437,0.6129032258064516,133
GUILFORD_H16,1325,129,970,59,0.7320754716981132,0.4573643410852713,0.27471113061284186,0.09735849056603774,0.5426356589147286,70
GUILFORD_H17,1325,170,807,71,0.609056603773585,0.4176470588235294,0.19140954495005552,0.12830188679245283,0.5823529411764706,99
GUILFORD_H18,1885,212,1268,92,0.6726790450928382,0.4339622641509434,0.23871678094189475,0.11246684350132626,0.5660377358490566,120
GUILFORD_H19A,1250,109,827,44,0.6616,0.4036697247706422,0.25793027522935774,0.0872,0.5963302752293578,65
GUILFORD_H19B,1123,61,860,23,0.7658058771148709,0.3770491803278688,0.3887566967870021,0.05431878895814782,0.6229508196721312,38
GUILFORD_H20A,1312,101,910,53,0.6935975609756098,0.5247524752475248,0.168845085728085,0.07698170731707317,0.4752475247524752,48
GUILFORD_H20B,1484,149,1162,71,0.7830188679245284,0.47651006711409394,0.3065088008104344,0.10040431266846361,0.5234899328859061,78
GUILFORD_H21,1495,120,1077,51,0.7204013377926421,0.425,0.29540133779264216,0.0802675585284281,0.575,69
GUILFORD_H22,1531,155,967,53,0.6316133246244284,0.3419354838709677,0.2896778407534607,0.10124101894186806,0.6580645161290323,102
GUILFORD_H23,1519,113,1088,50,0.7162606978275181,0.4424778761061947,0.2737828217213234,0.07439104674127715,0.5575221238938053,63
GUILFORD_H24,2509,202,2026,108,0.8074930251096054,0.5346534653465347,0.2728395597630707,0.08051016341171782,0.46534653465346537,94
GUILFORD_H25,3470,373,2768,195,0.7976945244956772,0.5227882037533512,0.274906320742326,0.10749279538904899,0.4772117962466488,178
GUILFORD_H26,2105,196,1616,87,0.7676959619952494,0.44387755102040816,0.3238184109748412,0.09311163895486936,0.5561224489795918,109
GUILFORD_H27-A,2210,274,1699,149,0.7687782805429865,0.5437956204379562,0.22498266010503032,0.12398190045248869,0.4562043795620438,125
GUILFORD_H27-B,2186,255,1596,112,0.7301006404391582,0.4392156862745098,0.29088495416464843,0.11665141811527904,0.5607843137254902,143
GUILFORD_H28,2934,227,2241,101,0.7638036809815951,0.44493392070484583,0.3188697602767493,0.07736877982276755,0.5550660792951542,126
GUILFORD_H29A,2559,247,1865,116,0.728800312622118,0.46963562753036436,0.2591646850917536,0.0965220789370848,0.5303643724696356,131
GUILFORD_H29B,2960,226,2069,102,0.6989864864864865,0.45132743362831856,0.24765905285816797,0.07635135135135135,0.5486725663716814,124
GUILFORD_JAM1,2911,264,2316,122,0.7956028856063209,0.4621212121212121,0.33348167348510876,0.09069048436963242,0.5378787878787878,142
GUILFORD_JAM2,1992,193,1569,92,0.7876506024096386,0.47668393782383417,0.3109666645858044,0.09688755020080321,0.5233160621761658,101
GUILFORD_JAM3,2350,213,1839,115,0.7825531914893618,0.539906103286385,0.24264708820297676,0.09063829787234043,0.460093896713615,98
GUILFORD_JAM4,3140,233,2511,119,0.7996815286624204,0.5107296137339056,0.2889519149285148,0.07420382165605095,0.4892703862660944,114
GUILFORD_JAM5,1633,175,1172,64,0.7176974892835273,0.3657142857142857,0.35198320356924157,0.10716472749540723,0.6342857142857142,111
GUILFORD_JEF1,3406,378,2624,184,0.7704051673517323,0.48677248677248675,0.2836326805792455,0.11098062243100411,0.5132275132275133,194
GUILFORD_JEF2,3077,388,2109,152,0.6854078648033799,0.3917525773195876,0.29365528748379227,0.12609684757881054,0.6082474226804123,236
GUILFORD_JEF3,4182,527,3149,256,0.75298900047824,0.4857685009487666,0.2672204995294734,0.12601626016260162,0.5142314990512334,271
GUILFORD_JEF4,2089,230,1646,112,0.7879368118717089,0.48695652173913045,0.3009802901325785,0.11010052656773577,0.5130434782608696,118
GUILFORD_MON1,3850,488,2659,204,0.6906493506493506,0.4180327868852459,0.2726165637641047,0.12675324675324676,0.5819672131147541,284
GUILFORD_MON2A,3678,530,2421,226,0.6582381729200653,0.42641509433962266,0.2318230785804426,0.14410005437737902,0.5735849056603773,304
GUILFORD_MON2B,1896,219,1374,104,0.7246835443037974,0.4748858447488584,0.24979769955493902,0.11550632911392406,0.5251141552511416,115
GUILFORD_MON3,5432,600,4259,295,0.7840574374079529,0.49166666666666664,0.2923907707412862,0.11045655375552282,0.5083333333333333,305
GUILFORD_NCGR1,3817,500,3059,273,0.8014147236049254,0.546,0.25541472360492534,0.13099292638197538,0.454,227
GUILFORD_NCGR2,2989,388,2394,217,0.8009367681498829,0.5592783505154639,0.24165841763441898,0.12980930076948813,0.44072164948453607,171
GUILFORD_NCLAY1,2606,268,2147,140,0.8238679969301612,0.5223880597014925,0.3014799372286687,0.10283960092095165,0.47761194029850745,128
GUILFORD_NCLAY2,1440,97,1235,60,0.8576388888888888,0.6185567010309279,0.23908218785796098,0.06736111111111111,0.38144329896907214,37
GUILFORD_NDRI,3364,372,2529,185,0.7517835909631391,0.49731182795698925,0.2544717630061498,0.11058263971462545,0.5026881720430108,187
GUILFORD_NMAD,4234,387,3252,156,0.7680680207841285,0.40310077519379844,0.36496724559033006,0.09140292867264997,0.5968992248062015,231
GUILFORD_NWASH,1296,82,1072,42,0.8271604938271605,0.5121951219512195,0.314965371875941,0.06327160493827161,0.4878048780487805,40
GUILFORD_OR1,4581,528,3780,271,0.825147347740668,0.5132575757575758,0.3118897719830922,0.11525867714472822,0.48674242424242425,257
GUILFORD_OR2,3115,390,2520,204,0.8089887640449438,0.5230769230769231,0.2859118409680207,0.12520064205457465,0.47692307692307695,186
GUILFORD_PG1,1964,215,1428,101,0.7270875763747454,0.4697674418604651,0.2573201345142803,0.1094704684317719,0.5302325581395348,114
GUILFORD_PG2,2800,238,2357,138,0.8417857142857142,0.5798319327731093,0.26195378151260496,0.085,0.42016806722689076,100
GUILFORD_RC1,4654,437,3609,215,0.7754619681993984,0.4919908466819222,0.28347112151747617,0.0938977223893425,0.5080091533180778,222
GUILFORD_RC2,6514,569,4910,257,0.7537611298741173,0.45166959578207383,0.3020915340920434,0.08735032238256064,0.5483304042179262,312
GUILFORD_SCLAY,2078,176,1716,91,0.8257940327237728,0.5170454545454546,0.30874857817831824,0.0846968238691049,0.48295454545454547,85
GUILFORD_SDRI,7333,763,5679,375,0.7744442929224056,0.49148099606815204,0.28296329685425353,0.10405018409927724,0.508519003931848,388
GUILFORD_SF1,3819,475,3016,254,0.7897355328620057,0.5347368421052632,0.25499869075674253,0.12437810945273632,0.4652631578947368,221
GUILFORD_SF2,1903,192,1572,103,0.8260641093011035,0.5364583333333334,0.28960577596777015,0.10089332632685234,0.4635416666666667,89
GUILFORD_SF3,3038,303,2348,146,0.7728768926925609,0.48184818481848185,0.29102870787407903,0.09973666886109282,0.5181518151815182,157
GUILFORD_SF4,3939,448,3153,242,0.8004569687738005,0.5401785714285714,0.26027839734522906,0.11373445036811373,0.45982142857142855,206
GUILFORD_SMAD,2718,233,2136,121,0.7858719646799117,0.51931330472103,0.2665586599588817,0.08572479764532745,0.48068669527896996,112
GUILFORD_STOK,5356,598,4379,323,0.8175877520537714,0.540133779264214,0.2774539727895574,0.11165048543689321,0.459866220735786,275
GUILFORD_SUM1,2404,255,1733,114,0.7208818635607321,0.4470588235294118,0.27382304003132035,0.10607321131447588,0.5529411764705883,141
GUILFORD_SUM2,2837,334,2000,143,0.7049700387733522,0.4281437125748503,0.2768263261985019,0.11772999647514981,0.5718562874251497,191
GUILFORD_SUM3,1207,120,926,48,0.7671913835956918,0.4,0.3671913835956918,0.09942004971002485,0.6,72
GUILFORD_SUM4,2030,150,1675,77,0.8251231527093597,0.5133333333333333,0.31178981937602634,0.07389162561576355,0.4866666666666667,73
GUILFORD_SWASH,1079,92,903,51,0.8368860055607044,0.5543478260869565,0.2825381794737478,0.08526413345690455,0.44565217391304346,41
HALIFAX_BUTWD,355,17,251,7,0.7070422535211267,0.4117647058823529,0.2952775476387738,0.04788732394366197,0.5882352941176471,10
HALIFAX_CONC,316,21,233,6,0.7373417721518988,0.2857142857142857,0.4516274864376131,0.06645569620253164,0.7142857142857143,15
HALIFAX_ENF 2,1243,123,815,38,0.6556717618664522,0.3089430894308943,0.3467286724355578,0.09895414320193081,0.6910569105691057,85
HALIFAX_ENF1,2030,146,1454,50,0.716256157635468,0.3424657534246575,0.3737904042108105,0.07192118226600985,0.6575342465753424,96
HALIFAX_FAUCT,1134,76,872,38,0.7689594356261023,0.5,0.26895943562610225,0.06701940035273368,0.5,38
HALIFAX_HAL,1222,72,877,23,0.7176759410801964,0.3194444444444444,0.39823149663575197,0.058919803600654665,0.6805555555555556,49
HALIFAX_HOL,2022,210,1407,78,0.6958456973293768,0.37142857142857144,0.3244171259008054,0.10385756676557864,0.6285714285714286,132
HALIFAX_HPR,944,74,711,28,0.753177966101695,0.3783783783783784,0.37479958772331656,0.07838983050847458,0.6216216216216216,46
HALIFAX_LIT,2938,179,2201,68,0.7491490810074881,0.37988826815642457,0.36926081285106355,0.060925799863852964,0.6201117318435754,111
HALIFAX_RINGW,1230,105,949,46,0.7715447154471544,0.4380952380952381,0.3334494773519163,0.08536585365853659,0.5619047619047619,59
HALIFAX_RR 10,2568,225,1744,86,0.6791277258566978,0.38222222222222224,0.29690550363447554,0.08761682242990654,0.6177777777777778,139
HALIFAX_RR 11,2536,223,1791,89,0.706230283911672,0.3991031390134529,0.3071271448982191,0.08793375394321766,0.600896860986547,134
HALIFAX_RR1-2,1327,169,769,42,0.5795026375282593,0.2485207100591716,0.33098192746908767,0.12735493594574226,0.7514792899408284,127
HALIFAX_RR3-4,2077,222,1429,92,0.6880115551275878,0.4144144144144144,0.2735971407131734,0.10688493018777083,0.5855855855855856,130
HALIFAX_RR7-9,3898,374,2433,132,0.6241662390969728,0.35294117647058826,0.2712250626263845,0.09594663930220626,0.6470588235294118,242
HALIFAX_RRCE,3072,308,1920,101,0.625,0.32792207792207795,0.29707792207792205,0.10026041666666667,0.672077922077922,207
HALIFAX_SN,2095,131,1415,37,0.6754176610978521,0.2824427480916031,0.392974913006249,0.06252983293556086,0.7175572519083969,94
HALIFAX_WEL 3,2129,199,1388,69,0.651949271958666,0.34673366834170855,0.3052156036169575,0.09347111319868483,0.6532663316582915,130
HALIFAX_WEL1-2,1456,162,765,44,0.5254120879120879,0.2716049382716049,0.253807149640483,0.11126373626373626,0.7283950617283951,118
HARNETT_PR08,10551,990,7627,435,0.7228698701544878,0.4393939393939394,0.2834759307605484,0.09382996872334376,0.5606060606060606,555
HARNETT_PR23,6902,736,4914,308,0.7119675456389453,0.41847826086956524,0.29348928476938,0.10663575775137642,0.5815217391304348,428
HARNETT_PR24,7324,790,5408,344,0.738394320043692,0.43544303797468353,0.30295128206900845,0.10786455488803932,0.5645569620253165,446
HARNETT_PR25,3561,337,2430,146,0.6823925863521483,0.4332344213649852,0.2491581649871631,0.09463633810727323,0.5667655786350149,191
HARNETT_PR26,4336,418,3129,182,0.7216328413284133,0.4354066985645933,0.28622614276382,0.09640221402214022,0.5645933014354066,236
HARNETT_PR28,9240,796,7088,404,0.7670995670995671,0.507537688442211,0.259561878657356,0.08614718614718615,0.49246231155778897,392
HARNETT_PR29,4991,437,3590,185,0.7192947305149269,0.4233409610983982,0.2959537694165287,0.08755760368663594,0.5766590389016019,252
HARNETT_PR32,5416,564,3821,288,0.7055022156573116,0.5106382978723404,0.19486391778497125,0.10413589364844904,0.48936170212765956,276
HARNETT_PR33,8088,936,5023,329,0.6210435212660732,0.35149572649572647,0.26954779477034674,0.11572700296735905,0.6485042735042735,607
HARNETT_PR34,8182,887,4751,269,0.5806648741139085,0.3032694475760992,0.27739542653780935,0.1084087020288438,0.6967305524239008,618
HARNETT_PR35,4029,397,2573,165,0.638620004964011,0.4156171284634761,0.22300287650053485,0.09853561677835691,0.5843828715365239,232
HARNETT_PR36,8145,911,4631,276,0.5685696746470227,0.3029637760702525,0.2656058985767702,0.11184775936157151,0.6970362239297475,635
HARNETT_PR37,8087,914,4419,236,0.5464325460615803,0.25820568927789933,0.288226856783681,0.11302089773710894,0.7417943107221007,678
HARNETT_PR38,3298,308,2306,118,0.6992116434202547,0.38311688311688313,0.3160947603033715,0.09338993329290479,0.6168831168831169,190
HARNETT_PR39,3397,343,2282,141,0.671769208124816,0.4110787172011662,0.2606904909236498,0.10097144539299382,0.5889212827988338,202
HAYWOOD_AC,2255,145,1714,64,0.7600886917960089,0.4413793103448276,0.31870938145118133,0.06430155210643015,0.5586206896551724,81
HAYWOOD_BC,20,1,16,1,0.8,1.0,-0.19999999999999996,0.05,0.0,0
HAYWOOD_BE1,1467,129,1121,65,0.7641445126107703,0.5038759689922481,0.26026854361852225,0.08793456032719836,0.49612403100775193,64
HAYWOOD_BE2,1272,106,976,59,0.7672955974842768,0.5566037735849056,0.21069182389937113,0.08333333333333333,0.44339622641509435,47
HAYWOOD_BE3,2010,157,1548,71,0.7701492537313432,0.45222929936305734,0.3179199543682859,0.0781094527363184,0.5477707006369427,86
HAYWOOD_BE4,1786,132,1396,67,0.7816349384098544,0.5075757575757576,0.27405918083409686,0.07390817469204927,0.49242424242424243,65
HAYWOOD_BE5-6,1870,159,1444,78,0.772192513368984,0.49056603773584906,0.2816264756331349,0.08502673796791443,0.5094339622641509,81
HAYWOOD_BE7,1253,109,1011,56,0.8068635275339185,0.5137614678899083,0.29310205964401026,0.08699122106943336,0.48623853211009177,53
HAYWOOD_CE,398,18,329,9,0.8266331658291457,0.5,0.3266331658291457,0.04522613065326633,0.5,9
HAYWOOD_CLN,2236,223,1700,105,0.7602862254025045,0.47085201793721976,0.2894342074652847,0.09973166368515206,0.5291479820627802,118
HAYWOOD_CLS,2546,220,1923,113,0.7553024351924588,0.5136363636363637,0.2416660715560951,0.08641005498821681,0.4863636363636364,107
HAYWOOD_CR,1681,123,1402,61,0.8340273646638905,0.4959349593495935,0.338092405314297,0.07317073170731707,0.5040650406504065,62
HAYWOOD_EF,1226,100,975,59,0.7952691680261011,0.59,0.20526916802610118,0.08156606851549755,0.41,41
HAYWOOD_FC-1,798,46,637,19,0.7982456140350878,0.41304347826086957,0.3852021357742182,0.05764411027568922,0.5869565217391305,27
HAYWOOD_FC-2,175,9,138,7,0.7885714285714286,0.7777777777777778,0.0107936507936508,0.05142857142857143,0.2222222222222222,2
HAYWOOD_HA,1206,73,811,29,0.6724709784411277,0.3972602739726027,0.27521070446852497,0.06053067993366501,0.6027397260273972,44
HAYWOOD_ID,1058,64,853,35,0.8062381852551985,0.546875,0.2593631852551985,0.06049149338374291,0.453125,29
HAYWOOD_IH,4355,220,3305,102,0.7588978185993112,0.4636363636363636,0.29526145496294753,0.0505166475315729,0.5363636363636364,118
HAYWOOD_JC,3733,242,2735,114,0.7326547013126172,0.47107438016528924,0.261580321147328,0.0648272167157782,0.5289256198347108,128
HAYWOOD_LJ,2047,116,1627,60,0.7948216902784563,0.5172413793103449,0.2775803109681114,0.05666829506595017,0.4827586206896552,56
HAYWOOD_P,2737,232,2211,129,0.8078187796857874,0.5560344827586207,0.25178429692716675,0.08476434051881622,0.44396551724137934,103
HAYWOOD_PC,1231,111,947,50,0.7692932575142161,0.45045045045045046,0.3188428070637656,0.0901705930138099,0.5495495495495496,61
HAYWOOD_SA,2202,124,1755,63,0.7970027247956403,0.5080645161290323,0.288938208666608,0.05631244323342416,0.49193548387096775,61
HAYWOOD_WC,881,70,636,31,0.7219069239500567,0.44285714285714284,0.2790497810929139,0.07945516458569807,0.5571428571428572,39
HAYWOOD_WE,1677,93,1320,40,0.7871198568872988,0.43010752688172044,0.35701233000557836,0.055456171735241505,0.5698924731182796,53
HAYWOOD_WO,355,27,278,15,0.7830985915492957,0.5555555555555556,0.22754303599374015,0.07605633802816901,0.4444444444444444,12
HAYWOOD_WS-1,2189,125,1653,50,0.7551393330287802,0.4,0.3551393330287802,0.05710370031978072,0.6,75
HAYWOOD_WS-2,1841,141,1419,56,0.7707767517653449,0.3971631205673759,0.373613631197969,0.07658881042911461,0.6028368794326241,85
HAYWOOD_WW,1708,103,1272,47,0.7447306791569087,0.4563106796116505,0.2884199995452582,0.06030444964871194,0.5436893203883495,56
HENDERSON_AR,1613,135,1167,52,0.7234965902045877,0.3851851851851852,0.3383114050194025,0.08369497830130192,0.6148148148148148,83
HENDERSON_AT,3671,227,2865,95,0.7804412966494143,0.4185022026431718,0.3619390940062425,0.061836011985834924,0.5814977973568282,132
HENDERSON_BC,1022,63,720,17,0.7045009784735812,0.2698412698412698,0.43465970863231135,0.06164383561643835,0.7301587301587301,46
HENDERSON_BK,1799,193,1296,87,0.7204002223457476,0.45077720207253885,0.2696230202732088,0.10728182323513062,0.5492227979274611,106
HENDERSON_CB,1344,87,1068,45,0.7946428571428571,0.5172413793103449,0.27740147783251223,0.06473214285714286,0.4827586206896552,42
HENDERSON_CC,4325,310,3034,120,0.7015028901734104,0.3870967741935484,0.314406115979862,0.07167630057803469,0.6129032258064516,190
HENDERSON_CV,526,0,477,0,0.9068441064638784,0.0,0.0,0.0,0.0,0
HENDERSON_ED,3398,299,2494,117,0.7339611536197763,0.391304347826087,0.34265680579368935,0.08799293702177752,0.6086956521739131,182
HENDERSON_EF,2872,309,2003,122,0.6974233983286908,0.3948220064724919,0.30260139185619894,0.10759052924791086,0.6051779935275081,187
HENDERSON_ES,2494,168,1897,61,0.760625501202887,0.3630952380952381,0.3975302631076489,0.0673616680032077,0.6369047619047619,107
HENDERSON_EV,2829,203,2229,94,0.7879109225874867,0.4630541871921182,0.3248567353953685,0.07175680452456698,0.5369458128078818,109
HENDERSON_FL,4707,328,3481,148,0.739536859995751,0.45121951219512196,0.28831734780062906,0.06968345018058211,0.5487804878048781,180
HENDERSON_FR,3317,145,2702,66,0.8145914983418752,0.45517241379310347,0.3594190845487717,0.043714199577931864,0.5448275862068965,79
HENDERSON_GM,1573,133,1162,58,0.7387158296249206,0.43609022556390975,0.3026256040610108,0.0845518118245391,0.5639097744360902,75
HENDERSON_GR,2787,234,2153,122,0.7725152493720847,0.5213675213675214,0.2511477280045633,0.08396124865446716,0.47863247863247865,112
HENDERSON_HC,3687,309,2821,157,0.7651206943314348,0.5080906148867314,0.25703007944470346,0.0838079739625712,0.4919093851132686,152
HENDERSON_HS,2784,164,2205,70,0.7920258620689655,0.4268292682926829,0.3651965937762826,0.05890804597701149,0.573170731707317,94
HENDERSON_HV-1,2452,139,1900,61,0.7748776508972267,0.43884892086330934,0.33602873003391737,0.0566884176182708,0.5611510791366906,78
HENDERSON_HV-2,2661,181,1813,71,0.6813228109733183,0.39226519337016574,0.2890576176031525,0.0680195415257422,0.6077348066298343,110
HENDERSON_HV-3,2652,164,1861,67,0.701734539969834,0.40853658536585363,0.2931979546039804,0.06184012066365008,0.5914634146341463,97
HENDERSON_LJ,2201,141,1779,75,0.8082689686506134,0.5319148936170213,0.2763540750335921,0.06406179009541117,0.46808510638297873,66
HENDERSON_LP,1912,105,1540,46,0.805439330543933,0.4380952380952381,0.3673440924486949,0.0549163179916318,0.5619047619047619,59
HENDERSON_MG,1299,118,924,45,0.7113163972286374,0.3813559322033898,0.32996046502524756,0.09083910700538876,0.6186440677966102,73
HENDERSON_NB,4567,554,3103,184,0.6794394569739435,0.33212996389891697,0.3473094930750265,0.12130501423253777,0.6678700361010831,370
HENDERSON_NE,2812,250,1970,103,0.7005689900426743,0.412,0.2885689900426743,0.08890469416785206,0.588,147
HENDERSON_NM,3463,261,2690,120,0.7767831360092405,0.45977011494252873,0.3170130210667118,0.07536817788045047,0.5402298850574713,141
HENDERSON_NW,2173,172,1611,69,0.7413713759779107,0.4011627906976744,0.3402085852802363,0.07915324436263231,0.5988372093023255,103
HENDERSON_PR,3030,223,2232,93,0.7366336633663366,0.4170403587443946,0.319593304621942,0.0735973597359736,0.5829596412556054,130
HENDERSON_PV,2170,109,1717,47,0.7912442396313364,0.43119266055045874,0.36005157908087765,0.05023041474654378,0.5688073394495413,62
HENDERSON_RG,2552,251,1934,118,0.7578369905956113,0.4701195219123506,0.28771746868326065,0.09835423197492163,0.5298804780876494,133
HENDERSON_RR,1115,72,873,40,0.7829596412556054,0.5555555555555556,0.22740408570004977,0.06457399103139014,0.4444444444444444,32
HENDERSON_SB,3617,303,2658,133,0.7348631462538014,0.4389438943894389,0.2959192518643625,0.08377108100635886,0.5610561056105611,170
HENDERSON_SE,1705,179,1179,67,0.6914956011730206,0.3743016759776536,0.31719392519536693,0.10498533724340176,0.6256983240223464,112
HENDERSON_SM,4240,358,3300,178,0.7783018867924528,0.4972067039106145,0.2810951828818383,0.08443396226415094,0.5027932960893855,180
HENDERSON_SW,2647,174,2078,73,0.7850396675481678,0.41954022988505746,0.3654994376631103,0.0657347941065357,0.5804597701149425,101
HERTFORD_A1,1932,159,1378,56,0.7132505175983437,0.3522012578616352,0.3610492597367085,0.08229813664596274,0.6477987421383647,103
HERTFORD_A2,1875,144,1334,50,0.7114666666666667,0.3472222222222222,0.3642444444444445,0.0768,0.6527777777777778,94
HERTFORD_A3,1151,95,711,30,0.6177237185056472,0.3157894736842105,0.3019342448214367,0.08253692441355343,0.6842105263157895,65
HERTFORD_BR,374,22,275,8,0.7352941176470589,0.36363636363636365,0.37165775401069523,0.058823529411764705,0.6363636363636364,14
HERTFORD_CM,475,37,361,20,0.76,0.5405405405405406,0.21945945945945944,0.07789473684210527,0.4594594594594595,17
HERTFORD_CO,497,39,358,19,0.7203219315895373,0.48717948717948717,0.2331424444100501,0.07847082494969819,0.5128205128205128,20
HERTFORD_HV,785,59,569,27,0.7248407643312101,0.4576271186440678,0.26721364568714234,0.0751592356687898,0.5423728813559322,32
HERTFORD_M1,2285,237,1495,81,0.6542669584245077,0.34177215189873417,0.3124948065257735,0.1037199124726477,0.6582278481012658,156
HERTFORD_M2,1046,67,779,23,0.7447418738049714,0.34328358208955223,0.40145829171541914,0.06405353728489484,0.6567164179104478,44
HERTFORD_ML,528,47,408,23,0.7727272727272727,0.48936170212765956,0.28336557059961315,0.08901515151515152,0.5106382978723404,24
HERTFORD_SJ,678,53,507,21,0.7477876106194691,0.39622641509433965,0.35156119552512943,0.07817109144542773,0.6037735849056604,32
HERTFORD_UN,811,59,610,15,0.752157829839704,0.2542372881355932,0.4979205417041108,0.07274969173859433,0.7457627118644068,44
HERTFORD_WN,1156,100,864,33,0.7474048442906575,0.33,0.41740484429065744,0.08650519031141868,0.67,67
HOKE_01,407,56,268,15,0.6584766584766585,0.26785714285714285,0.39061951561951563,0.1375921375921376,0.7321428571428571,41
HOKE_02,2238,266,1265,68,0.565236818588025,0.2556390977443609,0.3095977208436641,0.11885612153708669,0.7443609022556391,198
HOKE_03,1002,125,606,35,0.6047904191616766,0.28,0.3247904191616766,0.124750499001996,0.72,90
HOKE_04,1244,111,878,41,0.7057877813504824,0.36936936936936937,0.336418411981113,0.08922829581993569,0.6306306306306306,70
HOKE_05,2017,171,1348,53,0.6683192860684184,0.30994152046783624,0.35837776560058215,0.08477937530986614,0.6900584795321637,118
HOKE_06B,5042,518,3054,170,0.6057120190400634,0.3281853281853282,0.27752669085473525,0.10273700912336374,0.6718146718146718,348
HOKE_12,4517,449,2891,147,0.6400265663050697,0.3273942093541203,0.31263235695094943,0.09940225813593093,0.6726057906458798,302
HOKE_13,1567,181,1069,66,0.6821952776005106,0.36464088397790057,0.31755439362261,0.11550733886407147,0.6353591160220995,115
HOKE_14,5905,710,3371,197,0.5708721422523285,0.2774647887323944,0.29340735351993413,0.12023708721422523,0.7225352112676057,513
HOKE_15,3601,425,2167,148,0.6017772840877534,0.34823529411764703,0.2535419899701064,0.11802277145237434,0.6517647058823529,277
HOKE_61,1518,151,992,46,0.6534914361001317,0.304635761589404,0.34885567451072774,0.09947299077733861,0.695364238410596,105
HOKE_62,1024,118,634,34,0.619140625,0.288135593220339,0.331005031779661,0.115234375,0.711864406779661,84
HOKE_63,3817,463,2149,137,0.5630075975897302,0.2958963282937365,0.26711126929599366,0.1212994498297092,0.7041036717062635,326
HOKE_64,2314,220,1457,75,0.6296456352636128,0.3409090909090909,0.28873654435452195,0.09507346585998272,0.6590909090909091,145
HOKE_65,673,46,429,12,0.637444279346211,0.2608695652173913,0.37657471412881965,0.06835066864784546,0.7391304347826086,34
HYDE_BM,328,31,261,18,0.7957317073170732,0.5806451612903226,0.2150865460267506,0.09451219512195122,0.41935483870967744,13
HYDE_ENG,429,40,322,15,0.7505827505827506,0.375,0.3755827505827506,0.09324009324009325,0.625,25
HYDE_FF,286,19,230,7,0.8041958041958042,0.3684210526315789,0.43577475156422524,0.06643356643356643,0.631578947368421,12
HYDE_LL,412,26,318,8,0.7718446601941747,0.3076923076923077,0.46415235250186704,0.06310679611650485,0.6923076923076923,18
HYDE_OCK,808,72,622,31,0.7698019801980198,0.4305555555555556,0.33924642464246424,0.0891089108910891,0.5694444444444444,41
HYDE_SLAD,298,23,238,8,0.7986577181208053,0.34782608695652173,0.4508316311642836,0.07718120805369127,0.6521739130434783,15
HYDE_SQ,475,38,382,22,0.8042105263157895,0.5789473684210527,0.22526315789473683,0.08,0.42105263157894735,16
IREDELL_BA-1,7264,640,5406,290,0.7442180616740088,0.453125,0.29109306167400884,0.0881057268722467,0.546875,350
IREDELL_BE,5650,529,4359,255,0.771504424778761,0.4820415879017013,0.2894628368770597,0.0936283185840708,0.5179584120982986,274
IREDELL_CC1,7482,946,5350,420,0.7150494520181769,0.4439746300211416,0.2710748219970353,0.12643678160919541,0.5560253699788583,526
IREDELL_CC2,7326,785,5028,297,0.6863226863226863,0.378343949044586,0.3079787372781003,0.10715260715260715,0.621656050955414,488
IREDELL_CC3-1,12199,1467,8832,670,0.723993769981146,0.4567143830947512,0.26727938688639474,0.12025575866874334,0.5432856169052488,797
IREDELL_CC4-1,5482,597,4148,268,0.7566581539584093,0.4489112227805695,0.3077469311778398,0.10890186063480481,0.5510887772194305,329
IREDELL_CD,5205,492,3940,211,0.7569644572526417,0.42886178861788615,0.32810266863475557,0.09452449567723344,0.5711382113821138,281
IREDELL_CH-A,3010,284,2250,111,0.7475083056478405,0.3908450704225352,0.35666323522530535,0.09435215946843854,0.6091549295774648,173
IREDELL_CH-B,3285,385,2384,162,0.7257229832572298,0.42077922077922075,0.3049437624780091,0.1171993911719939,0.5792207792207792,223
IREDELL_CS,2877,288,2222,124,0.7723322905804657,0.4305555555555556,0.3417767350249101,0.10010427528675704,0.5694444444444444,164
IREDELL_DV1A1A,6656,805,4891,350,0.7348257211538461,0.43478260869565216,0.300043112458194,0.12094350961538461,0.5652173913043478,455
IREDELL_DV1B-1,11042,1386,8612,672,0.7799311718891505,0.48484848484848486,0.29508268704066565,0.1255207389965586,0.5151515151515151,714
IREDELL_DV2A-1,6629,673,4719,316,0.7118720772363856,0.46953937592867756,0.242332701307708,0.10152360838738875,0.5304606240713224,357
IREDELL_DV2B-1,8381,819,6050,388,0.7218708984608042,0.47374847374847373,0.24812242471233048,0.09772103567593365,0.5262515262515263,431
IREDELL_DV3A,6012,777,4077,363,0.6781437125748503,0.4671814671814672,0.2109622453933831,0.12924151696606787,0.5328185328185329,414
IREDELL_EM,1348,118,1074,58,0.7967359050445104,0.4915254237288136,0.30521048131569684,0.08753709198813056,0.5084745762711864,60
IREDELL_FT,10486,944,8109,441,0.7733168033568567,0.4671610169491525,0.3061557864077042,0.09002479496471485,0.5328389830508474,503
IREDELL_NH,1331,127,1111,70,0.8347107438016529,0.5511811023622047,0.28352964143944814,0.09541697971450037,0.44881889763779526,57
IREDELL_OL,1359,122,1082,59,0.7961736571008095,0.48360655737704916,0.3125670997237603,0.08977189109639441,0.5163934426229508,63
IREDELL_SB,2024,199,1623,98,0.8018774703557312,0.49246231155778897,0.30941515879794224,0.0983201581027668,0.507537688442211,101
IREDELL_SH-A,3260,306,2509,131,0.7696319018404908,0.42810457516339867,0.3415273266770921,0.09386503067484663,0.5718954248366013,175
IREDELL_SH-B,3350,310,2591,143,0.7734328358208955,0.4612903225806452,0.31214251324025033,0.09253731343283582,0.5387096774193548,167
IREDELL_ST1,4504,407,3292,173,0.7309058614564832,0.4250614250614251,0.3058444363950581,0.09036412078152753,0.5749385749385749,234
IREDELL_ST2,3207,300,2151,121,0.6707202993451824,0.4033333333333333,0.2673869660118491,0.09354536950420954,0.5966666666666667,179
IREDELL_ST3,4388,442,2827,155,0.644257064721969,0.3506787330316742,0.2935783316902948,0.1007292616226071,0.6493212669683258,287
IREDELL_ST4,3090,244,2271,100,0.7349514563106796,0.4098360655737705,0.3251153907369091,0.07896440129449839,0.5901639344262295,144
IREDELL_ST5,3258,312,2238,114,0.6869244935543278,0.36538461538461536,0.32153987816971247,0.09576427255985268,0.6346153846153846,198
IREDELL_ST6,4947,494,3284,181,0.6638366686880938,0.36639676113360325,0.2974399075544905,0.09985850010107136,0.6336032388663968,313
IREDELL_TB,2738,281,2049,133,0.7483564645726808,0.47330960854092524,0.27504685603175555,0.10262965668371074,0.5266903914590747,148
IREDELL_UG,1566,164,1267,80,0.8090676883780332,0.4878048780487805,0.32126281032925275,0.10472541507024266,0.5121951219512195,84
JACKSON_BCK,1498,115,1077,48,0.7189586114819759,0.41739130434782606,0.30156730713414986,0.07676902536715621,0.5826086956521739,67
JACKSON_CAN,526,35,419,17,0.7965779467680608,0.4857142857142857,0.3108636610537751,0.06653992395437262,0.5142857142857142,18
JACKSON_CAS,2077,90,1457,49,0.7014925373134329,0.5444444444444444,0.15704809286898846,0.043331728454501686,0.45555555555555555,41
JACKSON_CFK,647,53,509,24,0.7867078825347759,0.4528301886792453,0.33387769385553057,0.08191653786707882,0.5471698113207547,29
JACKSON_CUL,6551,2584,4231,1823,0.6458555945657152,0.7054953560371517,-0.05963976147143657,0.39444359639749654,0.2945046439628483,761
JACKSON_GCK,1191,98,915,54,0.7682619647355163,0.5510204081632653,0.21724155657225108,0.08228379513014274,0.4489795918367347,44
JACKSON_GLV,2032,148,1408,74,0.6929133858267716,0.5,0.19291338582677164,0.07283464566929133,0.5,74
JACKSON_QUA,3951,378,2516,121,0.6368008099215389,0.3201058201058201,0.31669498981571875,0.09567198177676538,0.6798941798941799,257
JACKSON_RIV,850,84,640,44,0.7529411764705882,0.5238095238095238,0.2291316526610644,0.0988235294117647,0.47619047619047616,40
JACKSON_SAV,1294,115,929,47,0.7179289026275116,0.40869565217391307,0.30923325045359856,0.08887171561051005,0.591304347826087,68
JACKSON_SCC,1929,134,1401,59,0.7262830482115086,0.44029850746268656,0.285984540748822,0.06946604458268534,0.5597014925373134,75
JACKSON_SDC,6054,516,4399,246,0.7266270234555666,0.47674418604651164,0.24988283740905498,0.08523290386521308,0.5232558139534884,270
JACKSON_WEB,2151,167,1607,79,0.7470943747094375,0.47305389221556887,0.27404048249386864,0.07763830776383078,0.5269461077844312,88
JOHNSTON_PR04,1256,144,920,57,0.732484076433121,0.3958333333333333,0.33665074309978765,0.11464968152866242,0.6041666666666666,87
JOHNSTON_PR07,3367,417,2482,178,0.7371547371547371,0.42685851318944845,0.31029622396528866,0.12384912384912385,0.5731414868105515,239
JOHNSTON_PR08,2422,253,1798,118,0.7423616845582164,0.466403162055336,0.2759585225028804,0.10445912469033856,0.5335968379446641,135
JOHNSTON_PR09,7053,798,5345,393,0.7578335460087906,0.4924812030075188,0.2653523430012718,0.113143343258188,0.5075187969924813,405
JOHNSTON_PR10A,4263,364,2914,146,0.6835561810931269,0.4010989010989011,0.28245727999422576,0.08538587848932677,0.5989010989010989,218
JOHNSTON_PR10B,4185,330,3023,155,0.7223416965352449,0.4696969696969697,0.2526447268382752,0.07885304659498207,0.5303030303030303,175
JOHNSTON_PR11A,3236,306,2389,130,0.738257107540173,0.42483660130718953,0.3134205062329835,0.09456118665018541,0.5751633986928104,176
JOHNSTON_PR11B,5924,592,4345,256,0.7334571235651587,0.43243243243243246,0.30102469113272623,0.099932478055368,0.5675675675675675,336
JOHNSTON_PR12A,6881,709,4955,314,0.7200988228455166,0.44287729196050774,0.2772215308850089,0.10303734922249673,0.5571227080394923,395
JOHNSTON_PR12B,6180,789,4650,371,0.7524271844660194,0.47021546261089986,0.28221172185511956,0.12766990291262137,0.5297845373891001,418
JOHNSTON_PR13,4816,458,3663,217,0.7605897009966778,0.4737991266375546,0.2867905743591232,0.09509966777408638,0.5262008733624454,241
JOHNSTON_PR14,3067,303,2337,134,0.7619823932181284,0.44224422442244227,0.3197381687956862,0.09879360939028367,0.5577557755775577,169
JOHNSTON_PR19,2356,253,1734,101,0.7359932088285229,0.39920948616600793,0.336783722662515,0.10738539898132428,0.6007905138339921,152
JOHNSTON_PR20,5640,623,4124,246,0.7312056737588652,0.39486356340288925,0.336342110355976,0.11046099290780143,0.6051364365971108,377
JOHNSTON_PR21,3537,404,2682,169,0.7582697201017812,0.4183168316831683,0.3399528884186129,0.11422109132032796,0.5816831683168316,235
JOHNSTON_PR22,3531,411,2601,179,0.7366185216652507,0.43552311435523117,0.3010954073100195,0.11639762107051826,0.5644768856447688,232
JOHNSTON_PR23A,5403,583,4046,239,0.7488432352396817,0.4099485420240137,0.33889469321566795,0.10790301684249491,0.5900514579759862,344
JOHNSTON_PR23B,4323,429,3314,207,0.7665972704140643,0.4825174825174825,0.28407978789658184,0.09923664122137404,0.5174825174825175,222
JOHNSTON_PR24,2819,305,1760,99,0.6243348705214615,0.32459016393442625,0.2997447065870353,0.10819439517559418,0.6754098360655738,206
JOHNSTON_PR25,2822,385,1861,118,0.6594613749114103,0.3064935064935065,0.35296786841790384,0.13642806520198442,0.6935064935064935,267
JOHNSTON_PR26,2645,314,1685,107,0.6370510396975425,0.34076433121019106,0.29628670848735145,0.11871455576559546,0.6592356687898089,207
JOHNSTON_PR27A,1936,176,1312,67,0.6776859504132231,0.3806818181818182,0.2970041322314049,0.09090909090909091,0.6193181818181818,109
JOHNSTON_PR27B,3266,378,2254,157,0.6901408450704225,0.41534391534391535,0.27479692972650716,0.1157379056950398,0.5846560846560847,221
JOHNSTON_PR28,4734,558,3468,214,0.7325728770595691,0.3835125448028674,0.3490603322567017,0.11787072243346007,0.6164874551971327,344
JOHNSTON_PR29A,8193,1062,6044,504,0.7377029171243744,0.4745762711864407,0.2631266459379337,0.1296228487733431,0.5254237288135594,558
JOHNSTON_PR29B,15853,1754,11909,807,0.751214281208604,0.4600912200684151,0.29112306114018893,0.11064151895540277,0.5399087799315849,947
JOHNSTON_PR30,5451,637,3788,231,0.6949183636030086,0.3626373626373626,0.332281000965646,0.11685929187305082,0.6373626373626373,406
JOHNSTON_PR31A,3939,464,3009,204,0.763899466869764,0.4396551724137931,0.32424429445597086,0.1177963950241178,0.5603448275862069,260
JOHNSTON_PR31B,7784,801,5869,353,0.7539825282631039,0.44069912609238454,0.3132834021707193,0.10290339157245632,0.5593008739076155,448
JOHNSTON_PR32,4242,458,3165,212,0.7461103253182461,0.462882096069869,0.28322822924837704,0.10796793965110797,0.537117903930131,246
JOHNSTON_PR33,4913,571,3651,252,0.7431304701811521,0.4413309982486865,0.3017994719324656,0.11622226745369428,0.5586690017513135,319
JOHNSTON_PR34,7614,832,5321,341,0.6988442343052272,0.4098557692307692,0.288988465074458,0.10927239296033622,0.5901442307692307,491
JOHNSTON_PR35,5889,550,4288,230,0.7281372049583971,0.41818181818181815,0.3099553867765789,0.09339446425539141,0.5818181818181818,320
JOHNSTON_PR36,3472,381,2508,140,0.7223502304147466,0.3674540682414698,0.35489616217327674,0.10973502304147466,0.6325459317585301,241
JOHNSTON_PR37,4654,550,3317,213,0.7127202406532015,0.38727272727272727,0.32544751338047423,0.11817791147400086,0.6127272727272727,337
JOHNSTON_PR38,2360,294,1743,139,0.7385593220338983,0.47278911564625853,0.26577020638763976,0.12457627118644068,0.5272108843537415,155
JONES_P01,685,76,514,35,0.7503649635036497,0.4605263157894737,0.289838647714176,0.11094890510948906,0.5394736842105263,41
JONES_P02,460,36,362,20,0.7869565217391304,0.5555555555555556,0.23140096618357486,0.0782608695652174,0.4444444444444444,16
JONES_P03,608,55,463,28,0.7615131578947368,0.509090909090909,0.2524222488038278,0.09046052631578948,0.4909090909090909,27
JONES_P04,1956,153,1542,55,0.7883435582822086,0.35947712418300654,0.42886643409920205,0.07822085889570553,0.6405228758169934,98
JONES_P05,1412,119,1076,52,0.7620396600566572,0.4369747899159664,0.32506487014069085,0.08427762039660057,0.5630252100840336,67
JONES_P06,568,52,426,19,0.75,0.36538461538461536,0.38461538461538464,0.09154929577464789,0.6346153846153846,33
JONES_P07,1345,95,961,34,0.7144981412639405,0.35789473684210527,0.35660340442183525,0.07063197026022305,0.6421052631578947,61
LEE_A1,5196,605,3435,224,0.6610854503464203,0.3702479338842975,0.2908375164621228,0.11643571978444958,0.6297520661157024,381
LEE_A2,5763,705,3634,236,0.6305743536352594,0.3347517730496454,0.295822580585614,0.12233211868818324,0.6652482269503546,469
LEE_B1,2441,222,1926,105,0.7890208930766079,0.47297297297297297,0.31604792010363497,0.0909463334698894,0.527027027027027,117
LEE_B2,2777,314,1855,142,0.6679870363701836,0.45222929936305734,0.2157577370071263,0.11307166006481816,0.5477707006369427,172
LEE_C1,4778,530,3332,184,0.6973629133528673,0.3471698113207547,0.35019310203211257,0.11092507325240686,0.6528301886792452,346
LEE_C2,4376,429,3283,183,0.7502285191956124,0.42657342657342656,0.32365509262218584,0.0980347349177331,0.5734265734265734,246
LEE_D1,4426,435,3466,201,0.7830998644374153,0.46206896551724136,0.32103089892017395,0.0982828739267962,0.5379310344827586,234
LEE_D2,4183,336,3372,161,0.806120009562515,0.4791666666666667,0.32695334289584826,0.0803251255080086,0.5208333333333334,175
LEE_E1,2831,287,2196,123,0.7756976333451078,0.42857142857142855,0.3471262047736792,0.10137760508654185,0.5714285714285714,164
LEE_E2,4760,484,3181,163,0.6682773109243697,0.3367768595041322,0.3315004514202375,0.10168067226890756,0.6632231404958677,321
LENOIR_C,2265,254,1658,107,0.7320088300220751,0.421259842519685,0.31074898750239005,0.11214128035320088,0.5787401574803149,147
LENOIR_FC,4034,426,3056,162,0.7575607337630144,0.38028169014084506,0.3772790436221693,0.10560237977193852,0.6197183098591549,264
LENOIR_I,1813,197,1373,84,0.7573083287369001,0.4263959390862944,0.3309123896506057,0.10865968008825151,0.5736040609137056,113
LENOIR_K1,876,110,338,17,0.3858447488584475,0.15454545454545454,0.23129929431299295,0.12557077625570776,0.8454545454545455,93
LENOIR_K2,985,64,500,14,0.5076142131979695,0.21875,0.2888642131979695,0.0649746192893401,0.78125,50
LENOIR_K3,1361,132,787,25,0.5782512858192506,0.1893939393939394,0.38885734642531117,0.09698750918442321,0.8106060606060606,107
LENOIR_K4,2559,220,1922,97,0.751074638530676,0.4409090909090909,0.3101655476215851,0.08597108245408362,0.5590909090909091,123
LENOIR_K5,1492,146,973,48,0.6521447721179625,0.3287671232876712,0.3233776488302913,0.09785522788203753,0.6712328767123288,98
LENOIR_K6,2077,233,1238,57,0.5960519980741454,0.2446351931330472,0.3514168049410982,0.11218103033220991,0.7553648068669528,176
LENOIR_K7,1724,136,1129,38,0.6548723897911833,0.27941176470588236,0.375460625085301,0.07888631090487239,0.7205882352941176,98
LENOIR_K8,955,101,582,24,0.6094240837696335,0.2376237623762376,0.3718003213933959,0.10575916230366492,0.7623762376237624,77
LENOIR_K9,2018,185,1481,58,0.7338949454905848,0.31351351351351353,0.42038143197707123,0.09167492566897918,0.6864864864864865,127
LENOIR_MH,3633,372,2722,169,0.7492430498210845,0.4543010752688172,0.2949419745522673,0.10239471511147812,0.5456989247311828,203
LENOIR_N,3108,357,2243,119,0.7216859716859717,0.3333333333333333,0.3883526383526384,0.11486486486486487,0.6666666666666666,238
LENOIR_PH1,646,71,494,25,0.7647058823529411,0.352112676056338,0.4125932062966031,0.10990712074303406,0.647887323943662,46
LENOIR_PH2,1157,128,881,47,0.7614520311149524,0.3671875,0.3942645311149524,0.11063094209161625,0.6328125,81
LENOIR_SH,717,77,547,34,0.7629009762900977,0.44155844155844154,0.32134253473165614,0.10739191073919108,0.5584415584415584,43
LENOIR_SW,1011,105,783,31,0.7744807121661721,0.29523809523809524,0.47924261692807685,0.10385756676557864,0.7047619047619048,74
LENOIR_T1,1345,162,1020,66,0.758364312267658,0.4074074074074074,0.3509569048602506,0.1204460966542751,0.5925925925925926,96
LENOIR_T2,996,138,771,70,0.7740963855421686,0.5072463768115942,0.2668500087305744,0.13855421686746988,0.4927536231884058,68
LENOIR_V,2091,219,1506,74,0.7202295552367288,0.3378995433789954,0.3823300118577334,0.10473457675753228,0.6621004566210046,145
LENOIR_W,1083,120,882,58,0.814404432132964,0.48333333333333334,0.33107109879963065,0.11080332409972299,0.5166666666666667,62
LINCOLN_AS25,2529,224,1989,119,0.7864768683274022,0.53125,0.25522686832740216,0.088572558323448,0.46875,105
LINCOLN_BC13,1900,210,1196,76,0.6294736842105263,0.3619047619047619,0.2675689223057644,0.11052631578947368,0.638095238095238,134
LINCOLN_BS26,2386,202,1857,98,0.778290025146689,0.48514851485148514,0.29314151029520386,0.08466051969823973,0.5148514851485149,104
LINCOLN_CF19,2012,186,1563,76,0.7768389662027833,0.40860215053763443,0.3682368156651488,0.09244532803180915,0.5913978494623656,110
LINCOLN_DN29,3659,350,2804,178,0.7663295982508882,0.5085714285714286,0.25775816967945964,0.09565455042361301,0.49142857142857144,172
LINCOLN_DV08,3069,276,2497,143,0.8136200716845878,0.5181159420289855,0.29550412965560235,0.08993157380254155,0.48188405797101447,133
LINCOLN_DW28,3423,337,2685,157,0.7843996494303243,0.4658753709198813,0.31852427851044296,0.09845165059888986,0.5341246290801187,180
LINCOLN_HC33,3881,380,3016,175,0.7771192991497037,0.4605263157894737,0.31659298336023,0.0979129090440608,0.5394736842105263,205
LINCOLN_IS20,1793,142,1445,66,0.8059118795315114,0.4647887323943662,0.34112314713714526,0.07919687674288901,0.5352112676056338,76
LINCOLN_IS23,2852,339,2252,164,0.7896213183730715,0.4837758112094395,0.30584550716363196,0.11886395511921459,0.5162241887905604,175
LINCOLN_LB34,2855,234,2197,119,0.7695271453590192,0.5085470085470085,0.2609801368120107,0.0819614711033275,0.49145299145299143,115
LINCOLN_LI14,1525,122,1187,54,0.778360655737705,0.4426229508196721,0.33573770491803284,0.08,0.5573770491803278,68
LINCOLN_LN11,1637,104,1248,52,0.7623701893708003,0.5,0.26237018937080026,0.06353084911423336,0.5,52
LINCOLN_LS12,1787,164,1254,78,0.7017347509792949,0.47560975609756095,0.226124994881734,0.09177392277560156,0.524390243902439,86
LINCOLN_LW18,2013,150,1561,64,0.7754595131644312,0.4266666666666667,0.3487928464977645,0.07451564828614009,0.5733333333333334,86
LINCOLN_LW31,5430,344,4339,154,0.7990791896869245,0.4476744186046512,0.3514047710822733,0.06335174953959484,0.5523255813953488,190
LINCOLN_NB35,4001,376,3224,203,0.8057985503624094,0.5398936170212766,0.26590493334113285,0.09397650587353162,0.4601063829787234,173
LINCOLN_OB21,2465,264,1983,150,0.8044624746450304,0.5681818181818182,0.23628065646321217,0.10709939148073022,0.4318181818181818,114
LINCOLN_PC22,2971,310,2289,148,0.7704476607202962,0.4774193548387097,0.29302830588158657,0.10434197239986537,0.5225806451612903,162
LINCOLN_SL24,1854,147,1430,64,0.7713052858683926,0.43537414965986393,0.3359311362085287,0.07928802588996764,0.564625850340136,83
LINCOLN_ST36,3823,357,2794,160,0.730839654721423,0.4481792717086835,0.2826603830127395,0.09338216060685325,0.5518207282913166,197
LINCOLN_TA37,5293,365,4172,179,0.7882108445116192,0.4904109589041096,0.2977998856075096,0.06895900245607406,0.5095890410958904,186
LINCOLN_WP32,7277,659,5628,292,0.7733956300673355,0.44309559939301973,0.33030003067431574,0.09055929641335715,0.5569044006069803,367
MACON_01,2584,183,1919,85,0.7426470588235294,0.4644808743169399,0.27816618450658953,0.0708204334365325,0.5355191256830601,98
MACON_02,1406,149,934,58,0.6642958748221907,0.38926174496644295,0.2750341298557477,0.10597439544807966,0.610738255033557,91
MACON_03,2819,232,1998,107,0.7087619723306137,0.46120689655172414,0.24755507577888952,0.08229868747782902,0.5387931034482759,125
MACON_04,1680,165,1222,66,0.7273809523809524,0.4,0.32738095238095233,0.09821428571428571,0.6,99
MACON_05,2970,258,2176,122,0.7326599326599327,0.4728682170542636,0.2597917156056691,0.08686868686868687,0.5271317829457365,136
MACON_06,2446,182,1835,85,0.750204415372036,0.46703296703296704,0.28317144833906893,0.07440719542109567,0.532967032967033,97
MACON_07,2360,159,1723,71,0.7300847457627119,0.44654088050314467,0.2835438652595672,0.06737288135593221,0.5534591194968553,88
MACON_08,522,27,393,9,0.7528735632183908,0.3333333333333333,0.4195402298850575,0.05172413793103448,0.6666666666666666,18
MACON_09,2744,147,1902,69,0.6931486880466472,0.46938775510204084,0.22376093294460636,0.05357142857142857,0.5306122448979592,78
MACON_10,535,34,383,12,0.7158878504672898,0.35294117647058826,0.3629466739967015,0.06355140186915888,0.6470588235294118,22
MACON_11,3302,267,2409,108,0.7295578437310721,0.4044943820224719,0.32506346170860023,0.08086008479709267,0.5955056179775281,159
MACON_12,2284,149,1690,60,0.7399299474605955,0.40268456375838924,0.33724538370220625,0.06523642732049037,0.5973154362416108,89
MACON_13,678,39,524,24,0.7728613569321534,0.6153846153846154,0.157476741547538,0.05752212389380531,0.38461538461538464,15
MACON_14,815,47,650,21,0.7975460122699386,0.44680851063829785,0.35073750163164075,0.05766871165644172,0.5531914893617021,26
MACON_15,2371,163,1782,76,0.7515816111345424,0.4662576687116564,0.28532394242288595,0.06874736398144243,0.5337423312883436,87
MADISON_BEECH,2886,216,2299,108,0.7966042966042967,0.5,0.29660429660429666,0.07484407484407485,0.5,108
MADISON_EBBS C,1128,78,861,39,0.7632978723404256,0.5,0.26329787234042556,0.06914893617021277,0.5,39
MADISON_GRAPEV,1200,99,913,45,0.7608333333333334,0.45454545454545453,0.30628787878787883,0.0825,0.5454545454545454,54
MADISON_HOT SP,906,82,646,34,0.7130242825607064,0.4146341463414634,0.298390136219243,0.09050772626931568,0.5853658536585366,48
MADISON_LAUREL,977,65,713,32,0.72978505629478,0.49230769230769234,0.23747736398708763,0.06653019447287616,0.5076923076923077,33
MADISON_MARS H,4141,482,3148,247,0.760202849553248,0.5124481327800829,0.24775471677316507,0.11639700555421396,0.487551867219917,235
MADISON_NORTH,2437,180,1860,101,0.763233483791547,0.5611111111111111,0.20212237268043587,0.07386130488305294,0.4388888888888889,79
MADISON_REVERE,292,31,210,17,0.7191780821917808,0.5483870967741935,0.1707909854175873,0.10616438356164383,0.45161290322580644,14
MADISON_SANDY,541,48,413,26,0.7634011090573013,0.5416666666666666,0.22173444239063467,0.08872458410351201,0.4583333333333333,22
MADISON_SOUTH,1090,84,826,42,0.7577981651376147,0.5,0.25779816513761467,0.07706422018348624,0.5,42
MADISON_SPRING,769,33,578,12,0.7516254876462939,0.36363636363636365,0.38798912400993024,0.04291287386215865,0.6363636363636364,21
MADISON_WALNUT,1335,86,1061,49,0.7947565543071161,0.5697674418604651,0.22498911244665099,0.06441947565543071,0.43023255813953487,37
MARTIN_BG,1606,142,1267,75,0.7889165628891657,0.528169014084507,0.26074754880465867,0.08841843088418432,0.47183098591549294,67
MARTIN_CR,1053,126,769,50,0.7302943969610636,0.3968253968253968,0.33346900013566677,0.11965811965811966,0.6031746031746031,76
MARTIN_GRF,1313,109,1098,58,0.8362528560548362,0.5321100917431193,0.30414276431171694,0.08301599390708302,0.46788990825688076,51
MARTIN_GSN,999,64,723,31,0.7237237237237237,0.484375,0.23934872372372373,0.06406406406406406,0.515625,33
MARTIN_HMT,1046,92,754,36,0.7208413001912046,0.391304347826087,0.32953695236511765,0.08795411089866156,0.6086956521739131,56
MARTIN_JMV,2135,215,1652,97,0.7737704918032787,0.4511627906976744,0.3226077011056043,0.10070257611241218,0.5488372093023256,118
MARTIN_RBV,2252,195,1539,58,0.683392539964476,0.29743589743589743,0.3859566425285786,0.08658969804618118,0.7025641025641025,137
MARTIN_WM1,3078,329,2051,107,0.6663417803768681,0.3252279635258359,0.3411138168510322,0.10688758934372969,0.6747720364741642,222
MARTIN_WM2,2929,310,1944,81,0.6637077500853533,0.26129032258064516,0.40241742750470816,0.10583817002389895,0.7387096774193549,229
MCDOWELL_CCREEK,2077,151,1600,66,0.7703418391911411,0.4370860927152318,0.3332557464759093,0.07270101107366393,0.5629139072847682,85
MCDOWELL_DYSART,2659,255,1985,110,0.7465212485896954,0.43137254901960786,0.3151486995700875,0.09590071455434374,0.5686274509803921,145
MCDOWELL_FORT 1,1286,83,966,37,0.7511664074650077,0.4457831325301205,0.30538327493488726,0.0645412130637636,0.5542168674698795,46
MCDOWELL_FORT 2,1916,135,1410,57,0.7359081419624217,0.4222222222222222,0.3136859197401995,0.07045929018789145,0.5777777777777777,78
MCDOWELL_GLENWD,1961,169,1531,86,0.7807241203467619,0.5088757396449705,0.2718483807017914,0.0861805201427843,0.4911242603550296,83
MCDOWELL_HIGGIN,1652,129,1244,60,0.7530266343825666,0.46511627906976744,0.2879103553127991,0.07808716707021791,0.5348837209302325,69
MCDOWELL_M.COVE,1756,165,1308,69,0.744874715261959,0.41818181818181815,0.3266928970801409,0.09396355353075171,0.5818181818181818,96
MCDOWELL_MAR 1,3021,268,2266,126,0.7500827540549487,0.4701492537313433,0.2799335003236054,0.08871234690499835,0.5298507462686567,142
MCDOWELL_MAR 2,1408,116,1002,43,0.7116477272727273,0.3706896551724138,0.3409580721003135,0.08238636363636363,0.6293103448275862,73
MCDOWELL_MAR 3,994,98,707,36,0.7112676056338029,0.3673469387755102,0.34392066685829265,0.09859154929577464,0.6326530612244898,62
MCDOWELL_MAR 4,1209,143,797,55,0.6592224979321754,0.38461538461538464,0.2746071133167907,0.11827956989247312,0.6153846153846154,88
MCDOWELL_MAR 5,1115,133,795,58,0.7130044843049327,0.43609022556390975,0.27691425874102293,0.11928251121076233,0.5639097744360902,75
MCDOWELL_N.COVE,881,56,689,26,0.7820658342792282,0.4642857142857143,0.31778011999351385,0.06356413166855845,0.5357142857142857,30
MCDOWELL_NEBO,2719,238,2077,118,0.7638837808017653,0.4957983193277311,0.2680854614740342,0.08753218094887827,0.5042016806722689,120
MCDOWELL_PLEASA,2119,163,1666,85,0.7862199150542709,0.5214723926380368,0.2647475224162341,0.07692307692307693,0.4785276073619632,78
MCDOWELL_T.COVE,720,54,547,25,0.7597222222222222,0.46296296296296297,0.2967592592592592,0.075,0.5370370370370371,29
MCDOWELL_WEST M,3618,377,2649,136,0.7321724709784412,0.36074270557029176,0.3714297654081494,0.10420121614151465,0.6392572944297082,241
MECKLENBURG_001,1745,161,1366,96,0.7828080229226361,0.5962732919254659,0.18653473099717022,0.09226361031518625,0.40372670807453415,65
MECKLENBURG_002,3586,215,2565,92,0.7152816508644729,0.42790697674418604,0.2873746741202869,0.05995538204127161,0.5720930232558139,123
MECKLENBURG_003,2348,311,1279,83,0.5447189097103918,0.26688102893890675,0.2778378807714851,0.13245315161839863,0.7331189710610932,228
MECKLENBURG_004,2383,277,1514,91,0.6353336130927403,0.3285198555956679,0.3068137574970724,0.11624003357112883,0.6714801444043321,186
MECKLENBURG_005,1698,123,981,40,0.5777385159010601,0.3252032520325203,0.25253526386853975,0.07243816254416961,0.6747967479674797,83
MECKLENBURG_006,2375,251,1246,69,0.5246315789473684,0.2749003984063745,0.24973118054099397,0.10568421052631578,0.7250996015936255,182
MECKLENBURG_007,2171,132,1601,57,0.737448180561953,0.4318181818181818,0.3056299987437712,0.06080147397512667,0.5681818181818182,75
MECKLENBURG_008,2599,343,1999,188,0.7691419776837245,0.5481049562682215,0.22103702141550297,0.13197383609080415,0.4518950437317784,155
MECKLENBURG_009,5793,294,3817,146,0.6588986708095977,0.4965986394557823,0.16230003135381543,0.050750906266183324,0.5034013605442177,148
MECKLENBURG_010,2952,247,2290,133,0.7757452574525745,0.5384615384615384,0.23728371899103606,0.0836720867208672,0.46153846153846156,114
MECKLENBURG_011,11107,1130,6431,389,0.5790042315656793,0.34424778761061947,0.2347564439550598,0.10173764292788331,0.6557522123893805,741
MECKLENBURG_012,3821,726,2193,255,0.5739335252551688,0.3512396694214876,0.22269385583368123,0.19000261711593824,0.6487603305785123,471
MECKLENBURG_013,6190,381,3421,143,0.5526655896607431,0.3753280839895013,0.1773375056712418,0.06155088852988692,0.6246719160104987,238
MECKLENBURG_014,5332,262,3575,117,0.6704801200300075,0.44656488549618323,0.22391523453382423,0.04913728432108027,0.5534351145038168,145
MECKLENBURG_015,4717,183,3430,98,0.7271570913716345,0.5355191256830601,0.19163796568857439,0.03879584481662073,0.4644808743169399,85
MECKLENBURG_016,3095,274,2000,105,0.6462035541195477,0.38321167883211676,0.2629918752874309,0.08852988691437803,0.6167883211678832,169
MECKLENBURG_017,2422,288,1181,60,0.4876135425268373,0.20833333333333334,0.27928020919350394,0.11890999174236168,0.7916666666666666,228
MECKLENBURG_018,1829,193,1508,99,0.8244942591580099,0.5129533678756477,0.3115408912823622,0.10552214324767632,0.48704663212435234,94
MECKLENBURG_019,1926,208,1584,99,0.822429906542056,0.47596153846153844,0.3464683680805176,0.10799584631360332,0.5240384615384616,109
MECKLENBURG_020,2602,287,2073,130,0.796694850115296,0.4529616724738676,0.34373317764142836,0.11029976940814758,0.5470383275261324,157
MECKLENBURG_021,2734,107,1969,39,0.7201901975128018,0.3644859813084112,0.3557042162043906,0.03913679590343819,0.6355140186915887,68
MECKLENBURG_022,11965,1044,6656,328,0.5562891767655662,0.31417624521072796,0.24211293155483826,0.08725449226911826,0.685823754789272,716
MECKLENBURG_023,3431,252,2052,70,0.5980763625765083,0.2777777777777778,0.3202985847987305,0.07344797435150102,0.7222222222222222,182
MECKLENBURG_024,3439,259,1970,68,0.5728409421343413,0.2625482625482625,0.3102926795860788,0.07531259086943878,0.7374517374517374,191
MECKLENBURG_025,2500,248,1306,57,0.5224,0.22983870967741934,0.2925612903225806,0.0992,0.7701612903225806,191
MECKLENBURG_026,4012,430,2580,155,0.6430707876370887,0.36046511627906974,0.28260567135801895,0.10717846460618145,0.6395348837209303,275
MECKLENBURG_027,3418,339,1838,116,0.5377413692217671,0.3421828908554572,0.19555847836630985,0.09918080748976009,0.6578171091445427,223
MECKLENBURG_028,2448,139,1543,40,0.6303104575163399,0.28776978417266186,0.342540673343678,0.056781045751633986,0.7122302158273381,99
MECKLENBURG_029,2239,137,1564,67,0.6985261277355963,0.48905109489051096,0.20947503284508534,0.0611880303707012,0.5109489051094891,70
MECKLENBURG_030,6088,281,4272,134,0.7017082785808147,0.47686832740213525,0.2248399511786795,0.046156373193166886,0.5231316725978647,147
MECKLENBURG_031,2868,256,1647,84,0.5742677824267782,0.328125,0.24614278242677823,0.08926080892608089,0.671875,172
MECKLENBURG_032,2233,280,1841,152,0.8244514106583072,0.5428571428571428,0.28159426780116437,0.12539184952978055,0.45714285714285713,128
MECKLENBURG_033,2280,163,1390,50,0.6096491228070176,0.3067484662576687,0.30290065654934883,0.07149122807017544,0.6932515337423313,113
MECKLENBURG_034,3336,196,2247,61,0.6735611510791367,0.3112244897959184,0.36233666128321834,0.05875299760191847,0.6887755102040817,135
MECKLENBURG_035,2362,220,1801,101,0.7624894157493649,0.4590909090909091,0.3033985066584558,0.09314140558848434,0.5409090909090909,119
MECKLENBURG_036,2791,220,2193,97,0.7857398781798638,0.4409090909090909,0.3448307872707729,0.07882479398065209,0.5590909090909091,123
MECKLENBURG_037,2478,84,1880,33,0.7586763518966909,0.39285714285714285,0.36581920903954807,0.03389830508474576,0.6071428571428571,51
MECKLENBURG_038,2563,124,1548,40,0.6039797112758486,0.3225806451612903,0.2813990661145583,0.048380803745610615,0.6774193548387096,84
MECKLENBURG_039,3438,423,1750,102,0.5090168702734148,0.24113475177304963,0.26788211850036514,0.12303664921465969,0.7588652482269503,321
MECKLENBURG_040,2954,320,1469,87,0.497291807718348,0.271875,0.22541680771834804,0.1083276912660799,0.728125,233
MECKLENBURG_041,2879,341,1592,77,0.5529697811740187,0.22580645161290322,0.3271633295611155,0.11844390413337964,0.7741935483870968,264
MECKLENBURG_042,2914,339,1708,105,0.5861358956760466,0.30973451327433627,0.27640138240171036,0.11633493479752917,0.6902654867256637,234
MECKLENBURG_043,3221,358,1920,94,0.5960881713753493,0.26256983240223464,0.33351833897311467,0.111145606954362,0.7374301675977654,264
MECKLENBURG_044,2032,78,1584,40,0.7795275590551181,0.5128205128205128,0.2667070462346053,0.038385826771653545,0.48717948717948717,38
MECKLENBURG_045,2106,201,1423,72,0.6756885090218424,0.3582089552238806,0.31747955379796183,0.09544159544159544,0.6417910447761194,129
MECKLENBURG_046,3087,195,1982,56,0.6420472951085195,0.28717948717948716,0.3548678079290324,0.06316812439261418,0.7128205128205128,139
MECKLENBURG_047,3235,362,2479,180,0.766306027820711,0.4972375690607735,0.2690684587599375,0.11190108191653787,0.5027624309392266,182
MECKLENBURG_048,2215,352,1800,172,0.8126410835214447,0.48863636363636365,0.32400471988508106,0.15891647855530475,0.5113636363636364,180
MECKLENBURG_049,3638,264,2661,123,0.7314458493677845,0.4659090909090909,0.26553675845869357,0.0725673446948873,0.5340909090909091,141
MECKLENBURG_050,2122,104,1491,34,0.7026390197926484,0.3269230769230769,0.3757159428695715,0.049010367577756835,0.6730769230769231,70
MECKLENBURG_051,3202,170,2354,73,0.7351655215490318,0.4294117647058823,0.3057537568431495,0.05309181761399125,0.5705882352941176,97
MECKLENBURG_052,4436,299,2719,91,0.6129395852119026,0.30434782608695654,0.3085917591249461,0.06740306582506762,0.6956521739130435,208
MECKLENBURG_053,4504,549,2207,139,0.4900088809946714,0.25318761384335153,0.23682126715131985,0.12189165186500889,0.7468123861566485,410
MECKLENBURG_054,3610,246,2143,77,0.5936288088642659,0.3130081300813008,0.28062067878296515,0.06814404432132964,0.6869918699186992,169
MECKLENBURG_055,1830,194,1030,45,0.5628415300546448,0.23195876288659795,0.3308827671680468,0.10601092896174863,0.7680412371134021,149
MECKLENBURG_056,2295,224,1117,61,0.48671023965141613,0.27232142857142855,0.21438881107998758,0.09760348583877995,0.7276785714285714,163
MECKLENBURG_057,2808,116,2248,58,0.8005698005698005,0.5,0.30056980056980054,0.04131054131054131,0.5,58
MECKLENBURG_058,2524,133,1909,56,0.756339144215531,0.42105263157894735,0.3352865126365836,0.052694136291600635,0.5789473684210527,77
MECKLENBURG_059,1400,74,1075,30,0.7678571428571429,0.40540540540540543,0.3624517374517375,0.05285714285714286,0.5945945945945946,44
MECKLENBURG_060,2117,185,1332,66,0.6291922531884743,0.3567567567567568,0.2724354964317175,0.08738781294284365,0.6432432432432432,119
MECKLENBURG_061,2799,182,1825,56,0.6520185780635941,0.3076923076923077,0.3443262703712864,0.06502322257949268,0.6923076923076923,126
MECKLENBURG_062,2413,316,1270,110,0.5263157894736842,0.34810126582278483,0.17821452365089935,0.13095731454620804,0.6518987341772152,206
MECKLENBURG_063,2475,321,1422,84,0.5745454545454546,0.2616822429906542,0.3128632115548004,0.1296969696969697,0.7383177570093458,237
MECKLENBURG_064,1352,91,952,33,0.7041420118343196,0.3626373626373626,0.34150464919695694,0.0673076923076923,0.6373626373626373,58
MECKLENBURG_065,1583,127,1281,69,0.8092229943145925,0.5433070866141733,0.2659159077004193,0.08022741629816804,0.4566929133858268,58
MECKLENBURG_066,1783,141,1458,70,0.8177229388670779,0.49645390070921985,0.32126903815785807,0.07908020190689849,0.5035460992907801,71
MECKLENBURG_067,1672,161,1331,85,0.7960526315789473,0.5279503105590062,0.26810232101994114,0.09629186602870814,0.4720496894409938,76
MECKLENBURG_068,1605,143,997,62,0.621183800623053,0.43356643356643354,0.18761736705661947,0.08909657320872275,0.5664335664335665,81
MECKLENBURG_069,4883,504,3879,275,0.7943886954740937,0.5456349206349206,0.24875377483917316,0.10321523653491706,0.45436507936507936,229
MECKLENBURG_070,2445,267,2031,143,0.8306748466257668,0.5355805243445693,0.2950943222811976,0.10920245398773006,0.46441947565543074,124
MECKLENBURG_071,2694,332,1975,175,0.7331106161841129,0.5271084337349398,0.20600218244917312,0.12323682256867112,0.47289156626506024,157
MECKLENBURG_072,1715,161,1305,75,0.760932944606414,0.4658385093167702,0.29509443528964385,0.09387755102040816,0.5341614906832298,86
MECKLENBURG_073,1939,162,1463,90,0.7545126353790613,0.5555555555555556,0.19895707982350574,0.08354822073233625,0.4444444444444444,72
MECKLENBURG_074,4044,327,2866,166,0.7087042532146389,0.5076452599388379,0.201058993275801,0.08086053412462908,0.4923547400611621,161
MECKLENBURG_075,3678,274,2960,136,0.8047852093529092,0.49635036496350365,0.30843484438940555,0.07449700924415444,0.5036496350364964,138
MECKLENBURG_076,3132,189,2530,97,0.8077905491698595,0.5132275132275133,0.29456303594234623,0.0603448275862069,0.48677248677248675,92
MECKLENBURG_077,3593,399,2070,130,0.576120233787921,0.3258145363408521,0.2503056974470689,0.11104926245477317,0.6741854636591479,269
MECKLENBURG_078.1,4032,336,2397,123,0.5944940476190477,0.36607142857142855,0.22842261904761912,0.08333333333333333,0.6339285714285714,213
MECKLENBURG_079,2460,245,1628,105,0.6617886178861788,0.42857142857142855,0.23321718931475027,0.09959349593495935,0.5714285714285714,140
MECKLENBURG_080,4486,514,2827,174,0.6301827909050379,0.33852140077821014,0.2916613901268278,0.11457868925546144,0.6614785992217899,340
MECKLENBURG_081,5137,548,3146,170,0.6124197002141327,0.3102189781021898,0.30220072211194293,0.10667704886120304,0.6897810218978102,378
MECKLENBURG_082,4088,580,1932,158,0.4726027397260274,0.27241379310344827,0.20018894662257913,0.14187866927592954,0.7275862068965517,422
MECKLENBURG_083,3725,460,2312,156,0.6206711409395973,0.3391304347826087,0.2815407061569886,0.12348993288590604,0.6608695652173913,304
MECKLENBURG_084,2677,302,1475,87,0.5509899140829286,0.28807947019867547,0.26291044388425316,0.11281285020545387,0.7119205298013245,215
MECKLENBURG_085,2715,205,1989,92,0.7325966850828729,0.44878048780487806,0.28381619727799484,0.07550644567219153,0.551219512195122,113
MECKLENBURG_086,2280,295,1901,163,0.8337719298245614,0.5525423728813559,0.2812295569432055,0.12938596491228072,0.44745762711864406,132
MECKLENBURG_087,2966,227,2086,114,0.703304113283884,0.5022026431718062,0.2011014701120778,0.076534052596089,0.4977973568281938,113
MECKLENBURG_088,2953,186,2059,80,0.6972570267524552,0.43010752688172044,0.2671494998707347,0.06298679309177108,0.5698924731182796,106
MECKLENBURG_089,7091,790,4709,283,0.664081229727824,0.35822784810126584,0.3058533816265582,0.11140882809194753,0.6417721518987342,507
MECKLENBURG_090,1765,165,1330,75,0.7535410764872521,0.45454545454545453,0.2989956219417976,0.09348441926345609,0.5454545454545454,90
MECKLENBURG_091,5234,717,4011,345,0.7663354986625908,0.4811715481171548,0.285163950545436,0.13698891860909437,0.5188284518828452,372
MECKLENBURG_092,3331,285,2619,127,0.7862503752626839,0.4456140350877193,0.34063634017496464,0.08555989192434704,0.5543859649122806,158
MECKLENBURG_093,2054,194,1650,99,0.8033106134371957,0.5103092783505154,0.29300133508668025,0.09444985394352483,0.4896907216494845,95
MECKLENBURG_094,2214,217,1433,64,0.6472448057813911,0.29493087557603687,0.35231393020535423,0.0980126467931346,0.7050691244239631,153
MECKLENBURG_095,2195,266,1255,80,0.571753986332574,0.3007518796992481,0.2710021066333259,0.12118451025056948,0.6992481203007519,186
MECKLENBURG_096,2410,124,1837,57,0.7622406639004149,0.4596774193548387,0.3025632445455762,0.051452282157676346,0.5403225806451613,67
MECKLENBURG_097,1564,159,888,63,0.5677749360613811,0.39622641509433965,0.17154852096704143,0.10166240409207161,0.6037735849056604,96
MECKLENBURG_098,3613,414,1925,107,0.5327982286188763,0.2584541062801932,0.27434412233868305,0.11458621644063105,0.7415458937198067,307
MECKLENBURG_099,2419,255,1056,67,0.43654402645721374,0.2627450980392157,0.17379892841799804,0.10541546093427036,0.7372549019607844,188
MECKLENBURG_100,3297,327,2499,164,0.7579617834394905,0.5015290519877675,0.25643273145172296,0.09918107370336669,0.4984709480122324,163
MECKLENBURG_101,2656,192,1882,83,0.7085843373493976,0.4322916666666667,0.27629267068273095,0.07228915662650602,0.5677083333333334,109
MECKLENBURG_102,5256,594,3321,232,0.6318493150684932,0.39057239057239057,0.2412769244961026,0.11301369863013698,0.6094276094276094,362
MECKLENBURG_103,3644,306,2950,147,0.8095499451152579,0.4803921568627451,0.3291577882525128,0.08397365532381998,0.5196078431372549,159
MECKLENBURG_104,3059,353,1849,97,0.6044458973520759,0.2747875354107649,0.329658361941311,0.11539718862373324,0.7252124645892352,256
MECKLENBURG_105,5436,1414,3012,873,0.5540838852097131,0.6173974540311173,-0.06331356882140426,0.2601177336276674,0.3826025459688826,541
MECKLENBURG_106,1794,105,1487,53,0.8288740245261984,0.5047619047619047,0.32411211976429366,0.05852842809364549,0.49523809523809526,52
MECKLENBURG_107.1,4099,450,2765,166,0.6745547694559648,0.3688888888888889,0.30566588056707594,0.10978287387167601,0.6311111111111111,284
MECKLENBURG_108,2713,373,1379,101,0.5082934021378548,0.2707774798927614,0.23751592224509338,0.1374861776631036,0.7292225201072386,272
MECKLENBURG_109,3205,140,2344,66,0.7313572542901716,0.4714285714285714,0.2599286828616002,0.0436817472698908,0.5285714285714286,74
MECKLENBURG_110,1541,145,1223,79,0.7936404931862427,0.5448275862068965,0.24881290697934622,0.09409474367293964,0.45517241379310347,66
MECKLENBURG_111,3269,253,2421,109,0.7405934536555522,0.4308300395256917,0.30976341412986047,0.07739369837870909,0.5691699604743083,144
MECKLENBURG_112,2490,292,1917,133,0.7698795180722892,0.4554794520547945,0.31440006601749465,0.11726907630522089,0.5445205479452054,159
MECKLENBURG_113,3779,440,2960,219,0.7832759989415189,0.49772727272727274,0.28554872621424615,0.11643291876157713,0.5022727272727273,221
MECKLENBURG_114,3106,283,2457,138,0.791049581455248,0.4876325088339223,0.30341707262132567,0.09111397295556986,0.5123674911660777,145
MECKLENBURG_115,1772,209,1118,68,0.6309255079006773,0.3253588516746411,0.3055666562260361,0.11794582392776523,0.6746411483253588,141
MECKLENBURG_116,1761,235,1060,69,0.6019307211811471,0.2936170212765957,0.3083136999045514,0.13344690516751845,0.7063829787234043,166
MECKLENBURG_117,2529,207,1515,69,0.5990510083036773,0.3333333333333333,0.265717674970344,0.08185053380782918,0.6666666666666666,138
MECKLENBURG_118,3268,418,2434,196,0.7447980416156671,0.4688995215311005,0.2758985200845666,0.12790697674418605,0.5311004784688995,222
MECKLENBURG_119,1912,171,1412,72,0.7384937238493724,0.42105263157894735,0.31744109227042505,0.08943514644351465,0.5789473684210527,99
MECKLENBURG_120,2404,251,1156,69,0.480865224625624,0.2749003984063745,0.2059648262192495,0.10440931780366057,0.7250996015936255,182
MECKLENBURG_121,4394,425,3474,210,0.7906235776058261,0.49411764705882355,0.2965059305470026,0.09672280382339554,0.5058823529411764,215
MECKLENBURG_122,6346,497,3984,212,0.6277970375039394,0.42655935613682094,0.2012376813671185,0.07831705011030571,0.5734406438631791,285
MECKLENBURG_123,2701,340,1842,138,0.6819696408737504,0.40588235294117647,0.276087287932574,0.12587930396149574,0.5941176470588235,202
MECKLENBURG_124,2864,274,1742,100,0.6082402234636871,0.36496350364963503,0.24327671981405208,0.09567039106145252,0.635036496350365,174
MECKLENBURG_125,1462,194,936,71,0.640218878248974,0.36597938144329895,0.2742394968056751,0.1326949384404925,0.634020618556701,123
MECKLENBURG_126,4983,545,3063,233,0.6146899458157736,0.42752293577981654,0.1871670100359571,0.10937186433875176,0.5724770642201835,312
MECKLENBURG_127,6428,876,5152,429,0.8014934660858744,0.4897260273972603,0.31176743868861406,0.13627878033602986,0.5102739726027398,447
MECKLENBURG_128,3137,261,2355,123,0.7507172457762193,0.47126436781609193,0.2794528779601274,0.08320051004144087,0.5287356321839081,138
MECKLENBURG_129,1450,119,796,36,0.5489655172413793,0.3025210084033613,0.246444508838018,0.08206896551724138,0.6974789915966386,83
MECKLENBURG_130,2064,204,1226,62,0.5939922480620154,0.30392156862745096,0.2900706794345645,0.09883720930232558,0.696078431372549,142
MECKLENBURG_131,1906,155,1578,79,0.8279118572927597,0.5096774193548387,0.31823443793792106,0.0813221406086044,0.49032258064516127,76
MECKLENBURG_132,3379,462,2065,169,0.6111275525303345,0.3658008658008658,0.24532668672946867,0.13672684226102397,0.6341991341991342,293
MECKLENBURG_133,5997,641,4559,305,0.76021344005336,0.47581903276131043,0.28439440729204957,0.10688677672169418,0.5241809672386896,336
MECKLENBURG_134,7832,661,5622,309,0.7178243105209398,0.46747352496217853,0.2503507855587612,0.0843973442288049,0.5325264750378215,352
MECKLENBURG_135,9032,1147,5562,417,0.6158104517271922,0.36355710549258935,0.2522533462346028,0.12699291408325952,0.6364428945074107,730
MECKLENBURG_136,3326,211,2687,102,0.8078773301262778,0.4834123222748815,0.3244650078513963,0.06343956704750452,0.5165876777251185,109
MECKLENBURG_137,7477,996,5355,466,0.7161963354286478,0.4678714859437751,0.2483248494848727,0.13320850608532833,0.5321285140562249,530
MECKLENBURG_138,4155,389,2329,142,0.5605294825511432,0.36503856041131105,0.19549092213983216,0.09362214199759326,0.6349614395886889,247
MECKLENBURG_139.1,4066,468,2872,232,0.7063453025086079,0.49572649572649574,0.2106188067821122,0.11510083620265617,0.5042735042735043,236
MECKLENBURG_140,6591,782,4501,352,0.6829009255044758,0.45012787723785164,0.23277304826662415,0.11864663935669853,0.5498721227621484,430
MECKLENBURG_141,5178,3370,2783,2143,0.537466203167246,0.6359050445103858,-0.09843884134313974,0.6508304364619544,0.36409495548961424,1227
MECKLENBURG_142,7681,609,5690,301,0.7407889597708631,0.4942528735632184,0.24653608620764472,0.07928655123030855,0.5057471264367817,308
MECKLENBURG_143,6578,761,5071,376,0.7709030100334449,0.4940867279894875,0.27681628204395736,0.11568865916692003,0.5059132720105125,385
MECKLENBURG_144,4336,407,3115,187,0.7184040590405905,0.4594594594594595,0.258944599581131,0.09386531365313654,0.5405405405405406,220
MECKLENBURG_145,11919,1360,8617,664,0.722963335850323,0.48823529411764705,0.23472804173267597,0.11410353217551808,0.5117647058823529,696
MECKLENBURG_146,4857,533,2884,204,0.5937821700638254,0.3827392120075047,0.21104295805632067,0.1097385217212271,0.6172607879924953,329
MECKLENBURG_147,4215,409,2447,134,0.5805456702253855,0.3276283618581907,0.2529173083671948,0.0970344009489917,0.6723716381418093,275
MECKLENBURG_148,12987,1786,8703,739,0.6701316701316701,0.4137737961926092,0.2563578739390609,0.13752213752213752,0.5862262038073908,1047
MECKLENBURG_149,6636,727,4437,316,0.668625678119349,0.4346629986244842,0.23396267949486482,0.1095539481615431,0.5653370013755158,411
MECKLENBURG_150,4286,407,2974,169,0.6938870741950537,0.4152334152334152,0.27865365896163846,0.09496033597760149,0.5847665847665847,238
MECKLENBURG_151,6240,626,4472,300,0.7166666666666667,0.4792332268370607,0.23743343982960596,0.10032051282051282,0.5207667731629393,326
MECKLENBURG_200,3879,302,2715,111,0.699922660479505,0.3675496688741722,0.33237299160533285,0.07785511729827276,0.6324503311258278,191
MECKLENBURG_201,10511,1070,7262,430,0.6908952525925222,0.40186915887850466,0.2890260937140175,0.10179811625915708,0.5981308411214953,640
MECKLENBURG_202,10666,1083,7976,496,0.747796737296081,0.4579870729455217,0.28980966435055927,0.10153759609975624,0.5420129270544783,587
MECKLENBURG_203,9918,1106,6577,467,0.6631377293809235,0.42224231464737794,0.2408954147335456,0.11151441822948176,0.5777576853526221,639
MECKLENBURG_204.1,5872,721,4047,319,0.6892029972752044,0.44244105409153955,0.24676194318366484,0.12278610354223433,0.5575589459084604,402
MECKLENBURG_205,5099,575,3638,246,0.7134732300451069,0.42782608695652175,0.28564714308858513,0.112767209256717,0.5721739130434783,329
MECKLENBURG_206,8892,1726,6012,1191,0.6761133603238867,0.6900347624565469,-0.013921402132660243,0.19410706252811516,0.30996523754345306,535
MECKLENBURG_207,6734,779,5085,363,0.7551232551232552,0.46598202824133506,0.2891412268819201,0.11568161568161568,0.5340179717586649,416
MECKLENBURG_208,5426,647,4255,331,0.7841872465904902,0.5115919629057187,0.2725952836847715,0.11924069295982308,0.4884080370942813,316
MECKLENBURG_209,5623,618,4260,272,0.7576027031833541,0.4401294498381877,0.3174732533451664,0.10990574426462742,0.5598705501618123,346
MECKLENBURG_210,6835,735,4549,285,0.6655449890270666,0.3877551020408163,0.2777898869862503,0.1075347476225311,0.6122448979591837,450
MECKLENBURG_211,12323,1161,7816,472,0.6342611377099732,0.40654608096468564,0.22771505674528753,0.0942140712488842,0.5934539190353144,689
MECKLENBURG_212,15251,1916,9252,858,0.6066487443446331,0.44780793319415446,0.15884081115047866,0.12563110615697332,0.5521920668058455,1058
MECKLENBURG_213,5809,727,3658,248,0.6297125150628335,0.34112792297111416,0.2885845920917194,0.1251506283353417,0.6588720770288858,479
MECKLENBURG_214,3855,415,2752,166,0.7138780804150454,0.4,0.3138780804150454,0.10765239948119326,0.6,249
MECKLENBURG_215,4235,406,3138,184,0.7409681227863046,0.45320197044334976,0.2877661523429549,0.09586776859504133,0.5467980295566502,222
MECKLENBURG_216,5777,527,4249,248,0.735502856153713,0.47058823529411764,0.2649146208595954,0.09122381859096416,0.5294117647058824,279
MECKLENBURG_217,3207,295,2113,114,0.6588712192079825,0.3864406779661017,0.2724305412418808,0.09198628001247272,0.6135593220338983,181
MECKLENBURG_218,3267,308,2489,153,0.7618610345883073,0.4967532467532468,0.26510778783506056,0.09427609427609428,0.5032467532467533,155
MECKLENBURG_219,3185,293,2439,140,0.7657770800627943,0.4778156996587031,0.28796138040409125,0.09199372056514914,0.5221843003412969,153
MECKLENBURG_220,3431,247,2767,121,0.8064704167881084,0.4898785425101215,0.3165918742779869,0.07199067327309822,0.5101214574898786,126
MECKLENBURG_221,5209,518,4258,284,0.8174313687847955,0.5482625482625483,0.2691688205222472,0.09944327126127855,0.4517374517374517,234
MECKLENBURG_222,8363,940,5561,342,0.6649527681454024,0.3638297872340426,0.3011229809113598,0.11239985651082147,0.6361702127659574,598
MECKLENBURG_223.1,8742,989,6223,421,0.7118508350491878,0.4256825075834176,0.2861683274657702,0.11313200640585679,0.5743174924165824,568
MECKLENBURG_224,3810,383,2584,158,0.6782152230971129,0.412532637075718,0.2656825860213949,0.1005249343832021,0.587467362924282,225
MECKLENBURG_225,3348,200,2437,91,0.7278972520908005,0.455,0.27289725209080046,0.05973715651135006,0.545,109
MECKLENBURG_226,4232,293,2947,133,0.6963610586011342,0.4539249146757679,0.24243614392536628,0.069234404536862,0.5460750853242321,160
MECKLENBURG_227,8219,972,5953,429,0.7242973597761285,0.44135802469135804,0.2829393350847705,0.1182625623555177,0.558641975308642,543
MECKLENBURG_228,5030,417,3137,161,0.6236580516898609,0.38609112709832133,0.23756692459153955,0.08290258449304175,0.6139088729016786,256
MECKLENBURG_229,17243,1437,12193,609,0.7071275300121789,0.42379958246346555,0.2833279475487133,0.08333816621237604,0.5762004175365344,828
MECKLENBURG_230,12249,1164,7796,458,0.6364601191934035,0.39347079037800686,0.24298932881539664,0.09502816556453587,0.6065292096219931,706
MECKLENBURG_231,5642,526,3668,212,0.6501240694789082,0.40304182509505704,0.24708224438385118,0.09322935129386742,0.596958174904943,314
MECKLENBURG_232,5415,487,3963,223,0.7318559556786703,0.45790554414784396,0.2739504115308264,0.08993536472760849,0.5420944558521561,264
MECKLENBURG_233,4910,462,4042,238,0.8232179226069246,0.5151515151515151,0.3080664074554095,0.09409368635437881,0.48484848484848486,224
MECKLENBURG_234,3948,470,2720,180,0.6889564336372846,0.3829787234042553,0.30597771023302933,0.11904761904761904,0.6170212765957447,290
MECKLENBURG_235,3742,420,2497,165,0.6672902191341529,0.39285714285714285,0.27443307627701,0.1122394441475147,0.6071428571428571,255
MECKLENBURG_236,6370,607,5060,310,0.7943485086342229,0.5107084019769358,0.2836401066572871,0.09529042386185244,0.48929159802306427,297
MECKLENBURG_237,5777,923,3479,413,0.6022156828803877,0.447453954496208,0.15476172838417973,0.15977150770296,0.5525460455037919,510
MECKLENBURG_238.1,3377,354,2519,160,0.745928338762215,0.4519774011299435,0.2939509376322715,0.10482676932188333,0.5480225988700564,194
MECKLENBURG_239,5076,584,3473,256,0.6842001576044129,0.4383561643835616,0.24584399322085126,0.11505122143420016,0.5616438356164384,328
MECKLENBURG_240,6752,524,4856,236,0.7191943127962085,0.45038167938931295,0.26881263340689554,0.07760663507109004,0.549618320610687,288
MECKLENBURG_241,11414,949,8716,458,0.7636236201156474,0.48261327713382507,0.28101034298182237,0.08314350797266515,0.5173867228661749,491
MECKLENBURG_242,3522,425,2813,231,0.7986939239068711,0.5435294117647059,0.2551645121421652,0.12067007382169222,0.45647058823529413,194
MECKLENBURG_243,12549,1135,8344,451,0.6649135389274046,0.3973568281938326,0.26755671073357196,0.09044545382102159,0.6026431718061674,684
MITCHELL_01-A,1634,134,1309,67,0.8011015911872705,0.5,0.30110159118727053,0.08200734394124846,0.5,67
MITCHELL_02,283,15,217,2,0.7667844522968198,0.13333333333333333,0.6334511189634865,0.053003533568904596,0.8666666666666667,13
MITCHELL_03,545,46,429,26,0.7871559633027523,0.5652173913043478,0.2219385719984045,0.08440366972477065,0.43478260869565216,20
MITCHELL_04,5905,476,4556,210,0.771549534292972,0.4411764705882353,0.33037306370473674,0.08060965283657917,0.5588235294117647,266
MITCHELL_05,839,76,627,36,0.7473182359952324,0.47368421052631576,0.27363402546891663,0.09058402860548272,0.5263157894736842,40
MITCHELL_06,535,33,423,11,0.7906542056074767,0.3333333333333333,0.45732087227414336,0.0616822429906542,0.6666666666666666,22
MITCHELL_07,168,6,128,2,0.7619047619047619,0.3333333333333333,0.42857142857142855,0.03571428571428571,0.6666666666666666,4
MITCHELL_09,1308,87,1013,38,0.7744648318042814,0.4367816091954023,0.33768322260887906,0.06651376146788991,0.5632183908045977,49
MONTGOMERY_BIS,1479,228,1033,78,0.6984448951994591,0.34210526315789475,0.3563396320415643,0.15415821501014199,0.6578947368421053,150
MONTGOMERY_CAN,1415,220,994,88,0.7024734982332156,0.4,0.30247349823321557,0.15547703180212014,0.6,132
MONTGOMERY_CHE,689,57,534,24,0.7750362844702468,0.42105263157894735,0.3539836528912994,0.08272859216255443,0.5789473684210527,33
MONTGOMERY_ELD,1805,85,1471,44,0.8149584487534626,0.5176470588235295,0.2973113899299331,0.04709141274238227,0.4823529411764706,41
MONTGOMERY_LIT,584,61,473,36,0.809931506849315,0.5901639344262295,0.21976757242308553,0.10445205479452055,0.4098360655737705,25
MONTGOMERY_MTG,1605,131,1157,42,0.7208722741433021,0.32061068702290074,0.4002615871204014,0.08161993769470405,0.6793893129770993,89
MONTGOMERY_OPH,287,20,246,9,0.8571428571428571,0.45,0.4071428571428571,0.06968641114982578,0.55,11
MONTGOMERY_PEE,1636,94,1306,42,0.7982885085574573,0.44680851063829785,0.3514799979191594,0.05745721271393643,0.5531914893617021,52
MONTGOMERY_ROC,793,111,522,34,0.6582597730138714,0.3063063063063063,0.3519534667075651,0.13997477931904162,0.6936936936936937,77
MONTGOMERY_STA,1585,165,1252,78,0.7899053627760252,0.4727272727272727,0.31717809004875247,0.10410094637223975,0.5272727272727272,87
MONTGOMERY_T1,1998,210,1479,83,0.7402402402402403,0.3952380952380952,0.34500214500214504,0.10510510510510511,0.6047619047619047,127
MONTGOMERY_T2,1401,127,1084,59,0.7737330478229836,0.4645669291338583,0.3091661186891253,0.09064953604568166,0.5354330708661418,68
MONTGOMERY_UWH,1530,128,1203,60,0.7862745098039216,0.46875,0.31752450980392155,0.08366013071895424,0.53125,68
MONTGOMERY_WAD,457,47,312,18,0.6827133479212254,0.3829787234042553,0.2997346245169701,0.10284463894967177,0.6170212765957447,29
MOORE_BEN,2136,181,1678,85,0.7855805243445693,0.4696132596685083,0.31596726467606095,0.0847378277153558,0.5303867403314917,96
MOORE_CAM,3104,306,2338,139,0.7532216494845361,0.4542483660130719,0.2989732834714642,0.09858247422680412,0.545751633986928,167
MOORE_CAR,6129,636,4691,288,0.7653777125142764,0.4528301886792453,0.31254752383503115,0.10376896720509056,0.5471698113207547,348
MOORE_DHR,1727,196,1412,95,0.8176027793862188,0.4846938775510204,0.33290890183519845,0.11349160393746381,0.5153061224489796,101
MOORE_EAB,3567,304,2367,107,0.663582842724979,0.3519736842105263,0.3116091585144527,0.08522567984300533,0.6480263157894737,197
MOORE_EKWD,1642,118,1206,45,0.7344701583434835,0.3813559322033898,0.3531142261400937,0.07186358099878197,0.6186440677966102,73
MOORE_EUR-WP,4996,564,3829,228,0.7664131305044035,0.40425531914893614,0.3621578113554674,0.11289031224979984,0.5957446808510638,336
MOORE_EWD,1874,190,1474,97,0.7865528281750267,0.5105263157894737,0.276026512385553,0.10138740661686232,0.48947368421052634,93
MOORE_LTR,3662,425,2550,154,0.6963407973784818,0.3623529411764706,0.33398785620201116,0.11605679956308028,0.6376470588235295,271
MOORE_NSP,2814,135,2056,68,0.7306325515280739,0.5037037037037037,0.22692884782437028,0.04797441364605544,0.4962962962962963,67
MOORE_PBF,2552,240,1755,91,0.6876959247648903,0.37916666666666665,0.3085292580982236,0.09404388714733543,0.6208333333333333,149
MOORE_PDN,3686,311,2754,137,0.7471513836136734,0.4405144694533762,0.3066369141602972,0.08437330439500813,0.5594855305466238,174
MOORE_PHA1,3499,271,2671,129,0.7633609602743641,0.47601476014760147,0.2873462001267626,0.07745070020005716,0.5239852398523985,142
MOORE_PHA2,2328,135,1932,54,0.8298969072164949,0.4,0.4298969072164949,0.05798969072164949,0.6,81
MOORE_PHB1A,3248,154,2592,67,0.7980295566502463,0.43506493506493504,0.3629646215853113,0.04741379310344827,0.564935064935065,87
MOORE_PHB2,2453,127,2017,59,0.8222584590297595,0.4645669291338583,0.3576915298959012,0.05177333876885446,0.5354330708661418,68
MOORE_PHC,4537,285,3521,123,0.7760634780692087,0.43157894736842106,0.34448453070078766,0.06281683932113731,0.5684210526315789,162
MOORE_RBN,1369,207,962,85,0.7027027027027027,0.4106280193236715,0.29207468337903125,0.15120525931336742,0.5893719806763285,122
MOORE_SLS,5281,407,4159,179,0.787540238591176,0.4398034398034398,0.34773679878773617,0.07706873698163226,0.5601965601965602,228
MOORE_SSP,4668,358,3158,132,0.6765209940017138,0.3687150837988827,0.30780591020283116,0.0766923736075407,0.6312849162011173,226
MOORE_TLT,525,35,369,12,0.7028571428571428,0.34285714285714286,0.36,0.06666666666666667,0.6571428571428571,23
MOORE_VSS,2535,275,1819,102,0.7175542406311637,0.3709090909090909,0.3466451497220728,0.10848126232741617,0.6290909090909091,173
MOORE_WAB,4318,366,2876,108,0.666049096804076,0.29508196721311475,0.37096712959096123,0.08476146364057434,0.7049180327868853,258
MOORE_WEM,2050,193,1700,92,0.8292682926829268,0.47668393782383417,0.3525843548590926,0.09414634146341463,0.5233160621761658,101
MOORE_WKWD1,2947,163,2237,75,0.7590770274855786,0.4601226993865031,0.2989543280990755,0.05531048523922633,0.5398773006134969,88
MOORE_WND,3438,306,2632,135,0.7655613728912158,0.4411764705882353,0.32438490230298056,0.08900523560209424,0.5588235294117647,171
NASH_P01A,3618,384,2720,162,0.7517965726920951,0.421875,0.3299215726920951,0.10613598673300166,0.578125,222
NASH_P02A,2756,314,1978,127,0.7177068214804064,0.40445859872611467,0.31324822275429176,0.11393323657474601,0.5955414012738853,187
NASH_P03A,2036,252,1529,118,0.7509823182711198,0.46825396825396826,0.2827283500171516,0.1237721021611002,0.5317460317460317,134
NASH_P04A,2018,272,1515,116,0.7507433102081269,0.4264705882352941,0.3242727219728328,0.13478691774033696,0.5735294117647058,156
NASH_P05A,3150,306,2632,185,0.8355555555555556,0.6045751633986928,0.23098039215686283,0.09714285714285714,0.3954248366013072,121
NASH_P06A,3219,305,2400,115,0.7455731593662628,0.3770491803278688,0.36852397903839396,0.09474992233612924,0.6229508196721312,190
NASH_P07A,874,76,712,41,0.8146453089244852,0.5394736842105263,0.27517162471395884,0.08695652173913043,0.4605263157894737,35
NASH_P08A,7238,660,5635,311,0.7785299806576402,0.4712121212121212,0.30731785944551904,0.0911854103343465,0.5287878787878788,349
NASH_P09A,1458,145,1127,72,0.7729766803840878,0.496551724137931,0.2764249562461568,0.09945130315500686,0.503448275862069,73
NASH_P10A,2051,186,1583,93,0.7718186250609459,0.5,0.2718186250609459,0.09068746952705997,0.5,93
NASH_P11A,3272,328,2725,190,0.8328239608801956,0.5792682926829268,0.2535556681972688,0.10024449877750612,0.42073170731707316,138
NASH_P12A,1058,81,837,35,0.7911153119092628,0.43209876543209874,0.359016546477164,0.07655954631379962,0.5679012345679012,46
NASH_P13A,781,66,570,27,0.7298335467349552,0.4090909090909091,0.32074263764404604,0.08450704225352113,0.5909090909090909,39
NASH_P14A,1766,192,1380,84,0.7814269535673839,0.4375,0.3439269535673839,0.1087202718006795,0.5625,108
NASH_P15A,4515,452,3553,216,0.7869324473975636,0.4778761061946903,0.30905634120287334,0.10011074197120709,0.5221238938053098,236
NASH_P16A,2456,290,1689,103,0.6877035830618893,0.35517241379310344,0.33253116926878584,0.11807817589576547,0.6448275862068965,187
NASH_P17A,4374,405,2942,150,0.6726108824874257,0.37037037037037035,0.3022405121170554,0.09259259259259259,0.6296296296296297,255
NASH_P18A,3048,246,2114,100,0.6935695538057742,0.4065040650406504,0.28706548876512383,0.08070866141732283,0.5934959349593496,146
NASH_P19A,5716,531,4323,235,0.7562981105668299,0.4425612052730697,0.31373690529376025,0.09289713086074178,0.5574387947269304,296
NASH_P20A,2853,245,2060,98,0.7220469681037505,0.4,0.32204696810375044,0.0858745180511742,0.6,147
NASH_P21A,3233,301,1938,102,0.599443241571296,0.3388704318936877,0.2605728096776083,0.0931023816888339,0.6611295681063123,199
NASH_P22A,2545,226,1205,48,0.47347740667976423,0.21238938053097345,0.2610880261487908,0.08880157170923379,0.7876106194690266,178
NASH_P23A,3782,365,2066,97,0.5462718138551031,0.26575342465753427,0.2805183891975689,0.0965097831835008,0.7342465753424657,268
NASH_P24A,3375,313,2519,137,0.7463703703703704,0.43769968051118213,0.3086706898591882,0.09274074074074073,0.5623003194888179,176
NEW HANOVER_CF01,5917,444,4511,193,0.7623795842487747,0.4346846846846847,0.32769489956409004,0.07503802602670272,0.5653153153153153,251
NEW HANOVER_CF02,3309,317,2433,128,0.7352674524025385,0.4037854889589905,0.331481963443548,0.09579933514656996,0.5962145110410094,189
NEW HANOVER_CF05,3912,347,2661,138,0.6802147239263804,0.3976945244956772,0.28252019943070317,0.08870143149284254,0.6023054755043228,209
NEW HANOVER_CF06,3168,320,2324,132,0.7335858585858586,0.4125,0.3210858585858586,0.10101010101010101,0.5875,188
NEW HANOVER_FP03,2017,111,1565,58,0.7759048091224591,0.5225225225225225,0.25338228659993656,0.05503222607833416,0.4774774774774775,53
NEW HANOVER_FP04,6703,636,5194,311,0.7748769207817395,0.4889937106918239,0.28588321008991563,0.09488288825898851,0.5110062893081762,325
NEW HANOVER_FP06,4656,460,3403,216,0.7308848797250859,0.46956521739130436,0.2613196623337815,0.09879725085910653,0.5304347826086957,244
NEW HANOVER_FP07,6015,557,4648,268,0.7727348295926849,0.48114901256732495,0.29158581702535996,0.09260182876142976,0.518850987432675,289
NEW HANOVER_FP08,6138,405,4655,199,0.7583903551645487,0.49135802469135803,0.26703233047319064,0.06598240469208211,0.508641975308642,206
NEW HANOVER_H01,1740,157,1273,66,0.7316091954022989,0.42038216560509556,0.3112270297972033,0.09022988505747126,0.5796178343949044,91
NEW HANOVER_H02,4842,345,3886,165,0.8025609252375052,0.4782608695652174,0.3243000556722878,0.07125154894671623,0.5217391304347826,180
NEW HANOVER_H04,4561,448,3448,268,0.7559745669809252,0.5982142857142857,0.15776028126663955,0.09822407366805525,0.4017857142857143,180
NEW HANOVER_H05,4311,250,3194,127,0.740895383901647,0.508,0.232895383901647,0.05799118533982835,0.492,123
NEW HANOVER_H06,3599,294,2655,129,0.7377049180327869,0.4387755102040816,0.2989294078287053,0.08168935815504307,0.5612244897959183,165
NEW HANOVER_H08,6773,633,5508,293,0.813228997490034,0.4628751974723539,0.3503538000176801,0.09345932378561937,0.5371248025276462,340
NEW HANOVER_H10,4794,487,3298,213,0.6879432624113475,0.43737166324435317,0.25057159916699434,0.10158531497705466,0.5626283367556468,274
NEW HANOVER_H11,7526,724,5426,304,0.7209673133138453,0.4198895027624309,0.3010778105514144,0.09619984055275047,0.580110497237569,420
NEW HANOVER_H12,4400,436,3367,212,0.7652272727272728,0.48623853211009177,0.278988740617181,0.09909090909090909,0.5137614678899083,224
NEW HANOVER_H13,5654,414,4599,198,0.8134064379200566,0.4782608695652174,0.3351455683548392,0.07322249734701096,0.5217391304347826,216
NEW HANOVER_M02,6940,728,5542,368,0.7985590778097983,0.5054945054945055,0.2930645723152928,0.10489913544668587,0.4945054945054945,360
NEW HANOVER_M03,7896,540,5877,239,0.7443009118541033,0.4425925925925926,0.3017083192615107,0.06838905775075987,0.5574074074074075,301
NEW HANOVER_M04,7349,702,5440,314,0.7402367669070622,0.4472934472934473,0.2929433196136149,0.09552320043543339,0.5527065527065527,388
NEW HANOVER_M06,3052,206,2414,87,0.790956749672346,0.4223300970873786,0.36862665258496735,0.0674967234600262,0.5776699029126213,119
NEW HANOVER_M07,2782,178,2305,85,0.8285406182602444,0.47752808988764045,0.35101252837260394,0.06398274622573688,0.5224719101123596,93
NEW HANOVER_W03,2495,149,1520,57,0.6092184368737475,0.3825503355704698,0.22666810130327775,0.059719438877755514,0.6174496644295302,92
NEW HANOVER_W08,1878,141,1026,42,0.5463258785942492,0.2978723404255319,0.2484535381687173,0.07507987220447285,0.7021276595744681,99
NEW HANOVER_W12,2006,199,1478,105,0.7367896311066799,0.5276381909547738,0.20915144015190612,0.0992023928215354,0.4723618090452261,94
NEW HANOVER_W15,6494,852,3173,281,0.4886048660301817,0.32981220657276994,0.15879265945741178,0.13119802894979982,0.67018779342723,571
NEW HANOVER_W16,3482,299,2697,141,0.7745548535324526,0.47157190635451507,0.3029829471779375,0.08587018954623779,0.5284280936454849,158
NEW HANOVER_W17,2393,215,1862,110,0.7781027998328458,0.5116279069767442,0.2664748928561016,0.08984538236523193,0.4883720930232558,105
NEW HANOVER_W21,5333,371,3608,182,0.6765422838927433,0.49056603773584906,0.18597624615689423,0.0695668479279955,0.5094339622641509,189
NEW HANOVER_W25,5143,296,3327,127,0.6468986972584095,0.42905405405405406,0.21784464320435548,0.05755395683453238,0.5709459459459459,169
NEW HANOVER_W26,2935,187,1819,63,0.6197614991482112,0.33689839572192515,0.28286310342628607,0.0637137989778535,0.6631016042780749,124
NEW HANOVER_W27,3229,189,2338,77,0.7240631774543203,0.4074074074074074,0.31665577004691287,0.058532053267265405,0.5925925925925926,112
NEW HANOVER_W29,3795,324,2071,79,0.5457180500658761,0.24382716049382716,0.301890889572049,0.08537549407114625,0.7561728395061729,245
NEW HANOVER_W30,5996,500,3941,224,0.6572715143428952,0.448,0.2092715143428952,0.08338892595063375,0.552,276
NEW HANOVER_W31,4534,377,3454,196,0.7617997353330392,0.519893899204244,0.24190583612879524,0.0831495368328187,0.48010610079575594,181
NEW HANOVER_W33,5868,685,4617,337,0.7868098159509203,0.491970802919708,0.29483901303121224,0.1167348329925017,0.5080291970802919,348
NEW HANOVER_W34,6678,2929,4098,2049,0.6136567834681043,0.6995561625128031,-0.0858993790446988,0.4386043725666367,0.300443837487197,880
NEW HANOVER_W35,5195,867,3390,501,0.6525505293551492,0.5778546712802768,0.07469585807487245,0.16689124157844082,0.42214532871972316,366
NEW HANOVER_WB,2119,190,1715,108,0.8093440302029259,0.5684210526315789,0.24092297757134695,0.08966493629070316,0.43157894736842106,82
NORTHAMPTON_COMIPE,1179,73,926,33,0.7854113655640373,0.4520547945205479,0.3333565710434894,0.06191687871077184,0.547945205479452,40
NORTHAMPTON_CREEKS,543,40,430,19,0.7918968692449355,0.475,0.31689686924493554,0.07366482504604052,0.525,21
NORTHAMPTON_GALATI,566,39,415,12,0.7332155477031802,0.3076923076923077,0.4255232400108725,0.06890459363957598,0.6923076923076923,27
NORTHAMPTON_GAPL,1876,137,1237,42,0.6593816631130064,0.30656934306569344,0.35281232004731294,0.0730277185501066,0.6934306569343066,95
NORTHAMPTON_GASTON,2489,211,1649,65,0.6625150662916834,0.3080568720379147,0.35445819425376873,0.08477300120530333,0.6919431279620853,146
NORTHAMPTON_JARE,817,49,614,12,0.7515299877600979,0.24489795918367346,0.5066320285764245,0.05997552019583843,0.7551020408163265,37
NORTHAMPTON_LAKE G,1390,51,1034,18,0.7438848920863309,0.35294117647058826,0.39094371561574265,0.03669064748201439,0.6470588235294118,33
NORTHAMPTON_LASKER,224,13,181,5,0.8080357142857143,0.38461538461538464,0.42342032967032966,0.05803571428571429,0.6153846153846154,8
NORTHAMPTON_NEWTOW,489,40,376,14,0.7689161554192229,0.35,0.4189161554192229,0.081799591002045,0.65,26
NORTHAMPTON_RICH S,1199,93,816,21,0.6805671392827356,0.22580645161290322,0.45476068766983235,0.07756463719766472,0.7741935483870968,72
NORTHAMPTON_SEABOA,896,80,602,29,0.671875,0.3625,0.309375,0.08928571428571429,0.6375,51
NORTHAMPTON_SEVERN,326,20,250,10,0.7668711656441718,0.5,0.2668711656441718,0.06134969325153374,0.5,10
NORTHAMPTON_WOPO,740,54,489,18,0.6608108108108108,0.3333333333333333,0.3274774774774775,0.07297297297297298,0.6666666666666666,36
ONSLOW_BC21,6987,724,4323,218,0.6187204808930872,0.3011049723756906,0.31761550851739656,0.10362101044797481,0.6988950276243094,506
ONSLOW_BM08,8437,1051,4808,283,0.5698708071589428,0.269267364414843,0.3006034427440998,0.12457034490932796,0.730732635585157,768
ONSLOW_CL10,3840,404,2433,139,0.63359375,0.34405940594059403,0.2895343440594059,0.10520833333333333,0.655940594059406,265
ONSLOW_CR07,6199,667,3593,195,0.5796096144539442,0.29235382308845576,0.28725579136548846,0.10759799967736731,0.7076461769115442,472
ONSLOW_EN03,14319,1980,7529,549,0.5258048746420839,0.2772727272727273,0.24853214736935664,0.13827781269641734,0.7227272727272728,1431
ONSLOW_FS16,6414,478,4268,172,0.6654193950732772,0.3598326359832636,0.3055867590900136,0.07452447770502027,0.6401673640167364,306
ONSLOW_GB12,6543,818,4265,281,0.6518416628457894,0.343520782396088,0.30832088044970135,0.1250191043863671,0.656479217603912,537
ONSLOW_HM05,5584,674,3329,195,0.5961676217765043,0.2893175074183976,0.30685011435810666,0.12070200573065902,0.7106824925816023,479
ONSLOW_HN14,3310,352,2135,119,0.6450151057401813,0.3380681818181818,0.30694692392199946,0.10634441087613293,0.6619318181818182,233
ONSLOW_HR17,4612,363,3165,139,0.6862532523850824,0.38292011019283745,0.30333314219224494,0.07870771899392888,0.6170798898071626,224
ONSLOW_HU20,4609,525,2765,135,0.5999132132783684,0.2571428571428571,0.3427703561355113,0.11390757214146235,0.7428571428571429,390
ONSLOW_JA01,9144,2553,3086,569,0.3374890638670166,0.2228750489620055,0.11461401490501111,0.2791994750656168,0.7771249510379945,1984
ONSLOW_ML23,1376,124,948,44,0.688953488372093,0.3548387096774194,0.33411477869467365,0.09011627906976744,0.6451612903225806,80
ONSLOW_MT24,2778,237,1982,88,0.7134629229661628,0.37130801687763715,0.3421549060885256,0.08531317494600432,0.6286919831223629,149
ONSLOW_NE22A,6109,795,3304,214,0.5408413815681781,0.2691823899371069,0.27165899163107116,0.13013586511704042,0.730817610062893,581
ONSLOW_NE22B,6934,793,4117,247,0.5937409864436112,0.3114754098360656,0.2822655766075456,0.11436400346120565,0.6885245901639344,546
ONSLOW_NM13,1232,127,896,51,0.7272727272727273,0.4015748031496063,0.325697924123121,0.10308441558441558,0.5984251968503937,76
ONSLOW_NR02,2005,232,844,46,0.42094763092269327,0.19827586206896552,0.22267176885372775,0.11571072319201996,0.8017241379310345,186
ONSLOW_RL09,7326,859,4801,274,0.6553371553371553,0.3189755529685681,0.3363616023685872,0.11725361725361726,0.681024447031432,585
ONSLOW_SF18,7521,609,5016,202,0.6669325887514959,0.33169129720853857,0.3352412915429573,0.08097327483047467,0.6683087027914614,407
ONSLOW_SW19,6147,573,4423,196,0.7195379860094355,0.34205933682373474,0.3774786491857008,0.09321620302586628,0.6579406631762653,377
ONSLOW_TL06,4473,465,2844,141,0.635814889336016,0.3032258064516129,0.33258908288440314,0.10395707578806171,0.6967741935483871,324
ONSLOW_VR15,2594,275,1667,99,0.6426368542791057,0.36,0.2826368542791057,0.10601387818041634,0.64,176
ONSLOW_WN04,5387,594,3654,201,0.6782996101726378,0.3383838383838384,0.33991577178879945,0.11026545387042881,0.6616161616161617,393
ORANGE_CA,1194,98,985,55,0.8249581239530989,0.5612244897959183,0.26373363415718054,0.08207705192629816,0.4387755102040816,43
ORANGE_CB1,3422,320,2436,196,0.711864406779661,0.6125,0.09936440677966096,0.09351256575102279,0.3875,124
ORANGE_CF1,4793,601,3478,318,0.7256415606092218,0.5291181364392679,0.19652342416995394,0.12539119549342792,0.47088186356073214,283
ORANGE_CG,1740,153,1421,81,0.8166666666666667,0.5294117647058824,0.2872549019607843,0.08793103448275862,0.47058823529411764,72
ORANGE_CH,1319,138,1057,91,0.8013646702047005,0.6594202898550725,0.14194438034962797,0.10462471569370735,0.34057971014492755,47
ORANGE_CO,2872,471,2122,328,0.7388579387186629,0.6963906581740976,0.04246728054456528,0.16399721448467966,0.3036093418259023,143
ORANGE_CS1,1826,175,1564,98,0.8565169769989047,0.56,0.29651697699890467,0.09583789704271632,0.44,77
ORANGE_CW,3005,257,2555,135,0.8502495840266223,0.5252918287937743,0.324957755232848,0.08552412645590682,0.47470817120622566,122
ORANGE_CX,7213,691,5568,293,0.7719395535838071,0.4240231548480463,0.34791639873576075,0.09579925135172605,0.5759768451519537,398
ORANGE_DA,3206,435,2570,238,0.801621958827199,0.5471264367816092,0.2544955220455898,0.13568309419837804,0.4528735632183908,197
ORANGE_DM,2518,322,1762,181,0.6997617156473391,0.562111801242236,0.1376499144051031,0.1278792692613185,0.43788819875776397,141
ORANGE_EA1,2501,793,1612,662,0.6445421831267493,0.8348045397225725,-0.19026235659582325,0.3170731707317073,0.16519546027742749,131
ORANGE_EF,2240,200,1871,102,0.8352678571428571,0.51,0.3252678571428571,0.08928571428571429,0.49,98
ORANGE_EH,2417,336,1802,232,0.7455523376086057,0.6904761904761905,0.055076147132415265,0.13901530823334712,0.30952380952380953,104
ORANGE_ENO,2540,337,1963,160,0.7728346456692914,0.47477744807121663,0.29805719759807475,0.13267716535433072,0.5252225519287834,177
ORANGE_ES,2146,198,1592,101,0.7418452935694315,0.51010101010101,0.23174428346842146,0.09226467847157502,0.4898989898989899,97
ORANGE_GB,4859,525,3681,266,0.7575632846264664,0.5066666666666667,0.2508966179597997,0.10804692323523359,0.49333333333333335,259
ORANGE_GL,2614,354,1963,193,0.750956388676358,0.5451977401129944,0.20575864856336368,0.135424636572303,0.4548022598870056,161
ORANGE_H,1438,98,1225,58,0.8518776077885952,0.5918367346938775,0.2600408730947177,0.06815020862308763,0.40816326530612246,40
ORANGE_HE,2171,157,1729,67,0.7964071856287425,0.4267515923566879,0.36965559327205455,0.07231690465223399,0.5732484076433121,90
ORANGE_HF,3144,522,2490,285,0.7919847328244275,0.5459770114942529,0.24600772133017457,0.16603053435114504,0.4540229885057471,237
ORANGE_HN,2918,327,2449,178,0.839273474982865,0.5443425076452599,0.29493096733760504,0.11206305688827964,0.45565749235474007,149
ORANGE_KM,2229,247,1820,140,0.816509645580978,0.5668016194331984,0.24970802614777965,0.11081202332884701,0.4331983805668016,107
ORANGE_NC,2675,325,2280,194,0.8523364485981308,0.5969230769230769,0.25541337167505396,0.12149532710280374,0.40307692307692305,131
ORANGE_NS,2608,906,1597,765,0.6123466257668712,0.8443708609271523,-0.23202423516028114,0.3473926380368098,0.15562913907284767,141
ORANGE_OG,3665,279,3097,148,0.8450204638472033,0.5304659498207885,0.31455451402641477,0.07612551159618008,0.46953405017921146,131
ORANGE_OW1,3360,447,2170,261,0.6458333333333334,0.5838926174496645,0.061940715883668895,0.13303571428571428,0.4161073825503356,186
ORANGE_PA,3200,354,2657,190,0.8303125,0.536723163841808,0.29358933615819205,0.110625,0.4632768361581921,164
ORANGE_RE,4052,578,2920,305,0.7206317867719645,0.527681660899654,0.19295012587231053,0.14264560710760119,0.47231833910034604,273
ORANGE_RF,2612,319,1856,163,0.7105666156202144,0.5109717868338558,0.1995948287863586,0.12212863705972435,0.4890282131661442,156
ORANGE_SJ,3048,314,2499,160,0.8198818897637795,0.5095541401273885,0.310327749636391,0.10301837270341208,0.49044585987261147,154
ORANGE_SM,2656,239,2252,142,0.8478915662650602,0.5941422594142259,0.2537493068508343,0.08998493975903614,0.40585774058577406,97
ORANGE_TH1,2175,228,1584,140,0.7282758620689656,0.6140350877192983,0.11424077434966728,0.10482758620689656,0.38596491228070173,88
ORANGE_TO,1510,127,1256,65,0.8317880794701987,0.5118110236220472,0.3199770558481515,0.08410596026490066,0.4881889763779528,62
ORANGE_UNC,5356,3188,3810,2536,0.7113517550410754,0.795483061480552,-0.08413130643947664,0.5952203136669156,0.20451693851944794,652
ORANGE_WC,1825,162,1457,80,0.7983561643835616,0.49382716049382713,0.3045290038897345,0.08876712328767124,0.5061728395061729,82
ORANGE_WD,2927,326,2164,178,0.7393235394601981,0.5460122699386503,0.19331126952154787,0.11137683635121284,0.4539877300613497,148
ORANGE_WDS,436,0,413,0,0.9472477064220184,0.0,0.0,0.0,0.0,0
ORANGE_WH,2277,199,1674,80,0.7351778656126482,0.4020100502512563,0.3331678153613919,0.08739569609134827,0.5979899497487438,119
ORANGE_WW1,3062,693,1952,538,0.6374918354016982,0.7763347763347763,-0.13884294093307814,0.2263226649248857,0.22366522366522368,155
PAMLICO_1CR,1512,151,1145,77,0.7572751322751323,0.5099337748344371,0.2473413574406952,0.09986772486772487,0.4900662251655629,74
PAMLICO_1RB,1538,145,1142,56,0.7425227568270482,0.38620689655172413,0.356315860275324,0.09427828348504551,0.6137931034482759,89
PAMLICO_2OT,2226,65,1780,29,0.7996406109613656,0.4461538461538462,0.35348676480751945,0.029200359389038633,0.5538461538461539,36
PAMLICO_3CH,1890,148,1389,58,0.734920634920635,0.3918918918918919,0.3430287430287431,0.07830687830687831,0.6081081081081081,90
PAMLICO_4BR,577,48,403,15,0.6984402079722704,0.3125,0.38594020797227035,0.0831889081455806,0.6875,33
PAMLICO_5AP,2536,131,2013,57,0.793769716088328,0.4351145038167939,0.35865521227153413,0.05165615141955836,0.5648854961832062,74
PASQUOTANK_EAST,3738,361,2305,119,0.6166399143927234,0.3296398891966759,0.28700002519604745,0.09657570893525949,0.6703601108033241,242
PASQUOTANK_MH,5136,552,3485,189,0.6785436137071651,0.3423913043478261,0.336152309359339,0.10747663551401869,0.657608695652174,363
PASQUOTANK_NEW,2156,191,1506,76,0.6985157699443414,0.39790575916230364,0.30061001078203775,0.08858998144712431,0.6020942408376964,115
PASQUOTANK_NIX,4073,349,3077,151,0.7554628038301007,0.4326647564469914,0.32279804738310924,0.08568622636876995,0.5673352435530086,198
PASQUOTANK_NORTH,2607,309,1358,90,0.5209052550824703,0.2912621359223301,0.22964311916014024,0.11852704257767549,0.7087378640776699,219
PASQUOTANK_PRO,5540,526,3826,203,0.6906137184115524,0.38593155893536124,0.30468215947619115,0.09494584837545127,0.6140684410646388,323
PASQUOTANK_SAL,1313,121,987,47,0.7517136329017517,0.3884297520661157,0.36328388083563606,0.09215536938309216,0.6115702479338843,74
PASQUOTANK_SOUTH,3396,873,1822,316,0.5365135453474676,0.3619702176403207,0.17454332770714692,0.2570671378091873,0.6380297823596792,557
PASQUOTANK_WEST,2999,351,1608,93,0.5361787262420807,0.26495726495726496,0.2712214612848158,0.11703901300433478,0.7350427350427351,258
PENDER_BW01,6021,526,4217,200,0.7003819963461219,0.38022813688212925,0.3201538594639926,0.08736090350440126,0.6197718631178707,326
PENDER_CL05,1533,134,1079,50,0.7038486627527724,0.373134328358209,0.3307143343945634,0.08741030658838878,0.6268656716417911,84
PENDER_LT18,6639,725,4959,303,0.7469498418436512,0.41793103448275865,0.32901880736089256,0.10920319325199579,0.5820689655172414,422
PENDER_MC07,3029,279,2104,107,0.6946186860349951,0.3835125448028674,0.3111061412321277,0.09210960713106636,0.6164874551971327,172
PENDER_MT19,4422,381,3272,170,0.7399366802351877,0.4461942257217848,0.29374245451340286,0.08616010854816825,0.5538057742782152,211
PENDER_PL18,3007,302,2155,125,0.7166611240438976,0.4139072847682119,0.30275383927568567,0.10043232457598936,0.5860927152317881,177
PENDER_RP21,7785,852,5427,325,0.6971098265895954,0.3814553990610329,0.31565442752856254,0.10944123314065511,0.6185446009389671,527
PENDER_SC13,5657,472,4010,186,0.7088562842496022,0.3940677966101695,0.31478848763943273,0.08343645041541453,0.6059322033898306,286
PENDER_SH12,3183,286,2322,140,0.7295004712535345,0.48951048951048953,0.23998998174304492,0.08985234055922087,0.5104895104895105,146
PENDER_SP15,6230,631,4334,252,0.6956661316211878,0.3993660855784469,0.29630004604274096,0.10128410914927768,0.6006339144215531,379
PENDER_UH08,863,65,572,24,0.6628041714947857,0.36923076923076925,0.2935734022640164,0.07531865585168018,0.6307692307692307,41
PENDER_UT14,5756,598,4266,268,0.7411396803335649,0.44816053511705684,0.2929791452165081,0.1038915913829048,0.5518394648829431,330
PERQUIMANS_BELVID,786,78,585,37,0.7442748091603053,0.47435897435897434,0.26991583480133097,0.09923664122137404,0.5256410256410257,41
PERQUIMANS_BETHEL,3080,161,2167,53,0.7035714285714286,0.32919254658385094,0.3743788819875777,0.05227272727272727,0.6708074534161491,108
PERQUIMANS_EAST H,1016,109,635,33,0.625,0.30275229357798167,0.32224770642201833,0.10728346456692914,0.6972477064220184,76
PERQUIMANS_NEW HO,2706,197,1984,67,0.7331855136733185,0.3401015228426396,0.3930839908306789,0.07280118255728012,0.6598984771573604,130
PERQUIMANS_NICANO,237,21,194,12,0.8185654008438819,0.5714285714285714,0.24713682941531046,0.08860759493670886,0.42857142857142855,9
PERQUIMANS_PARKVI,1885,143,1385,51,0.7347480106100795,0.35664335664335667,0.3781046539667229,0.07586206896551724,0.6433566433566433,92
PERQUIMANS_WEST H,911,91,642,34,0.7047200878155873,0.37362637362637363,0.33109371418921363,0.09989023051591657,0.6263736263736264,57
PERSON_ALVI,2205,200,1670,97,0.7573696145124716,0.485,0.27236961451247166,0.09070294784580499,0.515,103
PERSON_CUCL,1924,112,1530,65,0.7952182952182952,0.5803571428571429,0.21486115236115233,0.058212058212058215,0.41964285714285715,47
PERSON_FLHE,5661,488,4462,236,0.7881999646705529,0.48360655737704916,0.3045934072935037,0.08620385090973326,0.5163934426229508,252
PERSON_HLWY,1100,91,880,46,0.8,0.5054945054945055,0.29450549450549457,0.08272727272727273,0.4945054945054945,45
PERSON_MTTZ,2595,191,2042,95,0.786897880539499,0.4973821989528796,0.28951568158661944,0.07360308285163776,0.5026178010471204,96
PERSON_OLHI,1662,141,1360,79,0.8182912154031288,0.5602836879432624,0.2580075274598663,0.08483754512635379,0.4397163120567376,62
PERSON_PNTH,4059,340,2836,153,0.6986942596698694,0.45,0.2486942596698694,0.08376447400837644,0.55,187
PERSON_RCOB,4073,352,3079,172,0.7559538423766266,0.48863636363636365,0.2673174787402629,0.0864227841885588,0.5113636363636364,180
PERSON_ROXL,1908,132,1388,54,0.7274633123689728,0.4090909090909091,0.31837240327806365,0.06918238993710692,0.5909090909090909,78
PERSON_SWST,1972,145,1646,83,0.834685598377282,0.5724137931034483,0.26227180527383365,0.07352941176470588,0.42758620689655175,62
PERSON_WDSD,1131,83,877,37,0.7754199823165341,0.4457831325301205,0.3296368497864136,0.07338638373121131,0.5542168674698795,46
PITT_0101,4302,410,3060,159,0.7112970711297071,0.3878048780487805,0.3234921930809266,0.09530450953045096,0.6121951219512195,251
PITT_0200A,3187,331,2365,135,0.7420771885786006,0.4078549848942598,0.3342222036843408,0.10385942893002824,0.5921450151057401,196
PITT_0200B,2731,267,1911,101,0.699743683632369,0.3782771535580524,0.32146653007431664,0.09776638593921641,0.6217228464419475,166
PITT_0301,4220,562,2667,171,0.6319905213270142,0.304270462633452,0.3277200586935622,0.13317535545023695,0.6957295373665481,391
PITT_0401,1515,138,1034,38,0.6825082508250825,0.2753623188405797,0.4071459319845028,0.09108910891089109,0.7246376811594203,100
PITT_0501,1417,189,1071,83,0.7558221594918842,0.43915343915343913,0.3166687203384451,0.1333803810868031,0.5608465608465608,106
PITT_0601,5255,629,4196,309,0.7984776403425309,0.4912559618441971,0.30722167849833376,0.11969552806850618,0.5087440381558028,320
PITT_0701,2138,196,1689,91,0.7899906454630495,0.4642857142857143,0.32570493117733523,0.09167446211412535,0.5357142857142857,105
PITT_0800A,2499,257,1818,104,0.7274909963985594,0.4046692607003891,0.3228217356981703,0.10284113645458183,0.5953307392996109,153
PITT_0800B,2094,206,1502,84,0.7172874880611271,0.4077669902912621,0.30952049776986496,0.09837631327602674,0.5922330097087378,122
PITT_0901,826,74,616,31,0.7457627118644068,0.4189189189189189,0.3268437929454879,0.08958837772397095,0.581081081081081,43
PITT_1001,3196,354,2316,143,0.7246558197747184,0.403954802259887,0.3207010175148314,0.11076345431789737,0.596045197740113,211
PITT_1101,1340,184,954,76,0.7119402985074627,0.41304347826086957,0.2988968202465931,0.1373134328358209,0.5869565217391305,108
PITT_1102A,3910,458,3034,221,0.7759590792838875,0.48253275109170307,0.29342632819218445,0.11713554987212277,0.517467248908297,237
PITT_1102B,4769,556,3749,271,0.7861186831620884,0.48741007194244607,0.2987086112196424,0.11658628643321452,0.512589928057554,285
PITT_1201,4464,555,2831,174,0.6341845878136201,0.31351351351351353,0.32067107430010655,0.12432795698924731,0.6864864864864865,381
PITT_1301,1236,112,1004,54,0.8122977346278317,0.48214285714285715,0.3301548774849746,0.09061488673139159,0.5178571428571429,58
PITT_1403A1,3719,413,2881,207,0.7746706103791342,0.5012106537530266,0.27345995662610756,0.11105135789190643,0.49878934624697335,206
PITT_1403A2,3650,354,2836,164,0.776986301369863,0.4632768361581921,0.3137094652116709,0.09698630136986301,0.536723163841808,190
PITT_1403B,4910,513,3822,242,0.7784114052953157,0.47173489278752434,0.3066765125077914,0.10448065173116089,0.5282651072124757,271
PITT_1501,1128,147,633,35,0.5611702127659575,0.23809523809523808,0.3230749746707194,0.13031914893617022,0.7619047619047619,112
PITT_1503,2927,500,1490,208,0.509053638537752,0.416,0.093053638537752,0.1708233686368295,0.584,292
PITT_1504A,3036,280,1637,87,0.5391963109354414,0.3107142857142857,0.22848202522115568,0.0922266139657444,0.6892857142857143,193
PITT_1504B,5182,419,3304,143,0.6375916634504053,0.3412887828162291,0.2963028806341762,0.08085681204168275,0.6587112171837709,276
PITT_1505A,2948,302,1601,104,0.5430800542740841,0.3443708609271523,0.19870919334693182,0.10244233378561737,0.6556291390728477,198
PITT_1505B,2894,334,1572,85,0.5431928127159641,0.25449101796407186,0.2887017947518922,0.11541119557705598,0.7455089820359282,249
PITT_1506,2399,823,1306,474,0.5443934972905378,0.5759416767922235,-0.03154817950168576,0.34305960817007086,0.4240583232077764,349
PITT_1507,4156,1725,2159,763,0.5194898941289702,0.44231884057971016,0.07717105354926002,0.41506256015399423,0.5576811594202898,962
PITT_1507B,2340,1707,1182,909,0.5051282051282051,0.5325131810193322,-0.027384975891127095,0.7294871794871794,0.46748681898066785,798
PITT_1508A,1880,957,971,575,0.5164893617021277,0.6008359456635318,-0.08434658396140415,0.5090425531914894,0.3991640543364681,382
PITT_1508B,2070,427,1203,251,0.5811594202898551,0.5878220140515222,-0.006662593761667113,0.20628019323671498,0.41217798594847777,176
PITT_1509,4269,740,2698,369,0.6319981260248302,0.49864864864864866,0.13334947737618152,0.1733427032091825,0.5013513513513513,371
PITT_1510A,2389,211,1883,101,0.7881958978652156,0.4786729857819905,0.3095229120832251,0.08832147341984094,0.5213270142180095,110
PITT_1510B,2667,217,2029,88,0.760779902512186,0.4055299539170507,0.35524994859513526,0.08136482939632546,0.5944700460829493,129
PITT_1511A,3991,397,3099,199,0.7764971185166625,0.5012594458438288,0.2752376726728337,0.09947381608619393,0.4987405541561713,198
PITT_1511B,4007,532,2543,280,0.6346393810831046,0.5263157894736842,0.1083235916094204,0.13276765660094833,0.47368421052631576,252
PITT_1512A,6995,788,4794,286,0.6853466761972837,0.3629441624365482,0.32240251376073553,0.11265189421015011,0.6370558375634517,502
PITT_1512B,2749,276,1851,101,0.673335758457621,0.36594202898550726,0.3073937294721137,0.10040014550745725,0.6340579710144928,175
PITT_1513A,3734,435,2706,213,0.724692019282271,0.4896551724137931,0.23503684686847792,0.1164970540974826,0.5103448275862069,222
PITT_1513B,2846,375,1999,156,0.702389318341532,0.416,0.286389318341532,0.13176387912860155,0.584,219
POLK_CG05,1912,169,1447,81,0.7567991631799164,0.47928994082840237,0.277509222351514,0.08838912133891214,0.5207100591715976,88
POLK_CL07,2641,192,1896,76,0.7179098826202196,0.3958333333333333,0.3220765492868863,0.072699734948883,0.6041666666666666,116
POLK_CL08,2955,171,2331,97,0.7888324873096447,0.5672514619883041,0.2215810253213406,0.05786802030456853,0.4327485380116959,74
POLK_GC09,2944,223,2193,107,0.7449048913043478,0.4798206278026906,0.2650842635016572,0.07574728260869565,0.5201793721973094,116
POLK_SA04,1718,109,1301,52,0.7572759022118742,0.47706422018348627,0.280211682028388,0.06344586728754366,0.5229357798165137,57
POLK_TR123,3153,143,2334,61,0.7402473834443387,0.42657342657342656,0.31367395687091215,0.045353631462099586,0.5734265734265734,82
POLK_WO06,1950,158,1400,70,0.717948717948718,0.4430379746835443,0.2749107432651737,0.08102564102564103,0.5569620253164557,88
RANDOLPH_AE,4511,496,3127,162,0.6931944136555087,0.32661290322580644,0.3665815104297023,0.10995344712923964,0.6733870967741935,334
RANDOLPH_AN,4227,634,2690,229,0.6363851431275136,0.361198738170347,0.2751864049571666,0.14998817127986752,0.638801261829653,405
RANDOLPH_AR,8356,778,6280,345,0.7515557683101962,0.4434447300771208,0.3081110382330754,0.09310674964097654,0.5565552699228792,433
RANDOLPH_AS,4035,432,3040,174,0.7534076827757125,0.4027777777777778,0.35062990499793467,0.10706319702602231,0.5972222222222222,258
RANDOLPH_AW,5815,666,4078,252,0.7012897678417884,0.3783783783783784,0.32291138946341,0.11453138435081685,0.6216216216216216,414
RANDOLPH_BC,3307,333,2637,161,0.7973994557000302,0.48348348348348347,0.31391597221654677,0.10069549440580587,0.5165165165165165,172
RANDOLPH_DR,4690,515,3508,221,0.7479744136460554,0.429126213592233,0.3188482000538224,0.10980810234541578,0.570873786407767,294
RANDOLPH_GR,4100,422,3114,201,0.7595121951219512,0.476303317535545,0.2832088775864062,0.10292682926829268,0.523696682464455,221
RANDOLPH_LB,2886,305,2119,159,0.7342342342342343,0.521311475409836,0.21292275882439826,0.10568260568260568,0.4786885245901639,146
RANDOLPH_LC,2517,242,1866,116,0.7413587604290822,0.4793388429752066,0.2620199174538756,0.09614620580055622,0.5206611570247934,126
RANDOLPH_NM,4551,434,3569,181,0.7842232476378818,0.41705069124423966,0.3671725563936421,0.09536365633926609,0.5829493087557603,253
RANDOLPH_PR,5815,551,4657,300,0.800859845227859,0.5444646098003629,0.2563952354274961,0.09475494411006019,0.455535390199637,251
RANDOLPH_RM,3065,332,2252,124,0.734747145187602,0.37349397590361444,0.36125316928398754,0.10831973898858074,0.6265060240963856,208
RANDOLPH_RN,5958,626,4514,276,0.7576367908694193,0.44089456869009586,0.3167422221793234,0.10506881503860356,0.5591054313099042,350
RANDOLPH_SE,2076,205,1689,101,0.8135838150289018,0.4926829268292683,0.32090088819963347,0.098747591522158,0.5073170731707317,104
RANDOLPH_SO,3723,353,2960,162,0.7950577491270481,0.45892351274787535,0.3361342363791727,0.09481600859521891,0.5410764872521246,191
RANDOLPH_ST,2135,225,1679,105,0.7864168618266979,0.4666666666666667,0.3197501951600312,0.1053864168618267,0.5333333333333333,120
RANDOLPH_SW,2852,275,2301,152,0.8068022440392707,0.5527272727272727,0.25407497131199797,0.09642356241234222,0.44727272727272727,123
RANDOLPH_TB,3168,309,2398,131,0.7569444444444444,0.42394822006472493,0.3329962243797195,0.09753787878787878,0.5760517799352751,178
RANDOLPH_TR,9487,925,7150,404,0.753662907136081,0.43675675675675674,0.31690615037932424,0.09750184462949299,0.5632432432432433,521
RANDOLPH_TT,4279,450,3321,210,0.7761159149333956,0.4666666666666667,0.3094492482667289,0.10516475812105631,0.5333333333333333,240
RANDOLPH_UG,7644,835,5926,377,0.7752485609628467,0.45149700598802395,0.3237515549748227,0.10923600209314495,0.548502994011976,458
RICHMOND_01,4548,499,2781,125,0.6114775725593667,0.250501002004008,0.36097657055535876,0.10971855760773967,0.749498997995992,374
RICHMOND_02,4810,529,3526,203,0.733056133056133,0.3837429111531191,0.34931322190301395,0.10997920997920999,0.6162570888468809,326
RICHMOND_08,3644,394,2456,152,0.6739846322722283,0.38578680203045684,0.2881978302417714,0.10812294182217344,0.6142131979695431,242
RICHMOND_09,5152,545,3539,168,0.686917701863354,0.30825688073394497,0.378660821129409,0.10578416149068323,0.691743119266055,377
RICHMOND_10,888,95,612,38,0.6891891891891891,0.4,0.2891891891891891,0.10698198198198199,0.6,57
RICHMOND_14,129,16,83,3,0.6434108527131783,0.1875,0.4559108527131783,0.12403100775193798,0.8125,13
RICHMOND_21,1984,195,1581,88,0.796875,0.4512820512820513,0.3455929487179487,0.09828629032258064,0.5487179487179488,107
RICHMOND_22,2542,311,1600,65,0.6294256490952006,0.2090032154340836,0.420422433661117,0.12234461054287962,0.7909967845659164,246
RICHMOND_23,1820,213,1229,63,0.6752747252747253,0.29577464788732394,0.3795000773874014,0.11703296703296703,0.704225352112676,150
RICHMOND_24,1935,218,1345,74,0.6950904392764858,0.3394495412844037,0.35564089799208215,0.11266149870801033,0.6605504587155964,144
RICHMOND_25,1000,85,724,31,0.724,0.36470588235294116,0.3592941176470588,0.085,0.6352941176470588,54
ROBESON_01,1242,141,731,44,0.5885668276972624,0.3120567375886525,0.27651009010860994,0.11352657004830918,0.6879432624113475,97
ROBESON_02,2440,260,1465,68,0.6004098360655737,0.26153846153846155,0.3388713745271122,0.10655737704918032,0.7384615384615385,192
ROBESON_03,2410,303,1368,73,0.5676348547717842,0.24092409240924093,0.32671076236254326,0.12572614107883817,0.759075907590759,230
ROBESON_04,2495,298,1513,91,0.6064128256513026,0.3053691275167785,0.3010436981345241,0.11943887775551103,0.6946308724832215,207
ROBESON_05A,3380,327,2056,85,0.6082840236686391,0.2599388379204893,0.3483451857481498,0.09674556213017751,0.7400611620795107,242
ROBESON_07,901,100,495,29,0.5493895671476138,0.29,0.2593895671476138,0.11098779134295228,0.71,71
ROBESON_08,1868,238,1276,74,0.683083511777302,0.31092436974789917,0.3721591420294028,0.12740899357601712,0.6890756302521008,164
ROBESON_09,1658,229,953,66,0.5747889022919179,0.28820960698689957,0.28657929530501836,0.13811821471652594,0.7117903930131004,163
ROBESON_10,1132,142,684,27,0.6042402826855123,0.19014084507042253,0.4140994376150898,0.1254416961130742,0.8098591549295775,115
ROBESON_11,3559,309,2717,135,0.7634166900814836,0.4368932038834951,0.3265234861979885,0.08682214105085698,0.5631067961165048,174
ROBESON_11A,1665,226,1072,72,0.6438438438438439,0.3185840707964602,0.3252597730473837,0.13573573573573575,0.6814159292035398,154
ROBESON_12,2302,263,1209,60,0.5251954821894005,0.22813688212927757,0.2970586000601229,0.11424847958297132,0.7718631178707225,203
ROBESON_13,1910,215,1116,60,0.5842931937172775,0.27906976744186046,0.30522342627541704,0.112565445026178,0.7209302325581395,155
ROBESON_14,1256,125,591,31,0.47054140127388533,0.248,0.22254140127388533,0.09952229299363058,0.752,94
ROBESON_15,1061,128,500,18,0.471253534401508,0.140625,0.330628534401508,0.12064090480678605,0.859375,110
ROBESON_16,1174,116,525,22,0.44718909710391824,0.1896551724137931,0.25753392469012515,0.09880749574105621,0.8103448275862069,94
ROBESON_17,420,49,195,6,0.4642857142857143,0.12244897959183673,0.34183673469387754,0.11666666666666667,0.8775510204081632,43
ROBESON_18A,1603,170,996,41,0.6213349968808484,0.2411764705882353,0.38015852629261304,0.10605115408608859,0.7588235294117647,129
ROBESON_19,3332,370,1804,89,0.5414165666266506,0.24054054054054055,0.3008760260861101,0.11104441776710684,0.7594594594594595,281
ROBESON_20,1210,130,772,42,0.6380165289256199,0.3230769230769231,0.3149396058486968,0.10743801652892562,0.676923076923077,88
ROBESON_21,2523,289,1540,76,0.6103844629409433,0.2629757785467128,0.3474086843942305,0.11454617518826793,0.7370242214532872,213
ROBESON_22,2673,545,1596,221,0.5970819304152637,0.4055045871559633,0.19157734325930037,0.203890759446315,0.5944954128440367,324
ROBESON_23,3780,531,2285,166,0.6044973544973545,0.3126177024482109,0.2918796520491436,0.14047619047619048,0.687382297551789,365
ROBESON_24,1389,175,786,51,0.5658747300215983,0.2914285714285714,0.27444615859302685,0.1259899208063355,0.7085714285714285,124
ROBESON_25,1911,251,1094,50,0.5724751439037153,0.199203187250996,0.37327195665271934,0.13134484563055993,0.8007968127490039,201
ROBESON_26A,3467,466,1975,125,0.5696567637727141,0.26824034334763946,0.30141642042507466,0.13441015286991637,0.7317596566523605,341
ROBESON_28,1311,233,744,53,0.5675057208237986,0.22746781115879827,0.3400379096650003,0.17772692601067888,0.7725321888412017,180
ROBESON_29,1550,135,878,23,0.5664516129032258,0.17037037037037037,0.39608124253285537,0.08709677419354839,0.8296296296296296,112
ROBESON_30,3027,395,1880,115,0.6210769739015527,0.2911392405063291,0.3299377333952236,0.13049223653782624,0.7088607594936709,280
ROBESON_32A,5155,706,2981,177,0.5782735208535402,0.2507082152974504,0.3275653055560898,0.13695441319107662,0.7492917847025495,529
ROBESON_33,632,116,396,36,0.6265822784810127,0.3103448275862069,0.31623745089480576,0.18354430379746836,0.6896551724137931,80
ROBESON_34,1891,210,1040,48,0.5499735589635114,0.22857142857142856,0.3214021303920829,0.1110523532522475,0.7714285714285715,162
ROBESON_35,2381,264,1554,91,0.6526669466610667,0.3446969696969697,0.307969976964097,0.11087778244435112,0.6553030303030303,173
ROBESON_36,1255,139,690,34,0.549800796812749,0.2446043165467626,0.30519648026598634,0.11075697211155379,0.7553956834532374,105
ROBESON_37,623,60,442,23,0.709470304975923,0.38333333333333336,0.32613697164258965,0.09630818619582665,0.6166666666666667,37
ROBESON_38,469,54,302,11,0.6439232409381663,0.2037037037037037,0.4402195372344626,0.11513859275053305,0.7962962962962963,43
ROBESON_39,1818,216,1100,57,0.605060506050605,0.2638888888888889,0.3411716171617161,0.1188118811881188,0.7361111111111112,159
ROBESON_40,546,48,367,16,0.6721611721611722,0.3333333333333333,0.3388278388278389,0.08791208791208792,0.6666666666666666,32
ROBESON_41,3609,388,2177,98,0.6032141867553339,0.25257731958762886,0.35063686716770504,0.10750900526461624,0.7474226804123711,290
ROCKINGHAM_DR,2229,213,1530,84,0.6864064602960969,0.39436619718309857,0.2920402631129983,0.0955585464333782,0.6056338028169014,129
ROCKINGHAM_EC,4260,383,3034,162,0.712206572769953,0.42297650130548303,0.28923007146447,0.08990610328638497,0.577023498694517,221
ROCKINGHAM_ED,6529,603,4680,261,0.7168019604839945,0.43283582089552236,0.2839661395884721,0.09235717567774544,0.5671641791044776,342
ROCKINGHAM_HO-1,3412,278,2734,138,0.8012895662368112,0.49640287769784175,0.3048866885389695,0.08147713950762016,0.5035971223021583,140
ROCKINGHAM_HU-1,4541,403,3605,188,0.7938780004404317,0.4665012406947891,0.32737675974564256,0.08874697203259194,0.533498759305211,215
ROCKINGHAM_LI-1,4204,360,3247,172,0.7723596574690771,0.4777777777777778,0.2945818796912993,0.08563273073263558,0.5222222222222223,188
ROCKINGHAM_MO,3628,276,2957,153,0.8150496141124587,0.5543478260869565,0.26070178802550215,0.07607497243660419,0.44565217391304346,123
ROCKINGHAM_NB,3846,322,3144,167,0.8174726989079563,0.5186335403726708,0.2988391585352854,0.08372334893395736,0.4813664596273292,155
ROCKINGHAM_RC,5007,466,4044,250,0.8076692630317556,0.5364806866952789,0.27118857633647664,0.09306970241661673,0.463519313304721,216
ROCKINGHAM_RE-1,6010,475,4269,188,0.7103161397670549,0.3957894736842105,0.31452666608284435,0.07903494176372712,0.6042105263157894,287
ROCKINGHAM_RE-2,5428,434,4030,188,0.7424465733235077,0.43317972350230416,0.30926684982120356,0.07995578481945467,0.5668202764976958,246
ROCKINGHAM_ST,5070,444,3975,221,0.7840236686390533,0.49774774774774777,0.2862759208913055,0.08757396449704143,0.5022522522522522,223
ROCKINGHAM_WI,4102,339,3108,152,0.757679180887372,0.44837758112094395,0.309301599766428,0.08264261335933691,0.551622418879056,187
ROCKINGHAM_WS-1,5724,414,4424,204,0.7728860936408106,0.4927536231884058,0.2801324704524048,0.07232704402515723,0.5072463768115942,210
ROWAN_01,1878,158,1484,78,0.7902023429179978,0.4936708860759494,0.29653145684204846,0.08413205537806177,0.5063291139240507,80
ROWAN_02,1445,112,1016,38,0.7031141868512111,0.3392857142857143,0.3638284725654968,0.07750865051903114,0.6607142857142857,74
ROWAN_03,2333,199,1866,100,0.7998285469352765,0.5025125628140703,0.2973159841212062,0.08529789969995713,0.49748743718592964,99
ROWAN_04,4514,395,3611,202,0.7999556933983164,0.5113924050632911,0.2885632883350253,0.08750553832521045,0.48860759493670886,193
ROWAN_05A,4622,436,3451,182,0.7466464733881436,0.41743119266055045,0.32921528072759315,0.09433145824318477,0.5825688073394495,254
ROWAN_07,2051,204,1564,96,0.7625548512920527,0.47058823529411764,0.29196661599793505,0.09946367625548513,0.5294117647058824,108
ROWAN_08,3468,350,2656,149,0.7658592848904268,0.4257142857142857,0.34014499917614105,0.10092272202998846,0.5742857142857143,201
ROWAN_09,2165,227,1673,106,0.7727482678983834,0.4669603524229075,0.30578791547547585,0.1048498845265589,0.5330396475770925,121
ROWAN_10,3213,279,2556,135,0.7955182072829131,0.4838709677419355,0.3116472395409776,0.08683473389355742,0.5161290322580645,144
ROWAN_11,3097,266,2340,130,0.7555699063609945,0.48872180451127817,0.26684810184971636,0.08588957055214724,0.5112781954887218,136
ROWAN_12,2024,184,1446,76,0.7144268774703557,0.41304347826086957,0.30138339920948615,0.09090909090909091,0.5869565217391305,108
ROWAN_13,2389,240,1894,109,0.7928003348681457,0.45416666666666666,0.33863366820147905,0.10046044370029301,0.5458333333333333,131
ROWAN_14A,4538,400,3546,181,0.7814014984574702,0.4525,0.3289014984574702,0.08814455707360071,0.5475,219
ROWAN_15,3594,293,2799,121,0.7787979966611018,0.4129692832764505,0.36582871338465134,0.08152476349471341,0.5870307167235495,172
ROWAN_16,2524,294,1617,93,0.6406497622820919,0.3163265306122449,0.324323231669847,0.11648177496038035,0.6836734693877551,201
ROWAN_17,2842,318,1899,120,0.6681914144968332,0.37735849056603776,0.2908329239307954,0.11189303307529909,0.6226415094339622,198
ROWAN_18,991,83,565,16,0.5701311806256307,0.1927710843373494,0.3773600962882813,0.08375378405650857,0.8072289156626506,67
ROWAN_19A,4581,421,3460,191,0.7552936040165903,0.45368171021377673,0.30161189380281356,0.09190133158698974,0.5463182897862233,230
ROWAN_21,2810,287,2157,130,0.7676156583629893,0.4529616724738676,0.3146539858891217,0.10213523131672597,0.5470383275261324,157
ROWAN_22,960,61,789,28,0.821875,0.45901639344262296,0.36285860655737706,0.06354166666666666,0.5409836065573771,33
ROWAN_23,1733,142,1351,68,0.7795729948066936,0.4788732394366197,0.30069975537007393,0.08193883439122908,0.5211267605633803,74
ROWAN_24,1612,127,1334,63,0.8275434243176178,0.49606299212598426,0.3314804321916336,0.07878411910669975,0.5039370078740157,64
ROWAN_25,3876,402,2918,158,0.7528379772961816,0.39303482587064675,0.3598031514255349,0.10371517027863777,0.6069651741293532,244
ROWAN_26,1940,200,1546,81,0.7969072164948454,0.405,0.3919072164948454,0.10309278350515463,0.595,119
ROWAN_27,1289,109,1018,50,0.7897595034910784,0.45871559633027525,0.3310439071608031,0.08456167571761056,0.5412844036697247,59
ROWAN_28,2324,221,1579,80,0.6794320137693631,0.36199095022624433,0.3174410635431188,0.0950946643717728,0.6380090497737556,141
ROWAN_29,1248,132,969,56,0.7764423076923077,0.42424242424242425,0.35219988344988346,0.10576923076923077,0.5757575757575758,76
ROWAN_30,2602,369,1678,133,0.6448885472713297,0.3604336043360434,0.28445494293528634,0.1418139892390469,0.6395663956639567,236
ROWAN_31,1681,112,1351,53,0.8036882807852469,0.4732142857142857,0.3304739950709612,0.06662700773349196,0.5267857142857143,59
ROWAN_32,1813,175,1385,79,0.7639271924986211,0.4514285714285714,0.31249862107004966,0.09652509652509653,0.5485714285714286,96
ROWAN_33,1851,170,1503,88,0.8119935170178282,0.5176470588235295,0.2943464581942987,0.09184224743381955,0.4823529411764706,82
ROWAN_34,2897,284,1927,115,0.6651708664135313,0.40492957746478875,0.26024128894874254,0.09803244735933725,0.5950704225352113,169
ROWAN_35,1272,101,838,34,0.6588050314465409,0.33663366336633666,0.32217136808020425,0.07940251572327044,0.6633663366336634,67
ROWAN_36,3065,264,2014,90,0.6570962479608483,0.3409090909090909,0.31618715705175743,0.08613376835236541,0.6590909090909091,174
ROWAN_38,2704,212,1822,77,0.6738165680473372,0.3632075471698113,0.31060902087752595,0.07840236686390532,0.6367924528301887,135
ROWAN_39,1880,247,1360,143,0.723404255319149,0.5789473684210527,0.14445688689809633,0.13138297872340426,0.42105263157894735,104
ROWAN_40,2577,255,1795,105,0.696546371750097,0.4117647058823529,0.2847816658677441,0.0989522700814901,0.5882352941176471,150
ROWAN_41,2665,214,1869,83,0.7013133208255159,0.3878504672897196,0.3134628535357963,0.0803001876172608,0.6121495327102804,131
ROWAN_42,2063,784,815,284,0.3950557440620456,0.3622448979591837,0.03281084610286189,0.38002908385845857,0.6377551020408163,500
ROWAN_44,2817,277,2135,133,0.7578984735534257,0.48014440433212996,0.2777540692212957,0.09833155839545615,0.51985559566787,144
ROWAN_45,1450,106,1027,36,0.7082758620689655,0.33962264150943394,0.3686532205595316,0.07310344827586207,0.660377358490566,70
RUTHERFORD_03A,2248,182,1750,92,0.7784697508896797,0.5054945054945055,0.27297524539517426,0.0809608540925267,0.4945054945054945,90
RUTHERFORD_04A,2451,231,1826,103,0.7450020399836801,0.4458874458874459,0.2991145940962342,0.09424724602203183,0.5541125541125541,128
RUTHERFORD_05A,2869,283,1891,101,0.6591146741024747,0.3568904593639576,0.3022242147385171,0.09864064133844545,0.6431095406360424,182
RUTHERFORD_06A,2796,129,2017,46,0.7213876967095851,0.35658914728682173,0.3647985494227634,0.046137339055793994,0.6434108527131783,83
RUTHERFORD_09A,3510,303,2617,128,0.7455840455840456,0.42244224422442245,0.3231418013596231,0.08632478632478632,0.5775577557755776,175
RUTHERFORD_10A,1351,96,1094,48,0.8097705403404886,0.5,0.30977054034048856,0.07105847520355292,0.5,48
RUTHERFORD_11,5745,547,4146,225,0.7216710182767624,0.4113345521023766,0.31033646617438576,0.09521322889469104,0.5886654478976234,322
RUTHERFORD_13,4082,396,2813,150,0.6891229789318961,0.3787878787878788,0.31033510014401733,0.09701126898579128,0.6212121212121212,246
RUTHERFORD_14,2657,241,1765,102,0.6642830259691381,0.42323651452282157,0.24104651144631656,0.09070380127963869,0.5767634854771784,139
RUTHERFORD_16A,2910,233,2224,115,0.7642611683848797,0.49356223175965663,0.27069893662522304,0.08006872852233676,0.5064377682403434,118
RUTHERFORD_18,2250,178,1708,79,0.7591111111111111,0.4438202247191011,0.31529088639201,0.0791111111111111,0.5561797752808989,99
RUTHERFORD_19,2091,224,1519,93,0.7264466762314682,0.41517857142857145,0.31126810480289674,0.10712577714012435,0.5848214285714286,131
RUTHERFORD_27,3508,285,2649,136,0.7551311288483467,0.47719298245614034,0.2779381463922063,0.08124287343215507,0.5228070175438596,149
RUTHERFORD_28,1744,174,1191,78,0.6829128440366973,0.4482758620689655,0.23463698196773175,0.09977064220183486,0.5517241379310345,96
RUTHERFORD_29,2053,212,1428,81,0.6955674622503654,0.38207547169811323,0.31349199055225213,0.10326351680467609,0.6179245283018868,131
RUTHERFORD_30,3438,280,2279,103,0.6628853984874927,0.3678571428571429,0.29502825563034984,0.08144269924374636,0.6321428571428571,177
RUTHERFORD_34,1529,136,1190,63,0.7782864617396992,0.4632352941176471,0.3150511676220521,0.08894702419882276,0.5367647058823529,73
SAMPSON_AUTR,1668,166,1250,67,0.749400479616307,0.4036144578313253,0.34578602178498163,0.09952038369304557,0.5963855421686747,99
SAMPSON_CLCE,960,107,551,36,0.5739583333333333,0.3364485981308411,0.23750973520249224,0.11145833333333334,0.6635514018691588,71
SAMPSON_CLEA,2783,346,1930,112,0.693496227093065,0.3236994219653179,0.3697968051277471,0.12432626661875673,0.6763005780346821,234
SAMPSON_CLEM,1640,206,1217,95,0.7420731707317073,0.46116504854368934,0.280908122188018,0.12560975609756098,0.5388349514563107,111
SAMPSON_CLNE,1969,208,1435,82,0.728796343321483,0.3942307692307692,0.3345655740907138,0.10563737938039613,0.6057692307692307,126
SAMPSON_CLSW,1624,179,1134,67,0.6982758620689655,0.3743016759776536,0.3239741860913119,0.1102216748768473,0.6256983240223464,112
SAMPSON_CLWE,1829,181,1314,77,0.7184253690541279,0.425414364640884,0.2930110044132439,0.0989611809732094,0.574585635359116,104
SAMPSON_GARL,1300,176,874,76,0.6723076923076923,0.4318181818181818,0.24048951048951045,0.13538461538461538,0.5681818181818182,100
SAMPSON_GIDD,1245,185,874,70,0.702008032128514,0.3783783783783784,0.32362965375013564,0.14859437751004015,0.6216216216216216,115
SAMPSON_HARR,1642,144,1206,48,0.7344701583434835,0.3333333333333333,0.4011368250101502,0.0876979293544458,0.6666666666666666,96
SAMPSON_HERR,765,87,611,39,0.7986928104575164,0.4482758620689655,0.35041694838855086,0.11372549019607843,0.5517241379310345,48
SAMPSON_INGO,1276,190,853,61,0.6684952978056427,0.32105263157894737,0.3474426662266953,0.14890282131661442,0.6789473684210526,129
SAMPSON_KEEN,1361,170,953,71,0.7002204261572373,0.4176470588235294,0.2825733673337079,0.12490815576781777,0.5823529411764706,99
SAMPSON_KFRK,1853,225,1335,85,0.7204533189422558,0.37777777777777777,0.34267554116447807,0.12142471667566108,0.6222222222222222,140
SAMPSON_LAKE,2793,287,1920,104,0.6874328678839957,0.3623693379790941,0.3250635299049016,0.10275689223057644,0.6376306620209059,183
SAMPSON_MING,2809,369,2017,161,0.7180491278034888,0.4363143631436314,0.2817347646598574,0.1313634745461018,0.5636856368563685,208
SAMPSON_NGRV,1450,168,1089,74,0.7510344827586207,0.44047619047619047,0.31055829228243026,0.11586206896551725,0.5595238095238095,94
SAMPSON_PLVW,2791,281,2118,135,0.7588677893228234,0.4804270462633452,0.2784407430594782,0.10068075958437836,0.5195729537366548,146
SAMPSON_ROSE,1610,186,1115,68,0.6925465838509317,0.3655913978494624,0.32695518600146933,0.115527950310559,0.6344086021505376,118
SAMPSON_ROWA,1608,190,1161,67,0.7220149253731343,0.3526315789473684,0.36938334642576587,0.1181592039800995,0.6473684210526316,123
SAMPSON_SBRG,1054,113,775,48,0.7352941176470589,0.4247787610619469,0.310515356585112,0.10721062618595825,0.5752212389380531,65
SAMPSON_TURK,1109,121,806,46,0.7267808836789901,0.38016528925619836,0.3466155944227917,0.109107303877367,0.6198347107438017,75
SAMPSON_WBRK,1524,153,1138,61,0.7467191601049868,0.39869281045751637,0.3480263496474705,0.10039370078740158,0.6013071895424836,92
SCOTLAND_01-16,3163,370,1747,82,0.5523237432816946,0.22162162162162163,0.330702121660073,0.11697755295605437,0.7783783783783784,288
SCOTLAND_02-25,3422,379,2096,125,0.6125073056691993,0.32981530343007914,0.28269200223912017,0.11075394506136763,0.6701846965699209,254
SCOTLAND_03,3071,333,2128,126,0.6929338977531748,0.3783783783783784,0.3145555193747964,0.10843373493975904,0.6216216216216216,207
SCOTLAND_04,3722,438,2659,160,0.7144008597528211,0.365296803652968,0.34910405609985307,0.11767866738312735,0.634703196347032,278
SCOTLAND_05-10,2014,188,1313,52,0.6519364448857994,0.2765957446808511,0.3753407002049483,0.09334657398212512,0.723404255319149,136
SCOTLAND_06-89,3327,369,2238,123,0.672678088367899,0.3333333333333333,0.3393447550345657,0.1109107303877367,0.6666666666666666,246
SCOTLAND_07,3151,274,2168,98,0.6880355442716598,0.35766423357664234,0.33037131069501746,0.08695652173913043,0.6423357664233577,176
STANLY_0003,2283,190,1743,78,0.7634691195795007,0.4105263157894737,0.352942803790027,0.08322382829610162,0.5894736842105263,112
STANLY_0011,1372,112,1093,53,0.7966472303206997,0.4732142857142857,0.32343294460641403,0.08163265306122448,0.5267857142857143,59
STANLY_0014,1115,89,895,46,0.8026905829596412,0.5168539325842697,0.28583665037537154,0.07982062780269059,0.48314606741573035,43
STANLY_0015,1306,137,1015,65,0.7771822358346095,0.4744525547445255,0.302729681090084,0.10490045941807044,0.5255474452554745,72
STANLY_0016,1317,113,1037,57,0.7873955960516325,0.504424778761062,0.2829708172905705,0.08580106302201974,0.49557522123893805,56
STANLY_0017,2061,207,1653,99,0.8020378457059679,0.4782608695652174,0.3237769761407505,0.10043668122270742,0.5217391304347826,108
STANLY_0018,1249,118,966,45,0.7734187349879904,0.3813559322033898,0.3920628027846006,0.0944755804643715,0.6186440677966102,73
STANLY_0019,1748,178,1412,97,0.8077803203661327,0.5449438202247191,0.2628365001414136,0.10183066361556065,0.4550561797752809,81
STANLY_0021,1357,149,1174,94,0.8651436993367723,0.6308724832214765,0.23427121611529578,0.10980103168754606,0.3691275167785235,55
STANLY_0022,2129,212,1717,112,0.8064819163926726,0.5283018867924528,0.2781800296002198,0.099577266322217,0.4716981132075472,100
STANLY_0023,3487,360,2767,173,0.7935187840550617,0.48055555555555557,0.31296322849950614,0.10324060797246917,0.5194444444444445,187
STANLY_0024,4538,391,3602,188,0.7937417364477743,0.48081841432225064,0.3129233221255237,0.08616130453944469,0.5191815856777494,203
STANLY_0025,3951,402,3154,197,0.7982789167299418,0.4900497512437811,0.3082291654861607,0.1017463933181473,0.5099502487562189,205
STANLY_0107,2647,230,1966,91,0.7427276161692482,0.39565217391304347,0.34707544225620474,0.08689081979599547,0.6043478260869565,139
STANLY_0108,1657,146,967,40,0.5835847917923959,0.273972602739726,0.30961218905266985,0.08811104405552203,0.726027397260274,106
STANLY_0110,2149,206,1531,87,0.7124243834341554,0.4223300970873786,0.29009428634677675,0.09585853885528153,0.5776699029126213,119
STANLY_0113,1412,125,1075,59,0.7613314447592068,0.472,0.2893314447592068,0.08852691218130311,0.528,66
STANLY_0120,2927,240,2388,131,0.8158524086094978,0.5458333333333333,0.27001907527616453,0.08199521694567817,0.45416666666666666,109
STANLY_0126,2309,236,1826,111,0.790818536162841,0.4703389830508475,0.32047955311199355,0.10220874837592031,0.5296610169491526,125
STANLY_0127,3521,337,2744,154,0.7793240556660039,0.456973293768546,0.3223507618974579,0.09571144561204203,0.543026706231454,183
STANLY_0212,2622,286,1829,113,0.6975591151792525,0.3951048951048951,0.3024542200743574,0.10907704042715484,0.6048951048951049,173
STOKES_01,818,53,669,23,0.8178484107579462,0.4339622641509434,0.3838861466070028,0.0647921760391198,0.5660377358490566,30
STOKES_02,1824,162,1468,84,0.8048245614035088,0.5185185185185185,0.2863060428849903,0.08881578947368421,0.48148148148148145,78
STOKES_03,1432,138,1164,71,0.8128491620111732,0.5144927536231884,0.29835640838798483,0.09636871508379888,0.4855072463768116,67
STOKES_04,2126,191,1696,95,0.7977422389463782,0.4973821989528796,0.3003600399934986,0.08984007525870179,0.5026178010471204,96
STOKES_0506,1552,130,1228,70,0.7912371134020618,0.5384615384615384,0.2527755749405234,0.08376288659793814,0.46153846153846156,60
STOKES_07,693,53,567,27,0.8181818181818182,0.5094339622641509,0.3087478559176673,0.07647907647907648,0.49056603773584906,26
STOKES_08,1481,132,1172,63,0.7913571910871033,0.4772727272727273,0.31408446381437605,0.08912896691424713,0.5227272727272727,69
STOKES_09,2255,199,1756,103,0.7787139689578714,0.5175879396984925,0.2611260292593789,0.08824833702882483,0.4824120603015075,96
STOKES_10,3985,322,3155,166,0.7917189460476788,0.515527950310559,0.2761909957371198,0.0808030112923463,0.484472049689441,156
STOKES_11,3773,310,2938,167,0.778690697058044,0.5387096774193548,0.23998101963868912,0.08216273522395971,0.4612903225806452,143
STOKES_12,1958,164,1579,74,0.806435137895812,0.45121951219512196,0.35521562570069004,0.08375893769152196,0.5487804878048781,90
STOKES_13,1878,178,1467,81,0.7811501597444089,0.4550561797752809,0.32609397996912803,0.09478168264110756,0.5449438202247191,97
STOKES_140,2408,223,1949,116,0.8093853820598007,0.5201793721973094,0.28920600986249134,0.0926079734219269,0.4798206278026906,107
STOKES_150,1347,105,1105,55,0.8203414996288048,0.5238095238095238,0.2965319758192809,0.0779510022271715,0.47619047619047616,50
STOKES_1618,2066,193,1625,100,0.7865440464666021,0.5181347150259067,0.26840933144069545,0.09341723136495644,0.48186528497409326,93
STOKES_17,1723,133,1375,71,0.7980266976204294,0.5338345864661654,0.264192111154264,0.0771909460243761,0.46616541353383456,62
STOKES_1819,1002,64,817,37,0.8153692614770459,0.578125,0.23724426147704591,0.06387225548902195,0.421875,27
STOKES_20,1444,135,1135,69,0.78601108033241,0.5111111111111111,0.2748999692212989,0.09349030470914127,0.4888888888888889,66
SURRY_01,1909,177,1524,84,0.7983237297014144,0.4745762711864407,0.3237474585149737,0.09271870089051859,0.5254237288135594,93
SURRY_04,1823,216,1421,98,0.7794843664289632,0.4537037037037037,0.3257806627252595,0.11848601206801974,0.5462962962962963,118
SURRY_05,2556,232,2034,109,0.795774647887324,0.4698275862068966,0.3259470616804274,0.09076682316118936,0.5301724137931034,123
SURRY_09,1432,161,1089,80,0.7604748603351955,0.4968944099378882,0.2635804503973073,0.11243016759776536,0.5031055900621118,81
SURRY_10,1214,133,963,66,0.7932454695222405,0.49624060150375937,0.29700486801848114,0.10955518945634267,0.5037593984962406,67
SURRY_11,1483,177,1056,58,0.7120701281186783,0.327683615819209,0.3843865122994693,0.11935266351989211,0.672316384180791,119
SURRY_12,2308,245,1489,86,0.6451473136915078,0.3510204081632653,0.2941269055282425,0.1061525129982669,0.6489795918367347,159
SURRY_15,1943,185,1351,65,0.6953165208440556,0.35135135135135137,0.3439651694927042,0.09521358723623263,0.6486486486486487,120
SURRY_16,1430,159,1076,72,0.7524475524475525,0.4528301886792453,0.29961736376830717,0.11118881118881119,0.5471698113207547,87
SURRY_17,1349,129,1010,57,0.748702742772424,0.4418604651162791,0.3068422776561449,0.09562638991845812,0.5581395348837209,72
SURRY_18,2108,171,1587,72,0.7528462998102466,0.42105263157894735,0.3317936682312993,0.08111954459203036,0.5789473684210527,99
SURRY_19,2885,271,2132,116,0.7389948006932409,0.4280442804428044,0.31095052025043646,0.09393414211438475,0.5719557195571956,155
SURRY_22,1215,91,956,43,0.7868312757201646,0.4725274725274725,0.31430380319269213,0.07489711934156379,0.5274725274725275,48
SURRY_23,1479,115,1186,47,0.801893171061528,0.40869565217391307,0.39319751888761495,0.0777552400270453,0.591304347826087,68
SURRY_24,783,76,667,49,0.8518518518518519,0.6447368421052632,0.2071150097465887,0.0970625798212005,0.35526315789473684,27
SURRY_25,1604,187,1133,68,0.706359102244389,0.36363636363636365,0.3427227386080254,0.11658354114713217,0.6363636363636364,119
SURRY_26,2777,218,2134,102,0.7684551674468851,0.46788990825688076,0.3005652591900044,0.07850198055455528,0.5321100917431193,116
SURRY_27,1641,140,1287,61,0.7842778793418648,0.4357142857142857,0.34856359362757905,0.08531383302864107,0.5642857142857143,79
SURRY_28,1442,148,1096,72,0.7600554785020804,0.4864864864864865,0.2735689920155939,0.10263522884882108,0.5135135135135135,76
SURRY_29,3215,340,2347,150,0.7300155520995334,0.4411764705882353,0.2888390815112981,0.1057542768273717,0.5588235294117647,190
SURRY_30,4552,407,3523,176,0.7739455184534271,0.43243243243243246,0.3415130860209946,0.08941124780316344,0.5675675675675675,231
SURRY_32,3257,327,2562,172,0.7866134479582437,0.5259938837920489,0.2606195641661948,0.10039914031317163,0.4740061162079511,155
SURRY_34,4357,384,3319,183,0.761762680743631,0.4765625,0.28520018074363096,0.08813403718154694,0.5234375,201
SWAIN_ALARKA,823,50,641,26,0.778857837181045,0.52,0.25885783718104494,0.060753341433778855,0.48,24
SWAIN_ALMOND,1400,89,1059,42,0.7564285714285715,0.47191011235955055,0.2845184590690209,0.06357142857142857,0.5280898876404494,47
SWAIN_BC1,2342,177,1622,84,0.6925704526046115,0.4745762711864407,0.21799418141817078,0.07557643040136636,0.5254237288135594,93
SWAIN_BC2,2258,195,1634,74,0.7236492471213464,0.37948717948717947,0.3441620676341669,0.08635961027457928,0.6205128205128205,121
SWAIN_WHCH,3215,308,1945,99,0.6049766718506998,0.32142857142857145,0.28354810042212836,0.095800933125972,0.6785714285714286,209
TRANSYLVANIA_B1,1829,137,1391,63,0.7605248769819574,0.45985401459854014,0.3006708623834172,0.07490431930016403,0.5401459854014599,74
TRANSYLVANIA_B2,1666,104,1203,45,0.7220888355342137,0.4326923076923077,0.28939652784190595,0.062424969987995196,0.5673076923076923,59
TRANSYLVANIA_B3,2037,108,1579,43,0.7751595483554247,0.39814814814814814,0.3770114002072765,0.053019145802650956,0.6018518518518519,65
TRANSYLVANIA_B4,1604,163,1217,80,0.7587281795511222,0.49079754601226994,0.2679306335388522,0.10162094763092269,0.50920245398773,83
TRANSYLVANIA_BD,2804,254,2097,114,0.7478601997146933,0.44881889763779526,0.29904130207689805,0.0905848787446505,0.5511811023622047,140
TRANSYLVANIA_CC.1,2362,200,1896,98,0.8027095681625741,0.49,0.3127095681625741,0.0846740050804403,0.51,102
TRANSYLVANIA_CM,885,60,703,34,0.7943502824858757,0.5666666666666667,0.22768361581920904,0.06779661016949153,0.43333333333333335,26
TRANSYLVANIA_DR,2702,116,2123,53,0.7857142857142857,0.45689655172413796,0.32881773399014774,0.04293116210214656,0.5431034482758621,63
TRANSYLVANIA_EF,1083,43,865,21,0.7987072945521699,0.4883720930232558,0.31033520152891414,0.03970452446906741,0.5116279069767442,22
TRANSYLVANIA_LR,1738,139,1360,71,0.7825086306098964,0.5107913669064749,0.27171726370342153,0.07997698504027619,0.4892086330935252,68
TRANSYLVANIA_PF,1292,130,912,44,0.7058823529411765,0.3384615384615385,0.36742081447963804,0.10061919504643962,0.6615384615384615,86
TRANSYLVANIA_RE.1,2279,234,1642,105,0.7204914436156209,0.44871794871794873,0.27177349489767216,0.10267661254936375,0.5512820512820513,129
TRANSYLVANIA_TC1,898,70,693,38,0.7717149220489977,0.5428571428571428,0.2288577791918549,0.0779510022271715,0.45714285714285713,32
TRANSYLVANIA_TC7,1906,125,1388,52,0.7282266526757608,0.416,0.31222665267576083,0.06558237145855195,0.584,73
TRANSYLVANIA_WC,1661,92,1351,50,0.8133654425045154,0.5434782608695652,0.2698871816349502,0.055388320288982544,0.45652173913043476,42
TYRRELL_1,190,12,140,3,0.7368421052631579,0.25,0.48684210526315785,0.06315789473684211,0.75,9
TYRRELL_14,51,0,42,0,0.8235294117647058,0.0,0.0,0.0,0.0,0
TYRRELL_15,500,35,367,14,0.734,0.4,0.33399999999999996,0.07,0.6,21
TYRRELL_16,25,0,22,0,0.88,0.0,0.0,0.0,0.0,0
TYRRELL_2,1424,107,1011,32,0.7099719101123596,0.29906542056074764,0.41090648955161196,0.07514044943820225,0.7009345794392523,75
TYRRELL_3,173,7,124,2,0.7167630057803468,0.2857142857142857,0.4310487200660611,0.04046242774566474,0.7142857142857143,5
UNION_0005,4352,467,3135,195,0.7203584558823529,0.41755888650963596,0.30279956937271696,0.10730698529411764,0.582441113490364,272
UNION_001,1266,238,623,70,0.4921011058451817,0.29411764705882354,0.19798345878635815,0.18799368088467613,0.7058823529411765,168
UNION_0019,5082,649,3930,294,0.7733175914994097,0.4530046224961479,0.3203129690032618,0.1277056277056277,0.5469953775038521,355
UNION_002,1644,205,1085,72,0.6599756690997567,0.35121951219512193,0.30875615690463476,0.12469586374695864,0.6487804878048781,133
UNION_0020A,4279,487,3091,239,0.7223650385604113,0.49075975359342916,0.23160528496698218,0.11381163823323207,0.5092402464065708,248
UNION_0020B,4878,864,3678,397,0.7539975399753998,0.45949074074074076,0.294506799234659,0.17712177121771217,0.5405092592592593,467
UNION_003,1243,154,848,50,0.6822204344328238,0.3246753246753247,0.3575451097574991,0.12389380530973451,0.6753246753246753,104
UNION_0030,5089,560,3658,248,0.718805266260562,0.44285714285714284,0.2759481234034191,0.11004126547455295,0.5571428571428572,312
UNION_004,1357,266,754,70,0.5556374355195284,0.2631578947368421,0.2924795407826863,0.19602063375092116,0.7368421052631579,196
UNION_0044,3938,568,2925,244,0.7427628237684104,0.4295774647887324,0.31318535897967803,0.1442356526155409,0.5704225352112676,324
UNION_0045,3347,526,2590,255,0.7738273080370481,0.4847908745247148,0.2890364335123333,0.15715566178667464,0.5152091254752852,271
UNION_006,2646,269,2031,133,0.7675736961451247,0.4944237918215613,0.2731499043235634,0.10166288737717309,0.5055762081784386,136
UNION_007,4688,501,3409,237,0.7271757679180887,0.47305389221556887,0.2541218757025198,0.10686860068259385,0.5269461077844312,264
UNION_008,2358,392,1453,142,0.6162001696352841,0.3622448979591837,0.25395527167610044,0.1662425784563189,0.6377551020408163,250
UNION_009,1436,168,969,64,0.674791086350975,0.38095238095238093,0.293838705398594,0.116991643454039,0.6190476190476191,104
UNION_010,1236,139,838,51,0.6779935275080906,0.3669064748201439,0.31108705268794673,0.11245954692556634,0.6330935251798561,88
UNION_011,2965,356,2495,184,0.8414839797639123,0.5168539325842697,0.3246300471796426,0.12006745362563238,0.48314606741573035,172
UNION_012,2642,281,2218,163,0.8395155185465556,0.5800711743772242,0.2594443441693314,0.10635881907645722,0.4199288256227758,118
UNION_013,2958,372,2418,197,0.8174442190669371,0.5295698924731183,0.28787432659381884,0.1257606490872211,0.47043010752688175,175
UNION_014,2102,231,1451,107,0.6902949571836346,0.46320346320346323,0.22709149398017142,0.109895337773549,0.5367965367965368,124
UNION_015,5140,495,3850,212,0.7490272373540856,0.42828282828282827,0.32074440907125734,0.0963035019455253,0.5717171717171717,283
UNION_016,6785,872,5135,424,0.7568165070007369,0.48623853211009177,0.2705779748906451,0.12851879145173176,0.5137614678899083,448
UNION_017A,4142,469,3130,209,0.7556735876388219,0.44562899786780386,0.310044589771018,0.11323032351521005,0.5543710021321961,260
UNION_017B,5487,901,4177,400,0.7612538727902315,0.4439511653718091,0.31730270741842237,0.16420630581374157,0.5560488346281909,501
UNION_018,3736,525,2965,239,0.7936295503211992,0.4552380952380952,0.338391455083104,0.14052462526766596,0.5447619047619048,286
UNION_021,2880,286,2345,147,0.8142361111111112,0.513986013986014,0.3002500971250972,0.09930555555555555,0.486013986013986,139
UNION_022,3006,274,2266,142,0.7538256819693946,0.5182481751824818,0.2355775067869128,0.09115103127079174,0.48175182481751827,132
UNION_023,2285,225,1806,111,0.7903719912472648,0.49333333333333335,0.2970386579139314,0.09846827133479212,0.5066666666666667,114
UNION_024,2530,254,2008,127,0.7936758893280632,0.5,0.2936758893280632,0.10039525691699605,0.5,127
UNION_025,2303,232,1784,101,0.7746417716022579,0.4353448275862069,0.339296944016051,0.10073816760746852,0.5646551724137931,131
UNION_026,2196,242,1668,95,0.7595628415300546,0.3925619834710744,0.3670008580589802,0.11020036429872496,0.6074380165289256,147
UNION_027,1939,179,1570,85,0.8096957194430119,0.4748603351955307,0.33483538424748116,0.09231562661165549,0.5251396648044693,94
UNION_028A,6580,1248,4921,577,0.747872340425532,0.4623397435897436,0.28553259683578835,0.18966565349544073,0.5376602564102564,671
UNION_028B,4810,949,3635,452,0.7557172557172557,0.47629083245521603,0.27942642326203965,0.1972972972972973,0.523709167544784,497
UNION_028C,4371,792,3306,339,0.7563486616334935,0.42803030303030304,0.3283183586031904,0.18119423472889498,0.571969696969697,453
UNION_028D,5630,909,4069,400,0.7227353463587922,0.44004400440044006,0.28269134195835216,0.16145648312611013,0.55995599559956,509
UNION_029A,5478,695,4082,316,0.7451624680540343,0.4546762589928058,0.2904862090612285,0.12687112084702445,0.5453237410071943,379
UNION_029B,1900,224,1448,113,0.7621052631578947,0.5044642857142857,0.25764097744360903,0.11789473684210526,0.4955357142857143,111
UNION_029C,3443,311,2638,151,0.7661922741794946,0.4855305466237942,0.28066172755570046,0.09032820214928841,0.5144694533762058,160
UNION_031,4357,520,3165,232,0.7264172595822814,0.4461538461538462,0.28026341342843525,0.11934817535001148,0.5538461538461539,288
UNION_032,3788,353,3083,203,0.8138859556494192,0.5750708215297451,0.23881513411967414,0.09318901795142555,0.42492917847025496,150
UNION_033,2804,282,2122,129,0.7567760342368046,0.4574468085106383,0.2993292257261663,0.10057061340941512,0.5425531914893617,153
UNION_034,4156,482,3312,234,0.7969201154956689,0.4854771784232365,0.31144293707243237,0.11597690086621752,0.5145228215767634,248
UNION_035,2181,164,1777,77,0.8147638697845025,0.4695121951219512,0.34525167466255136,0.07519486474094451,0.5304878048780488,87
UNION_036,2337,236,1814,106,0.7762088147197261,0.4491525423728814,0.32705627234684476,0.10098416773641421,0.5508474576271186,130
UNION_037A,6123,705,4567,317,0.7458762044749306,0.44964539007092197,0.29623081440400867,0.11513963743263106,0.550354609929078,388
UNION_037B,1506,143,1255,83,0.8333333333333334,0.5804195804195804,0.25291375291375295,0.0949535192563081,0.4195804195804196,60
UNION_038A,4033,568,2769,232,0.6865856682370444,0.4084507042253521,0.27813496401169224,0.14083808579221424,0.5915492957746479,336
UNION_038B,2420,221,1872,114,0.7735537190082644,0.5158371040723982,0.2577166149358662,0.09132231404958678,0.4841628959276018,107
UNION_039,3404,415,2592,187,0.7614571092831962,0.4506024096385542,0.310854699644642,0.12191539365452408,0.5493975903614458,228
UNION_040,4452,681,3457,316,0.7765049415992812,0.46402349486049926,0.3124814467387819,0.15296495956873316,0.5359765051395007,365
UNION_041,5122,774,3944,356,0.7700117141741507,0.4599483204134367,0.310063393760714,0.1511128465443186,0.5400516795865633,418
UNION_042,2223,223,1677,97,0.7543859649122807,0.4349775784753363,0.3194083864369444,0.100314889788574,0.5650224215246636,126
UNION_043,1019,148,535,38,0.5250245338567223,0.25675675675675674,0.2682677770999656,0.1452404317958783,0.7432432432432432,110
VANCE_CC,2774,284,2130,118,0.7678442682047585,0.4154929577464789,0.3523513104582796,0.10237923576063446,0.5845070422535211,166
VANCE_CH,3562,375,2086,89,0.5856260527793374,0.23733333333333334,0.3482927194460041,0.10527793374508702,0.7626666666666667,286
VANCE_KITT,3626,346,2675,140,0.7377275234418091,0.4046242774566474,0.3331032459851617,0.0954219525648097,0.5953757225433526,206
VANCE_MIDD,2669,226,2035,97,0.762457849381791,0.42920353982300885,0.3332543095587821,0.0846759085799925,0.5707964601769911,129
VANCE_NH,3396,305,2546,116,0.7497055359246172,0.380327868852459,0.3693776670721582,0.089811542991755,0.6196721311475409,189
VANCE_NV,1181,126,749,47,0.6342082980524979,0.373015873015873,0.2611924250366249,0.10668924640135478,0.626984126984127,79
VANCE_SCRK,4153,469,2906,182,0.6997351312304358,0.3880597014925373,0.3116754297378985,0.11293041175054178,0.6119402985074627,287
VANCE_SH,3219,406,1960,120,0.6088847468157813,0.2955665024630542,0.3133182443527271,0.12612612612612611,0.7044334975369458,286
VANCE_WH,3486,266,2623,113,0.7524383247274814,0.424812030075188,0.3276262946522934,0.07630522088353414,0.575187969924812,153
WAKE_01-01,2259,459,1699,320,0.7521027003098716,0.6971677559912854,0.05493494431858614,0.20318725099601595,0.3028322440087146,139
WAKE_01-02,1973,356,1547,244,0.7840851495184997,0.6853932584269663,0.09869189109153342,0.1804358844399392,0.3146067415730337,112
WAKE_01-03,2255,274,1937,166,0.858980044345898,0.6058394160583942,0.25314062828750383,0.12150776053215077,0.39416058394160586,108
WAKE_01-04,1331,100,1121,56,0.8422238918106687,0.56,0.28222389181066865,0.07513148009015777,0.44,44
WAKE_01-05,1215,135,1065,86,0.8765432098765432,0.6370370370370371,0.23950617283950615,0.1111111111111111,0.362962962962963,49
WAKE_01-06,3193,209,2434,122,0.7622925148762919,0.583732057416268,0.1785604574600239,0.06545568430942687,0.41626794258373206,87
WAKE_01-07,3723,227,2619,127,0.7034649476228848,0.5594713656387665,0.14399358198411827,0.06097233413913511,0.44052863436123346,100
WAKE_01-09,1271,106,1092,57,0.8591660110149488,0.5377358490566038,0.32143016195834506,0.08339889850511409,0.46226415094339623,49
WAKE_01-10,1664,174,1447,109,0.8695913461538461,0.6264367816091954,0.2431545645446508,0.1045673076923077,0.3735632183908046,65
WAKE_01-11,2962,324,2484,199,0.8386225523295071,0.6141975308641975,0.22442502146530963,0.10938555030384875,0.38580246913580246,125
WAKE_01-12,2076,132,1728,59,0.8323699421965318,0.44696969696969696,0.38540024522683486,0.06358381502890173,0.553030303030303,73
WAKE_01-13,1835,86,1468,41,0.8,0.47674418604651164,0.3232558139534884,0.046866485013623976,0.5232558139534884,45
WAKE_01-14,4225,324,3386,159,0.8014201183431953,0.49074074074074076,0.3106793776024545,0.07668639053254438,0.5092592592592593,165
WAKE_01-15,3483,156,2546,75,0.7309790410565604,0.4807692307692308,0.25020981028732964,0.04478897502153316,0.5192307692307693,81
WAKE_01-16,3444,261,2608,135,0.7572590011614402,0.5172413793103449,0.24001762185109532,0.07578397212543554,0.4827586206896552,126
WAKE_01-17,1241,109,1017,52,0.8195004029008863,0.47706422018348627,0.34243618271740006,0.08783239323126511,0.5229357798165137,57
WAKE_01-18,3104,281,2224,118,0.7164948453608248,0.4199288256227758,0.29656601973804897,0.09052835051546392,0.5800711743772242,163
WAKE_01-19,2256,212,1234,55,0.5469858156028369,0.25943396226415094,0.28755185333868594,0.09397163120567376,0.7405660377358491,157
WAKE_01-20,3205,207,2028,82,0.6327613104524181,0.3961352657004831,0.23662604475193505,0.06458658346333854,0.6038647342995169,125
WAKE_01-21,5231,480,3488,205,0.6667941120244695,0.4270833333333333,0.23971077869113616,0.09176065761804626,0.5729166666666666,275
WAKE_01-22,4540,544,2883,181,0.635022026431718,0.3327205882352941,0.3023014381964239,0.1198237885462555,0.6672794117647058,363
WAKE_01-23,6073,3287,4062,2472,0.6688621768483451,0.7520535442652875,-0.08319136741694233,0.5412481475382842,0.2479464557347125,815
WAKE_01-25,1480,131,537,27,0.36283783783783785,0.20610687022900764,0.1567309676088302,0.08851351351351351,0.7938931297709924,104
WAKE_01-26,3096,560,1672,176,0.5400516795865633,0.3142857142857143,0.22576596530084903,0.18087855297157623,0.6857142857142857,384
WAKE_01-27,3161,217,2025,109,0.640620056944005,0.5023041474654378,0.1383159094785672,0.06864916165770325,0.4976958525345622,108
WAKE_01-28,5082,386,3303,114,0.6499409681227863,0.29533678756476683,0.3546041805580195,0.0759543486816214,0.7046632124352331,272
WAKE_01-29,2449,268,2091,151,0.8538178848509596,0.5634328358208955,0.290385049030064,0.10943242139648836,0.43656716417910446,117
WAKE_01-30,1381,169,1176,82,0.8515568428674873,0.48520710059171596,0.3663497422757714,0.1223750905141202,0.514792899408284,87
WAKE_01-31,4086,713,2378,422,0.5819872736172296,0.5918653576437588,-0.009878084026529232,0.1744982868330886,0.40813464235624125,291
WAKE_01-32,3068,298,2024,139,0.6597131681877445,0.4664429530201342,0.19327021516761028,0.09713168187744459,0.5335570469798657,159
WAKE_01-33,2028,223,1663,117,0.8200197238658777,0.5246636771300448,0.29535604673583293,0.10996055226824458,0.47533632286995514,106
WAKE_01-34,2269,268,1159,47,0.510797708241516,0.17537313432835822,0.33542457391315783,0.11811370647862494,0.8246268656716418,221
WAKE_01-35,2944,326,1667,106,0.5662364130434783,0.32515337423312884,0.24108303881034943,0.11073369565217392,0.6748466257668712,220
WAKE_01-36,2926,246,2260,148,0.7723855092276145,0.6016260162601627,0.17075949296745185,0.08407382091592618,0.3983739837398374,98
WAKE_01-37,1969,175,1630,85,0.8278313864906044,0.4857142857142857,0.3421171007763187,0.08887760284408329,0.5142857142857142,90
WAKE_01-38,2628,202,1871,81,0.7119482496194824,0.400990099009901,0.31095815060958143,0.07686453576864535,0.599009900990099,121
WAKE_01-39,2897,208,2047,110,0.7065930272695893,0.5288461538461539,0.17774687342343543,0.07179841215050052,0.47115384615384615,98
WAKE_01-40,5277,615,3029,192,0.5740003790032215,0.3121951219512195,0.261805257052002,0.11654349061967027,0.6878048780487804,423
WAKE_01-41,2463,323,1645,205,0.6678846934632562,0.6346749226006192,0.03320977086263699,0.1311408850994722,0.3653250773993808,118
WAKE_01-42,3026,269,2510,154,0.829477858559154,0.5724907063197026,0.25698715223945146,0.08889623265036352,0.4275092936802974,115
WAKE_01-43,2847,214,1964,100,0.6898489638215666,0.4672897196261682,0.22255924419539835,0.07516684229012996,0.5327102803738317,114
WAKE_01-44,3848,224,2868,98,0.7453222453222453,0.4375,0.30782224532224534,0.058212058212058215,0.5625,126
WAKE_01-45,1981,196,1464,83,0.7390206966178697,0.42346938775510207,0.31555130886276767,0.0989399293286219,0.576530612244898,113
WAKE_01-46,3247,405,1755,112,0.5404989220819217,0.2765432098765432,0.26395571220537856,0.12473052048044349,0.7234567901234568,293
WAKE_01-47,2221,187,1904,96,0.8572714993246285,0.5133689839572193,0.34390251536740923,0.08419630796938316,0.48663101604278075,91
WAKE_01-48,2448,233,1859,132,0.7593954248366013,0.5665236051502146,0.19287181968638667,0.0951797385620915,0.4334763948497854,101
WAKE_01-49,3807,607,2416,351,0.6346204360388757,0.5782537067545305,0.056366729284345274,0.15944313107433675,0.42174629324546953,256
WAKE_01-50,3497,397,2295,143,0.6562768086931656,0.3602015113350126,0.296075297358153,0.11352587932513583,0.6397984886649875,254
WAKE_01-51,1138,75,944,39,0.8295254833040422,0.52,0.30952548330404217,0.06590509666080843,0.48,36
WAKE_02-01,3411,329,2901,183,0.8504837291116975,0.5562310030395137,0.2942527260721838,0.09645265318088538,0.44376899696048633,146
WAKE_02-02,7001,874,5765,457,0.8234537923153835,0.522883295194508,0.30057049712087547,0.12483930867018997,0.477116704805492,417
WAKE_02-03,3164,318,2699,166,0.8530341340075853,0.5220125786163522,0.3310215553912331,0.10050568900126422,0.4779874213836478,152
WAKE_02-04,2721,320,2256,173,0.8291069459757442,0.540625,0.28848194597574417,0.11760382212421903,0.459375,147
WAKE_02-05,1144,120,988,58,0.8636363636363636,0.48333333333333334,0.3803030303030303,0.1048951048951049,0.5166666666666667,62
WAKE_02-06,2906,324,2480,177,0.8534067446662078,0.5462962962962963,0.3071104483699115,0.11149346180316587,0.4537037037037037,147
WAKE_03-01,5858,934,4582,441,0.7821782178217822,0.4721627408993576,0.3100154769224246,0.1594400819392284,0.5278372591006424,493
WAKE_03-02,3867,415,2998,177,0.7752779932764416,0.42650602409638555,0.3487719691800561,0.10731833462632531,0.5734939759036145,238
WAKE_04-01,2436,159,1910,74,0.784072249589491,0.46540880503144655,0.3186634445580444,0.06527093596059114,0.5345911949685535,85
WAKE_04-02,3203,343,2437,148,0.7608492038713706,0.4314868804664723,0.32936232340489824,0.10708710583827662,0.5685131195335277,195
WAKE_04-03,2294,193,1612,91,0.7027027027027027,0.47150259067357514,0.2312001120291276,0.08413251961639058,0.5284974093264249,102
WAKE_04-04,2129,130,1599,52,0.7510568341944575,0.4,0.35105683419445743,0.06106153123532175,0.6,78
WAKE_04-05,3961,389,3266,224,0.8245392577631911,0.5758354755784062,0.24870378218478495,0.09820752335268872,0.4241645244215938,165
WAKE_04-06,3317,185,2717,93,0.8191136569189026,0.5027027027027027,0.3164109542161999,0.05577328911667169,0.4972972972972973,92
WAKE_04-07,2987,326,2527,172,0.8459993304318715,0.5276073619631901,0.31839196846868134,0.10913960495480415,0.4723926380368098,154
WAKE_04-08,2901,282,2169,140,0.7476732161323681,0.49645390070921985,0.2512193154231483,0.09720785935884178,0.5035460992907801,142
WAKE_04-09,3262,373,2462,201,0.7547516860821581,0.5388739946380697,0.21587769144408842,0.11434702636419375,0.46112600536193027,172
WAKE_04-10,2968,242,2425,128,0.8170485175202157,0.5289256198347108,0.2881228976855049,0.08153638814016173,0.47107438016528924,114
WAKE_04-11,1812,168,1359,83,0.75,0.49404761904761907,0.25595238095238093,0.09271523178807947,0.5059523809523809,85
WAKE_04-12,3051,245,2457,136,0.8053097345132744,0.5551020408163265,0.25020769369694784,0.08030154047853164,0.4448979591836735,109
WAKE_04-13,5235,557,4305,302,0.8223495702005731,0.5421903052064632,0.2801592649941099,0.1063992359121299,0.4578096947935368,255
WAKE_04-14,1776,140,1486,68,0.8367117117117117,0.4857142857142857,0.35099742599742595,0.07882882882882883,0.5142857142857142,72
WAKE_04-15,2703,220,2152,113,0.7961524232334444,0.5136363636363637,0.2825160595970807,0.08139104698483167,0.4863636363636364,107
WAKE_04-16,2219,135,1850,71,0.8337088778729157,0.5259259259259259,0.3077829519469898,0.06083821541234791,0.4740740740740741,64
WAKE_04-17,2000,151,1551,74,0.7755,0.4900662251655629,0.28543377483443705,0.0755,0.5099337748344371,77
WAKE_04-18,3111,307,2340,168,0.7521697203471552,0.5472312703583062,0.20493844998884903,0.09868209578913532,0.4527687296416938,139
WAKE_04-19,1883,206,1555,104,0.8258098778544876,0.5048543689320388,0.32095550892244873,0.10939989378651088,0.49514563106796117,102
WAKE_04-20,3419,256,2585,122,0.7560690260310032,0.4765625,0.27950652603100323,0.07487569464755776,0.5234375,134
WAKE_04-21,2125,222,1399,108,0.6583529411764706,0.4864864864864865,0.17186645468998407,0.10447058823529412,0.5135135135135135,114
WAKE_05-01,4521,340,3295,172,0.7288210572882106,0.5058823529411764,0.2229387043470341,0.075204600752046,0.49411764705882355,168
WAKE_05-03,4969,477,3697,247,0.7440128798551017,0.5178197064989518,0.22619317335614986,0.09599517005433689,0.48218029350104824,230
WAKE_05-05,8633,739,6018,339,0.6970925518359782,0.4587280108254398,0.2383645410105384,0.08560176068574077,0.5412719891745602,400
WAKE_05-06,5993,908,4676,517,0.7802436175538128,0.5693832599118943,0.21086035764191846,0.15151009511096278,0.43061674008810574,391
WAKE_05-08,5897,671,3942,283,0.6684754960149228,0.4217585692995529,0.24671692671536993,0.11378667118874004,0.5782414307004471,388
WAKE_05-09,5151,630,3739,317,0.7258784701999612,0.5031746031746032,0.22270386702535805,0.12230634828188701,0.49682539682539684,313
WAKE_05-10,4228,616,2984,309,0.7057710501419111,0.5016233766233766,0.20414767351853447,0.1456953642384106,0.49837662337662336,307
WAKE_06-04,4925,554,3646,245,0.7403045685279188,0.44223826714801445,0.29806630137990436,0.11248730964467005,0.5577617328519856,309
WAKE_06-05,3455,439,2888,236,0.83589001447178,0.5375854214123007,0.2983045930594793,0.12706222865412445,0.4624145785876993,203
WAKE_06-06,7436,1089,5740,514,0.7719203873050027,0.4719926538108356,0.29992773349416707,0.14644970414201183,0.5280073461891643,575
WAKE_06-07,4034,505,3145,247,0.7796232027764006,0.4891089108910891,0.2905142918853115,0.12518591968269707,0.5108910891089109,258
WAKE_06-08,2602,292,2025,147,0.7782475019215987,0.5034246575342466,0.27482284438735216,0.11222136817832437,0.4965753424657534,145
WAKE_06-10,6896,876,5179,395,0.7510150812064965,0.4509132420091324,0.3001018391973641,0.12703016241299303,0.5490867579908676,481
WAKE_06-11,1644,159,1152,64,0.7007299270072993,0.4025157232704403,0.29821420373685903,0.09671532846715329,0.5974842767295597,95
WAKE_06-12,8566,1157,6762,547,0.789399953303759,0.4727744165946413,0.3166255367091177,0.1350688769554051,0.5272255834053586,610
WAKE_07-01,2096,201,1546,92,0.7375954198473282,0.4577114427860697,0.27988397706125856,0.0958969465648855,0.5422885572139303,109
WAKE_07-02,1742,168,1379,71,0.7916188289322618,0.4226190476190476,0.36899978131321415,0.09644087256027555,0.5773809523809523,97
WAKE_07-03,1699,121,1432,63,0.8428487345497352,0.5206611570247934,0.32218757752494176,0.07121836374337846,0.4793388429752066,58
WAKE_07-04,4414,296,3318,136,0.7516991391028546,0.4594594594594595,0.2922396796433951,0.06705935659265971,0.5405405405405406,160
WAKE_07-05,1962,148,1541,76,0.7854230377166157,0.5135135135135135,0.2719095242031022,0.07543323139653414,0.4864864864864865,72
WAKE_07-06,3809,226,3279,115,0.8608558676818062,0.5088495575221239,0.3520063101596823,0.059333158309267525,0.4911504424778761,111
WAKE_07-07,4564,273,3781,153,0.8284399649430324,0.5604395604395604,0.26800040450347196,0.0598159509202454,0.43956043956043955,120
WAKE_07-09,3725,231,2770,112,0.7436241610738255,0.48484848484848486,0.2587756762253406,0.06201342281879195,0.5151515151515151,119
WAKE_07-10,5853,442,4391,217,0.7502135656928071,0.49095022624434387,0.2592633394484632,0.0755168289765932,0.5090497737556561,225
WAKE_07-11,1195,63,1056,38,0.8836820083682009,0.6031746031746031,0.28050740519359774,0.052719665271966525,0.3968253968253968,25
WAKE_07-12,3048,205,2259,109,0.7411417322834646,0.5317073170731708,0.20943441521029382,0.06725721784776903,0.4682926829268293,96
WAKE_07-13,2501,147,1990,81,0.7956817273090764,0.5510204081632653,0.24466131914581113,0.058776489404238304,0.4489795918367347,66
WAKE_08-02,4475,415,3639,234,0.8131843575418994,0.563855421686747,0.24932893585515248,0.09273743016759776,0.43614457831325304,181
WAKE_08-03,7145,670,5267,335,0.7371588523442967,0.5,0.23715885234429668,0.09377186843946816,0.5,335
WAKE_08-04,1897,217,1667,129,0.8787559304164471,0.5944700460829493,0.2842858843334978,0.11439114391143912,0.4055299539170507,88
WAKE_08-05,2250,188,1937,101,0.8608888888888889,0.5372340425531915,0.3236548463356974,0.08355555555555555,0.4627659574468085,87
WAKE_08-06,2475,184,1601,81,0.6468686868686868,0.44021739130434784,0.20665129556433898,0.07434343434343435,0.5597826086956522,103
WAKE_08-07,2779,299,2374,174,0.8542641237855344,0.5819397993311036,0.2723243244544308,0.10759265922993883,0.4180602006688963,125
WAKE_08-08,4677,546,3950,292,0.8445584776566175,0.5347985347985348,0.3097599428580827,0.11674150096215523,0.4652014652014652,254
WAKE_08-09,2179,148,1698,64,0.7792565396971087,0.43243243243243246,0.3468241072646763,0.06792106470858192,0.5675675675675675,84
WAKE_08-10,3143,307,2433,164,0.7741011772192173,0.5342019543973942,0.2398992228218232,0.09767737830098631,0.46579804560260585,143
WAKE_08-11,4565,530,3610,258,0.7907995618838992,0.4867924528301887,0.30400710905371053,0.11610076670317634,0.5132075471698113,272
WAKE_09-01,2780,266,2087,105,0.7507194244604316,0.39473684210526316,0.35598258235516844,0.09568345323741007,0.6052631578947368,161
WAKE_09-02,4756,534,3245,196,0.682296047098402,0.36704119850187267,0.3152548485965293,0.11227922624053827,0.6329588014981273,338
WAKE_09-03,6582,693,4944,289,0.7511394712853237,0.417027417027417,0.33411205425790663,0.10528714676390155,0.5829725829725829,404
WAKE_10-01,1731,195,1289,98,0.7446562680531484,0.5025641025641026,0.24209216548904589,0.11265164644714037,0.49743589743589745,97
WAKE_10-02,5371,650,3750,224,0.6981940048408117,0.3446153846153846,0.35357862022542713,0.12102029417240737,0.6553846153846153,426
WAKE_10-03,4113,413,3013,174,0.7325553124240214,0.4213075060532688,0.3112478063707526,0.10041332360807197,0.5786924939467313,239
WAKE_10-05,4644,444,3723,236,0.8016795865633075,0.5315315315315315,0.27014805503177597,0.09560723514211886,0.46846846846846846,208
WAKE_10-06,8047,631,6101,277,0.7581707468621847,0.43898573692551507,0.3191850099366696,0.07841431589412204,0.561014263074485,354
WAKE_11-01,6746,645,4813,364,0.7134598280462496,0.5643410852713179,0.14911874277493176,0.09561221464571598,0.4356589147286822,281
WAKE_11-02,5472,364,4135,193,0.7556652046783626,0.5302197802197802,0.2254454244585824,0.06652046783625731,0.4697802197802198,171
WAKE_12-02,7116,749,5301,334,0.7449409780775716,0.4459279038718291,0.2990130742057425,0.1052557616638561,0.5540720961281709,415
WAKE_12-04,6919,785,5393,343,0.7794478970949559,0.4369426751592357,0.3425052219357202,0.11345570169099581,0.5630573248407643,442
WAKE_12-06,8022,667,6191,306,0.7717526801296435,0.4587706146926537,0.3129820654369898,0.0831463475442533,0.5412293853073463,361
WAKE_12-07,3839,459,2998,234,0.7809325345141964,0.5098039215686274,0.271128612945569,0.11956238603803074,0.49019607843137253,225
WAKE_12-08,6253,618,4724,286,0.7554773708619863,0.4627831715210356,0.2926941993409507,0.09883256037102191,0.5372168284789643,332
WAKE_12-09,6927,669,5318,316,0.7677205139309946,0.47234678624813153,0.2953737276828631,0.09657860545690775,0.5276532137518685,353
WAKE_12-10,5606,807,4589,417,0.8185872279700321,0.516728624535316,0.30185860343471616,0.14395290759900106,0.483271375464684,390
WAKE_12-11,4199,493,3249,232,0.7737556561085973,0.47058823529411764,0.30316742081447967,0.11740890688259109,0.5294117647058824,261
WAKE_12-12,4093,472,3406,260,0.8321524554116785,0.5508474576271186,0.28130499778455986,0.11531883703884681,0.4491525423728814,212
WAKE_12-13,3932,403,2898,179,0.737029501525941,0.4441687344913151,0.29286076703462594,0.10249237029501526,0.5558312655086849,224
WAKE_13-02,2149,179,1786,100,0.8310842252210331,0.5586592178770949,0.27242500734393815,0.0832945556072592,0.441340782122905,79
WAKE_13-05,2974,258,1849,82,0.6217215870880969,0.3178294573643411,0.3038921297237558,0.08675184936112978,0.6821705426356589,176
WAKE_13-06,3266,256,2615,134,0.8006736068585426,0.5234375,0.2772361068585426,0.07838334353949786,0.4765625,122
WAKE_13-07,2865,279,1985,105,0.6928446771378709,0.3763440860215054,0.3165005911163655,0.09738219895287958,0.6236559139784946,174
WAKE_13-08,4321,518,2657,188,0.6149039574172646,0.36293436293436293,0.2519695944829016,0.1198796574866929,0.637065637065637,330
WAKE_13-09,5446,625,3767,265,0.6917003305178112,0.424,0.2677003305178112,0.11476312890194638,0.576,360
WAKE_13-10,6538,854,5351,453,0.8184460079535026,0.5304449648711944,0.28800104308230823,0.13062098501070663,0.46955503512880564,401
WAKE_13-11,3568,285,2964,146,0.8307174887892377,0.512280701754386,0.3184367870348517,0.07987668161434977,0.48771929824561405,139
WAKE_13-12,3905,415,2276,136,0.5828425096030729,0.327710843373494,0.25513166622957895,0.10627400768245839,0.672289156626506,279
WAKE_13-13,3832,376,2898,181,0.7562630480167014,0.48138297872340424,0.27488006929329717,0.09812108559498957,0.5186170212765957,195
WAKE_14-01,943,85,779,45,0.8260869565217391,0.5294117647058824,0.2966751918158568,0.09013785790031813,0.47058823529411764,40
WAKE_14-02,9003,1119,7346,570,0.8159502388092857,0.5093833780160858,0.30656686079319995,0.1242919026991003,0.4906166219839142,549
WAKE_15-01,4666,443,3730,218,0.7993999142734677,0.49209932279909707,0.3073005914743706,0.09494213459065581,0.5079006772009029,225
WAKE_15-02,7408,780,5595,380,0.7552645788336934,0.48717948717948717,0.2680850916542062,0.10529157667386609,0.5128205128205128,400
WAKE_15-03,6025,619,4822,304,0.8003319502074688,0.4911147011308562,0.30921724907661263,0.10273858921161826,0.5088852988691438,315
WAKE_15-04,2498,248,2054,132,0.822257806244996,0.532258064516129,0.289999741728867,0.09927942353883107,0.46774193548387094,116
WAKE_16-01,4526,441,3027,182,0.6688024745912505,0.4126984126984127,0.25610406189283785,0.09743703049049934,0.5873015873015873,259
WAKE_16-02,6137,736,4151,310,0.6763891152028678,0.421195652173913,0.2551934630289548,0.11992830373146489,0.5788043478260869,426
WAKE_16-03,1698,175,1222,61,0.7196702002355713,0.3485714285714286,0.3710987716641427,0.10306242638398115,0.6514285714285715,114
WAKE_16-04,3145,243,2587,133,0.8225755166931638,0.5473251028806584,0.27525041381250537,0.07726550079491255,0.45267489711934156,110
WAKE_16-05,2975,248,2221,109,0.7465546218487394,0.43951612903225806,0.3070384928164814,0.08336134453781513,0.5604838709677419,139
WAKE_16-06,1472,113,1024,42,0.6956521739130435,0.37168141592920356,0.3239707579838399,0.07676630434782608,0.6283185840707964,71
WAKE_16-07,3726,297,3053,157,0.8193773483628556,0.5286195286195287,0.29075781974332693,0.07971014492753623,0.4713804713804714,140
WAKE_16-09,6275,690,4709,324,0.7504382470119522,0.46956521739130436,0.2808730296206478,0.1099601593625498,0.5304347826086957,366
WAKE_16-10,5805,777,3991,320,0.687510766580534,0.4118404118404118,0.2756703547401222,0.1338501291989664,0.5881595881595881,457
WAKE_16-11,6037,641,4229,248,0.7005135000828226,0.3868954758190328,0.3136180242637899,0.10617856551267185,0.6131045241809673,393
WAKE_17-01,3271,316,2157,123,0.6594313665545705,0.38924050632911394,0.2701908602254565,0.0966065423417915,0.6107594936708861,193
WAKE_17-02,2589,239,1978,104,0.7640015449980687,0.4351464435146444,0.32885510148342434,0.09231363460795675,0.5648535564853556,135
WAKE_17-03,7532,660,5619,303,0.7460169941582581,0.4590909090909091,0.28692608506734896,0.08762612851832183,0.5409090909090909,357
WAKE_17-05,4639,520,3291,226,0.7094201336494934,0.4346153846153846,0.2748047490341088,0.11209312351799956,0.5653846153846154,294
WAKE_17-06,2708,317,2016,115,0.7444608567208272,0.3627760252365931,0.3816848314842341,0.11706056129985229,0.637223974763407,202
WAKE_17-07,4499,609,3049,224,0.6777061569237608,0.367816091954023,0.3098900649697378,0.13536341409202046,0.632183908045977,385
WAKE_17-09,4614,579,2999,219,0.6499783268313828,0.37823834196891193,0.27173998486247086,0.12548764629388817,0.6217616580310881,360
WAKE_17-10,1487,151,1017,53,0.683927370544721,0.3509933774834437,0.33293399306127724,0.101546738399462,0.6490066225165563,98
WAKE_17-11,5485,774,3853,330,0.702461257976299,0.4263565891472868,0.2761046688290122,0.14111212397447584,0.5736434108527132,444
WAKE_17-12,4381,514,3155,222,0.7201552157041772,0.43190661478599224,0.28824860091818494,0.1173248116868295,0.5680933852140078,292
WAKE_17-13,6129,574,4554,258,0.7430249632892805,0.44947735191637633,0.29354761137290414,0.0936531244901289,0.5505226480836237,316
WAKE_17-15,3081,337,2307,150,0.7487828627069133,0.44510385756676557,0.30367900514014773,0.10938007140538786,0.5548961424332344,187
WAKE_17-16,2934,314,2006,131,0.6837082481254261,0.4171974522292994,0.2665107958961267,0.10702113156100886,0.5828025477707006,183
WAKE_17-17,3293,312,2459,131,0.7467354995444883,0.4198717948717949,0.3268637046726934,0.09474643182508351,0.5801282051282052,181
WAKE_18-01,5507,1343,3635,961,0.6600690030869802,0.7155621742367834,-0.05549317114980312,0.24387143635373162,0.2844378257632167,382
WAKE_18-02,5481,678,4538,368,0.8279511038131728,0.5427728613569321,0.2851782424562407,0.12370005473453749,0.45722713864306785,310
WAKE_18-03,2504,188,2036,107,0.8130990415335463,0.5691489361702128,0.2439501053633335,0.07507987220447285,0.4308510638297872,81
WAKE_18-04,5365,513,4189,245,0.7808014911463187,0.4775828460038986,0.3032186451424201,0.0956197576887232,0.5224171539961013,268
WAKE_18-05,5602,522,4830,297,0.8621920742591932,0.5689655172413793,0.29322655701781386,0.09318100678329168,0.43103448275862066,225
WAKE_18-06,4670,452,3379,245,0.7235546038543897,0.5420353982300885,0.18151920562430124,0.09678800856531049,0.4579646017699115,207
WAKE_18-07,4434,460,3639,217,0.8207036535859269,0.4717391304347826,0.3489645231511443,0.10374379792512405,0.5282608695652173,243
WAKE_18-08,4891,432,3691,251,0.7546514005315886,0.5810185185185185,0.17363288201307014,0.0883254958086281,0.41898148148148145,181
WAKE_19-03,4065,432,3077,207,0.7569495694956949,0.4791666666666667,0.27778290282902823,0.10627306273062731,0.5208333333333334,225
WAKE_19-05,4027,488,3157,258,0.7839582815992053,0.5286885245901639,0.2552697570090414,0.12118202135584803,0.4713114754098361,230
WAKE_19-07,6482,652,4915,267,0.7582536254242518,0.40950920245398775,0.34874442297026403,0.1005862388151805,0.5904907975460123,385
WAKE_19-09,6325,755,5037,374,0.7963636363636364,0.495364238410596,0.30099939795304037,0.11936758893280633,0.5046357615894039,381
WAKE_19-11,4200,416,3149,202,0.7497619047619047,0.4855769230769231,0.26418498168498167,0.09904761904761905,0.5144230769230769,214
WAKE_19-13,2628,280,1875,129,0.7134703196347032,0.4607142857142857,0.2527560339204175,0.106544901065449,0.5392857142857143,151
WAKE_19-14,3559,426,2662,203,0.7479629109300365,0.4765258215962441,0.2714370893337924,0.11969654397302613,0.5234741784037559,223
WAKE_19-15,3473,402,2634,213,0.7584221134465879,0.5298507462686567,0.22857136717793125,0.11575007198387562,0.4701492537313433,189
WAKE_19-16,3359,329,2530,148,0.7532003572491813,0.44984802431610943,0.3033523329330719,0.09794581720750223,0.5501519756838906,181
WAKE_19-17,6162,771,4632,374,0.7517039922103214,0.48508430609597925,0.2666196861143421,0.12512171372930866,0.5149156939040207,397
WAKE_19-18,5224,672,3983,308,0.7624425727411945,0.4583333333333333,0.3041092394078612,0.12863705972434916,0.5416666666666666,364
WAKE_19-20,4338,594,3423,308,0.789073305670816,0.5185185185185185,0.2705547871522975,0.13692946058091288,0.48148148148148145,286
WAKE_19-21,6210,813,4741,364,0.7634460547504026,0.44772447724477243,0.3157215775056302,0.13091787439613525,0.5522755227552275,449
WAKE_19-22,3882,501,3007,242,0.7746007212776919,0.48303393213572854,0.2915667891419633,0.12905718701700156,0.5169660678642715,259
WAKE_19-23,6088,730,4553,361,0.7478646517739816,0.4945205479452055,0.25334410382877615,0.11990801576872537,0.5054794520547945,369
WAKE_19-24,5126,758,4188,406,0.8170113148653921,0.5356200527704486,0.2813912620949436,0.14787358564182598,0.46437994722955145,352
WAKE_19-25,3422,404,2714,189,0.7931034482758621,0.46782178217821785,0.32528166609764425,0.11805961426066627,0.5321782178217822,215
WAKE_20-01,4408,577,3229,247,0.7325317604355717,0.42807625649913345,0.3044555039364382,0.1308983666061706,0.5719237435008665,330
WAKE_20-03,5178,460,3990,228,0.7705677867902665,0.4956521739130435,0.274915612877223,0.0888373889532638,0.5043478260869565,232
WAKE_20-04,3915,530,3106,279,0.7933588761174968,0.5264150943396226,0.26694378177787415,0.13537675606641125,0.47358490566037736,251
WAKE_20-05,4791,412,3874,245,0.8085994573158004,0.5946601941747572,0.21393926314104317,0.08599457315800459,0.4053398058252427,167
WAKE_20-06A,6318,722,4831,367,0.7646407090851536,0.5083102493074793,0.2563304597776743,0.11427666983222538,0.4916897506925208,355
WAKE_20-06B,3939,538,3255,303,0.8263518659558263,0.5631970260223048,0.2631548399335215,0.1365828890581366,0.4368029739776952,235
WAKE_20-08,5678,708,4407,388,0.7761535752025361,0.5480225988700564,0.2281309763324797,0.1246917928848186,0.4519774011299435,320
WAKE_20-09,3013,381,2521,235,0.8367076003982742,0.6167979002624672,0.21990970013580702,0.12645204115499503,0.38320209973753283,146
WAKE_20-10,3536,482,2827,263,0.7994909502262444,0.5456431535269709,0.2538477966992735,0.13631221719457012,0.45435684647302904,219
WAKE_20-11,7350,892,5734,463,0.7801360544217687,0.5190582959641256,0.26107775845764314,0.12136054421768708,0.48094170403587444,429
WAKE_20-12,7591,991,5778,480,0.7611645369516533,0.4843592330978809,0.2768053038537724,0.13054933473850613,0.515640766902119,511
WAKE_20-15,6203,856,4284,380,0.6906335644043204,0.4439252336448598,0.24670833075946064,0.13799774302756732,0.5560747663551402,476
WAKE_20-17,5997,1091,4602,570,0.7673836918459229,0.5224564619615032,0.24492722988441973,0.18192429548107386,0.4775435380384968,521
WAKE_20-18,4389,523,2953,238,0.6728184096605149,0.45506692160611856,0.2177514880543963,0.11916154021417179,0.5449330783938815,285
WAKE_20-19,5812,1038,4288,550,0.7377838953888507,0.5298651252408478,0.20791877014800286,0.17859600825877495,0.4701348747591522,488
WAKE_20-20,4426,766,3497,402,0.790103931314957,0.5248041775456919,0.2652997537692652,0.17306823316764572,0.4751958224543081,364
WARREN_001,1197,61,942,34,0.7869674185463659,0.5573770491803278,0.22959036936603805,0.050960735171261484,0.4426229508196721,27
WARREN_002,906,42,719,16,0.7935982339955849,0.38095238095238093,0.412645853043204,0.046357615894039736,0.6190476190476191,26
WARREN_003,903,74,688,28,0.7619047619047619,0.3783783783783784,0.38352638352638346,0.08194905869324474,0.6216216216216216,46
WARREN_004,793,61,602,20,0.7591424968474149,0.32786885245901637,0.4312736443883985,0.07692307692307693,0.6721311475409836,41
WARREN_005,1161,80,876,32,0.7545219638242894,0.4,0.35452196382428935,0.06890611541774333,0.6,48
WARREN_006,1197,101,832,27,0.6950710108604845,0.26732673267326734,0.42774427818721716,0.08437761069340016,0.7326732673267327,74
WARREN_007,829,73,569,22,0.6863691194209891,0.3013698630136986,0.3849992564072905,0.08805790108564536,0.6986301369863014,51
WARREN_008,1119,87,820,28,0.7327971403038427,0.3218390804597701,0.4109580598440726,0.0777479892761394,0.6781609195402298,59
WARREN_009,506,34,395,15,0.7806324110671937,0.4411764705882353,0.33945594047895844,0.06719367588932806,0.5588235294117647,19
WARREN_010,1634,125,1171,49,0.7166462668298653,0.392,0.3246462668298653,0.07649938800489596,0.608,76
WARREN_011,316,28,229,10,0.7246835443037974,0.35714285714285715,0.3675406871609403,0.08860759493670886,0.6428571428571429,18
WARREN_012,1103,36,818,12,0.7416137805983681,0.3333333333333333,0.4082804472650348,0.032638259292837715,0.6666666666666666,24
WARREN_013,633,61,432,18,0.6824644549763034,0.29508196721311475,0.3873824877631886,0.09636650868878358,0.7049180327868853,43
WARREN_014,1174,67,832,22,0.7086882453151618,0.3283582089552239,0.38033003635993795,0.05706984667802385,0.6716417910447762,45
WASHINGTON_LM,1728,129,1269,45,0.734375,0.3488372093023256,0.3855377906976744,0.07465277777777778,0.6511627906976745,84
WASHINGTON_P1,1290,147,834,42,0.6465116279069767,0.2857142857142857,0.360797342192691,0.11395348837209303,0.7142857142857143,105
WASHINGTON_P2,991,101,587,25,0.5923309788092835,0.24752475247524752,0.344806226334036,0.10191725529767912,0.7524752475247525,76
WASHINGTON_P3,2255,224,1607,78,0.7126385809312639,0.3482142857142857,0.36442429521697817,0.09933481152993348,0.6517857142857143,146
WASHINGTON_SC,1098,87,829,37,0.7550091074681239,0.42528735632183906,0.3297217511462848,0.07923497267759563,0.5747126436781609,50
WASHINGTON_SK,851,64,646,32,0.7591069330199764,0.5,0.25910693301997645,0.07520564042303172,0.5,32
WATAUGA_01,563,49,453,29,0.8046181172291297,0.5918367346938775,0.21278138253525214,0.08703374777975133,0.40816326530612246,20
WATAUGA_02,1078,108,857,61,0.7949907235621522,0.5648148148148148,0.2301759087473374,0.10018552875695733,0.4351851851851852,47
WATAUGA_03,2795,171,2203,91,0.7881932021466905,0.5321637426900585,0.256029459456632,0.06118067978533095,0.4678362573099415,80
WATAUGA_04,3817,361,2966,198,0.7770500392978779,0.5484764542936288,0.22857358500424907,0.09457689284778623,0.4515235457063712,163
WATAUGA_05,1713,540,1185,429,0.691768826619965,0.7944444444444444,-0.10267561782447943,0.31523642732049034,0.20555555555555555,111
WATAUGA_06,3166,2339,1765,1478,0.5574857864813645,0.6318939717828131,-0.07440818530144866,0.7387871130764372,0.36810602821718685,861
WATAUGA_07,3811,1104,2791,929,0.7323537129362372,0.8414855072463768,-0.10913179431013964,0.2896877459984256,0.1585144927536232,175
WATAUGA_08,2335,210,1862,113,0.7974304068522484,0.5380952380952381,0.25933516875701035,0.08993576017130621,0.46190476190476193,97
WATAUGA_09,675,48,540,31,0.8,0.6458333333333334,0.15416666666666667,0.07111111111111111,0.3541666666666667,17
WATAUGA_10,1103,108,840,50,0.7615593834995467,0.46296296296296297,0.2985964205365837,0.09791477787851315,0.5370370370370371,58
WATAUGA_11,2437,260,1926,150,0.7903159622486664,0.5769230769230769,0.21339288532558953,0.10668855149774313,0.4230769230769231,110
WATAUGA_12,3368,2634,2042,1670,0.6062945368171021,0.6340167046317388,-0.027722167814636656,0.7820665083135392,0.3659832953682612,964
WATAUGA_13,2852,1040,1910,814,0.6697054698457223,0.7826923076923077,-0.11298683784658536,0.364656381486676,0.2173076923076923,226
WATAUGA_14,3648,879,2625,661,0.7195723684210527,0.7519908987485779,-0.032418530327525286,0.24095394736842105,0.24800910125142206,218
WATAUGA_15,4249,1084,3083,793,0.7255824899976465,0.731549815498155,-0.005967325500508491,0.2551188514944693,0.26845018450184505,291
WATAUGA_16,180,18,140,11,0.7777777777777778,0.6111111111111112,0.16666666666666663,0.1,0.3888888888888889,7
WATAUGA_17,667,54,506,30,0.7586206896551724,0.5555555555555556,0.2030651340996168,0.08095952023988005,0.4444444444444444,24
WATAUGA_18,1918,184,1506,100,0.7851929092805006,0.5434782608695652,0.24171464841093537,0.09593326381647549,0.45652173913043476,84
WATAUGA_19,3253,261,2541,139,0.7811251152782047,0.5325670498084292,0.24855806546977555,0.08023363049492777,0.4674329501915709,122
WATAUGA_20,578,29,380,10,0.657439446366782,0.3448275862068966,0.3126118601598854,0.050173010380622836,0.6551724137931034,19
WAYNE_01,2371,213,1751,80,0.738506959088992,0.3755868544600939,0.3629201046288981,0.08983551244200759,0.6244131455399061,133
WAYNE_02,3966,388,2920,175,0.7362581946545638,0.45103092783505155,0.2852272668195122,0.0978315683308119,0.5489690721649485,213
WAYNE_03,3735,415,2747,170,0.735475234270415,0.40963855421686746,0.3258366800535475,0.1111111111111111,0.5903614457831325,245
WAYNE_04,4910,528,3672,231,0.7478615071283096,0.4375,0.31036150712830957,0.10753564154786151,0.5625,297
WAYNE_05,3829,363,3035,178,0.7926351527814051,0.4903581267217631,0.30227702605964196,0.09480282057978584,0.509641873278237,185
WAYNE_06,2626,230,1992,96,0.7585681645087585,0.41739130434782606,0.34117686016093246,0.08758568164508758,0.5826086956521739,134
WAYNE_07,4690,453,3454,183,0.7364605543710021,0.40397350993377484,0.33248704443722726,0.09658848614072495,0.5960264900662252,270
WAYNE_08,2904,342,2027,128,0.6980027548209367,0.3742690058479532,0.32373374897298346,0.11776859504132231,0.6257309941520468,214
WAYNE_09,2643,264,2026,141,0.7665531592886871,0.5340909090909091,0.232462250197778,0.09988649262202043,0.4659090909090909,123
WAYNE_10,1722,170,998,46,0.5795586527293844,0.27058823529411763,0.3089704174352668,0.09872241579558652,0.7294117647058823,124
WAYNE_11,2527,199,1768,82,0.6996438464582508,0.4120603015075377,0.28758354495071314,0.07874950534230313,0.5879396984924623,117
WAYNE_12,3422,346,2393,144,0.6992986557568673,0.4161849710982659,0.2831136846586014,0.1011104617182934,0.5838150289017341,202
WAYNE_13,1935,217,1343,74,0.6940568475452197,0.34101382488479265,0.35304302266042703,0.11214470284237726,0.6589861751152074,143
WAYNE_14,3409,299,2654,140,0.7785274273980639,0.4682274247491639,0.3103000026489,0.08770900557348196,0.5317725752508361,159
WAYNE_15,3407,477,2289,165,0.6718520692691518,0.34591194968553457,0.3259401195836172,0.14000587026709715,0.6540880503144654,312
WAYNE_16,2330,252,1585,91,0.6802575107296137,0.3611111111111111,0.3191463996185026,0.10815450643776824,0.6388888888888888,161
WAYNE_17,1420,167,609,33,0.4288732394366197,0.19760479041916168,0.23126844901745802,0.1176056338028169,0.8023952095808383,134
WAYNE_18,1370,117,722,25,0.527007299270073,0.21367521367521367,0.31333208559485926,0.0854014598540146,0.7863247863247863,92
WAYNE_1920,3016,271,1678,76,0.5563660477453581,0.28044280442804426,0.2759232433173139,0.08985411140583555,0.7195571955719557,195
WAYNE_21,1745,147,1182,46,0.6773638968481376,0.3129251700680272,0.36443872678011036,0.08424068767908309,0.6870748299319728,101
WAYNE_22,1795,176,1192,75,0.664066852367688,0.42613636363636365,0.23793048873132439,0.09805013927576602,0.5738636363636364,101
WAYNE_23,1960,190,1205,63,0.6147959183673469,0.33157894736842103,0.2832169709989259,0.09693877551020408,0.6684210526315789,127
WAYNE_24,2672,265,2073,126,0.7758233532934131,0.47547169811320755,0.30035165518020557,0.09917664670658682,0.5245283018867924,139
WAYNE_2530,3309,322,2311,138,0.6983983076458145,0.42857142857142855,0.2698268790743859,0.09731036566938653,0.5714285714285714,184
WAYNE_26,2371,276,1608,102,0.6781948544917756,0.3695652173913043,0.3086296371004713,0.1164065795023197,0.6304347826086957,174
WAYNE_27,1558,169,1055,65,0.6771501925545571,0.38461538461538464,0.29253480793917247,0.10847240051347883,0.6153846153846154,104
WAYNE_28,3445,495,2248,162,0.6525399129172714,0.32727272727272727,0.32526718564454415,0.14368650217706821,0.6727272727272727,333
WAYNE_29,1731,146,1107,49,0.6395147313691508,0.3356164383561644,0.30389829301298643,0.08434430964760255,0.6643835616438356,97
WILKES_101,692,62,562,30,0.8121387283236994,0.4838709677419355,0.3282677605817639,0.08959537572254335,0.5161290322580645,32
WILKES_102,1587,138,1236,61,0.77882797731569,0.4420289855072464,0.3367989918084436,0.08695652173913043,0.5579710144927537,77
WILKES_103,532,43,457,30,0.8590225563909775,0.6976744186046512,0.16134813778632628,0.08082706766917293,0.3023255813953488,13
WILKES_104,1741,196,1313,89,0.7541642734060885,0.45408163265306123,0.30008264075302726,0.11257897759908099,0.5459183673469388,107
WILKES_105,1192,122,941,56,0.7894295302013423,0.45901639344262296,0.33041313675871936,0.10234899328859061,0.5409836065573771,66
WILKES_106,927,86,737,42,0.7950377562028047,0.4883720930232558,0.3066656631795489,0.09277238403451996,0.5116279069767442,44
WILKES_107,2784,233,2252,113,0.8089080459770115,0.48497854077253216,0.32392950520447933,0.08369252873563218,0.5150214592274678,120
WILKES_108,1475,155,1105,71,0.7491525423728813,0.45806451612903226,0.29108802624384905,0.10508474576271186,0.5419354838709678,84
WILKES_109,857,73,688,43,0.8028004667444574,0.589041095890411,0.2137593708540464,0.08518086347724621,0.410958904109589,30
WILKES_111,1935,168,1569,78,0.8108527131782945,0.4642857142857143,0.34656699889258025,0.08682170542635659,0.5357142857142857,90
WILKES_112,2089,154,1620,74,0.7754906653901388,0.4805194805194805,0.29497118487065827,0.07371948300622308,0.5194805194805194,80
WILKES_113A,2149,179,1757,101,0.8175895765472313,0.5642458100558659,0.25334376649136536,0.0832945556072592,0.43575418994413406,78
WILKES_114,729,53,592,27,0.8120713305898491,0.5094339622641509,0.3026373683256982,0.07270233196159122,0.49056603773584906,26
WILKES_115A,3631,347,2849,178,0.7846323326907189,0.5129682997118156,0.2716640329789033,0.09556595979069127,0.48703170028818443,169
WILKES_117,1175,96,967,46,0.8229787234042554,0.4791666666666667,0.3438120567375887,0.08170212765957446,0.5208333333333334,50
WILKES_118,2376,231,1637,93,0.688973063973064,0.4025974025974026,0.2863756613756614,0.09722222222222222,0.5974025974025974,138
WILKES_119,4078,395,3304,203,0.8102010789602746,0.5139240506329114,0.29627702832736325,0.09686120647376165,0.4860759493670886,192
WILKES_120A,3961,384,3117,191,0.7869224943196163,0.4973958333333333,0.28952666098628294,0.09694521585458217,0.5026041666666666,193
WILKES_122,804,64,677,38,0.8420398009950248,0.59375,0.24828980099502485,0.07960199004975124,0.40625,26
WILKES_123A,2195,184,1745,89,0.7949886104783599,0.483695652173913,0.31129295830444687,0.08382687927107062,0.5163043478260869,95
WILKES_125,804,60,647,28,0.804726368159204,0.4666666666666667,0.3380597014925373,0.07462686567164178,0.5333333333333333,32
WILKES_126,842,66,676,36,0.8028503562945368,0.5454545454545454,0.2573958108399914,0.07838479809976247,0.45454545454545453,30
WILKES_127,2131,162,1673,77,0.7850774284373534,0.47530864197530864,0.30976878646204475,0.07602064758329423,0.5246913580246914,85
WILKES_128,2612,241,2039,114,0.7806278713629403,0.4730290456431535,0.3075988257197868,0.09226646248085758,0.5269709543568465,127
WILKES_129,1994,170,1612,84,0.8084252758274825,0.49411764705882355,0.3143076287686589,0.08525576730190572,0.5058823529411764,86
WILSON_PRBL,2734,274,2070,125,0.7571324067300659,0.4562043795620438,0.3009280271680221,0.10021945866861741,0.5437956204379562,149
WILSON_PRCR,2356,252,1730,104,0.734295415959253,0.4126984126984127,0.3215970032608403,0.10696095076400679,0.5873015873015873,148
WILSON_PRGA,2288,260,1640,95,0.7167832167832168,0.36538461538461536,0.3513986013986014,0.11363636363636363,0.6346153846153846,165
WILSON_PROL,4411,517,3479,258,0.7887100430741328,0.4990328820116054,0.28967716106252744,0.1172069825436409,0.5009671179883946,259
WILSON_PRSA,970,71,738,32,0.7608247422680412,0.4507042253521127,0.3101205169159285,0.0731958762886598,0.5492957746478874,39
WILSON_PRSP,2187,239,1663,97,0.7604023776863283,0.40585774058577406,0.3545446371005543,0.10928212162780064,0.5941422594142259,142
WILSON_PRST,1432,135,1023,54,0.7143854748603352,0.4,0.3143854748603352,0.09427374301675978,0.6,81
WILSON_PRTA,6949,707,5099,292,0.7337746438336451,0.413012729844413,0.3207619139892321,0.10174125773492589,0.5869872701555869,415
WILSON_PRTO,3744,370,2747,161,0.7337072649572649,0.43513513513513513,0.2985721298221298,0.09882478632478632,0.5648648648648649,209
WILSON_PRWA,1021,127,563,52,0.5514201762977473,0.4094488188976378,0.14197135740010952,0.12438785504407443,0.5905511811023622,75
WILSON_PRWB,1164,128,582,35,0.5,0.2734375,0.2265625,0.10996563573883161,0.7265625,93
WILSON_PRWC,1552,139,1016,49,0.654639175257732,0.35251798561151076,0.3021211896462212,0.0895618556701031,0.6474820143884892,90
WILSON_PRWD,1672,130,1348,66,0.80622009569378,0.5076923076923077,0.2985277880014723,0.07775119617224881,0.49230769230769234,64
WILSON_PRWE,1432,151,860,53,0.6005586592178771,0.3509933774834437,0.24956528173443338,0.10544692737430168,0.6490066225165563,98
WILSON_PRWH,854,95,473,22,0.5538641686182669,0.23157894736842105,0.3222852212498459,0.11124121779859485,0.7684210526315789,73
WILSON_PRWI,1815,191,1094,53,0.6027548209366391,0.2774869109947644,0.3252679099418747,0.10523415977961433,0.7225130890052356,138
WILSON_PRWJ,3856,325,2816,137,0.7302904564315352,0.42153846153846153,0.3087519948930737,0.08428423236514523,0.5784615384615385,188
WILSON_PRWK,1510,117,1222,65,0.8092715231788079,0.5555555555555556,0.2537159676232523,0.07748344370860927,0.4444444444444444,52
WILSON_PRWL,2390,202,1813,96,0.7585774058577406,0.4752475247524752,0.28332988110526536,0.08451882845188284,0.5247524752475248,106
WILSON_PRWM,4430,411,3338,192,0.7534988713318285,0.46715328467153283,0.28634558666029564,0.0927765237020316,0.5328467153284672,219
WILSON_PRWN,2275,216,1489,65,0.6545054945054946,0.30092592592592593,0.3535795685795686,0.09494505494505495,0.6990740740740741,151
WILSON_PRWP,1614,140,1271,60,0.7874845105328376,0.42857142857142855,0.3589130819614091,0.08674101610904585,0.5714285714285714,80
WILSON_PRWQ,623,58,378,15,0.6067415730337079,0.25862068965517243,0.3481208833785355,0.09309791332263243,0.7413793103448276,43
WILSON_PRWR,1572,179,871,44,0.5540712468193384,0.24581005586592178,0.30826119095341664,0.1138676844783715,0.7541899441340782,135
YADKIN_BNVL,2900,243,2303,117,0.7941379310344827,0.48148148148148145,0.31265644955300126,0.08379310344827587,0.5185185185185185,126
YADKIN_DCRK,1973,244,1512,115,0.7663456664977192,0.4713114754098361,0.2950341910878831,0.12366953877344146,0.5286885245901639,129
YADKIN_EBND,2311,201,1783,99,0.7715274772825617,0.4925373134328358,0.27899016384972586,0.08697533535266118,0.5074626865671642,102
YADKIN_FBSH,3171,270,2635,138,0.8309681488489435,0.5111111111111111,0.3198570377378325,0.08514664143803216,0.4888888888888889,132
YADKIN_NBCK,1475,132,1164,63,0.7891525423728813,0.4772727272727273,0.31187981510015406,0.08949152542372882,0.5227272727272727,69
YADKIN_NFAL,1130,94,927,55,0.820353982300885,0.5851063829787234,0.23524759932216155,0.0831858407079646,0.4148936170212766,39
YADKIN_NKNB,2911,260,2178,110,0.7481964960494676,0.4230769230769231,0.3251195729725445,0.0893163861216077,0.5769230769230769,150
YADKIN_NLIB,3821,339,2931,143,0.7670766814969903,0.4218289085545723,0.345247772942418,0.08872023030620256,0.5781710914454278,196
YADKIN_SBCK,818,81,665,49,0.812958435207824,0.6049382716049383,0.20802016360288567,0.09902200488997555,0.3950617283950617,32
YADKIN_SFAL,1801,187,1434,86,0.7962243198223209,0.45989304812834225,0.33633127169397864,0.10383120488617435,0.5401069518716578,101
YADKIN_SKNB,1194,116,976,57,0.8174204355108877,0.49137931034482757,0.32604112516606015,0.09715242881072027,0.5086206896551724,59
YADKIN_SLIB,2148,192,1715,104,0.7984171322160148,0.5416666666666666,0.2567504655493482,0.0893854748603352,0.4583333333333333,88
YANCEY_01 BUR,3233,230,2447,97,0.7568821527992576,0.4217391304347826,0.335143022364475,0.07114135477884317,0.5782608695652174,133
YANCEY_02 CAN,1487,112,1128,53,0.7585743106926698,0.4732142857142857,0.2853600249783841,0.07531943510423672,0.5267857142857143,59
YANCEY_03 EGY,590,41,433,20,0.7338983050847457,0.4878048780487805,0.24609342703596526,0.06949152542372881,0.5121951219512195,21
YANCEY_04 RAM,354,23,241,7,0.6807909604519774,0.30434782608695654,0.37644313436502086,0.06497175141242938,0.6956521739130435,16
YANCEY_05 GRE,483,32,378,14,0.782608695652174,0.4375,0.34510869565217395,0.06625258799171843,0.5625,18
YANCEY_06 JAC,1518,136,1209,79,0.7964426877470355,0.5808823529411765,0.215560334805859,0.08959156785243742,0.41911764705882354,57
YANCEY_07 BRU,444,32,351,14,0.7905405405405406,0.4375,0.35304054054054057,0.07207207207207207,0.5625,18
YANCEY_08 CRA,2478,221,1948,106,0.7861178369652946,0.4796380090497738,0.3064798279155208,0.08918482647296207,0.5203619909502263,115
YANCEY_09 SOU,1987,128,1574,63,0.7921489682939105,0.4921875,0.29996146829391046,0.06441872169099144,0.5078125,65
YANCEY_10 PEN,567,35,436,19,0.7689594356261023,0.5428571428571428,0.22610229276895943,0.06172839506172839,0.45714285714285713,16
YANCEY_11 PRI,1323,116,1003,67,0.7581254724111867,0.5775862068965517,0.18053926551463495,0.08767951625094482,0.4224137931034483,49
