county_desc,precinct_abbrv,pop_total,pop_white,pop_black,pop_aian,pop_asian,pop_nhpi,pop_other,pop_two_more,pop_hispanic,pop_white_nonhisp,vap_total,vap_white,vap_black,vap_aian,vap_asian,vap_hispanic,vap_white_nonhisp,pop_nonwhite,pct_white,pct_black,pct_hispanic,pct_asian,pct_nonwhite,vap_pct
ALAMANCE,01,5135,4466,265,17,17,2,131,237,251,4420,4066,3568,226,16,7,167,3544,669,0.8697,0.0516,0.0489,0.0033,0.1303,0.7918
ALAMANCE,02,4771,4262,169,22,18,4,77,219,190,4225,3766,3430,116,19,11,112,3406,509,0.8933,0.0354,0.0398,0.0038,0.1067,0.7894
ALAMANCE,035,8320,6440,897,32,154,4,260,533,596,6321,7042,5587,733,23,138,427,5495,1880,0.774,0.1078,0.0716,0.0185,0.226,0.8464
ALAMANCE,03C,2755,2292,180,11,81,0,65,126,161,2256,2246,1891,162,4,63,105,1869,463,0.8319,0.0653,0.0584,0.0294,0.1681,0.8152
ALAMANCE,03N,5578,4625,439,10,135,0,78,291,262,4539,5006,4209,370,8,125,203,4134,953,0.8292,0.0787,0.047,0.0242,0.1708,0.8975
ALAMANCE,03N2,829,800,8,0,3,0,0,18,11,800,791,769,6,0,3,7,769,29,0.965,0.0097,0.0133,0.0036,0.035,0.9542
ALAMANCE,03SE,5609,3434,1264,31,292,2,223,363,452,3357,4636,3000,946,29,246,338,2949,2175,0.6122,0.2254,0.0806,0.0521,0.3878,0.8265
ALAMANCE,03SM,4671,3032,743,8,340,0,211,337,440,2948,3524,2362,556,4,254,287,2310,1639,0.6491,0.1591,0.0942,0.0728,0.3509,0.7544
ALAMANCE,03W,3980,3164,421,19,76,1,89,210,219,3112,3111,2505,322,14,60,145,2479,816,0.795,0.1058,0.055,0.0191,0.205,0.7817
ALAMANCE,04,5427,4588,440,23,10,6,103,257,231,4536,4307,3668,379,22,8,149,3630,839,0.8454,0.0811,0.0426,0.0018,0.1546,0.7936
ALAMANCE,05,3399,2960,179,13,9,2,105,131,179,2926,2756,2459,133,12,6,101,2445,439,0.8708,0.0527,0.0527,0.0026,0.1292,0.8108
ALAMANCE,063,5026,1471,1487,92,69,1,1517,389,2105,1224,3574,1196,1101,69,47,1256,1081,3555,0.2927,0.2959,0.4188,0.0137,0.7073,0.7111
ALAMANCE,064,6344,3987,886,86,142,0,784,459,1242,3834,4952,3314,695,50,113,769,3237,2357,0.6285,0.1397,0.1958,0.0224,0.3715,0.7806
ALAMANCE,06E,4030,2089,1121,53,43,7,369,348,617,1995,3183,1783,864,35,38,398,1719,1941,0.5184,0.2782,0.1531,0.0107,0.4816,0.7898
ALAMANCE,06N,4895,1681,1656,81,38,2,993,444,1476,1505,3587,1383,1212,60,33,928,1278,3214,0.3434,0.3383,0.3015,0.0078,0.6566,0.7328
ALAMANCE,06S,4946,3140,1157,36,93,1,206,313,450,3031,3986,2631,913,29,72,305,2554,1806,0.6349,0.2339,0.091,0.0188,0.3651,0.8059
ALAMANCE,06W,2135,902,625,32,27,1,369,179,586,820,1573,742,439,26,16,371,709,1233,0.4225,0.2927,0.2745,0.0126,0.5775,0.7368
ALAMANCE,07,4456,3753,234,16,20,0,177,256,318,3675,3475,3007,195,11,18,179,2967,703,0.8422,0.0525,0.0714,0.0045,0.1578,0.7798
ALAMANCE,08N,4235,3269,278,41,13,1,311,322,591,3164,3284,2605,244,35,12,379,2545,966,0.7719,0.0656,0.1396,0.0031,0.2281,0.7754
ALAMANCE,08S,2101,1756,100,10,21,0,69,145,121,1733,1647,1410,85,8,18,70,1401,345,0.8358,0.0476,0.0576,0.01,0.1642,0.7839
ALAMANCE,09N,3329,2220,627,34,86,2,146,214,299,2159,2596,1775,504,21,60,184,1741,1109,0.6669,0.1883,0.0898,0.0258,0.3331,0.7798
ALAMANCE,09S,6676,4836,613,82,117,2,513,513,921,4701,5208,3910,502,56,89,570,3833,1840,0.7244,0.0918,0.138,0.0175,0.2756,0.7801
ALAMANCE,103,4617,3099,534,52,52,1,539,340,798,3036,3556,2547,398,36,46,469,2505,1518,0.6712,0.1157,0.1728,0.0113,0.3288,0.7702
ALAMANCE,104,3408,1825,912,26,158,9,131,347,324,1773,2542,1451,662,24,118,203,1410,1583,0.5355,0.2676,0.0951,0.0464,0.4645,0.7459
ALAMANCE,10N,4828,3505,680,28,59,1,194,361,395,3469,3779,2855,527,21,45,242,2834,1323,0.726,0.1408,0.0818,0.0122,0.274,0.7827
ALAMANCE,10S1,9013,5225,2458,42,209,2,384,693,758,5107,6835,4180,1805,27,155,480,4108,3788,0.5797,0.2727,0.0841,0.0232,0.4203,0.7583
ALAMANCE,11,4741,2567,1480,47,16,0,343,288,521,2491,3743,2041,1249,30,13,327,2000,2174,0.5414,0.3122,0.1099,0.0034,0.4586,0.7895
ALAMANCE,1210,3115,1560,1043,26,61,10,233,182,359,1503,2413,1315,759,21,48,242,1278,1555,0.5008,0.3348,0.1152,0.0196,0.4992,0.7746
ALAMANCE,124,2424,1612,435,15,30,2,167,163,300,1550,1991,1395,342,8,20,203,1361,812,0.665,0.1795,0.1238,0.0124,0.335,0.8214
ALAMANCE,125,2949,1942,400,21,72,11,274,229,443,1881,2415,1720,310,16,54,289,1676,1007,0.6585,0.1356,0.1502,0.0244,0.3415,0.8189
ALAMANCE,126,1993,1749,98,1,26,0,52,67,92,1727,1682,1501,83,0,19,58,1485,244,0.8776,0.0492,0.0462,0.013,0.1224,0.844
ALAMANCE,127,7860,2384,3300,102,69,10,1431,564,2032,2168,5610,1843,2458,63,54,1222,1721,5476,0.3033,0.4198,0.2585,0.0088,0.6967,0.7137
ALAMANCE,128,3764,1216,1584,41,70,2,568,283,830,1135,2815,1050,1143,32,42,547,994,2548,0.3231,0.4208,0.2205,0.0186,0.6769,0.7479
ALAMANCE,129,2479,1763,309,15,48,4,171,169,288,1714,1932,1439,231,14,39,165,1409,716,0.7112,0.1246,0.1162,0.0194,0.2888,0.7793
ALAMANCE,12E,3419,1154,1011,63,43,5,867,276,1203,1021,2632,969,784,49,34,823,895,2265,0.3375,0.2957,0.3519,0.0126,0.6625,0.7698
ALAMANCE,12N,6355,1374,2898,96,42,6,1426,513,1923,1248,4789,1168,2299,68,38,1214,1090,4981,0.2162,0.456,0.3026,0.0066,0.7838,0.7536
ALAMANCE,12S,2785,894,932,22,25,0,647,265,934,810,1956,706,639,11,19,591,658,1891,0.321,0.3346,0.3354,0.009,0.679,0.7023
ALAMANCE,12W,2828,1963,437,30,29,4,191,174,279,1918,2289,1661,331,21,26,193,1634,865,0.6941,0.1545,0.0987,0.0103,0.3059,0.8094
ALAMANCE,13,6190,2848,1714,51,35,0,1025,517,1506,2655,4674,2289,1372,40,26,912,2184,3342,0.4601,0.2769,0.2433,0.0057,0.5399,0.7551
ALEXANDER,B1,3768,3417,42,5,73,1,54,176,140,3374,3088,2831,30,5,63,86,2809,351,0.9068,0.0111,0.0372,0.0194,0.0932,0.8195
ALEXANDER,B2,4510,4056,90,11,93,0,45,215,110,4023,3594,3297,68,11,52,58,3277,454,0.8993,0.02,0.0244,0.0206,0.1007,0.7969
ALEXANDER,E,3154,2908,111,7,12,0,25,91,65,2880,2563,2379,105,3,9,30,2362,246,0.922,0.0352,0.0206,0.0038,0.078,0.8126
ALEXANDER,G1G2,2154,1944,40,9,1,4,50,106,105,1928,1696,1553,31,9,1,68,1542,210,0.9025,0.0186,0.0487,0.0005,0.0975,0.7874
ALEXANDER,LRSL,2546,2348,57,9,12,0,44,76,66,2342,2066,1921,43,8,10,43,1916,198,0.9222,0.0224,0.0259,0.0047,0.0778,0.8115
ALEXANDER,M,2650,2176,151,13,32,0,124,154,256,2125,2039,1708,120,9,20,170,1676,474,0.8211,0.057,0.0966,0.0121,0.1789,0.7694
ALEXANDER,S1S2,4216,3557,146,17,21,0,258,217,388,3489,3320,2875,118,15,13,236,2840,659,0.8437,0.0346,0.092,0.005,0.1563,0.7875
ALEXANDER,T1T4T5,7097,5506,950,40,85,0,197,319,335,5439,5857,4549,856,36,63,249,4504,1591,0.7758,0.1339,0.0472,0.012,0.2242,0.8253
ALEXANDER,T2T3,4107,3336,322,27,36,0,172,214,299,3275,3215,2660,264,22,27,175,2637,771,0.8123,0.0784,0.0728,0.0088,0.1877,0.7828
ALEXANDER,W,2242,2036,23,6,27,0,40,110,72,2018,1835,1689,13,6,25,48,1676,206,0.9081,0.0103,0.0321,0.012,0.0919,0.8185
ALLEGHANY,01,1563,1436,7,9,0,1,46,64,114,1396,1304,1220,7,9,0,63,1199,127,0.9187,0.0045,0.0729,0.0,0.0813,0.8343
ALLEGHANY,03A,5192,4406,69,18,13,3,404,279,718,4259,4239,3658,54,14,13,488,3586,786,0.8486,0.0133,0.1383,0.0025,0.1514,0.8164
ALLEGHANY,04,2001,1722,23,12,2,0,110,132,301,1626,1621,1426,23,3,2,193,1374,279,0.8606,0.0115,0.1504,0.001,0.1394,0.8101
ALLEGHANY,06A,2132,1980,5,8,0,2,42,95,155,1905,1778,1668,5,8,0,121,1612,152,0.9287,0.0023,0.0727,0.0,0.0713,0.834
ANSON,ANS,1370,841,459,7,6,0,16,41,26,841,1109,680,379,5,5,19,680,529,0.6139,0.335,0.019,0.0044,0.3861,0.8095
ANSON,BURN,1732,1338,244,6,19,1,45,79,68,1333,1383,1092,201,4,11,45,1089,394,0.7725,0.1409,0.0393,0.011,0.2275,0.7985
ANSON,GULL,1267,549,666,2,11,3,11,25,19,547,1065,469,554,2,11,16,468,718,0.4333,0.5257,0.015,0.0087,0.5667,0.8406
ANSON,LILE,2864,1302,1365,26,16,0,14,141,43,1290,2296,1071,1120,24,9,29,1060,1562,0.4546,0.4766,0.015,0.0056,0.5454,0.8017
ANSON,MM,1480,435,940,6,6,1,49,43,65,430,1194,359,767,5,4,46,357,1045,0.2939,0.6351,0.0439,0.0041,0.7061,0.8068
ANSON,PEAC,1733,1341,211,2,19,0,95,65,114,1327,1381,1114,158,1,15,62,1105,392,0.7738,0.1218,0.0658,0.011,0.2262,0.7969
ANSON,POLK,1455,813,512,6,9,0,44,71,66,803,1130,645,405,4,9,33,643,642,0.5588,0.3519,0.0454,0.0062,0.4412,0.7766
ANSON,WADES,9680,3836,5299,50,126,2,143,224,212,3790,7923,3340,4165,44,96,167,3313,5844,0.3963,0.5474,0.0219,0.013,0.6037,0.8185
ANSON,WS,474,237,175,1,9,0,26,26,52,232,364,195,125,1,9,37,192,237,0.5,0.3692,0.1097,0.019,0.5,0.7679
ASHE,02,1665,1547,9,1,3,0,43,62,86,1528,1357,1283,8,1,2,44,1277,118,0.9291,0.0054,0.0517,0.0018,0.0709,0.815
ASHE,03,598,571,3,0,0,0,4,20,11,567,482,459,2,0,0,9,457,27,0.9548,0.005,0.0184,0.0,0.0452,0.806
ASHE,04,586,551,1,1,2,0,5,26,16,547,491,467,1,1,2,12,463,35,0.9403,0.0017,0.0273,0.0034,0.0597,0.8379
ASHE,06,640,588,1,4,0,0,6,41,12,587,538,503,0,4,0,4,502,52,0.9188,0.0016,0.0188,0.0,0.0812,0.8406
ASHE,07,592,560,1,1,0,0,7,23,14,558,470,448,0,1,0,11,446,32,0.9459,0.0017,0.0236,0.0,0.0541,0.7939
ASHE,08,269,246,2,0,2,0,7,12,14,241,226,212,0,0,0,12,208,23,0.9145,0.0074,0.052,0.0074,0.0855,0.8401
ASHE,09,4803,4331,43,22,23,4,180,200,369,4234,3975,3645,35,22,14,250,3581,472,0.9017,0.009,0.0768,0.0048,0.0983,0.8276
ASHE,10,367,359,0,0,1,0,0,7,2,358,304,297,0,0,1,1,296,8,0.9782,0.0,0.0054,0.0027,0.0218,0.8283
ASHE,11,2817,2468,15,7,13,1,147,166,247,2433,2321,2044,10,7,13,190,2024,349,0.8761,0.0053,0.0877,0.0046,0.1239,0.8239
ASHE,12,880,832,1,2,4,0,12,29,17,827,736,700,0,2,4,12,696,48,0.9455,0.0011,0.0193,0.0045,0.0545,0.8364
ASHE,13,1299,1247,2,3,3,0,11,33,35,1237,1103,1071,2,3,3,15,1066,52,0.96,0.0015,0.0269,0.0023,0.04,0.8491
ASHE,14,2796,2629,4,7,11,1,39,105,136,2568,2383,2263,3,7,10,83,2226,167,0.9403,0.0014,0.0486,0.0039,0.0597,0.8523
ASHE,15,1176,1090,7,2,1,0,41,35,57,1080,986,925,7,2,1,38,919,86,0.9269,0.006,0.0485,0.0009,0.0731,0.8384
ASHE,16,2590,2416,9,5,8,6,62,84,100,2401,2102,1974,6,5,7,71,1968,174,0.9328,0.0035,0.0386,0.0031,0.0672,0.8116
ASHE,17,1072,995,3,3,2,0,5,64,17,991,899,851,3,3,2,10,847,77,0.9282,0.0028,0.0159,0.0019,0.0718,0.8386
ASHE,18,241,227,1,1,4,0,1,7,5,224,195,187,0,1,4,3,184,14,0.9419,0.0041,0.0207,0.0166,0.0581,0.8091
ASHE,20,4186,3778,25,18,26,0,153,186,381,3647,3416,3130,20,17,16,242,3060,408,0.9025,0.006,0.091,0.0062,0.0975,0.8161
AVERY,01,1123,966,1,10,6,0,55,85,95,959,912,802,1,7,6,67,798,157,0.8602,0.0009,0.0846,0.0053,0.1398,0.8121
AVERY,02,3293,2951,57,16,23,1,73,172,195,2900,2879,2614,57,13,14,144,2568,342,0.8961,0.0173,0.0592,0.007,0.1039,0.8743
AVERY,03,601,565,4,0,5,0,5,22,11,564,495,468,4,0,2,9,467,36,0.9401,0.0067,0.0183,0.0083,0.0599,0.8236
AVERY,04,153,133,1,2,0,0,3,14,20,122,120,104,1,2,0,16,96,20,0.8693,0.0065,0.1307,0.0,0.1307,0.7843
AVERY,05,512,461,2,5,2,0,21,21,34,456,410,379,2,2,2,21,374,51,0.9004,0.0039,0.0664,0.0039,0.0996,0.8008
AVERY,06,1255,1173,1,9,2,0,45,25,62,1163,981,927,1,8,0,34,924,82,0.9347,0.0008,0.0494,0.0016,0.0653,0.7817
AVERY,07,286,261,3,1,0,0,5,16,11,261,223,204,3,0,0,6,204,25,0.9126,0.0105,0.0385,0.0,0.0874,0.7797
AVERY,08,337,321,0,0,0,0,4,12,18,309,268,254,0,0,0,16,244,16,0.9525,0.0,0.0534,0.0,0.0475,0.7953
AVERY,09,439,407,3,1,1,0,19,8,25,406,355,333,3,1,1,15,333,32,0.9271,0.0068,0.0569,0.0023,0.0729,0.8087
AVERY,10,2872,2162,554,22,6,0,89,39,116,2144,2675,1996,554,18,6,86,1983,710,0.7528,0.1929,0.0404,0.0021,0.2472,0.9314
AVERY,11,641,588,2,6,2,0,13,30,34,572,565,524,2,6,1,26,512,53,0.9173,0.0031,0.053,0.0031,0.0827,0.8814
AVERY,12,371,342,3,2,0,0,12,12,20,341,309,285,3,2,0,18,284,29,0.9218,0.0081,0.0539,0.0,0.0782,0.8329
AVERY,13,601,549,8,0,3,0,19,22,34,547,527,486,6,0,3,26,485,52,0.9135,0.0133,0.0566,0.005,0.0865,0.8769
AVERY,14,1147,1053,4,6,1,0,31,52,57,1044,926,864,4,1,0,34,860,94,0.918,0.0035,0.0497,0.0009,0.082,0.8073
AVERY,15,1052,895,17,5,4,0,75,56,107,875,837,726,17,4,3,61,720,157,0.8508,0.0162,0.1017,0.0038,0.1492,0.7956
AVERY,16,1562,1440,0,3,6,0,58,55,114,1414,1371,1290,0,2,4,79,1267,122,0.9219,0.0,0.073,0.0038,0.0781,0.8777
AVERY,17,656,630,1,0,1,0,1,23,5,628,527,508,1,0,1,4,506,26,0.9604,0.0015,0.0076,0.0015,0.0396,0.8034
AVERY,18,438,400,3,1,0,0,17,17,20,398,360,332,3,1,0,16,330,38,0.9132,0.0068,0.0457,0.0,0.0868,0.8219
AVERY,19,467,449,0,0,1,0,2,15,9,446,364,350,0,0,1,9,347,18,0.9615,0.0,0.0193,0.0021,0.0385,0.7794
BEAUFORT,AUROR,1301,690,540,2,1,1,12,55,28,685,1079,601,439,2,0,20,599,611,0.5304,0.4151,0.0215,0.0008,0.4696,0.8294
BEAUFORT,BEADM,2346,1929,140,3,5,3,199,67,244,1909,1885,1586,120,3,5,153,1574,417,0.8223,0.0597,0.104,0.0021,0.1777,0.8035
BEAUFORT,BELHV,1983,1092,706,4,8,0,115,58,145,1083,1639,936,585,3,4,85,930,891,0.5507,0.356,0.0731,0.004,0.4493,0.8265
BEAUFORT,BLCK,956,698,204,2,2,1,8,41,25,694,861,640,190,2,2,12,636,258,0.7301,0.2134,0.0262,0.0021,0.2699,0.9006
BEAUFORT,CHOCO,5498,3661,1229,12,11,0,287,298,456,3571,4281,2984,913,10,11,281,2939,1837,0.6659,0.2235,0.0829,0.002,0.3341,0.7786
BEAUFORT,EDWAR,1312,788,414,4,3,3,18,82,49,781,1043,655,324,4,3,26,650,524,0.6006,0.3155,0.0373,0.0023,0.3994,0.795
BEAUFORT,GILEA,2238,1970,186,6,16,1,8,51,24,1957,2035,1813,163,6,13,19,1802,268,0.8803,0.0831,0.0107,0.0071,0.1197,0.9093
BEAUFORT,HB,1092,922,86,6,4,0,31,43,54,916,854,722,74,4,4,33,720,170,0.8443,0.0788,0.0495,0.0037,0.1557,0.7821
BEAUFORT,NCRK,1571,1391,115,5,1,0,20,39,32,1386,1364,1234,90,2,0,23,1230,180,0.8854,0.0732,0.0204,0.0006,0.1146,0.8682
BEAUFORT,OLDF,1924,1234,528,3,7,1,76,75,120,1213,1583,1040,431,1,7,83,1023,690,0.6414,0.2744,0.0624,0.0036,0.3586,0.8228
BEAUFORT,PANTE,1580,995,401,11,0,0,120,53,174,979,1246,796,345,7,0,109,787,585,0.6297,0.2538,0.1101,0.0,0.3703,0.7886
BEAUFORT,PINET,1168,998,73,6,2,0,50,39,78,989,927,812,64,3,2,40,809,170,0.8545,0.0625,0.0668,0.0017,0.1455,0.7937
BEAUFORT,PSJW3,2135,574,1314,6,12,0,131,98,197,559,1568,499,908,6,12,110,490,1561,0.2689,0.6155,0.0923,0.0056,0.7311,0.7344
BEAUFORT,RVRD,3080,1973,534,22,2,2,436,111,558,1922,2430,1650,416,11,1,346,1617,1107,0.6406,0.1734,0.1812,0.0006,0.3594,0.789
BEAUFORT,SURBA,2266,2064,75,10,9,1,21,86,55,2060,1862,1728,56,9,7,33,1724,202,0.9109,0.0331,0.0243,0.004,0.0891,0.8217
BEAUFORT,TCRK,3242,2346,501,18,22,2,205,148,293,2322,2586,1926,405,15,19,166,1920,896,0.7236,0.1545,0.0904,0.0068,0.2764,0.7977
BEAUFORT,WASH1,2058,951,920,16,13,0,67,91,119,939,1672,841,717,12,13,72,832,1107,0.4621,0.447,0.0578,0.0063,0.5379,0.8124
BEAUFORT,WASH2,2143,788,1138,6,17,0,80,114,133,769,1672,687,840,5,17,93,674,1355,0.3677,0.531,0.0621,0.0079,0.6323,0.7802
BEAUFORT,WASH4,3160,1987,787,12,23,1,195,155,310,1952,2544,1689,605,11,18,207,1664,1173,0.6288,0.2491,0.0981,0.0073,0.3712,0.8051
BEAUFORT,WASHP,1495,1065,222,11,6,0,120,71,156,1058,1220,916,174,6,2,92,910,430,0.7124,0.1485,0.1043,0.004,0.2876,0.8161
BEAUFORT,WDPD,2104,1701,190,3,2,0,153,55,183,1687,1654,1395,134,1,2,107,1387,403,0.8085,0.0903,0.087,0.001,0.1915,0.7861
BERTIE,C1,1139,550,555,3,0,1,6,24,20,547,952,476,448,3,0,17,474,589,0.4829,0.4873,0.0176,0.0,0.5171,0.8358
BERTIE,C2,1712,501,1155,4,2,0,21,29,46,493,1424,414,962,4,0,41,409,1211,0.2926,0.6746,0.0269,0.0012,0.7074,0.8318
BERTIE,IW,421,31,368,3,0,0,6,13,5,30,340,28,293,3,0,4,27,390,0.0736,0.8741,0.0119,0.0,0.9264,0.8076
BERTIE,M1,939,409,496,2,3,0,6,23,3,409,748,338,385,2,1,3,338,530,0.4356,0.5282,0.0032,0.0032,0.5644,0.7966
BERTIE,M2,1123,392,648,2,2,0,23,56,35,389,860,320,486,2,2,24,317,731,0.3491,0.577,0.0312,0.0018,0.6509,0.7658
BERTIE,MH,872,397,449,1,4,0,0,21,12,394,751,356,377,1,3,8,354,475,0.4553,0.5149,0.0138,0.0046,0.5447,0.8612
BERTIE,RX,1310,293,956,3,1,2,15,40,25,285,1081,270,765,3,0,22,262,1017,0.2237,0.7298,0.0191,0.0008,0.7763,0.8252
BERTIE,SN,1026,191,791,0,3,1,19,21,26,191,852,163,653,0,3,21,163,835,0.1862,0.771,0.0253,0.0029,0.8138,0.8304
BERTIE,W1,6262,1880,3997,38,43,2,80,222,120,1870,5279,1606,3363,38,39,93,1596,4382,0.3002,0.6383,0.0192,0.0069,0.6998,0.843
BERTIE,W2,846,789,18,5,2,0,10,22,11,787,707,664,10,5,2,7,664,57,0.9326,0.0213,0.013,0.0024,0.0674,0.8357
BERTIE,WD,1011,130,833,1,0,0,11,36,14,128,807,116,663,1,0,10,115,881,0.1286,0.8239,0.0138,0.0,0.8714,0.7982
BERTIE,WH,1273,776,454,1,3,0,10,29,13,775,1095,671,395,1,3,11,670,497,0.6096,0.3566,0.0102,0.0024,0.3904,0.8602
BLADEN,P10,939,583,269,19,2,0,16,50,34,579,742,469,217,13,2,17,466,356,0.6209,0.2865,0.0362,0.0021,0.3791,0.7902
BLADEN,P15,3766,2367,742,78,8,1,382,188,589,2268,2894,1909,568,47,8,354,1858,1399,0.6285,0.197,0.1564,0.0021,0.3715,0.7685
BLADEN,P201,1752,1436,218,20,7,0,18,53,42,1433,1408,1157,174,20,7,25,1156,316,0.8196,0.1244,0.024,0.004,0.1804,0.8037
BLADEN,P202,3379,2273,755,58,5,0,156,132,233,2240,2631,1832,573,46,5,137,1814,1106,0.6727,0.2234,0.069,0.0015,0.3273,0.7786
BLADEN,P25,1394,704,574,30,0,1,41,44,66,699,1099,596,430,20,0,46,591,690,0.505,0.4118,0.0473,0.0,0.495,0.7884
BLADEN,P30,1559,288,898,267,0,3,34,69,36,283,1318,262,753,223,0,30,259,1271,0.1847,0.576,0.0231,0.0,0.8153,0.8454
BLADEN,P35,979,392,390,20,0,0,139,38,171,384,763,327,300,15,0,116,320,587,0.4004,0.3984,0.1747,0.0,0.5996,0.7794
BLADEN,P40,1972,1398,366,29,3,1,108,67,147,1389,1604,1177,293,24,3,94,1168,574,0.7089,0.1856,0.0745,0.0015,0.2911,0.8134
BLADEN,P45,783,482,138,12,0,1,74,76,138,472,594,398,104,12,0,74,395,301,0.6156,0.1762,0.1762,0.0,0.3844,0.7586
BLADEN,P501,3497,1644,1579,30,8,0,118,118,191,1617,2706,1315,1214,23,8,119,1305,1853,0.4701,0.4515,0.0546,0.0023,0.5299,0.7738
BLADEN,P502,2342,1044,1108,30,3,0,68,89,105,1033,1940,901,908,23,3,74,896,1298,0.4458,0.4731,0.0448,0.0013,0.5542,0.8284
BLADEN,P55,848,418,286,18,4,0,77,45,92,416,650,332,236,14,4,45,330,430,0.4929,0.3373,0.1085,0.0047,0.5071,0.7665
BLADEN,P60,2033,893,715,68,2,0,257,98,285,885,1598,738,591,47,2,174,730,1140,0.4393,0.3517,0.1402,0.001,0.5607,0.786
BLADEN,P65,770,533,124,11,0,0,72,30,90,528,630,447,113,10,0,55,446,237,0.6922,0.161,0.1169,0.0,0.3078,0.8182
BLADEN,P70,605,338,158,10,0,1,45,53,82,318,454,263,126,10,0,49,251,267,0.5587,0.2612,0.1355,0.0,0.4413,0.7504
BLADEN,P75,1474,473,836,77,6,1,30,51,42,468,1208,398,710,54,6,24,396,1001,0.3209,0.5672,0.0285,0.0041,0.6791,0.8195
BLADEN,P80,1533,842,426,29,0,2,157,77,203,824,1205,697,341,23,0,125,682,691,0.5492,0.2779,0.1324,0.0,0.4508,0.786
BRUNSWICK,CB01,3080,2179,529,46,10,0,84,232,222,2116,2372,1693,424,37,10,123,1666,901,0.7075,0.1718,0.0721,0.0032,0.2925,0.7701
BRUNSWICK,CB02,9178,7081,970,87,68,4,435,533,741,6938,7377,5951,720,70,46,459,5861,2097,0.7715,0.1057,0.0807,0.0074,0.2285,0.8038
BRUNSWICK,CB03,3096,2675,135,21,9,2,76,178,159,2658,2662,2351,108,17,9,102,2340,421,0.864,0.0436,0.0514,0.0029,0.136,0.8598
BRUNSWICK,CB04,4976,4398,108,48,15,2,126,279,245,4351,4353,3949,79,34,13,162,3922,578,0.8838,0.0217,0.0492,0.003,0.1162,0.8748
BRUNSWICK,CB05,4177,3511,383,24,7,2,55,195,127,3488,3617,3129,308,21,7,75,3113,666,0.8406,0.0917,0.0304,0.0017,0.1594,0.8659
BRUNSWICK,CB06,5049,4289,353,24,34,3,89,257,172,4273,4365,3800,288,14,28,104,3792,760,0.8495,0.0699,0.0341,0.0067,0.1505,0.8645
BRUNSWICK,NB01,2733,1671,656,39,4,4,121,238,261,1619,2112,1331,542,34,4,156,1306,1062,0.6114,0.24,0.0955,0.0015,0.3886,0.7728
BRUNSWICK,NB02,8989,6283,1405,83,46,10,469,693,971,6063,7219,5258,1127,64,39,598,5139,2706,0.699,0.1563,0.108,0.0051,0.301,0.8031
BRUNSWICK,NB03,6028,4687,698,70,16,1,168,388,374,4593,4662,3656,545,58,13,248,3593,1341,0.7775,0.1158,0.062,0.0027,0.2225,0.7734
BRUNSWICK,NB04,7856,6430,646,53,113,2,184,428,494,6305,6646,5569,531,33,87,327,5481,1426,0.8185,0.0822,0.0629,0.0144,0.1815,0.846
BRUNSWICK,NB05,5172,3135,1174,45,55,1,409,353,640,3028,4028,2552,932,36,52,385,2498,2037,0.6061,0.227,0.1237,0.0106,0.3939,0.7788
BRUNSWICK,NB06,4177,3841,91,7,58,0,24,156,108,3810,4003,3726,79,6,51,92,3701,336,0.9196,0.0218,0.0259,0.0139,0.0804,0.9583
BRUNSWICK,NB07,9622,7493,1138,43,111,26,163,648,462,7385,7565,5979,920,30,88,326,5911,2129,0.7787,0.1183,0.048,0.0115,0.2213,0.7862
BRUNSWICK,SB01,2808,1741,858,16,0,1,35,157,101,1717,2271,1422,716,16,0,75,1399,1067,0.62,0.3056,0.036,0.0,0.38,0.8088
BRUNSWICK,SB02,6403,5533,223,36,29,4,110,468,235,5466,5140,4569,162,31,24,150,4530,870,0.8641,0.0348,0.0367,0.0045,0.1359,0.8027
BRUNSWICK,SB03,7104,6786,36,10,57,2,19,194,87,6777,6975,6694,26,10,54,79,6685,318,0.9552,0.0051,0.0122,0.008,0.0448,0.9818
BRUNSWICK,SB04,4114,3554,253,18,28,2,61,198,132,3530,3561,3164,187,17,23,100,3146,560,0.8639,0.0615,0.0321,0.0068,0.1361,0.8656
BRUNSWICK,SB05,3984,3391,292,12,43,1,53,192,118,3349,3400,2943,255,8,38,82,2913,593,0.8512,0.0733,0.0296,0.0108,0.1488,0.8534
BRUNSWICK,SB06,3490,3274,26,16,15,2,21,136,44,3265,3153,2979,26,16,11,31,2971,216,0.9381,0.0074,0.0126,0.0043,0.0619,0.9034
BRUNSWICK,SB07,3334,3091,29,10,17,2,28,157,76,3076,3042,2832,26,10,12,62,2824,243,0.9271,0.0087,0.0228,0.0051,0.0729,0.9124
BRUNSWICK,SB08,2331,2131,27,18,20,3,15,117,54,2110,2141,1982,22,16,16,43,1965,200,0.9142,0.0116,0.0232,0.0086,0.0858,0.9185
BRUNSWICK,WB01,2977,2377,210,16,3,3,222,146,357,2293,2282,1875,142,13,3,239,1829,600,0.7985,0.0705,0.1199,0.001,0.2015,0.7665
BRUNSWICK,WB02,5296,4738,319,19,25,1,38,156,123,4715,4960,4517,266,17,24,86,4501,558,0.8946,0.0602,0.0232,0.0047,0.1054,0.9366
BRUNSWICK,WB03,1818,1038,577,16,6,2,67,112,152,1001,1471,864,486,15,6,85,847,780,0.571,0.3174,0.0836,0.0033,0.429,0.8091
BRUNSWICK,WB04,7349,6521,199,40,54,4,166,365,384,6427,6650,6041,151,33,51,255,5976,828,0.8873,0.0271,0.0523,0.0073,0.1127,0.9049
BRUNSWICK,WB05,4371,4112,57,11,30,6,56,99,110,4097,4136,3945,49,9,27,63,3935,259,0.9407,0.013,0.0252,0.0069,0.0593,0.9462
BRUNSWICK,WB06,7181,6347,154,67,37,2,260,314,471,6266,6443,5831,131,52,29,305,5781,834,0.8839,0.0214,0.0656,0.0052,0.1161,0.8972
BUNCOMBE,01.1,2982,2199,533,11,34,1,49,155,139,2159,2752,2090,471,11,29,116,2056,783,0.7374,0.1787,0.0466,0.0114,0.2626,0.9229
BUNCOMBE,02.1,4207,2852,890,22,39,39,87,278,150,2824,3339,2417,627,11,33,91,2395,1355,0.6779,0.2116,0.0357,0.0093,0.3221,0.7937
BUNCOMBE,03.1,2753,2334,153,23,25,0,42,176,144,2284,2409,2066,144,16,22,114,2020,419,0.8478,0.0556,0.0523,0.0091,0.1522,0.875
BUNCOMBE,04.1,1668,1474,58,0,24,4,14,94,61,1458,1402,1250,52,0,18,44,1236,194,0.8837,0.0348,0.0366,0.0144,0.1163,0.8405
BUNCOMBE,05.1,3021,2741,37,4,27,0,45,167,113,2702,2478,2280,28,2,23,79,2256,280,0.9073,0.0122,0.0374,0.0089,0.0927,0.8203
BUNCOMBE,06.1,1795,1471,111,7,20,4,76,106,128,1452,1499,1265,86,7,17,98,1256,324,0.8195,0.0618,0.0713,0.0111,0.1805,0.8351
BUNCOMBE,07.1,2266,1868,170,10,23,6,48,141,101,1846,1875,1563,142,10,19,75,1544,398,0.8244,0.075,0.0446,0.0102,0.1756,0.8274
BUNCOMBE,08.2,4358,2380,759,50,93,3,625,448,957,2290,3451,2033,621,36,65,596,1974,1978,0.5461,0.1742,0.2196,0.0213,0.4539,0.7919
BUNCOMBE,08.3,3785,2549,693,15,43,1,159,325,314,2505,3164,2211,591,15,41,219,2176,1236,0.6734,0.1831,0.083,0.0114,0.3266,0.8359
BUNCOMBE,09.1,5654,4158,713,15,79,4,180,505,416,4092,4654,3601,522,15,67,289,3547,1496,0.7354,0.1261,0.0736,0.014,0.2646,0.8231
BUNCOMBE,10.1,2139,971,963,5,11,24,49,116,98,937,1643,822,689,5,11,57,801,1168,0.454,0.4502,0.0458,0.0051,0.546,0.7681
BUNCOMBE,11.1,1924,1322,444,8,24,2,25,99,82,1303,1785,1250,412,8,24,65,1236,602,0.6871,0.2308,0.0426,0.0125,0.3129,0.9278
BUNCOMBE,12.1,2853,2363,108,8,35,4,46,289,176,2315,2337,1999,91,3,26,128,1968,490,0.8283,0.0379,0.0617,0.0123,0.1717,0.8191
BUNCOMBE,13.1,3309,2421,466,7,29,20,111,255,220,2376,2650,2046,324,7,25,145,2021,888,0.7316,0.1408,0.0665,0.0088,0.2684,0.8008
BUNCOMBE,14.2,3333,2251,518,18,40,21,225,260,414,2170,2644,1919,345,15,37,256,1869,1082,0.6754,0.1554,0.1242,0.012,0.3246,0.7933
BUNCOMBE,14.3,2241,1708,212,14,30,6,77,194,205,1657,1841,1428,172,8,29,143,1395,533,0.7622,0.0946,0.0915,0.0134,0.2378,0.8215
BUNCOMBE,15.1,2632,2286,66,4,19,0,35,222,108,2259,2146,1904,54,3,15,78,1884,346,0.8685,0.0251,0.041,0.0072,0.1315,0.8153
BUNCOMBE,16.2,4027,3020,344,17,47,42,232,325,393,2958,3174,2503,232,17,39,266,2456,1007,0.7499,0.0854,0.0976,0.0117,0.2501,0.7882
BUNCOMBE,17.1,1843,1596,86,1,21,0,33,106,76,1582,1622,1416,78,1,21,57,1403,247,0.866,0.0467,0.0412,0.0114,0.134,0.8801
BUNCOMBE,18.2,6719,5535,249,18,263,10,194,450,440,5444,5601,4746,195,17,200,299,4687,1184,0.8238,0.0371,0.0655,0.0391,0.1762,0.8336
BUNCOMBE,19.1,2463,1856,237,3,70,3,120,174,215,1826,2209,1707,202,3,63,175,1684,607,0.7536,0.0962,0.0873,0.0284,0.2464,0.8969
BUNCOMBE,20.1,1274,984,153,5,15,11,27,79,64,972,1069,870,99,5,13,49,859,290,0.7724,0.1201,0.0502,0.0118,0.2276,0.8391
BUNCOMBE,21.1,3740,2832,540,3,65,3,50,247,146,2779,3061,2406,402,3,56,99,2365,908,0.7572,0.1444,0.039,0.0174,0.2428,0.8184
BUNCOMBE,22.2,2640,2431,31,3,16,2,20,137,84,2414,2273,2117,22,2,12,64,2107,209,0.9208,0.0117,0.0318,0.0061,0.0792,0.861
BUNCOMBE,23.2,646,546,27,5,12,1,15,40,30,537,574,497,20,5,12,17,493,100,0.8452,0.0418,0.0464,0.0186,0.1548,0.8885
BUNCOMBE,23.3,996,908,11,0,8,0,9,60,29,902,805,745,8,0,6,23,740,88,0.9116,0.011,0.0291,0.008,0.0884,0.8082
BUNCOMBE,24.1,3652,2837,217,26,95,4,208,265,394,2786,2810,2282,147,24,56,253,2248,815,0.7768,0.0594,0.1079,0.026,0.2232,0.7694
BUNCOMBE,25.1,3169,2595,218,6,49,1,102,198,165,2552,2737,2269,192,5,37,133,2238,574,0.8189,0.0688,0.0521,0.0155,0.1811,0.8637
BUNCOMBE,26.1,2767,2222,138,9,31,1,141,225,300,2157,2240,1834,105,7,30,226,1785,545,0.803,0.0499,0.1084,0.0112,0.197,0.8095
BUNCOMBE,27.2,953,898,6,2,8,0,4,35,11,896,830,785,6,1,8,9,785,55,0.9423,0.0063,0.0115,0.0084,0.0577,0.8709
BUNCOMBE,28.1,3545,2921,198,21,99,11,152,143,225,2828,3257,2685,189,18,92,208,2597,624,0.824,0.0559,0.0635,0.0279,0.176,0.9188
BUNCOMBE,29.2,4049,3273,313,10,72,24,93,264,244,3205,3465,2900,238,9,59,158,2860,776,0.8083,0.0773,0.0603,0.0178,0.1917,0.8558
BUNCOMBE,30.2,4147,3334,171,18,117,8,187,312,396,3254,3442,2850,134,9,97,265,2790,813,0.804,0.0412,0.0955,0.0282,0.196,0.83
BUNCOMBE,30.3,4244,3510,136,13,188,4,111,282,270,3458,3365,2843,99,8,141,192,2807,734,0.827,0.032,0.0636,0.0443,0.173,0.7929
BUNCOMBE,31.1,1409,1317,6,0,15,0,7,64,38,1315,1150,1080,3,0,14,32,1078,92,0.9347,0.0043,0.027,0.0106,0.0653,0.8162
BUNCOMBE,32.1,3374,2782,137,29,13,2,196,215,341,2727,2811,2387,119,27,11,217,2350,592,0.8245,0.0406,0.1011,0.0039,0.1755,0.8331
BUNCOMBE,33.2,1715,1524,57,6,19,0,13,96,57,1517,1402,1270,53,6,18,30,1265,191,0.8886,0.0332,0.0332,0.0111,0.1114,0.8175
BUNCOMBE,33.3,2688,2288,104,12,10,0,73,201,157,2250,2201,1897,95,9,10,112,1868,400,0.8512,0.0387,0.0584,0.0037,0.1488,0.8188
BUNCOMBE,34.1,1413,1237,24,2,20,0,23,107,50,1226,1173,1055,18,2,18,34,1047,176,0.8754,0.017,0.0354,0.0142,0.1246,0.8301
BUNCOMBE,35.1,2427,2054,154,15,16,1,52,135,99,2037,2119,1832,133,12,11,70,1818,373,0.8463,0.0635,0.0408,0.0066,0.1537,0.8731
BUNCOMBE,36.1,3047,2661,144,19,15,1,97,110,139,2641,2634,2313,133,12,9,121,2297,386,0.8733,0.0473,0.0456,0.0049,0.1267,0.8645
BUNCOMBE,37.1,2006,1843,9,4,10,4,19,117,50,1826,1637,1519,9,1,8,29,1512,163,0.9187,0.0045,0.0249,0.005,0.0813,0.8161
BUNCOMBE,38.2,2339,2152,28,2,14,2,18,123,94,2110,1872,1748,25,1,6,50,1719,187,0.9201,0.012,0.0402,0.006,0.0799,0.8003
BUNCOMBE,38.3,4459,3836,128,23,48,0,87,337,232,3791,3509,3078,112,19,41,152,3052,623,0.8603,0.0287,0.052,0.0108,0.1397,0.7869
BUNCOMBE,39.2,2140,1942,21,5,16,5,39,112,86,1916,1691,1546,20,2,12,59,1532,198,0.9075,0.0098,0.0402,0.0075,0.0925,0.7902
BUNCOMBE,39.3,3403,3100,50,17,10,0,32,194,121,3060,2737,2551,30,15,7,79,2521,303,0.911,0.0147,0.0356,0.0029,0.089,0.8043
BUNCOMBE,40.2,5279,4793,51,7,26,0,143,259,310,4703,4154,3822,36,7,19,198,3763,486,0.9079,0.0097,0.0587,0.0049,0.0921,0.7869
BUNCOMBE,41.1,4941,4023,41,41,24,1,413,398,671,3935,3929,3291,25,35,21,438,3237,918,0.8142,0.0083,0.1358,0.0049,0.1858,0.7952
BUNCOMBE,42.1,4025,2587,193,44,16,1,845,339,1226,2437,3137,2169,147,34,12,793,2077,1438,0.6427,0.048,0.3046,0.004,0.3573,0.7794
BUNCOMBE,43.2,2838,1918,226,19,19,73,282,301,532,1839,2232,1589,163,10,14,337,1545,920,0.6758,0.0796,0.1875,0.0067,0.3242,0.7865
BUNCOMBE,44.1,7404,6383,193,40,96,6,232,454,494,6297,6208,5458,152,33,90,352,5391,1021,0.8621,0.0261,0.0667,0.013,0.1379,0.8385
BUNCOMBE,45.1,6087,4895,234,28,30,27,327,546,652,4817,4792,4022,163,16,30,407,3972,1192,0.8042,0.0384,0.1071,0.0049,0.1958,0.7873
BUNCOMBE,46.1,2117,1785,45,16,33,0,95,143,186,1751,1679,1441,39,16,33,123,1422,332,0.8432,0.0213,0.0879,0.0156,0.1568,0.7931
BUNCOMBE,47.1,6233,5445,51,38,37,8,234,420,423,5363,4911,4385,28,27,32,271,4333,788,0.8736,0.0082,0.0679,0.0059,0.1264,0.7879
BUNCOMBE,48.1,6078,4727,154,43,43,11,598,502,985,4594,4780,3863,114,24,41,614,3792,1351,0.7777,0.0253,0.1621,0.0071,0.2223,0.7864
BUNCOMBE,49.1,6382,5522,146,38,21,4,233,418,434,5444,4984,4401,110,29,17,281,4339,860,0.8652,0.0229,0.068,0.0033,0.1348,0.7809
BUNCOMBE,50.1,2113,1968,13,7,7,0,22,96,46,1953,1699,1584,11,6,7,22,1584,145,0.9314,0.0062,0.0218,0.0033,0.0686,0.8041
BUNCOMBE,51.2,2902,2626,36,5,15,0,62,158,125,2588,2252,2075,18,5,14,76,2052,276,0.9049,0.0124,0.0431,0.0052,0.0951,0.776
BUNCOMBE,52.1,5885,5206,72,23,69,6,146,363,374,5100,4661,4171,54,19,61,231,4115,679,0.8846,0.0122,0.0636,0.0117,0.1154,0.792
BUNCOMBE,53.1,4491,4017,68,7,17,3,123,256,248,3954,3568,3251,54,5,14,159,3211,474,0.8945,0.0151,0.0552,0.0038,0.1055,0.7945
BUNCOMBE,54.2,7290,4229,970,49,146,9,1004,883,1716,4043,5417,3415,686,39,110,1080,3315,3061,0.5801,0.1331,0.2354,0.02,0.4199,0.7431
BUNCOMBE,55.1,3837,3218,200,13,65,6,81,254,205,3180,3039,2627,159,9,48,127,2602,619,0.8387,0.0521,0.0534,0.0169,0.1613,0.792
BUNCOMBE,56.2,2637,2252,109,14,35,3,28,196,128,2211,2149,1878,87,12,29,80,1859,385,0.854,0.0413,0.0485,0.0133,0.146,0.8149
BUNCOMBE,57.1,3661,3215,83,9,88,2,78,186,149,3184,2921,2615,67,9,75,88,2593,446,0.8782,0.0227,0.0407,0.024,0.1218,0.7979
BUNCOMBE,58.1,2908,2549,25,11,31,1,95,196,197,2511,2422,2167,23,8,18,124,2150,359,0.8765,0.0086,0.0677,0.0107,0.1235,0.8329
BUNCOMBE,59.1,4818,4378,52,34,28,6,56,264,144,4349,4018,3669,46,28,23,113,3649,440,0.9087,0.0108,0.0299,0.0058,0.0913,0.834
BUNCOMBE,60.2,1953,1527,82,12,26,1,174,131,239,1489,1631,1333,61,12,21,154,1313,426,0.7819,0.042,0.1224,0.0133,0.2181,0.8351
BUNCOMBE,60.4,1787,1584,25,1,15,2,52,108,107,1560,1486,1344,21,1,15,67,1329,203,0.8864,0.014,0.0599,0.0084,0.1136,0.8316
BUNCOMBE,61.1,2917,2619,38,4,37,1,29,189,95,2593,2448,2239,27,3,30,71,2221,298,0.8978,0.013,0.0326,0.0127,0.1022,0.8392
BUNCOMBE,62.1,3321,2857,116,9,27,2,91,219,215,2823,2845,2482,104,9,25,138,2465,464,0.8603,0.0349,0.0647,0.0081,0.1397,0.8567
BUNCOMBE,63.1,834,726,19,8,3,0,23,55,41,721,673,589,11,8,3,36,584,108,0.8705,0.0228,0.0492,0.0036,0.1295,0.807
BUNCOMBE,64.1,2828,2332,162,16,22,5,92,199,171,2284,2271,1922,132,11,15,112,1889,496,0.8246,0.0573,0.0605,0.0078,0.1754,0.803
BUNCOMBE,65.1,4076,3395,112,39,33,2,133,362,320,3354,3333,2858,96,33,27,222,2830,681,0.8329,0.0275,0.0785,0.0081,0.1671,0.8177
BUNCOMBE,66.1,2449,1927,116,21,24,3,125,233,264,1881,2057,1657,100,16,20,201,1619,522,0.7869,0.0474,0.1078,0.0098,0.2131,0.8399
BUNCOMBE,67.1,2927,2648,52,12,17,1,18,179,99,2634,2501,2311,33,11,13,73,2302,279,0.9047,0.0178,0.0338,0.0058,0.0953,0.8545
BUNCOMBE,68.1,6968,5577,236,23,68,12,446,606,989,5342,5463,4512,183,20,50,639,4357,1391,0.8004,0.0339,0.1419,0.0098,0.1996,0.784
BUNCOMBE,681,534,457,8,7,5,9,7,41,39,440,440,389,5,5,3,27,381,77,0.8558,0.015,0.073,0.0094,0.1442,0.824
BUNCOMBE,69.1,4223,3555,132,23,41,2,181,289,347,3493,3355,2910,100,21,35,214,2872,668,0.8418,0.0313,0.0822,0.0097,0.1582,0.7945
BUNCOMBE,70.1,4629,3679,170,39,115,9,258,359,480,3597,3938,3249,132,27,96,332,3186,950,0.7948,0.0367,0.1037,0.0248,0.2052,0.8507
BUNCOMBE,71.1,5866,4866,250,28,66,1,276,379,499,4803,4942,4223,235,17,52,308,4178,1000,0.8295,0.0426,0.0851,0.0113,0.1705,0.8425
BURKE,0001,4615,3726,220,48,260,1,117,243,254,3672,3728,3100,184,34,186,157,3071,889,0.8074,0.0477,0.055,0.0563,0.1926,0.8078
BURKE,0003,1684,1438,41,9,66,8,50,72,81,1426,1391,1217,37,7,52,49,1210,246,0.8539,0.0243,0.0481,0.0392,0.1461,0.826
BURKE,0011,4339,3636,61,18,277,0,79,268,212,3603,3385,2922,37,15,189,131,2904,703,0.838,0.0141,0.0489,0.0638,0.162,0.7801
BURKE,0012,2487,2323,10,6,54,0,20,74,38,2317,2047,1936,5,5,36,26,1931,164,0.9341,0.004,0.0153,0.0217,0.0659,0.8231
BURKE,0013,4093,3578,43,19,193,1,61,198,183,3529,3258,2912,38,9,126,113,2878,515,0.8742,0.0105,0.0447,0.0472,0.1258,0.796
BURKE,0014,2938,2487,17,9,180,0,84,161,130,2476,2324,2007,14,7,127,88,1999,451,0.8465,0.0058,0.0442,0.0613,0.1535,0.791
BURKE,0015,2311,1852,37,9,153,1,87,172,191,1838,1841,1528,32,6,102,121,1521,459,0.8014,0.016,0.0826,0.0662,0.1986,0.7966
BURKE,0018,657,605,7,1,6,0,7,31,18,605,560,524,4,1,5,11,524,52,0.9209,0.0107,0.0274,0.0091,0.0791,0.8524
BURKE,0019,724,628,29,2,3,0,13,49,26,617,571,518,15,2,3,13,512,96,0.8674,0.0401,0.0359,0.0041,0.1326,0.7887
BURKE,0020,1058,878,105,3,8,0,13,51,21,874,895,754,91,3,8,17,750,180,0.8299,0.0992,0.0198,0.0076,0.1701,0.8459
BURKE,0021,2123,1886,28,0,71,4,34,100,91,1841,1712,1555,20,0,48,61,1529,237,0.8884,0.0132,0.0429,0.0334,0.1116,0.8064
BURKE,0022,2814,2463,73,9,136,1,47,85,96,2433,2321,2095,56,9,84,46,2077,351,0.8753,0.0259,0.0341,0.0483,0.1247,0.8248
BURKE,0024,3476,3097,56,4,105,5,70,139,101,3081,2784,2527,35,3,78,59,2520,379,0.891,0.0161,0.0291,0.0302,0.109,0.8009
BURKE,0031,3880,1986,489,313,65,15,722,290,1242,1910,2963,1703,411,192,53,721,1666,1894,0.5119,0.126,0.3201,0.0168,0.4881,0.7637
BURKE,0034,3062,2124,165,158,66,2,364,183,671,2022,2360,1711,137,112,42,444,1654,938,0.6937,0.0539,0.2191,0.0216,0.3063,0.7707
BURKE,0035,2593,1389,268,232,31,5,491,177,858,1327,1997,1220,220,149,17,532,1182,1204,0.5357,0.1034,0.3309,0.012,0.4643,0.7702
BURKE,0036,2646,2260,49,16,95,0,83,143,154,2239,2194,1903,42,13,75,108,1889,386,0.8541,0.0185,0.0582,0.0359,0.1459,0.8292
BURKE,0038,3562,2351,223,215,114,2,434,223,791,2276,2740,1967,185,130,72,462,1920,1211,0.66,0.0626,0.2221,0.032,0.34,0.7692
BURKE,0039,3085,2114,397,60,101,3,207,203,366,2076,2589,1844,335,43,88,241,1821,971,0.6853,0.1287,0.1186,0.0327,0.3147,0.8392
BURKE,0040,2597,2039,166,10,81,4,134,163,213,2006,2053,1675,136,8,56,129,1649,558,0.7851,0.0639,0.082,0.0312,0.2149,0.7905
BURKE,0047-A,2582,1894,448,21,47,0,42,130,95,1875,2137,1597,386,18,39,59,1587,688,0.7335,0.1735,0.0368,0.0182,0.2665,0.8277
BURKE,0047-B,1870,1490,190,9,18,0,48,115,93,1481,1415,1169,129,7,9,61,1162,380,0.7968,0.1016,0.0497,0.0096,0.2032,0.7567
BURKE,0048,2711,2257,145,26,69,0,57,157,127,2245,2154,1834,117,18,47,93,1828,454,0.8325,0.0535,0.0468,0.0255,0.1675,0.7945
BURKE,0051,4802,3838,360,17,240,4,123,220,210,3794,3819,3106,303,8,183,138,3077,964,0.7993,0.075,0.0437,0.05,0.2007,0.7953
BURKE,0052,2167,1595,163,17,264,0,26,102,79,1578,1745,1324,129,16,196,50,1314,572,0.736,0.0752,0.0365,0.1218,0.264,0.8053
BURKE,0062,1198,1053,38,3,12,0,22,70,28,1045,952,856,23,3,12,17,851,145,0.879,0.0317,0.0234,0.01,0.121,0.7947
BURKE,0064,1054,962,14,9,16,0,16,37,35,956,856,786,10,7,13,22,783,92,0.9127,0.0133,0.0332,0.0152,0.0873,0.8121
BURKE,0066,3277,2657,285,25,63,8,87,152,213,2591,2626,2161,242,12,42,129,2124,620,0.8108,0.087,0.065,0.0192,0.1892,0.8013
BURKE,0070,3611,3094,105,26,76,6,113,191,239,3031,2882,2529,97,19,65,141,2492,517,0.8568,0.0291,0.0662,0.021,0.1432,0.7981
BURKE,0071,3312,2964,53,9,104,0,44,138,90,2934,2648,2399,45,7,69,65,2374,348,0.8949,0.016,0.0272,0.0314,0.1051,0.7995
BURKE,0072,6242,5007,569,34,194,0,134,304,238,4966,5071,4107,519,33,139,160,4081,1235,0.8021,0.0912,0.0381,0.0311,0.1979,0.8124
CABARRUS,01-02,4425,3036,480,32,235,0,343,299,542,2966,3246,2361,346,19,137,314,2335,1389,0.6861,0.1085,0.1225,0.0531,0.3139,0.7336
CABARRUS,01-04,8391,4787,1777,27,1061,2,156,581,480,4681,5884,3475,1299,13,692,284,3420,3604,0.5705,0.2118,0.0572,0.1264,0.4295,0.7012
CABARRUS,01-07,3886,2602,432,19,504,6,59,264,214,2551,2891,2040,309,13,331,136,2007,1284,0.6696,0.1112,0.0551,0.1297,0.3304,0.744
CABARRUS,01-08,7650,4261,2194,35,337,4,239,580,675,4119,5328,3105,1463,18,240,425,3023,3389,0.557,0.2868,0.0882,0.0441,0.443,0.6965
CABARRUS,01-10,4099,2914,541,12,157,2,137,336,304,2862,3168,2300,401,12,128,213,2268,1185,0.7109,0.132,0.0742,0.0383,0.2891,0.7729
CABARRUS,01-11,6626,4090,1122,24,814,0,142,434,391,4012,4873,3186,787,15,518,245,3143,2536,0.6173,0.1693,0.059,0.1228,0.3827,0.7354
CABARRUS,02-01,4988,3159,801,27,163,10,379,449,711,3086,3969,2639,627,20,125,488,2594,1829,0.6333,0.1606,0.1425,0.0327,0.3667,0.7957
CABARRUS,02-02,7084,3821,1359,51,242,4,935,672,1597,3646,5292,3051,1026,32,195,949,2955,3263,0.5394,0.1918,0.2254,0.0342,0.4606,0.747
CABARRUS,02-03,9614,6190,2024,26,256,6,470,642,912,6015,7320,4913,1486,23,186,567,4811,3424,0.6439,0.2105,0.0949,0.0266,0.3561,0.7614
CABARRUS,02-05,6520,4254,1115,19,236,6,420,470,743,4135,4912,3344,828,13,170,451,3262,2266,0.6525,0.171,0.114,0.0362,0.3475,0.7534
CABARRUS,02-06,6155,3032,1871,51,163,7,539,492,932,2887,4664,2496,1348,32,131,611,2400,3123,0.4926,0.304,0.1514,0.0265,0.5074,0.7578
CABARRUS,02-07,4690,3520,589,16,147,0,89,329,279,3458,3760,2877,456,11,121,209,2829,1170,0.7505,0.1256,0.0595,0.0313,0.2495,0.8017
CABARRUS,02-08,12647,6758,2231,39,2231,20,348,1020,1028,6544,8563,4789,1560,26,1373,662,4657,5889,0.5344,0.1764,0.0813,0.1764,0.4656,0.6771
CABARRUS,02-09,13411,6185,2551,23,3368,3,402,879,895,6014,9237,4456,1868,16,2127,574,4343,7226,0.4612,0.1902,0.0667,0.2511,0.5388,0.6888
CABARRUS,03-00,8683,6193,934,29,644,3,223,657,531,6111,6066,4505,636,20,400,315,4452,2490,0.7132,0.1076,0.0612,0.0742,0.2868,0.6986
CABARRUS,04-01,4755,2592,1397,23,65,2,331,345,633,2479,3476,2062,933,21,48,386,2009,2163,0.5451,0.2938,0.1331,0.0137,0.4549,0.731
CABARRUS,04-03,4321,2478,1062,24,31,0,366,360,594,2401,3353,2007,850,24,24,370,1971,1843,0.5735,0.2458,0.1375,0.0072,0.4265,0.776
CABARRUS,04-08,2487,1613,512,16,77,3,122,144,251,1546,1961,1331,371,11,58,184,1285,874,0.6486,0.2059,0.1009,0.031,0.3514,0.7885
CABARRUS,04-09,4953,3424,843,27,132,2,186,339,372,3358,3849,2755,656,21,90,228,2717,1529,0.6913,0.1702,0.0751,0.0267,0.3087,0.7771
CABARRUS,04-11,5132,2902,1210,40,68,2,525,385,881,2746,3931,2392,904,30,59,539,2306,2230,0.5655,0.2358,0.1717,0.0133,0.4345,0.766
CABARRUS,04-12,8625,3948,2650,82,106,6,1226,607,1757,3741,6324,3243,1855,56,71,1080,3115,4677,0.4577,0.3072,0.2037,0.0123,0.5423,0.7332
CABARRUS,04-13,8072,5377,1320,33,123,2,563,654,1039,5235,6167,4370,933,13,96,639,4283,2695,0.6661,0.1635,0.1287,0.0152,0.3339,0.764
CABARRUS,05-00,3858,3162,278,9,37,0,110,262,246,3118,3040,2578,186,9,32,156,2551,696,0.8196,0.0721,0.0638,0.0096,0.1804,0.788
CABARRUS,06-00,2937,2633,43,15,19,2,102,123,180,2595,2312,2107,36,12,12,113,2092,304,0.8965,0.0146,0.0613,0.0065,0.1035,0.7872
CABARRUS,07-00,1639,1516,10,15,18,0,12,68,32,1509,1279,1187,7,11,14,15,1185,123,0.925,0.0061,0.0195,0.011,0.075,0.7804
CABARRUS,08-00,5318,4834,168,25,19,0,69,203,141,4802,4227,3906,129,17,7,90,3888,484,0.909,0.0316,0.0265,0.0036,0.091,0.7948
CABARRUS,09-00,3896,3306,144,13,37,4,130,262,256,3276,3010,2616,123,13,27,143,2606,590,0.8486,0.037,0.0657,0.0095,0.1514,0.7726
CABARRUS,10-00,8241,6457,754,41,99,3,351,536,674,6325,6250,5030,562,35,77,384,4958,1784,0.7835,0.0915,0.0818,0.012,0.2165,0.7584
CABARRUS,11-01,10555,4796,2919,57,132,10,1374,1267,2423,4496,7236,3615,1955,47,97,1397,3451,5759,0.4544,0.2766,0.2296,0.0125,0.5456,0.6856
CABARRUS,11-02,4919,3728,574,32,46,1,185,353,428,3670,3717,2943,395,26,36,273,2904,1191,0.7579,0.1167,0.087,0.0094,0.2421,0.7556
CABARRUS,12-03,3117,2004,648,12,101,2,165,185,320,1943,2490,1692,498,9,79,197,1656,1113,0.6429,0.2079,0.1027,0.0324,0.3571,0.7988
CABARRUS,12-04,4685,2620,1168,26,49,3,445,374,692,2566,3607,2275,775,22,33,427,2246,2065,0.5592,0.2493,0.1477,0.0105,0.4408,0.7699
CABARRUS,12-05,3287,2567,338,8,16,2,172,184,293,2525,2719,2141,291,8,11,231,2111,720,0.781,0.1028,0.0891,0.0049,0.219,0.8272
CABARRUS,12-08,3208,1412,522,45,8,3,830,388,1274,1302,2373,1177,398,30,6,797,1109,1796,0.4401,0.1627,0.3971,0.0025,0.5599,0.7397
CABARRUS,12-09,4314,2587,1020,16,80,3,242,366,514,2510,3192,2123,601,12,61,346,2068,1727,0.5997,0.2364,0.1191,0.0185,0.4003,0.7399
CABARRUS,12-11,2897,1647,657,18,46,3,297,229,495,1592,2288,1386,506,12,38,329,1345,1250,0.5685,0.2268,0.1709,0.0159,0.4315,0.7898
CABARRUS,12-12,3547,2123,670,23,49,2,327,353,576,2041,2559,1625,464,18,46,356,1581,1424,0.5985,0.1889,0.1624,0.0138,0.4015,0.7215
CABARRUS,12-13,8006,2551,2940,80,27,6,1495,907,2433,2303,5783,2074,2180,66,22,1452,1934,5455,0.3186,0.3672,0.3039,0.0034,0.6814,0.7223
CABARRUS,12-14,4166,2677,754,23,41,3,357,311,525,2615,3223,2188,563,18,32,324,2156,1489,0.6426,0.181,0.126,0.0098,0.3574,0.7736
CALDWELL,1,7630,6512,482,37,39,3,170,387,343,6431,6039,5270,367,26,32,205,5233,1118,0.8535,0.0632,0.045,0.0051,0.1465,0.7915
CALDWELL,10,4799,4307,90,29,16,0,116,241,217,4282,3838,3498,71,20,8,145,3479,492,0.8975,0.0188,0.0452,0.0033,0.1025,0.7997
CALDWELL,11,5748,5040,112,24,32,2,193,345,365,4951,4564,4094,81,16,22,226,4050,708,0.8768,0.0195,0.0635,0.0056,0.1232,0.794
CALDWELL,12,3390,3148,43,8,15,0,30,146,65,3120,2872,2688,37,6,11,47,2668,242,0.9286,0.0127,0.0192,0.0044,0.0714,0.8472
CALDWELL,13,8556,7605,204,34,45,1,286,381,528,7499,6841,6191,180,22,31,342,6120,951,0.8888,0.0238,0.0617,0.0053,0.1112,0.7996
CALDWELL,14,6118,5553,117,7,84,0,77,280,205,5503,4779,4410,88,4,66,133,4388,565,0.9076,0.0191,0.0335,0.0137,0.0924,0.7811
CALDWELL,15,3943,3598,47,5,7,0,66,220,167,3568,3111,2884,35,4,7,96,2870,345,0.9125,0.0119,0.0424,0.0018,0.0875,0.789
CALDWELL,2,2651,2404,42,11,13,2,37,142,106,2381,2238,2053,35,8,13,68,2043,247,0.9068,0.0158,0.04,0.0049,0.0932,0.8442
CALDWELL,3,1621,1435,57,12,4,0,11,102,29,1432,1316,1180,53,8,4,16,1177,186,0.8853,0.0352,0.0179,0.0025,0.1147,0.8118
CALDWELL,4,4212,3877,38,20,35,0,54,188,128,3836,3439,3221,22,17,30,80,3192,335,0.9205,0.009,0.0304,0.0083,0.0795,0.8165
CALDWELL,5,4889,4217,146,26,47,0,116,337,335,4116,3912,3465,108,25,34,231,3405,672,0.8625,0.0299,0.0685,0.0096,0.1375,0.8002
CALDWELL,6,10033,6900,1657,35,45,3,717,676,1145,6710,7714,5523,1286,25,28,711,5426,3133,0.6877,0.1652,0.1141,0.0045,0.3123,0.7689
CALDWELL,7,7689,5812,677,56,90,3,500,551,940,5648,6125,4812,518,41,73,612,4713,1877,0.7559,0.088,0.1223,0.0117,0.2441,0.7966
CALDWELL,8,5227,4683,157,10,54,2,67,254,188,4650,4281,3926,121,8,40,102,3903,544,0.8959,0.03,0.036,0.0103,0.1041,0.819
CALDWELL,9,4146,3768,45,26,18,0,81,208,162,3741,3367,3107,38,16,13,99,3094,378,0.9088,0.0109,0.0391,0.0043,0.0912,0.8121
CAMDEN,CH,3774,2941,480,20,38,0,41,254,144,2885,2894,2284,399,12,30,90,2254,833,0.7793,0.1272,0.0382,0.0101,0.2207,0.7668
CAMDEN,SH,2529,2096,181,3,55,0,31,163,73,2069,1967,1652,137,3,46,40,1640,433,0.8288,0.0716,0.0289,0.0217,0.1712,0.7778
CAMDEN,SM,4052,3275,394,26,26,2,50,279,123,3246,3026,2460,335,26,22,69,2441,777,0.8082,0.0972,0.0304,0.0064,0.1918,0.7468
CARTERET,ABCH,1398,1329,6,4,2,0,9,48,42,1311,1313,1250,6,4,0,37,1237,69,0.9506,0.0043,0.03,0.0014,0.0494,0.9392
CARTERET,ASCI,1114,1056,8,6,0,0,19,25,26,1052,961,909,8,6,0,24,905,58,0.9479,0.0072,0.0233,0.0,0.0521,0.8627
CARTERET,BCRK,2539,2215,64,22,9,2,72,155,138,2176,2047,1821,55,20,7,85,1799,324,0.8724,0.0252,0.0544,0.0035,0.1276,0.8062
CARTERET,BFT1,1744,1345,267,6,19,1,18,88,58,1338,1559,1239,224,6,15,46,1234,399,0.7712,0.1531,0.0333,0.0109,0.2288,0.8939
CARTERET,BFT2,4459,3870,291,29,21,6,49,193,105,3841,3771,3343,239,24,15,69,3325,589,0.8679,0.0653,0.0235,0.0047,0.1321,0.8457
CARTERET,BOGE,3388,3037,120,11,10,8,46,156,112,3007,2686,2429,104,11,8,77,2403,351,0.8964,0.0354,0.0331,0.003,0.1036,0.7928
CARTERET,CAPE,4373,3906,47,19,52,2,40,307,184,3852,3458,3142,32,12,41,115,3109,467,0.8932,0.0107,0.0421,0.0119,0.1068,0.7908
CARTERET,DASW,784,740,10,5,0,1,4,24,2,740,657,625,7,5,0,2,625,44,0.9439,0.0128,0.0026,0.0,0.0561,0.838
CARTERET,HAIS,1127,1093,5,1,0,0,3,25,9,1090,1003,972,5,1,0,9,969,34,0.9698,0.0044,0.008,0.0,0.0302,0.89
CARTERET,IBPK,1777,1704,4,2,10,0,8,49,21,1701,1586,1532,4,2,7,16,1529,73,0.9589,0.0023,0.0118,0.0056,0.0411,0.8925
CARTERET,ISLE,3849,3572,14,8,26,2,38,189,123,3545,3387,3189,9,1,22,84,3169,277,0.928,0.0036,0.032,0.0068,0.072,0.88
CARTERET,MASM,773,715,6,0,4,1,3,44,19,711,645,605,4,0,1,12,602,58,0.925,0.0078,0.0246,0.0052,0.075,0.8344
CARTERET,MCRK,642,574,5,3,4,0,18,38,23,572,520,477,3,3,2,16,475,68,0.8941,0.0078,0.0358,0.0062,0.1059,0.81
CARTERET,MERR,580,494,37,2,6,0,7,34,14,488,524,449,34,2,6,11,446,86,0.8517,0.0638,0.0241,0.0103,0.1483,0.9034
CARTERET,MHD1,3259,2542,271,13,41,0,240,152,328,2496,2603,2083,228,10,30,210,2046,717,0.78,0.0832,0.1006,0.0126,0.22,0.7987
CARTERET,MHD2,4058,3152,370,21,38,3,150,324,340,3105,3447,2781,289,19,37,226,2752,906,0.7767,0.0912,0.0838,0.0094,0.2233,0.8494
CARTERET,MHD3,4154,3627,160,14,31,5,67,250,157,3595,3453,3065,137,12,28,95,3048,527,0.8731,0.0385,0.0378,0.0075,0.1269,0.8312
CARTERET,MHD4,3319,3043,34,8,73,5,33,123,83,3014,2784,2597,22,8,49,60,2576,276,0.9168,0.0102,0.025,0.022,0.0832,0.8388
CARTERET,NPT1,5237,4128,458,32,114,7,65,433,265,4054,4279,3435,399,32,99,164,3390,1109,0.7882,0.0875,0.0506,0.0218,0.2118,0.8171
CARTERET,NPT2,4193,3535,177,42,41,7,101,290,226,3475,3337,2888,135,35,37,141,2846,658,0.8431,0.0422,0.0539,0.0098,0.1569,0.7959
CARTERET,NRIV,863,420,361,6,10,0,20,46,25,417,695,347,297,2,9,8,347,443,0.4867,0.4183,0.029,0.0116,0.5133,0.8053
CARTERET,OTBEG,2594,2483,3,5,1,2,12,88,39,2468,2183,2095,0,5,0,26,2085,111,0.9572,0.0012,0.015,0.0004,0.0428,0.8416
CARTERET,PELE,1764,1569,21,7,20,1,28,118,66,1550,1483,1350,17,6,17,41,1344,195,0.8895,0.0119,0.0374,0.0113,0.1105,0.8407
CARTERET,STEL,2209,1984,61,5,6,0,28,125,91,1956,1686,1521,56,5,4,62,1504,225,0.8981,0.0276,0.0412,0.0027,0.1019,0.7632
CARTERET,WIHA,2432,2050,177,17,11,0,38,139,88,2024,1954,1680,144,16,9,53,1661,382,0.8429,0.0728,0.0362,0.0045,0.1571,0.8035
CARTERET,WILD,5057,4072,297,24,45,10,301,308,535,3960,4192,3475,237,21,34,344,3421,985,0.8052,0.0587,0.1058,0.0089,0.1948,0.8289
CASWELL,ANDE,1262,921,234,5,0,2,42,58,66,909,1003,746,184,5,0,45,735,341,0.7298,0.1854,0.0523,0.0,0.2702,0.7948
CASWELL,LEAS,829,483,283,2,0,0,24,37,42,479,685,405,238,2,0,22,402,346,0.5826,0.3414,0.0507,0.0,0.4174,0.8263
CASWELL,LOCU,2783,1435,1158,14,6,3,48,119,112,1422,2251,1167,975,10,4,68,1157,1348,0.5156,0.4161,0.0402,0.0022,0.4844,0.8088
CASWELL,MILT,2668,1412,1124,9,6,0,20,97,59,1402,2189,1130,952,8,6,55,1120,1256,0.5292,0.4213,0.0221,0.0022,0.4708,0.8205
CASWELL,PELH,4161,3062,745,10,17,9,114,204,216,3003,3344,2503,613,9,14,119,2474,1099,0.7359,0.179,0.0519,0.0041,0.2641,0.8037
CASWELL,PH,2557,1885,505,9,2,0,57,99,92,1870,2050,1519,418,8,1,48,1510,672,0.7372,0.1975,0.036,0.0008,0.2628,0.8017
CASWELL,PROVI,1045,754,237,1,7,0,15,31,29,742,843,624,195,0,3,16,615,291,0.7215,0.2268,0.0278,0.0067,0.2785,0.8067
CASWELL,STON,3149,2339,544,12,0,3,104,147,202,2292,2548,1889,477,10,0,132,1858,810,0.7428,0.1728,0.0641,0.0,0.2572,0.8091
CASWELL,YANC,4282,1941,1994,23,26,5,129,164,184,1917,3683,1718,1705,18,18,159,1699,2341,0.4533,0.4657,0.043,0.0061,0.5467,0.8601
CATAWBA,01,4700,4197,119,11,68,0,108,197,184,4178,3775,3418,94,11,50,119,3408,503,0.893,0.0253,0.0391,0.0145,0.107,0.8032
CATAWBA,02,3234,2884,74,15,69,8,77,107,134,2856,2570,2333,57,8,43,88,2315,350,0.8918,0.0229,0.0414,0.0213,0.1082,0.7947
CATAWBA,03,3491,2901,160,18,157,0,118,137,177,2864,2751,2332,123,9,108,121,2314,590,0.831,0.0458,0.0507,0.045,0.169,0.788
CATAWBA,04,1383,760,173,11,174,18,100,147,191,727,1057,624,140,9,110,129,603,623,0.5495,0.1251,0.1381,0.1258,0.4505,0.7643
CATAWBA,05,4896,3815,407,36,143,0,209,286,391,3744,3849,3048,345,28,92,253,3007,1081,0.7792,0.0831,0.0799,0.0292,0.2208,0.7862
CATAWBA,06,3365,2760,227,13,114,2,67,182,179,2701,2658,2262,167,11,79,95,2235,605,0.8202,0.0675,0.0532,0.0339,0.1798,0.7899
CATAWBA,07,4929,3012,566,45,318,1,592,395,901,2932,3752,2449,456,33,196,548,2410,1917,0.6111,0.1148,0.1828,0.0645,0.3889,0.7612
CATAWBA,08,3461,2808,157,13,167,1,104,211,233,2767,2850,2417,108,9,112,156,2393,653,0.8113,0.0454,0.0673,0.0483,0.1887,0.8235
CATAWBA,09,3568,3011,151,18,39,0,120,229,246,2973,2819,2443,119,16,24,153,2421,557,0.8439,0.0423,0.0689,0.0109,0.1561,0.7901
CATAWBA,10,1082,521,289,13,36,2,112,109,231,477,825,409,248,10,26,136,388,561,0.4815,0.2671,0.2135,0.0333,0.5185,0.7625
CATAWBA,11,2024,1511,260,11,30,2,87,123,163,1486,1819,1396,241,10,24,119,1376,513,0.7465,0.1285,0.0805,0.0148,0.2535,0.8987
CATAWBA,12,2513,892,982,34,95,2,292,216,484,836,1980,751,819,28,58,302,722,1621,0.355,0.3908,0.1926,0.0378,0.645,0.7879
CATAWBA,13,3021,1481,754,23,99,2,299,363,545,1421,2311,1259,556,17,79,353,1219,1540,0.4902,0.2496,0.1804,0.0328,0.5098,0.765
CATAWBA,14,2188,1835,101,12,44,4,49,143,123,1815,1781,1519,77,11,34,89,1501,353,0.8387,0.0462,0.0562,0.0201,0.1613,0.814
CATAWBA,15,1155,153,764,9,29,0,87,113,142,147,822,130,572,8,14,82,126,1002,0.1325,0.6615,0.1229,0.0251,0.8675,0.7117
CATAWBA,16,4587,2989,597,47,175,3,413,363,690,2892,3719,2606,473,26,127,449,2546,1598,0.6516,0.1302,0.1504,0.0382,0.3484,0.8108
CATAWBA,17,3404,2027,458,24,192,5,380,318,611,1921,2609,1709,303,19,132,407,1637,1377,0.5955,0.1345,0.1795,0.0564,0.4045,0.7665
CATAWBA,19,1852,1178,248,10,150,3,125,138,248,1119,1499,1002,196,10,105,169,962,674,0.6361,0.1339,0.1339,0.081,0.3639,0.8094
CATAWBA,20,5017,3909,348,19,132,3,226,380,474,3807,3906,3138,281,11,81,307,3089,1108,0.7792,0.0694,0.0945,0.0263,0.2208,0.7786
CATAWBA,21,2519,2255,84,11,15,1,19,134,85,2225,2047,1856,66,5,13,63,1830,264,0.8952,0.0333,0.0337,0.006,0.1048,0.8126
CATAWBA,22,5648,4037,415,36,402,0,343,415,647,3943,4397,3334,305,30,267,427,3283,1611,0.7148,0.0735,0.1146,0.0712,0.2852,0.7785
CATAWBA,23,5644,4763,277,18,219,4,98,265,213,4703,4358,3770,222,16,145,120,3743,881,0.8439,0.0491,0.0377,0.0388,0.1561,0.7721
CATAWBA,24,5653,4714,230,25,271,3,106,304,268,4633,4399,3780,176,13,183,161,3732,939,0.8339,0.0407,0.0474,0.0479,0.1661,0.7782
CATAWBA,25,3829,2298,387,40,161,0,592,351,902,2179,2981,1928,313,26,117,573,1858,1531,0.6002,0.1011,0.2356,0.042,0.3998,0.7785
CATAWBA,26,2414,2047,133,6,49,1,45,133,135,2019,1946,1698,94,5,35,75,1690,367,0.848,0.0551,0.0559,0.0203,0.152,0.8061
CATAWBA,27,5888,4674,201,24,476,2,197,314,356,4610,4655,3823,155,18,326,213,3797,1214,0.7938,0.0341,0.0605,0.0808,0.2062,0.7906
CATAWBA,28,6067,3398,447,108,293,3,1279,539,1906,3152,4400,2755,281,64,191,1187,2612,2669,0.5601,0.0737,0.3142,0.0483,0.4399,0.7252
CATAWBA,29,6691,5096,183,70,237,2,421,682,1015,4926,5129,4101,140,44,164,610,4010,1595,0.7616,0.0274,0.1517,0.0354,0.2384,0.7666
CATAWBA,30,6482,4419,617,42,384,2,428,590,898,4247,5090,3681,447,35,272,613,3573,2063,0.6817,0.0952,0.1385,0.0592,0.3183,0.7853
CATAWBA,31,6123,5481,213,16,52,3,42,316,193,5413,5000,4519,180,9,42,140,4469,642,0.8951,0.0348,0.0315,0.0085,0.1049,0.8166
CATAWBA,32,4837,3174,527,28,303,1,431,373,698,3084,3775,2597,441,18,208,443,2542,1663,0.6562,0.109,0.1443,0.0626,0.3438,0.7804
CATAWBA,33,7185,5074,253,41,742,3,419,653,844,4954,5510,4141,187,30,488,541,4062,2111,0.7062,0.0352,0.1175,0.1033,0.2938,0.7669
CATAWBA,34,6010,4833,279,33,350,1,172,342,348,4772,4781,3967,233,23,253,214,3930,1177,0.8042,0.0464,0.0579,0.0582,0.1958,0.7955
CATAWBA,35,5131,3408,466,57,346,5,523,326,816,3291,4010,2866,325,37,255,487,2806,1723,0.6642,0.0908,0.159,0.0674,0.3358,0.7815
CATAWBA,36,3092,2471,170,8,67,2,110,264,290,2423,2448,2036,135,8,50,174,2009,621,0.7992,0.055,0.0938,0.0217,0.2008,0.7917
CATAWBA,37,4097,2687,508,26,104,0,388,384,668,2589,3312,2330,414,15,72,430,2263,1410,0.6558,0.124,0.163,0.0254,0.3442,0.8084
CATAWBA,38,3675,3155,151,14,118,0,86,151,174,3122,3026,2641,130,8,90,120,2620,520,0.8585,0.0411,0.0473,0.0321,0.1415,0.8234
CATAWBA,39,2939,2537,81,8,98,0,45,170,149,2495,2334,2035,68,7,82,85,2021,402,0.8632,0.0276,0.0507,0.0333,0.1368,0.7941
CATAWBA,40,2262,1608,292,19,80,0,131,132,255,1547,1833,1339,251,13,59,178,1304,654,0.7109,0.1291,0.1127,0.0354,0.2891,0.8103
CATAWBA,41,4554,4173,86,11,25,5,48,206,170,4130,3783,3493,66,10,20,132,3461,381,0.9163,0.0189,0.0373,0.0055,0.0837,0.8307
CHATHAM,15,2779,2188,256,10,48,4,89,184,188,2148,2305,1823,233,10,41,133,1794,591,0.7873,0.0921,0.0677,0.0173,0.2127,0.8294
CHATHAM,21,1948,1698,62,10,13,1,34,130,99,1673,1568,1390,46,10,6,70,1370,250,0.8717,0.0318,0.0508,0.0067,0.1283,0.8049
CHATHAM,3,2528,2000,177,16,9,3,170,153,290,1955,2038,1676,147,10,8,166,1651,528,0.7911,0.07,0.1147,0.0036,0.2089,0.8062
CHATHAM,30,2370,1809,290,16,8,1,82,164,150,1786,1913,1497,227,10,5,97,1487,561,0.7633,0.1224,0.0633,0.0034,0.2367,0.8072
CHATHAM,42,2486,2103,128,11,63,1,57,123,97,2087,2062,1765,105,9,51,65,1754,383,0.8459,0.0515,0.039,0.0253,0.1541,0.8294
CHATHAM,75,5166,4212,292,8,368,0,42,244,151,4182,4547,3768,260,7,314,101,3744,954,0.8153,0.0565,0.0292,0.0712,0.1847,0.8802
CHATHAM,78,6004,5077,231,17,162,3,182,332,393,4991,5164,4475,190,12,140,253,4422,927,0.8456,0.0385,0.0655,0.027,0.1544,0.8601
CHATHAM,85,5211,2343,904,58,51,1,1378,476,1927,2168,3882,1899,722,40,42,1227,1808,2868,0.4496,0.1735,0.3698,0.0098,0.5504,0.745
CHATHAM,9,2059,1647,190,9,11,0,75,127,150,1622,1654,1351,155,9,7,108,1336,412,0.7999,0.0923,0.0729,0.0053,0.2001,0.8033
CHATHAM,CRD118,2202,1959,61,5,3,3,49,122,99,1944,1703,1539,57,5,2,58,1528,243,0.8896,0.0277,0.045,0.0014,0.1104,0.7734
CHATHAM,ECL109,6618,5373,248,29,261,5,105,597,387,5311,4847,4069,177,22,206,229,4035,1245,0.8119,0.0375,0.0585,0.0394,0.1881,0.7324
CHATHAM,EPP112,3794,2503,601,22,73,4,281,310,458,2443,3032,2088,470,18,58,319,2043,1291,0.6597,0.1584,0.1207,0.0192,0.3403,0.7992
CHATHAM,ESC114,8108,3060,1549,144,56,3,2452,844,3602,2639,5785,2421,1184,105,35,2234,2205,5048,0.3774,0.191,0.4443,0.0069,0.6226,0.7135
CHATHAM,GLD118,4073,3026,678,12,8,0,120,229,229,2990,3312,2506,578,11,6,130,2492,1047,0.7429,0.1665,0.0562,0.002,0.2571,0.8132
CHATHAM,MON113,2938,2170,376,16,26,0,165,185,267,2134,2350,1785,308,16,21,170,1757,768,0.7386,0.128,0.0909,0.0088,0.2614,0.7999
CHATHAM,NWM117,7778,5520,516,52,307,3,785,595,1302,5351,6420,4857,430,37,274,765,4758,2258,0.7097,0.0663,0.1674,0.0395,0.2903,0.8254
CHATHAM,WCL108,4461,3622,296,19,96,4,127,297,248,3582,3544,2977,229,16,68,151,2956,839,0.8119,0.0664,0.0556,0.0215,0.1881,0.7944
CHATHAM,WPP114,5762,4121,1059,17,64,1,150,350,335,4081,4662,3411,872,15,54,215,3393,1641,0.7152,0.1838,0.0581,0.0111,0.2848,0.8091
CHEROKEE,ANNW,2315,1990,25,38,19,0,60,183,139,1951,1828,1618,17,26,13,71,1600,325,0.8596,0.0108,0.06,0.0082,0.1404,0.7896
CHEROKEE,ANSW,2143,1888,38,36,1,0,44,136,100,1860,1687,1512,29,27,0,63,1494,255,0.881,0.0177,0.0467,0.0005,0.119,0.7872
CHEROKEE,BELL,1614,1473,10,11,3,0,21,96,70,1444,1403,1290,7,11,3,47,1271,141,0.9126,0.0062,0.0434,0.0019,0.0874,0.8693
CHEROKEE,BRAS,977,902,4,10,1,0,15,45,26,893,829,768,4,10,1,14,765,75,0.9232,0.0041,0.0266,0.001,0.0768,0.8485
CHEROKEE,CSON,1233,1087,7,37,4,0,17,81,18,1082,1052,948,4,35,2,10,944,146,0.8816,0.0057,0.0146,0.0032,0.1184,0.8532
CHEROKEE,GCRK,601,536,2,27,1,0,0,35,5,535,500,442,2,26,0,5,441,65,0.8918,0.0033,0.0083,0.0017,0.1082,0.8319
CHEROKEE,HANG,865,796,4,11,2,0,4,48,11,790,723,671,2,10,0,8,667,69,0.9202,0.0046,0.0127,0.0023,0.0798,0.8358
CHEROKEE,HIWA,2513,2332,19,19,6,0,11,126,51,2310,2185,2052,17,19,2,34,2038,181,0.928,0.0076,0.0203,0.0024,0.072,0.8695
CHEROKEE,HOTH,1770,1640,13,20,2,0,11,84,50,1621,1540,1439,11,15,0,35,1424,130,0.9266,0.0073,0.0282,0.0011,0.0734,0.8701
CHEROKEE,MARB,1964,1745,13,35,7,0,17,147,56,1729,1585,1408,9,30,6,40,1399,219,0.8885,0.0066,0.0285,0.0036,0.1115,0.807
CHEROKEE,MURN,2819,2343,146,41,45,0,18,226,68,2327,2343,1975,114,40,37,46,1966,476,0.8311,0.0518,0.0241,0.016,0.1689,0.8311
CHEROKEE,MURS,3415,2960,63,58,40,0,55,239,144,2916,2825,2499,41,50,37,92,2473,455,0.8668,0.0184,0.0422,0.0117,0.1332,0.8272
CHEROKEE,PCHT,3077,2782,16,54,15,0,21,189,66,2767,2606,2368,11,39,11,55,2354,295,0.9041,0.0052,0.0214,0.0049,0.0959,0.8469
CHEROKEE,RGER,2178,1990,14,13,7,0,16,138,68,1968,1866,1734,3,7,3,41,1725,188,0.9137,0.0064,0.0312,0.0032,0.0863,0.8567
CHEROKEE,TOPT,580,531,4,13,4,0,8,20,8,531,483,443,3,12,4,7,443,49,0.9155,0.0069,0.0138,0.0069,0.0845,0.8328
CHEROKEE,UNKA,710,645,3,13,1,0,9,39,19,642,596,541,3,11,0,18,538,65,0.9085,0.0042,0.0268,0.0014,0.0915,0.8394
CHOWAN,1,2890,1073,1568,14,11,0,111,113,164,1063,2301,933,1210,9,11,92,931,1817,0.3713,0.5426,0.0567,0.0038,0.6287,0.7962
CHOWAN,2,4234,2404,1574,12,20,1,50,173,101,2387,3399,2021,1196,7,20,66,2016,1830,0.5678,0.3718,0.0239,0.0047,0.4322,0.8028
CHOWAN,3,2208,1889,122,13,6,0,71,107,121,1866,1826,1593,97,9,6,80,1575,319,0.8555,0.0553,0.0548,0.0027,0.1445,0.827
CHOWAN,4,1123,632,422,4,1,0,34,30,44,631,895,501,347,2,1,30,500,491,0.5628,0.3758,0.0392,0.0009,0.4372,0.797
CHOWAN,5,1306,1055,192,2,2,0,11,44,38,1042,1072,875,156,2,2,30,863,251,0.8078,0.147,0.0291,0.0015,0.1922,0.8208
CHOWAN,6,1947,1298,530,2,0,0,25,92,62,1279,1621,1099,443,2,0,39,1091,649,0.6667,0.2722,0.0318,0.0,0.3333,0.8326
CLAY,BRAS,995,928,5,6,0,0,8,48,27,918,846,791,5,6,0,16,784,67,0.9327,0.005,0.0271,0.0,0.0673,0.8503
CLAY,HAY1,1537,1356,19,11,5,0,50,96,95,1335,1264,1125,18,9,4,69,1113,181,0.8822,0.0124,0.0618,0.0033,0.1178,0.8224
CLAY,HAY2,1802,1627,12,6,13,2,42,100,103,1605,1484,1380,12,5,6,62,1364,175,0.9029,0.0067,0.0572,0.0072,0.0971,0.8235
CLAY,HAYC,614,523,3,1,1,2,31,53,50,520,476,422,3,1,1,33,420,91,0.8518,0.0049,0.0814,0.0016,0.1482,0.7752
CLAY,HIAW,1829,1719,9,2,3,1,13,82,43,1706,1571,1496,5,2,2,34,1487,110,0.9399,0.0049,0.0235,0.0016,0.0601,0.8589
CLAY,SHCR,1477,1385,4,9,5,2,7,65,37,1370,1295,1229,3,9,4,23,1221,92,0.9377,0.0027,0.0251,0.0034,0.0623,0.8768
CLAY,SWEE,1001,898,6,7,4,1,22,63,49,888,812,752,0,5,2,25,746,103,0.8971,0.006,0.049,0.004,0.1029,0.8112
CLAY,TUSQ,807,747,1,0,8,0,1,50,16,742,659,621,1,0,6,13,616,60,0.9257,0.0012,0.0198,0.0099,0.0743,0.8166
CLAY,WARN,1027,967,6,2,1,1,3,47,18,960,827,781,6,2,0,12,775,60,0.9416,0.0058,0.0175,0.001,0.0584,0.8053
CLEVELAND,BETHWR,2605,2048,323,3,55,0,49,127,97,2031,2040,1653,234,3,48,58,1646,557,0.7862,0.124,0.0372,0.0211,0.2138,0.7831
CLEVELAND,BR,7637,6155,901,16,44,2,126,393,290,6088,6141,5028,699,15,44,214,4981,1482,0.8059,0.118,0.038,0.0058,0.1941,0.8041
CLEVELAND,CASAR,1852,1799,9,3,5,0,3,33,15,1796,1467,1423,8,3,4,12,1421,53,0.9714,0.0049,0.0081,0.0027,0.0286,0.7921
CLEVELAND,FALSTN,2263,1994,114,2,9,1,37,106,59,1982,1770,1592,80,2,8,31,1588,269,0.8811,0.0504,0.0261,0.004,0.1189,0.7821
CLEVELAND,GROVER,4944,3863,634,19,108,5,78,237,155,3817,3839,3046,498,15,93,95,3022,1081,0.7814,0.1282,0.0314,0.0218,0.2186,0.7765
CLEVELAND,KINGST,1135,488,607,1,6,0,2,31,15,483,906,418,464,0,6,10,413,647,0.43,0.5348,0.0132,0.0053,0.57,0.7982
CLEVELAND,KM N,7294,5213,1458,19,55,0,111,438,270,5136,5659,4137,1116,13,46,184,4081,2081,0.7147,0.1999,0.037,0.0075,0.2853,0.7758
CLEVELAND,KM S,6478,4508,1346,25,155,3,125,316,271,4430,5086,3657,1034,21,139,166,3615,1970,0.6959,0.2078,0.0418,0.0239,0.3041,0.7851
CLEVELAND,LATT,4308,3452,420,19,19,0,134,264,249,3413,3367,2803,312,16,18,153,2774,856,0.8013,0.0975,0.0578,0.0044,0.1987,0.7816
CLEVELAND,LAWNDL,2510,1676,646,9,11,0,31,137,71,1667,1959,1321,521,9,6,45,1318,834,0.6677,0.2574,0.0283,0.0044,0.3323,0.7805
CLEVELAND,MRB-YO,2255,1936,162,9,3,0,39,106,72,1922,1763,1551,112,9,3,45,1542,319,0.8585,0.0718,0.0319,0.0013,0.1415,0.7818
CLEVELAND,MULLS,2953,2737,64,7,7,2,45,91,104,2707,2372,2226,48,7,7,63,2208,216,0.9269,0.0217,0.0352,0.0024,0.0731,0.8033
CLEVELAND,OAKGRV,5223,4355,403,7,33,4,121,300,209,4312,4059,3449,298,5,33,137,3424,868,0.8338,0.0772,0.04,0.0063,0.1662,0.7771
CLEVELAND,POLKVL,3357,3058,141,7,14,1,32,104,59,3036,2679,2455,110,7,13,44,2438,299,0.9109,0.042,0.0176,0.0042,0.0891,0.798
CLEVELAND,RIPPY,5785,4120,1251,14,20,0,124,256,222,4066,4419,3261,893,13,20,143,3220,1665,0.7122,0.2162,0.0384,0.0035,0.2878,0.7639
CLEVELAND,S C,10609,5860,3734,32,105,5,287,586,564,5741,8358,4899,2798,28,79,369,4822,4749,0.5524,0.352,0.0532,0.0099,0.4476,0.7878
CLEVELAND,S E,3428,2168,1049,10,26,0,51,124,103,2140,2769,1800,841,9,19,65,1778,1260,0.6324,0.306,0.03,0.0076,0.3676,0.8078
CLEVELAND,S N,6580,3793,2264,14,31,0,137,341,294,3732,5213,3157,1764,11,20,184,3119,2787,0.5764,0.3441,0.0447,0.0047,0.4236,0.7922
CLEVELAND,S S,9451,5308,3147,41,92,0,307,556,500,5219,7102,4268,2254,26,75,331,4200,4143,0.5616,0.333,0.0529,0.0097,0.4384,0.7515
CLEVELAND,SHANGI,3674,2876,574,7,25,0,55,137,112,2836,2988,2386,470,7,24,66,2359,798,0.7828,0.1562,0.0305,0.0068,0.2172,0.8133
CLEVELAND,WACO,5152,3649,910,13,38,2,195,345,302,3592,4052,2948,730,11,33,174,2923,1503,0.7083,0.1766,0.0586,0.0074,0.2917,0.7865
COLUMBUS,P02B,1296,331,462,390,6,0,25,82,51,322,1012,274,363,310,4,28,271,965,0.2554,0.3565,0.0394,0.0046,0.7446,0.7809
COLUMBUS,P06,1088,830,195,24,0,0,12,27,28,822,866,673,153,14,0,18,671,258,0.7629,0.1792,0.0257,0.0,0.2371,0.796
COLUMBUS,P07,4088,2044,1684,83,11,0,96,170,165,2013,3207,1683,1279,63,6,90,1671,2044,0.5,0.4119,0.0404,0.0027,0.5,0.7845
COLUMBUS,P117,3804,1925,1241,205,7,0,231,195,315,1897,2988,1570,1037,143,5,168,1558,1879,0.506,0.3262,0.0828,0.0018,0.494,0.7855
COLUMBUS,P121,3160,2293,530,46,10,3,196,82,223,2276,2651,1893,505,32,10,164,1877,867,0.7256,0.1677,0.0706,0.0032,0.2744,0.8389
COLUMBUS,P14,4423,2495,1394,129,7,3,184,211,283,2459,3473,2010,1132,91,5,181,1983,1928,0.5641,0.3152,0.064,0.0016,0.4359,0.7852
COLUMBUS,P15,2921,1695,992,56,4,0,69,105,104,1681,2309,1351,803,38,4,62,1343,1226,0.5803,0.3396,0.0356,0.0014,0.4197,0.7905
COLUMBUS,P16B,2087,1302,204,473,12,0,30,66,38,1296,1747,1107,163,395,12,28,1103,785,0.6239,0.0977,0.0182,0.0057,0.3761,0.8371
COLUMBUS,P19,3375,1790,1291,53,30,0,78,133,133,1773,2716,1533,985,42,24,82,1528,1585,0.5304,0.3825,0.0394,0.0089,0.4696,0.8047
COLUMBUS,P223,4020,1986,1620,64,22,3,103,222,208,1943,3098,1639,1193,44,20,130,1610,2034,0.494,0.403,0.0517,0.0055,0.506,0.7706
COLUMBUS,P22A,2853,1974,567,40,2,1,140,129,207,1943,2265,1618,435,26,2,140,1602,879,0.6919,0.1987,0.0726,0.0007,0.3081,0.7939
COLUMBUS,P245,4620,3927,423,42,8,0,80,140,144,3905,3513,3061,280,33,7,82,3049,693,0.85,0.0916,0.0312,0.0017,0.15,0.7604
COLUMBUS,P26B,5924,3038,2458,46,23,0,202,157,248,3000,4929,2612,2026,23,21,168,2583,2886,0.5128,0.4149,0.0419,0.0039,0.4872,0.832
COLUMBUS,P534,2804,2024,397,21,3,3,225,131,323,1982,2252,1672,320,17,3,216,1643,780,0.7218,0.1416,0.1152,0.0011,0.2782,0.8031
COLUMBUS,P82,2228,1492,594,31,13,0,39,59,54,1490,1738,1196,446,24,9,34,1195,736,0.6697,0.2666,0.0242,0.0058,0.3303,0.7801
COLUMBUS,P89,1913,1228,528,22,3,1,61,70,89,1211,1534,997,427,20,3,59,986,685,0.6419,0.276,0.0465,0.0016,0.3581,0.8019
CRAVEN,02,18203,11211,3099,103,579,101,872,2238,2523,10538,14012,8927,2327,78,498,1812,8486,6992,0.6159,0.1702,0.1386,0.0318,0.3841,0.7698
CRAVEN,03,4077,3806,50,3,40,0,31,147,69,3794,3308,3127,45,3,24,40,3120,271,0.9335,0.0123,0.0169,0.0098,0.0665,0.8114
CRAVEN,05,2902,2469,231,7,21,4,43,127,86,2449,2548,2228,192,7,18,54,2214,433,0.8508,0.0796,0.0296,0.0072,0.1492,0.878
CRAVEN,07,3200,2076,879,10,21,1,69,144,153,2041,2509,1695,671,4,18,79,1677,1124,0.6488,0.2747,0.0478,0.0066,0.3512,0.7841
CRAVEN,11,4162,3276,447,23,15,2,138,261,240,3241,3340,2726,312,19,15,167,2701,886,0.7871,0.1074,0.0577,0.0036,0.2129,0.8025
CRAVEN,16,5793,4527,627,15,70,8,120,426,353,4416,4503,3597,490,12,62,217,3535,1266,0.7815,0.1082,0.0609,0.0121,0.2185,0.7773
CRAVEN,17,3584,2709,335,17,91,13,72,347,314,2584,2660,2089,231,17,78,191,2018,875,0.7559,0.0935,0.0876,0.0254,0.2441,0.7422
CRAVEN,19,3901,2157,1277,27,34,4,80,322,207,2108,3144,1795,1050,23,26,137,1766,1744,0.5529,0.3274,0.0531,0.0087,0.4471,0.8059
CRAVEN,20,3446,3035,171,7,35,1,41,156,113,3009,3086,2764,136,6,28,86,2745,411,0.8807,0.0496,0.0328,0.0102,0.1193,0.8955
CRAVEN,21,3834,3166,304,6,61,5,44,248,141,3133,2929,2457,247,6,48,80,2441,668,0.8258,0.0793,0.0368,0.0159,0.1742,0.764
CRAVEN,23,7315,5651,856,20,140,6,177,465,465,5542,5605,4454,642,19,102,273,4392,1664,0.7725,0.117,0.0636,0.0191,0.2275,0.7662
CRAVEN,CFB8,1942,1339,456,6,4,0,56,81,120,1305,1532,1075,370,6,4,65,1056,603,0.6895,0.2348,0.0618,0.0021,0.3105,0.7889
CRAVEN,CLR4,3021,1688,948,8,106,4,91,176,180,1641,2357,1404,729,6,67,106,1382,1333,0.5588,0.3138,0.0596,0.0351,0.4412,0.7802
CRAVEN,DFB9,1146,634,361,7,6,0,66,72,94,625,926,524,306,7,6,54,517,512,0.5532,0.315,0.082,0.0052,0.4468,0.808
CRAVEN,N1,2568,1439,909,14,49,0,34,123,84,1428,2188,1306,734,11,35,55,1302,1129,0.5604,0.354,0.0327,0.0191,0.4396,0.852
CRAVEN,N2,3146,947,1750,7,143,3,91,205,190,912,2454,823,1361,5,79,147,789,2199,0.301,0.5563,0.0604,0.0455,0.699,0.78
CRAVEN,N3N5,5473,2703,1669,29,478,5,202,387,405,2624,4320,2306,1315,23,295,257,2255,2770,0.4939,0.305,0.074,0.0873,0.5061,0.7893
CRAVEN,N4,7914,3923,2284,25,765,5,420,492,742,3767,6194,3337,1739,22,506,483,3239,3991,0.4957,0.2886,0.0938,0.0967,0.5043,0.7827
CRAVEN,N6,6157,4007,1250,18,417,5,130,330,303,3929,5075,3541,923,13,288,192,3492,2150,0.6508,0.203,0.0492,0.0677,0.3492,0.8243
CRAVEN,TE13,1742,1467,157,4,11,0,26,77,62,1452,1396,1216,108,4,9,25,1211,275,0.8421,0.0901,0.0356,0.0063,0.1579,0.8014
CRAVEN,VE14,7194,4473,2144,57,7,0,200,313,351,4395,5697,3622,1681,57,1,227,3572,2721,0.6218,0.298,0.0488,0.001,0.3782,0.7919
CUMBERLAND,AH49,5381,1636,2644,123,149,16,291,522,694,1521,4202,1420,1981,99,137,472,1343,3745,0.304,0.4914,0.129,0.0277,0.696,0.7809
CUMBERLAND,AL51-1,1995,1365,315,49,26,1,54,185,154,1327,1467,1029,238,35,21,91,1003,630,0.6842,0.1579,0.0772,0.013,0.3158,0.7353
CUMBERLAND,AL51-2,2926,1671,809,127,18,6,83,212,164,1640,2252,1320,645,80,18,99,1305,1255,0.5711,0.2765,0.056,0.0062,0.4289,0.7697
CUMBERLAND,AL51-3,2163,1525,280,75,18,1,70,194,163,1482,1692,1260,218,53,16,101,1229,638,0.705,0.1294,0.0754,0.0083,0.295,0.7822
CUMBERLAND,CC01,3736,589,2755,66,21,1,75,229,218,548,2931,549,2093,49,17,154,512,3147,0.1577,0.7374,0.0584,0.0056,0.8423,0.7845
CUMBERLAND,CC03,3103,1166,1232,22,123,9,169,382,432,1060,2524,1020,940,17,121,318,945,1937,0.3758,0.397,0.1392,0.0396,0.6242,0.8134
CUMBERLAND,CC04,1571,1027,356,9,18,0,44,117,121,990,1328,880,310,8,17,95,854,544,0.6537,0.2266,0.077,0.0115,0.3463,0.8453
CUMBERLAND,CC06,1867,1080,429,29,36,6,76,211,187,1028,1546,938,351,22,21,139,898,787,0.5785,0.2298,0.1002,0.0193,0.4215,0.8281
CUMBERLAND,CC07,1510,1136,161,20,26,4,39,124,111,1106,1194,949,121,15,13,70,931,374,0.7523,0.1066,0.0735,0.0172,0.2477,0.7907
CUMBERLAND,CC08,1663,1208,244,20,39,5,25,122,95,1181,1340,1000,183,15,39,63,984,455,0.7264,0.1467,0.0571,0.0235,0.2736,0.8058
CUMBERLAND,CC10,1710,690,801,16,35,4,51,113,122,661,1291,566,578,15,30,75,547,1020,0.4035,0.4684,0.0713,0.0205,0.5965,0.755
CUMBERLAND,CC12,2253,1863,114,29,69,2,46,130,129,1824,1714,1442,86,17,51,79,1419,390,0.8269,0.0506,0.0573,0.0306,0.1731,0.7608
CUMBERLAND,CC13,3379,384,2741,11,29,10,61,143,132,355,2940,344,2419,11,25,83,330,2995,0.1136,0.8112,0.0391,0.0086,0.8864,0.8701
CUMBERLAND,CC14,4210,2418,1016,31,231,8,131,375,408,2305,3340,1978,767,28,208,284,1900,1792,0.5743,0.2413,0.0969,0.0549,0.4257,0.7933
CUMBERLAND,CC15,3871,2250,855,37,333,5,88,303,282,2187,3206,1991,650,37,253,215,1941,1621,0.5812,0.2209,0.0728,0.086,0.4188,0.8282
CUMBERLAND,CC16,2396,91,2138,11,6,1,23,126,76,77,1901,79,1704,9,5,55,67,2305,0.038,0.8923,0.0317,0.0025,0.962,0.7934
CUMBERLAND,CC17,3517,576,2469,23,33,8,140,268,298,530,2687,467,1910,14,29,179,447,2941,0.1638,0.702,0.0847,0.0094,0.8362,0.764
CUMBERLAND,CC18,2139,1379,412,27,86,0,45,190,149,1367,1672,1150,299,22,71,91,1140,760,0.6447,0.1926,0.0697,0.0402,0.3553,0.7817
CUMBERLAND,CC21,5451,1544,2996,66,99,18,251,477,546,1460,4247,1346,2288,47,85,384,1280,3907,0.2833,0.5496,0.1002,0.0182,0.7167,0.7791
CUMBERLAND,CC22A,7491,2798,3303,73,193,14,382,728,776,2637,5821,2381,2484,46,161,568,2260,4693,0.3735,0.4409,0.1036,0.0258,0.6265,0.7771
CUMBERLAND,CC23-2,4475,2122,1479,41,198,22,145,468,497,2011,3224,1577,1087,33,156,307,1508,2353,0.4742,0.3305,0.1111,0.0442,0.5258,0.7204
CUMBERLAND,CC24,2622,901,1156,46,117,11,120,271,400,800,2058,790,849,37,99,272,723,1721,0.3436,0.4409,0.1526,0.0446,0.6564,0.7849
CUMBERLAND,CC25,3058,1321,1023,22,130,16,156,390,440,1243,2394,1115,784,20,114,287,1056,1737,0.432,0.3345,0.1439,0.0425,0.568,0.7829
CUMBERLAND,CC26,5680,1661,2708,52,290,49,309,611,722,1559,4604,1484,2119,43,262,532,1403,4019,0.2924,0.4768,0.1271,0.0511,0.7076,0.8106
CUMBERLAND,CC27,7776,1991,4137,95,191,39,503,820,1152,1756,5810,1658,2992,70,171,835,1474,5785,0.256,0.532,0.1481,0.0246,0.744,0.7472
CUMBERLAND,CC29,4027,1247,1805,42,148,26,315,444,623,1156,3055,1064,1342,27,128,401,1000,2780,0.3097,0.4482,0.1547,0.0368,0.6903,0.7586
CUMBERLAND,CC31,3349,1368,1176,75,44,21,263,402,536,1291,2595,1160,870,62,42,377,1111,1981,0.4085,0.3511,0.16,0.0131,0.5915,0.7749
CUMBERLAND,CC32,2356,586,1271,19,93,29,111,247,321,508,1781,479,941,19,76,221,428,1770,0.2487,0.5395,0.1362,0.0395,0.7513,0.7559
CUMBERLAND,CC33,3342,1136,1389,31,174,34,207,371,476,1041,2623,962,1107,22,139,322,888,2206,0.3399,0.4156,0.1424,0.0521,0.6601,0.7849
CUMBERLAND,CC34,2782,1530,610,17,317,23,76,209,200,1470,2362,1315,504,17,280,155,1270,1252,0.55,0.2193,0.0719,0.1139,0.45,0.849
CUMBERLAND,CC519,4269,690,3067,70,20,9,102,311,315,633,3147,598,2204,54,15,216,548,3579,0.1616,0.7184,0.0738,0.0047,0.8384,0.7372
CUMBERLAND,CL57-1,4586,1449,2182,54,133,28,230,510,648,1315,3474,1156,1663,36,113,431,1057,3137,0.316,0.4758,0.1413,0.029,0.684,0.7575
CUMBERLAND,CL57-2,4510,1082,2496,39,89,23,203,578,667,968,3322,862,1860,32,76,424,783,3428,0.2399,0.5534,0.1479,0.0197,0.7601,0.7366
CUMBERLAND,CU02,2968,1307,1071,66,45,5,172,302,358,1223,2296,1100,773,53,43,260,1038,1661,0.4404,0.3608,0.1206,0.0152,0.5596,0.7736
CUMBERLAND,EO01,4141,2739,934,77,41,4,78,268,208,2698,3210,2211,730,55,29,119,2182,1402,0.6614,0.2255,0.0502,0.0099,0.3386,0.7752
CUMBERLAND,EO02,2668,1581,752,45,22,4,94,170,159,1556,2082,1267,599,37,18,97,1246,1087,0.5926,0.2819,0.0596,0.0082,0.4074,0.7804
CUMBERLAND,G10A,7452,3664,2090,114,469,32,284,799,772,3509,5428,2777,1524,90,362,489,2682,3788,0.4917,0.2805,0.1036,0.0629,0.5083,0.7284
CUMBERLAND,G10B,4583,2167,1465,113,76,14,174,574,486,2082,3389,1722,1056,91,62,312,1670,2416,0.4728,0.3197,0.106,0.0166,0.5272,0.7395
CUMBERLAND,G10C,6907,3688,1412,163,393,20,247,984,881,3463,4691,2653,968,134,255,480,2540,3219,0.534,0.2044,0.1276,0.0569,0.466,0.6792
CUMBERLAND,G11B,23496,13963,3522,203,897,250,2046,2615,5339,12135,18738,11401,2966,149,756,4148,9977,9533,0.5943,0.1499,0.2272,0.0382,0.4057,0.7975
CUMBERLAND,G1A,3832,1031,2185,198,32,8,141,237,247,980,2782,838,1515,164,29,165,797,2801,0.2691,0.5702,0.0645,0.0084,0.7309,0.726
CUMBERLAND,G1B,5511,3278,1356,119,68,38,145,507,398,3196,4228,2603,1057,98,53,250,2552,2233,0.5948,0.2461,0.0722,0.0123,0.4052,0.7672
CUMBERLAND,G2A,6411,2200,3166,64,131,20,225,605,652,2057,5160,1885,2498,48,116,475,1797,4211,0.3432,0.4938,0.1017,0.0204,0.6568,0.8049
CUMBERLAND,G2C-1,4506,1967,1806,33,96,21,157,426,481,1872,3441,1598,1329,30,71,336,1524,2539,0.4365,0.4008,0.1067,0.0213,0.5635,0.7636
CUMBERLAND,G2E-1,3460,803,2177,31,57,19,111,262,282,737,2544,643,1580,22,51,173,602,2657,0.2321,0.6292,0.0815,0.0165,0.7679,0.7353
CUMBERLAND,G2E-2,4322,913,2727,56,41,21,200,364,470,812,3348,765,2100,44,38,341,693,3409,0.2112,0.631,0.1087,0.0095,0.7888,0.7746
CUMBERLAND,G3A-1,6642,1928,3370,150,102,18,350,724,785,1796,4631,1464,2273,123,78,527,1371,4714,0.2903,0.5074,0.1182,0.0154,0.7097,0.6972
CUMBERLAND,G3A-2C,4547,1802,1802,127,55,10,250,501,549,1710,3443,1546,1267,112,46,369,1486,2745,0.3963,0.3963,0.1207,0.0121,0.6037,0.7572
CUMBERLAND,G3B,1974,786,835,50,24,9,103,167,223,757,1519,679,592,44,21,147,656,1188,0.3982,0.423,0.113,0.0122,0.6018,0.7695
CUMBERLAND,G3C,2048,1039,630,70,23,5,70,211,177,999,1600,903,462,50,16,113,876,1009,0.5073,0.3076,0.0864,0.0112,0.4927,0.7812
CUMBERLAND,G4A,2283,1067,768,57,41,10,52,288,243,1009,1804,903,597,37,37,159,859,1216,0.4674,0.3364,0.1064,0.018,0.5326,0.7902
CUMBERLAND,G4B,2684,1304,825,100,45,1,129,280,250,1254,2137,1158,617,72,44,165,1114,1380,0.4858,0.3074,0.0931,0.0168,0.5142,0.7962
CUMBERLAND,G4C,3664,1082,1668,85,87,24,259,459,604,949,2591,848,1161,73,66,367,775,2582,0.2953,0.4552,0.1648,0.0237,0.7047,0.7072
CUMBERLAND,G5A-1,3824,1075,2001,22,108,8,172,438,432,1011,2859,853,1497,15,83,293,806,2749,0.2811,0.5233,0.113,0.0282,0.7189,0.7476
CUMBERLAND,G5A-2,3428,1209,1467,39,128,22,172,391,477,1129,2513,933,1086,29,110,280,888,2219,0.3527,0.4279,0.1391,0.0373,0.6473,0.7331
CUMBERLAND,G5B-1,5184,880,3312,75,133,13,345,426,699,787,3956,749,2529,50,118,444,676,4304,0.1698,0.6389,0.1348,0.0257,0.8302,0.7631
CUMBERLAND,G5B-2,3739,809,2182,20,142,27,252,307,453,752,2871,675,1648,20,124,326,634,2930,0.2164,0.5836,0.1212,0.038,0.7836,0.7679
CUMBERLAND,G5C,3855,1145,1996,79,50,12,219,354,488,1055,2950,961,1464,58,48,348,906,2710,0.297,0.5178,0.1266,0.013,0.703,0.7652
CUMBERLAND,G6A,6542,4608,967,199,67,6,140,555,416,4516,4994,3637,735,151,59,241,3596,1934,0.7044,0.1478,0.0636,0.0102,0.2956,0.7634
CUMBERLAND,G6B,1623,1248,172,42,2,0,70,89,111,1231,1274,1002,144,36,1,70,989,375,0.7689,0.106,0.0684,0.0012,0.2311,0.785
CUMBERLAND,G6C,2689,1667,653,110,5,0,79,175,154,1631,2131,1358,519,89,3,101,1336,1022,0.6199,0.2428,0.0573,0.0019,0.3801,0.7925
CUMBERLAND,G7A,1829,1286,291,28,24,3,74,123,129,1268,1402,1029,228,20,19,64,1020,543,0.7031,0.1591,0.0705,0.0131,0.2969,0.7665
CUMBERLAND,G7B,1718,1263,254,37,14,0,46,104,77,1244,1325,998,196,31,12,38,986,455,0.7352,0.1478,0.0448,0.0081,0.2648,0.7712
CUMBERLAND,G8A,5969,2320,2342,91,199,37,315,665,787,2135,4365,1804,1718,67,146,487,1682,3649,0.3887,0.3924,0.1318,0.0333,0.6113,0.7313
CUMBERLAND,G8B,4434,2232,1158,56,241,11,170,566,616,2060,2913,1506,821,31,182,376,1403,2202,0.5034,0.2612,0.1389,0.0544,0.4966,0.657
CUMBERLAND,G8C,4025,1657,1551,108,65,7,228,409,556,1550,3037,1364,1151,78,59,359,1302,2368,0.4117,0.3853,0.1381,0.0161,0.5883,0.7545
CUMBERLAND,G8D,4193,2226,1132,84,64,12,184,491,534,2112,3177,1788,791,61,53,373,1722,1967,0.5309,0.27,0.1274,0.0153,0.4691,0.7577
CUMBERLAND,G9A-3,4437,2016,1526,100,105,7,190,493,480,1927,3326,1637,1089,82,86,323,1579,2421,0.4544,0.3439,0.1082,0.0237,0.5456,0.7496
CUMBERLAND,G9B-1,8244,4058,2474,287,90,22,485,828,970,3876,5913,3093,1766,221,70,568,2990,4186,0.4922,0.3001,0.1177,0.0109,0.5078,0.7172
CUMBERLAND,G9B-2,7464,3837,2081,255,169,18,341,763,783,3651,5081,2669,1486,201,123,478,2559,3627,0.5141,0.2788,0.1049,0.0226,0.4859,0.6807
CUMBERLAND,LI65,5575,3751,986,73,68,16,160,521,451,3600,4207,2886,757,66,55,255,2814,1824,0.6728,0.1769,0.0809,0.0122,0.3272,0.7546
CUMBERLAND,LO66A,6028,2995,1840,55,247,16,250,625,592,2872,4504,2291,1473,31,198,361,2213,3033,0.4968,0.3052,0.0982,0.041,0.5032,0.7472
CUMBERLAND,LR63,7159,1845,3726,82,195,86,429,796,1131,1639,5222,1413,2738,62,156,773,1273,5314,0.2577,0.5205,0.158,0.0272,0.7423,0.7294
CUMBERLAND,MB62,4863,1199,2659,66,112,42,255,530,666,1060,3503,927,1901,60,94,429,835,3664,0.2466,0.5468,0.137,0.023,0.7534,0.7203
CUMBERLAND,MR02,5118,1645,2178,46,312,43,295,599,819,1487,3999,1381,1625,45,267,604,1262,3473,0.3214,0.4256,0.16,0.061,0.6786,0.7814
CUMBERLAND,SH77,4224,2442,1007,127,36,10,213,389,402,2390,3079,1858,758,80,25,219,1832,1782,0.5781,0.2384,0.0952,0.0085,0.4219,0.7289
CUMBERLAND,SL78-3,9935,3114,4649,101,322,57,600,1092,1539,2754,7518,2607,3368,82,291,1078,2348,6821,0.3134,0.4679,0.1549,0.0324,0.6866,0.7567
CURRITUCK,CB,298,243,4,3,9,1,5,33,23,241,273,237,3,2,2,15,235,55,0.8154,0.0134,0.0772,0.0302,0.1846,0.9161
CURRITUCK,CH,5384,4764,153,29,34,6,62,336,196,4703,4130,3708,117,24,32,126,3669,620,0.8848,0.0284,0.0364,0.0063,0.1152,0.7671
CURRITUCK,CO,1461,1107,190,5,12,0,33,114,68,1089,1186,934,150,2,11,35,932,354,0.7577,0.13,0.0465,0.0082,0.2423,0.8118
CURRITUCK,EM,3457,2984,153,10,33,2,44,231,147,2933,2598,2272,126,8,28,87,2244,473,0.8632,0.0443,0.0425,0.0095,0.1368,0.7515
CURRITUCK,GW,432,386,4,0,3,0,1,38,9,382,355,324,3,0,3,3,322,46,0.8935,0.0093,0.0208,0.0069,0.1065,0.8218
CURRITUCK,IR,1707,1358,150,12,21,0,29,137,83,1322,1290,1047,117,8,15,56,1022,349,0.7955,0.0879,0.0486,0.0123,0.2045,0.7557
CURRITUCK,KI,1486,1362,0,1,8,3,1,111,45,1342,1210,1126,0,0,8,23,1115,124,0.9166,0.0,0.0303,0.0054,0.0834,0.8143
CURRITUCK,PB,5288,4479,208,29,44,5,124,399,276,4409,4202,3627,166,25,35,166,3592,809,0.847,0.0393,0.0522,0.0083,0.153,0.7946
CURRITUCK,PP,2352,2003,132,3,9,1,46,158,124,1968,1922,1663,104,3,6,94,1637,349,0.8516,0.0561,0.0527,0.0038,0.1484,0.8172
CURRITUCK,WH,1159,1076,22,2,12,2,8,37,47,1060,1079,1006,22,0,12,38,990,83,0.9284,0.019,0.0406,0.0104,0.0716,0.931
CURRITUCK,WM,5076,4116,376,24,90,7,54,409,200,4056,3759,3100,292,20,65,120,3066,960,0.8109,0.0741,0.0394,0.0177,0.1891,0.7405
DARE,AVON,832,770,7,0,6,1,16,32,33,761,728,682,6,0,4,26,677,62,0.9255,0.0084,0.0397,0.0072,0.0745,0.875
DARE,BUX,1340,1194,11,15,9,0,36,75,102,1172,1114,1017,11,9,7,62,1005,146,0.891,0.0082,0.0761,0.0067,0.109,0.8313
DARE,CHCA,718,671,5,2,1,0,9,30,17,668,601,570,5,0,1,7,570,47,0.9345,0.007,0.0237,0.0014,0.0655,0.837
DARE,COL,4439,3980,27,14,46,2,133,237,229,3937,3606,3299,20,13,37,131,3278,459,0.8966,0.0061,0.0516,0.0104,0.1034,0.8123
DARE,DUCK,742,704,0,0,7,0,6,25,16,697,684,651,0,0,7,14,644,38,0.9488,0.0,0.0216,0.0094,0.0512,0.9218
DARE,EL,124,103,1,0,0,0,0,20,18,101,100,88,1,0,0,13,86,21,0.8306,0.0081,0.1452,0.0,0.1694,0.8065
DARE,FRCO,835,798,2,4,0,1,7,23,24,790,754,722,2,4,0,18,717,37,0.9557,0.0024,0.0287,0.0,0.0443,0.903
DARE,HAT,577,544,2,1,1,0,8,21,12,540,476,454,2,0,1,9,451,33,0.9428,0.0035,0.0208,0.0017,0.0572,0.825
DARE,KDH,7656,6625,89,46,85,0,358,453,659,6478,6299,5575,77,32,66,419,5502,1031,0.8653,0.0116,0.0861,0.0111,0.1347,0.8228
DARE,KTHK,3689,3378,22,7,26,3,56,197,181,3324,2982,2768,19,4,22,117,2734,311,0.9157,0.006,0.0491,0.007,0.0843,0.8083
DARE,MATO,6532,5093,460,57,23,2,382,515,846,4945,5232,4210,365,49,18,549,4120,1439,0.7797,0.0704,0.1295,0.0035,0.2203,0.801
DARE,MH,819,657,12,10,3,0,39,98,109,651,647,547,2,8,3,74,541,162,0.8022,0.0147,0.1331,0.0037,0.1978,0.79
DARE,NGHD,3182,2919,29,9,25,0,45,155,121,2894,2732,2537,27,1,24,84,2513,263,0.9173,0.0091,0.038,0.0079,0.0827,0.8586
DARE,SOSH,3720,3465,20,13,28,1,14,179,88,3451,3148,2971,13,13,28,52,2962,255,0.9315,0.0054,0.0237,0.0075,0.0685,0.8462
DARE,STPT,188,170,2,1,0,0,0,15,2,170,144,133,1,1,0,1,133,18,0.9043,0.0106,0.0106,0.0,0.0957,0.766
DARE,WAN,1522,1358,14,2,5,0,57,86,97,1342,1198,1080,12,2,5,59,1072,164,0.8922,0.0092,0.0637,0.0033,0.1078,0.7871
DAVIDSON,04,7612,6640,419,27,70,5,104,347,309,6555,6042,5358,339,26,51,160,5324,972,0.8723,0.055,0.0406,0.0092,0.1277,0.7937
DAVIDSON,06,4935,4182,145,35,14,8,265,286,425,4103,3735,3276,107,24,9,228,3231,753,0.8474,0.0294,0.0861,0.0028,0.1526,0.7568
DAVIDSON,08,1575,1307,87,7,24,1,78,71,123,1278,1235,1057,61,5,19,70,1042,268,0.8298,0.0552,0.0781,0.0152,0.1702,0.7841
DAVIDSON,10,3916,3214,198,26,80,0,165,233,274,3173,3075,2606,153,20,62,150,2592,702,0.8207,0.0506,0.07,0.0204,0.1793,0.7852
DAVIDSON,12,1308,1221,7,3,12,2,8,55,23,1215,1018,969,7,3,5,14,963,87,0.9335,0.0054,0.0176,0.0092,0.0665,0.7783
DAVIDSON,14,2675,2557,10,12,11,0,12,73,47,2539,2186,2106,9,12,3,34,2090,118,0.9559,0.0037,0.0176,0.0041,0.0441,0.8172
DAVIDSON,16,4598,3940,146,9,49,3,203,248,342,3890,3581,3140,114,7,43,198,3118,658,0.8569,0.0318,0.0744,0.0107,0.1431,0.7788
DAVIDSON,18,2631,2475,15,5,12,0,18,106,40,2470,2210,2098,15,3,8,25,2093,156,0.9407,0.0057,0.0152,0.0046,0.0593,0.84
DAVIDSON,20,3890,3531,42,26,20,0,92,179,147,3503,3071,2842,23,23,18,78,2838,359,0.9077,0.0108,0.0378,0.0051,0.0923,0.7895
DAVIDSON,22,1732,1363,114,2,57,0,108,88,168,1329,1338,1108,88,1,46,78,1092,369,0.787,0.0658,0.097,0.0329,0.213,0.7725
DAVIDSON,24,2212,1689,86,18,135,0,123,161,286,1598,1723,1359,68,8,111,179,1301,523,0.7636,0.0389,0.1293,0.061,0.2364,0.7789
DAVIDSON,26,1682,1341,151,12,55,1,28,94,83,1325,1315,1090,115,4,39,48,1080,341,0.7973,0.0898,0.0493,0.0327,0.2027,0.7818
DAVIDSON,28,4237,3323,409,22,108,0,168,207,274,3269,3317,2700,293,18,73,182,2661,914,0.7843,0.0965,0.0647,0.0255,0.2157,0.7829
DAVIDSON,30,3498,1042,1712,20,39,0,466,219,672,969,2597,826,1338,15,28,397,783,2456,0.2979,0.4894,0.1921,0.0111,0.7021,0.7424
DAVIDSON,32,2763,1262,621,55,48,0,494,283,742,1163,2041,1044,438,41,38,446,986,1501,0.4567,0.2248,0.2685,0.0174,0.5433,0.7387
DAVIDSON,34,3575,1966,628,46,293,0,320,322,611,1808,2782,1637,499,26,219,381,1540,1609,0.5499,0.1757,0.1709,0.082,0.4501,0.7782
DAVIDSON,36,2335,1393,503,20,50,4,202,163,313,1350,1883,1194,392,18,39,209,1169,942,0.5966,0.2154,0.134,0.0214,0.4034,0.8064
DAVIDSON,38,2837,826,1203,31,69,0,459,249,659,759,1966,620,863,19,55,391,586,2011,0.2912,0.424,0.2323,0.0243,0.7088,0.693
DAVIDSON,40,3166,2141,617,25,50,2,135,196,324,2048,2681,1894,508,23,34,219,1831,1025,0.6762,0.1949,0.1023,0.0158,0.3238,0.8468
DAVIDSON,42,3897,3549,34,36,13,2,99,164,191,3504,3061,2838,26,25,7,121,2803,348,0.9107,0.0087,0.049,0.0033,0.0893,0.7855
DAVIDSON,44,5203,4447,457,21,34,2,51,191,124,4421,4160,3562,393,19,26,78,3547,756,0.8547,0.0878,0.0238,0.0065,0.1453,0.7995
DAVIDSON,46,3796,3272,157,15,24,1,80,247,179,3241,2999,2611,131,12,24,115,2594,524,0.862,0.0414,0.0472,0.0063,0.138,0.79
DAVIDSON,48,3696,3307,99,14,35,1,64,176,154,3269,2912,2659,72,12,30,96,2632,389,0.8948,0.0268,0.0417,0.0095,0.1052,0.7879
DAVIDSON,50,5086,4651,59,18,37,1,79,241,195,4607,4013,3712,47,17,22,129,3687,435,0.9145,0.0116,0.0383,0.0073,0.0855,0.789
DAVIDSON,52,6077,5573,69,27,49,3,106,250,194,5547,4936,4589,51,19,40,119,4571,504,0.9171,0.0114,0.0319,0.0081,0.0829,0.8122
DAVIDSON,54,2795,2650,24,12,2,0,30,77,69,2625,2312,2212,18,11,2,55,2189,145,0.9481,0.0086,0.0247,0.0007,0.0519,0.8272
DAVIDSON,56,1716,1648,4,2,1,0,10,51,25,1646,1413,1361,4,1,1,17,1360,68,0.9604,0.0023,0.0146,0.0006,0.0396,0.8234
DAVIDSON,58,4578,4041,183,38,19,0,81,216,146,4022,3767,3396,144,30,13,95,3387,537,0.8827,0.04,0.0319,0.0042,0.1173,0.8228
DAVIDSON,60,7154,4703,976,75,124,3,731,542,1205,4539,5409,3692,743,70,85,772,3607,2451,0.6574,0.1364,0.1684,0.0173,0.3426,0.7561
DAVIDSON,62,3444,1170,1424,28,24,2,461,335,768,1047,2546,906,1070,26,21,501,846,2274,0.3397,0.4135,0.223,0.007,0.6603,0.7393
DAVIDSON,64,2957,955,1369,12,16,0,300,305,581,875,2088,729,975,10,12,351,687,2002,0.323,0.463,0.1965,0.0054,0.677,0.7061
DAVIDSON,66,3358,2031,605,15,36,0,366,305,634,1914,2536,1625,435,15,33,403,1556,1327,0.6048,0.1802,0.1888,0.0107,0.3952,0.7552
DAVIDSON,68,3929,2159,814,48,96,1,496,315,782,2056,3055,1802,619,38,74,506,1745,1770,0.5495,0.2072,0.199,0.0244,0.4505,0.7776
DAVIDSON,70,3300,2774,162,21,28,3,102,210,206,2737,2611,2222,123,21,25,153,2201,526,0.8406,0.0491,0.0624,0.0085,0.1594,0.7912
DAVIDSON,72,4297,3675,172,25,71,0,146,208,299,3617,3248,2823,128,16,53,178,2798,622,0.8552,0.04,0.0696,0.0165,0.1448,0.7559
DAVIDSON,74,5696,5128,98,27,19,1,154,269,303,5066,4589,4199,83,24,17,181,4171,568,0.9003,0.0172,0.0532,0.0033,0.0997,0.8057
DAVIDSON,76,4476,3793,138,41,61,1,197,245,327,3737,3530,3069,109,31,43,179,3046,683,0.8474,0.0308,0.0731,0.0136,0.1526,0.7887
DAVIDSON,78,5044,4384,174,32,25,0,148,281,246,4353,3879,3423,138,22,20,158,3406,660,0.8692,0.0345,0.0488,0.005,0.1308,0.769
DAVIDSON,80A,6772,6207,100,24,53,1,112,275,249,6151,5284,4908,88,19,53,138,4879,565,0.9166,0.0148,0.0368,0.0078,0.0834,0.7803
DAVIDSON,82,3953,3486,88,18,117,0,58,186,119,3466,3155,2824,64,9,93,77,2814,467,0.8819,0.0223,0.0301,0.0296,0.1181,0.7981
DAVIDSON,84,7336,6412,351,22,58,0,107,386,308,6355,5865,5189,279,22,52,200,5156,924,0.874,0.0478,0.042,0.0079,0.126,0.7995
DAVIDSON,86A,5571,3747,1049,19,202,1,167,386,411,3660,4188,2926,744,18,153,273,2870,1824,0.6726,0.1883,0.0738,0.0363,0.3274,0.7518
DAVIDSON,88,3622,2747,346,27,128,1,198,175,325,2688,2827,2209,247,26,88,217,2177,875,0.7584,0.0955,0.0897,0.0353,0.2416,0.7805
DAVIE,01,1442,1172,107,9,0,1,56,97,104,1143,1153,950,92,6,0,68,934,270,0.8128,0.0742,0.0721,0.0,0.1872,0.7996
DAVIE,02,1652,1380,71,17,0,0,107,77,156,1362,1291,1120,50,14,0,98,1104,272,0.8354,0.043,0.0944,0.0,0.1646,0.7815
DAVIE,03,3699,3149,115,22,3,0,180,230,312,3113,2968,2591,103,19,3,195,2564,550,0.8513,0.0311,0.0843,0.0008,0.1487,0.8024
DAVIE,04,3336,2398,295,7,4,0,273,359,487,2334,2480,1882,211,7,4,301,1850,938,0.7188,0.0884,0.146,0.0012,0.2812,0.7434
DAVIE,05,3304,2873,101,11,13,0,121,185,225,2839,2646,2358,81,8,8,126,2346,431,0.8696,0.0306,0.0681,0.0039,0.1304,0.8008
DAVIE,06,2296,2012,100,12,5,0,54,113,80,2001,1813,1607,91,8,2,47,1602,284,0.8763,0.0436,0.0348,0.0022,0.1237,0.7896
DAVIE,07,2434,2018,155,2,15,0,135,109,188,1986,1944,1647,132,2,15,113,1631,416,0.8291,0.0637,0.0772,0.0062,0.1709,0.7987
DAVIE,08,2761,1798,418,35,25,2,286,197,438,1748,2104,1429,329,25,20,288,1389,963,0.6512,0.1514,0.1586,0.0091,0.3488,0.762
DAVIE,09,3457,2510,299,25,40,0,239,344,494,2410,2651,2013,247,17,21,305,1961,947,0.7261,0.0865,0.1429,0.0116,0.2739,0.7668
DAVIE,10,3232,2935,82,9,21,0,33,152,96,2913,2547,2331,65,7,15,63,2324,297,0.9081,0.0254,0.0297,0.0065,0.0919,0.7881
DAVIE,11,2323,2099,43,10,6,0,67,98,114,2073,1895,1732,34,7,6,76,1714,224,0.9036,0.0185,0.0491,0.0026,0.0964,0.8158
DAVIE,12,4723,4245,148,9,42,2,94,183,168,4218,3775,3432,122,9,37,98,3421,478,0.8988,0.0313,0.0356,0.0089,0.1012,0.7993
DAVIE,13,3911,3453,126,17,82,2,43,188,158,3417,3278,2968,99,15,63,94,2941,458,0.8829,0.0322,0.0404,0.021,0.1171,0.8381
DAVIE,14,4098,3264,367,22,24,0,220,201,346,3218,3208,2642,268,16,21,219,2613,834,0.7965,0.0896,0.0844,0.0059,0.2035,0.7828
DUPLIN,ALBE,2791,1433,169,51,11,0,881,246,1275,1276,2005,1128,131,31,4,793,1036,1358,0.5134,0.0606,0.4568,0.0039,0.4866,0.7184
DUPLIN,BEUL,4309,3411,447,27,16,1,146,261,347,3357,3368,2741,329,22,16,215,2715,898,0.7916,0.1037,0.0805,0.0037,0.2084,0.7816
DUPLIN,CALY,1212,793,165,18,11,0,151,74,262,743,903,620,120,12,4,159,590,419,0.6543,0.1361,0.2162,0.0091,0.3457,0.745
DUPLIN,CFRK,1054,902,52,9,2,0,18,71,73,889,831,727,43,2,2,47,717,152,0.8558,0.0493,0.0693,0.0019,0.1442,0.7884
DUPLIN,CHAR,2039,789,845,15,1,0,296,93,403,753,1536,631,655,7,0,242,614,1250,0.387,0.4144,0.1976,0.0005,0.613,0.7533
DUPLIN,CHIN,1111,845,179,2,11,0,38,36,59,836,907,693,152,2,9,38,687,266,0.7606,0.1611,0.0531,0.0099,0.2394,0.8164
DUPLIN,CYCK,1766,1480,151,8,8,2,75,42,113,1461,1392,1183,119,3,8,66,1174,286,0.8381,0.0855,0.064,0.0045,0.1619,0.7882
DUPLIN,FAIS,2355,1011,563,27,0,1,490,263,793,947,1791,818,470,17,0,509,782,1344,0.4293,0.2391,0.3367,0.0,0.5707,0.7605
DUPLIN,GLIS,1191,758,55,29,0,0,252,97,394,714,902,611,44,18,0,244,595,433,0.6364,0.0462,0.3308,0.0,0.3636,0.7573
DUPLIN,HALL,1984,1207,516,10,7,0,121,123,242,1173,1493,945,407,3,3,131,925,777,0.6084,0.2601,0.122,0.0035,0.3916,0.7525
DUPLIN,KENA,4641,2144,1595,17,16,1,587,281,808,2066,3613,1745,1303,14,16,503,1703,2497,0.462,0.3437,0.1741,0.0034,0.538,0.7785
DUPLIN,MAGN,2554,863,713,54,3,0,731,190,1042,773,1863,690,559,31,2,658,637,1691,0.3379,0.2792,0.408,0.0012,0.6621,0.7294
DUPLIN,ROSE,2789,1224,816,21,10,0,496,222,753,1134,2088,982,652,17,10,453,933,1565,0.4389,0.2926,0.27,0.0036,0.5611,0.7487
DUPLIN,SMCA,1949,1423,253,16,2,1,151,103,252,1402,1444,1078,198,14,2,157,1064,526,0.7301,0.1298,0.1293,0.001,0.2699,0.7409
DUPLIN,WARS,5137,1534,2500,56,25,5,742,275,1057,1448,3864,1263,1906,32,22,677,1211,3603,0.2986,0.4867,0.2058,0.0049,0.7014,0.7522
DUPLIN,WLLC,8879,4530,2424,60,48,0,1327,490,1887,4338,6883,3766,1924,39,35,1142,3663,4349,0.5102,0.273,0.2125,0.0054,0.4898,0.7752
DUPLIN,WOLF,2954,1737,161,68,2,3,708,275,1053,1635,2160,1365,117,57,2,667,1303,1217,0.588,0.0545,0.3565,0.0007,0.412,0.7312
DURHAM,01,2612,917,742,30,37,0,665,221,896,829,1980,723,592,20,31,608,666,1695,0.3511,0.2841,0.343,0.0142,0.6489,0.758
DURHAM,02,4746,1786,2128,31,125,0,370,306,584,1722,4212,1571,2003,24,122,411,1527,2960,0.3763,0.4484,0.1231,0.0263,0.6237,0.8875
DURHAM,03,3395,2464,125,12,378,0,138,278,335,2373,3105,2249,118,5,377,300,2162,931,0.7258,0.0368,0.0987,0.1113,0.2742,0.9146
DURHAM,04,2022,1595,89,8,51,0,83,196,179,1575,1578,1274,82,4,40,121,1260,427,0.7888,0.044,0.0885,0.0252,0.2112,0.7804
DURHAM,05,11402,2761,4937,60,1977,3,1002,662,1398,2658,10381,2610,4533,43,1886,1075,2520,8641,0.2422,0.433,0.1226,0.1734,0.7578,0.9105
DURHAM,06,3220,1522,677,22,180,0,534,285,773,1456,2500,1274,525,13,149,507,1232,1698,0.4727,0.2102,0.2401,0.0559,0.5273,0.7764
DURHAM,07,3337,2404,300,28,198,0,125,282,350,2323,2981,2200,267,23,198,272,2123,933,0.7204,0.0899,0.1049,0.0593,0.2796,0.8933
DURHAM,08,3736,1535,1396,20,247,1,257,280,426,1501,3106,1368,1124,18,202,323,1339,2201,0.4109,0.3737,0.114,0.0661,0.5891,0.8314
DURHAM,09,3417,1902,919,21,77,4,261,233,382,1867,2622,1505,738,15,69,242,1476,1515,0.5566,0.2689,0.1118,0.0225,0.4434,0.7673
DURHAM,10,3357,1074,1688,13,98,2,267,215,372,1029,2803,997,1369,10,94,256,957,2283,0.3199,0.5028,0.1108,0.0292,0.6801,0.835
DURHAM,12,1027,112,714,12,12,2,120,55,167,92,817,93,593,9,8,117,81,915,0.1091,0.6952,0.1626,0.0117,0.8909,0.7955
DURHAM,13,2365,93,1799,10,9,0,326,128,417,74,1462,74,1119,4,6,232,64,2272,0.0393,0.7607,0.1763,0.0038,0.9607,0.6182
DURHAM,14,4535,797,2374,84,82,2,920,276,1218,720,3228,697,1716,53,50,748,645,3738,0.1757,0.5235,0.2686,0.0181,0.8243,0.7118
DURHAM,15,2723,472,1235,41,43,0,793,139,965,412,2047,391,1006,27,28,605,358,2251,0.1733,0.4535,0.3544,0.0158,0.8267,0.7517
DURHAM,17,5520,1786,2358,96,131,3,652,494,1189,1640,4294,1608,1755,71,109,787,1503,3734,0.3236,0.4272,0.2154,0.0237,0.6764,0.7779
DURHAM,18,5564,594,2354,183,21,3,1939,470,2626,425,3877,466,1767,120,17,1645,368,4970,0.1068,0.4231,0.472,0.0038,0.8932,0.6968
DURHAM,19,5153,1352,2269,62,42,9,1074,345,1459,1225,3886,1155,1778,39,37,888,1084,3801,0.2624,0.4403,0.2831,0.0082,0.7376,0.7541
DURHAM,20,2864,1744,448,28,61,0,265,318,513,1703,2358,1514,373,21,61,340,1492,1120,0.6089,0.1564,0.1791,0.0213,0.3911,0.8233
DURHAM,21,2667,1482,498,13,38,1,394,241,572,1436,2121,1255,394,10,35,380,1219,1185,0.5557,0.1867,0.2145,0.0142,0.4443,0.7953
DURHAM,22,8656,1332,5008,79,82,0,1474,681,2085,1174,6382,1126,3796,53,56,1279,1035,7324,0.1539,0.5786,0.2409,0.0095,0.8461,0.7373
DURHAM,23,10357,1932,6132,86,274,15,1151,767,1844,1741,7475,1557,4464,61,225,1103,1447,8425,0.1865,0.5921,0.178,0.0265,0.8135,0.7217
DURHAM,24,6277,3117,1657,35,200,12,792,464,1226,2993,5090,2823,1268,22,173,746,2753,3160,0.4966,0.264,0.1953,0.0319,0.5034,0.8109
DURHAM,25,4585,3124,723,50,51,0,342,295,555,3051,3689,2609,583,37,37,352,2569,1461,0.6814,0.1577,0.121,0.0111,0.3186,0.8046
DURHAM,26,1904,1475,274,6,9,0,36,104,79,1450,1559,1213,242,6,8,48,1198,429,0.7747,0.1439,0.0415,0.0047,0.2253,0.8188
DURHAM,27,3925,2890,406,3,262,2,100,262,238,2840,3358,2550,329,3,219,172,2518,1035,0.7363,0.1034,0.0606,0.0668,0.2637,0.8555
DURHAM,28,6883,4321,2082,46,99,0,94,241,448,4046,6026,3723,1979,44,78,377,3468,2562,0.6278,0.3025,0.0651,0.0144,0.3722,0.8755
DURHAM,29,6873,2450,2434,55,60,10,1381,483,1856,2267,5246,2113,1876,28,51,1168,1986,4423,0.3565,0.3541,0.27,0.0087,0.6435,0.7633
DURHAM,30-2,10654,2542,6052,101,145,0,1196,618,1846,2288,8146,2125,4650,79,121,1191,1973,8112,0.2386,0.568,0.1733,0.0136,0.7614,0.7646
DURHAM,30-3,8408,2677,3221,74,281,0,1516,639,2144,2480,6247,2247,2407,42,227,1325,2125,5731,0.3184,0.3831,0.255,0.0334,0.6816,0.743
DURHAM,30-4,6577,2959,2421,29,427,2,240,499,473,2893,4996,2360,1769,26,379,325,2313,3618,0.4499,0.3681,0.0719,0.0649,0.5501,0.7596
DURHAM,31,8915,3615,3089,55,477,8,910,761,1507,3429,7096,3138,2337,40,418,1024,3006,5300,0.4055,0.3465,0.169,0.0535,0.5945,0.796
DURHAM,32,6527,4932,572,18,384,1,199,421,459,4866,5929,4596,483,15,360,345,4543,1595,0.7556,0.0876,0.0703,0.0588,0.2444,0.9084
DURHAM,33-1,6897,3136,2474,43,462,1,286,495,659,3045,5868,2892,1952,40,415,500,2829,3761,0.4547,0.3587,0.0955,0.067,0.5453,0.8508
DURHAM,33-2,8672,3061,2868,50,1718,7,322,646,674,2933,7373,2820,2238,47,1518,529,2720,5611,0.353,0.3307,0.0777,0.1981,0.647,0.8502
DURHAM,34-1,4296,1382,1974,15,162,0,417,346,612,1353,3337,1166,1537,12,131,402,1143,2914,0.3217,0.4595,0.1425,0.0377,0.6783,0.7768
DURHAM,34-2,8371,1810,4682,35,483,2,835,524,1244,1707,6432,1497,3655,23,402,806,1423,6561,0.2162,0.5593,0.1486,0.0577,0.7838,0.7684
DURHAM,35-4,5959,3432,1177,17,682,0,139,512,379,3363,4519,2622,940,16,559,265,2573,2527,0.5759,0.1975,0.0636,0.1144,0.4241,0.7583
DURHAM,35-5,6313,3395,1550,32,500,3,312,521,649,3281,5140,2852,1295,29,407,444,2766,2918,0.5378,0.2455,0.1028,0.0792,0.4622,0.8142
DURHAM,36,5216,2065,1454,78,268,1,913,437,1398,1920,3960,1729,1086,52,224,902,1629,3151,0.3959,0.2788,0.268,0.0514,0.6041,0.7592
DURHAM,37,7706,5304,1071,23,365,0,393,550,740,5202,6306,4492,859,18,321,489,4424,2402,0.6883,0.139,0.096,0.0474,0.3117,0.8183
DURHAM,38,11766,5304,3084,59,1034,1,1257,1027,2018,5096,9546,4580,2518,47,880,1360,4431,6462,0.4508,0.2621,0.1715,0.0879,0.5492,0.8113
DURHAM,40,2916,1565,725,37,56,2,284,247,480,1520,2321,1348,575,21,46,293,1316,1351,0.5367,0.2486,0.1646,0.0192,0.4633,0.796
DURHAM,41,1827,128,1354,11,7,0,263,64,340,94,1458,99,1145,11,6,216,74,1699,0.0701,0.7411,0.1861,0.0038,0.9299,0.798
DURHAM,42,1636,92,1203,8,8,0,246,79,295,78,1308,83,993,8,8,200,75,1544,0.0562,0.7353,0.1803,0.0049,0.9438,0.7995
DURHAM,43,8972,6299,833,33,807,2,229,769,633,6185,7236,5225,710,23,671,431,5137,2673,0.7021,0.0928,0.0706,0.0899,0.2979,0.8065
DURHAM,44,8084,5315,1655,52,287,3,318,454,553,5243,6408,4326,1327,33,228,339,4283,2769,0.6575,0.2047,0.0684,0.0355,0.3425,0.7927
DURHAM,45,6643,4234,1271,28,207,5,356,542,670,4143,5324,3543,1011,18,171,435,3487,2409,0.6374,0.1913,0.1009,0.0312,0.3626,0.8014
DURHAM,46,6325,1911,2358,58,151,5,1292,550,1760,1761,4781,1628,1807,44,121,1104,1542,4414,0.3021,0.3728,0.2783,0.0239,0.6979,0.7559
DURHAM,47,2790,300,1696,14,60,0,535,185,745,234,2163,249,1407,12,49,466,209,2490,0.1075,0.6079,0.267,0.0215,0.8925,0.7753
DURHAM,50,5837,3235,1177,25,506,7,361,526,700,3148,4834,2762,968,22,457,493,2695,2602,0.5542,0.2016,0.1199,0.0867,0.4458,0.8282
DURHAM,51,7058,4616,1197,21,478,0,151,595,490,4511,5694,3783,971,21,428,346,3713,2442,0.654,0.1696,0.0694,0.0677,0.346,0.8067
DURHAM,52,6711,741,3381,84,58,5,1997,445,2484,641,4711,609,2434,50,44,1560,562,5970,0.1104,0.5038,0.3701,0.0086,0.8896,0.702
DURHAM,53-2,5866,4157,646,17,451,1,124,470,373,4076,4998,3641,518,13,402,294,3583,1709,0.7087,0.1101,0.0636,0.0769,0.2913,0.852
DURHAM,54,11592,4982,4300,56,745,4,644,861,1174,4841,9608,4406,3398,41,674,854,4304,6610,0.4298,0.3709,0.1013,0.0643,0.5702,0.8288
DURHAM,55-11,2794,212,2042,24,18,0,305,193,443,188,2036,179,1484,22,14,305,163,2582,0.0759,0.7309,0.1586,0.0064,0.9241,0.7287
DURHAM,55-49,2725,43,2601,2,8,0,57,14,65,39,2657,37,2556,0,8,47,34,2682,0.0158,0.9545,0.0239,0.0029,0.9842,0.975
DURHAM,56,6349,4246,1206,34,230,0,203,430,453,4174,4990,3407,1002,21,183,307,3349,2103,0.6688,0.19,0.0713,0.0362,0.3312,0.786
DURHAM,57,7309,4508,1510,18,508,2,191,572,492,4414,5960,3738,1249,7,434,367,3665,2801,0.6168,0.2066,0.0673,0.0695,0.3832,0.8154
EDGECOMBE,0101,2716,381,2128,6,6,0,99,96,119,372,2179,310,1720,3,6,71,305,2335,0.1403,0.7835,0.0438,0.0022,0.8597,0.8023
EDGECOMBE,0102,4715,2003,2329,14,26,0,175,168,228,1978,3775,1725,1810,10,18,145,1710,2712,0.4248,0.494,0.0484,0.0055,0.5752,0.8006
EDGECOMBE,0103,3266,1505,1434,12,15,0,177,123,260,1478,2635,1308,1093,7,12,190,1288,1761,0.4608,0.4391,0.0796,0.0046,0.5392,0.8068
EDGECOMBE,0104,2938,1240,1511,13,12,0,67,95,128,1224,2269,1065,1072,12,9,85,1057,1698,0.4221,0.5143,0.0436,0.0041,0.5779,0.7723
EDGECOMBE,0201,1561,713,672,8,0,1,119,48,169,707,1236,583,537,8,0,105,579,848,0.4568,0.4305,0.1083,0.0,0.5432,0.7918
EDGECOMBE,0301,622,309,260,0,1,0,32,20,44,302,525,265,222,0,1,34,258,313,0.4968,0.418,0.0707,0.0016,0.5032,0.8441
EDGECOMBE,0401,783,350,389,0,0,0,21,23,26,349,628,285,313,0,0,18,284,433,0.447,0.4968,0.0332,0.0,0.553,0.802
EDGECOMBE,0501,1073,393,384,11,3,2,221,59,263,380,808,330,302,9,2,146,324,680,0.3663,0.3579,0.2451,0.0028,0.6337,0.753
EDGECOMBE,0601,1236,375,782,7,1,0,35,36,62,364,1055,319,687,5,1,38,312,861,0.3034,0.6327,0.0502,0.0008,0.6966,0.8536
EDGECOMBE,0701,2303,569,1439,13,4,3,156,119,242,543,1832,495,1144,10,0,155,479,1734,0.2471,0.6248,0.1051,0.0017,0.7529,0.7955
EDGECOMBE,0801,2373,1439,649,27,0,0,154,104,239,1411,1825,1135,512,23,0,149,1124,934,0.6064,0.2735,0.1007,0.0,0.3936,0.7691
EDGECOMBE,0901,1592,1161,298,3,14,0,34,82,80,1154,1274,965,227,3,13,47,958,431,0.7293,0.1872,0.0503,0.0088,0.2707,0.8003
EDGECOMBE,1001,2746,1468,1134,7,7,0,58,72,86,1455,2154,1180,891,7,5,50,1174,1278,0.5346,0.413,0.0313,0.0025,0.4654,0.7844
EDGECOMBE,1101,1429,824,434,7,1,0,97,66,126,811,1155,696,363,2,0,71,684,605,0.5766,0.3037,0.0882,0.0007,0.4234,0.8083
EDGECOMBE,1201,5243,243,4761,21,8,1,84,125,128,226,3946,217,3574,18,7,92,202,5000,0.0463,0.9081,0.0244,0.0015,0.9537,0.7526
EDGECOMBE,1202,2933,174,2631,8,6,1,27,86,57,168,2111,146,1896,8,5,38,142,2759,0.0593,0.897,0.0194,0.002,0.9407,0.7197
EDGECOMBE,1203,4201,1856,2026,11,4,1,168,135,224,1819,3273,1542,1524,6,4,132,1519,2345,0.4418,0.4823,0.0533,0.001,0.5582,0.7791
EDGECOMBE,1204,2296,120,2072,6,1,2,41,54,55,114,1682,100,1522,3,1,36,95,2176,0.0523,0.9024,0.024,0.0004,0.9477,0.7326
EDGECOMBE,1205,1546,59,1414,3,1,1,18,50,36,54,1225,49,1123,2,1,27,45,1487,0.0382,0.9146,0.0233,0.0006,0.9618,0.7924
EDGECOMBE,1301,1759,1306,354,6,1,0,44,48,67,1303,1377,1042,262,6,1,45,1041,453,0.7425,0.2013,0.0381,0.0006,0.2575,0.7828
EDGECOMBE,1401,1569,1143,328,11,2,0,40,45,67,1128,1225,923,231,6,2,46,914,426,0.7285,0.2091,0.0427,0.0013,0.2715,0.7808
FORSYTH,012,3802,3096,153,18,31,2,300,202,475,3034,3023,2544,126,17,23,283,2521,706,0.8143,0.0402,0.1249,0.0082,0.1857,0.7951
FORSYTH,013,5576,3941,841,22,113,1,220,438,458,3858,4285,3166,652,14,85,281,3115,1635,0.7068,0.1508,0.0821,0.0203,0.2932,0.7685
FORSYTH,014,3112,2350,291,22,78,0,124,247,252,2318,2608,2041,248,11,68,167,2026,762,0.7551,0.0935,0.081,0.0251,0.2449,0.838
FORSYTH,015,4280,3102,689,7,103,5,108,266,290,3031,3409,2559,503,7,76,210,2507,1178,0.7248,0.161,0.0678,0.0241,0.2752,0.7965
FORSYTH,016,3720,2548,647,28,116,0,111,270,355,2446,2848,2028,470,19,93,237,1965,1172,0.6849,0.1739,0.0954,0.0312,0.3151,0.7656
FORSYTH,017,2868,1997,459,10,42,0,158,202,294,1946,2230,1591,354,10,38,185,1570,871,0.6963,0.16,0.1025,0.0146,0.3037,0.7775
FORSYTH,021,4855,4262,242,21,20,0,74,236,218,4212,3960,3506,211,17,14,136,3472,593,0.8779,0.0498,0.0449,0.0041,0.1221,0.8157
FORSYTH,031,2725,1887,512,11,16,1,154,144,248,1827,2227,1595,418,6,15,160,1558,838,0.6925,0.1879,0.091,0.0059,0.3075,0.8172
FORSYTH,032,4004,2790,756,14,43,4,144,253,307,2730,3146,2266,576,9,36,195,2229,1214,0.6968,0.1888,0.0767,0.0107,0.3032,0.7857
FORSYTH,033,4360,1857,1512,49,33,7,567,335,909,1743,3329,1554,1112,38,30,575,1501,2503,0.4259,0.3468,0.2085,0.0076,0.5741,0.7635
FORSYTH,034,3702,2414,684,30,22,2,300,250,467,2342,2883,1987,503,28,22,284,1953,1288,0.6521,0.1848,0.1261,0.0059,0.3479,0.7788
FORSYTH,042,6378,2881,1943,42,102,2,799,609,1337,2734,4717,2374,1408,27,76,764,2304,3497,0.4517,0.3046,0.2096,0.016,0.5483,0.7396
FORSYTH,043,6089,2547,1197,104,34,20,1665,522,2300,2348,4391,2031,917,64,33,1380,1933,3542,0.4183,0.1966,0.3777,0.0056,0.5817,0.7211
FORSYTH,051,4594,3323,473,25,200,1,190,382,487,3250,3648,2748,347,20,149,331,2696,1271,0.7233,0.103,0.106,0.0435,0.2767,0.7941
FORSYTH,052,1540,1362,61,6,30,0,24,57,70,1344,1267,1141,48,0,21,49,1132,178,0.8844,0.0396,0.0455,0.0195,0.1156,0.8227
FORSYTH,053,3461,2784,227,11,120,0,67,252,200,2737,2614,2180,160,10,80,125,2150,677,0.8044,0.0656,0.0578,0.0347,0.1956,0.7553
FORSYTH,054,3330,2877,167,4,82,1,26,173,110,2858,2668,2332,146,3,59,76,2318,453,0.864,0.0502,0.033,0.0246,0.136,0.8012
FORSYTH,055,5137,3923,349,21,343,3,111,387,340,3838,4025,3179,259,15,252,217,3126,1214,0.7637,0.0679,0.0662,0.0668,0.2363,0.7835
FORSYTH,061,3989,2429,659,34,52,0,451,364,771,2326,3106,2033,482,31,38,507,1966,1560,0.6089,0.1652,0.1933,0.013,0.3911,0.7786
FORSYTH,062,2441,1959,229,14,22,0,49,168,124,1939,1939,1592,182,14,19,80,1583,482,0.8025,0.0938,0.0508,0.009,0.1975,0.7943
FORSYTH,063,5677,4110,852,46,92,1,150,426,431,4026,4374,3328,592,35,64,271,3278,1567,0.724,0.1501,0.0759,0.0162,0.276,0.7705
FORSYTH,064,1930,1412,202,15,25,0,136,140,246,1375,1598,1219,168,14,19,165,1198,518,0.7316,0.1047,0.1275,0.013,0.2684,0.828
FORSYTH,065,5184,3982,599,25,134,2,141,301,343,3916,4206,3346,479,20,100,212,3298,1202,0.7681,0.1155,0.0662,0.0258,0.2319,0.8113
FORSYTH,066,4398,2942,336,63,57,0,507,493,1059,2729,3354,2371,263,44,49,650,2257,1456,0.6689,0.0764,0.2408,0.013,0.3311,0.7626
FORSYTH,067,3411,2327,564,20,33,0,216,251,364,2284,2757,1964,432,12,25,257,1932,1084,0.6822,0.1653,0.1067,0.0097,0.3178,0.8083
FORSYTH,068,3597,3005,328,6,23,0,53,182,157,2959,2772,2336,254,4,20,111,2305,592,0.8354,0.0912,0.0436,0.0064,0.1646,0.7706
FORSYTH,071,4976,4017,336,21,184,3,88,327,274,3951,3824,3181,243,13,133,179,3139,959,0.8073,0.0675,0.0551,0.037,0.1927,0.7685
FORSYTH,073,3931,3524,133,8,41,1,43,181,154,3467,2994,2749,90,3,26,90,2722,407,0.8965,0.0338,0.0392,0.0104,0.1035,0.7616
FORSYTH,074,4627,3332,503,9,381,0,119,283,293,3275,3588,2682,399,6,243,201,2638,1295,0.7201,0.1087,0.0633,0.0823,0.2799,0.7754
FORSYTH,075,994,844,38,2,19,0,28,63,51,839,785,692,22,2,9,36,691,150,0.8491,0.0382,0.0513,0.0191,0.1509,0.7897
FORSYTH,076,4471,3337,464,10,185,7,147,321,352,3263,3487,2704,348,5,127,243,2651,1134,0.7464,0.1038,0.0787,0.0414,0.2536,0.7799
FORSYTH,077,4589,2994,352,24,199,0,443,577,968,2906,3369,2322,265,14,146,582,2284,1595,0.6524,0.0767,0.2109,0.0434,0.3476,0.7341
FORSYTH,081,5747,2394,1903,61,61,1,827,500,1305,2212,4260,1941,1472,42,47,769,1827,3353,0.4166,0.3311,0.2271,0.0106,0.5834,0.7413
FORSYTH,083,3329,1375,1297,41,18,10,321,267,553,1314,2563,1120,1023,22,11,348,1091,1954,0.413,0.3896,0.1661,0.0054,0.587,0.7699
FORSYTH,084,3181,1205,1521,15,26,2,178,234,313,1169,2481,982,1224,7,16,202,953,1976,0.3788,0.4782,0.0984,0.0082,0.6212,0.7799
FORSYTH,085,3078,2115,563,21,45,1,161,172,276,2073,2458,1738,452,20,32,187,1710,963,0.6871,0.1829,0.0897,0.0146,0.3129,0.7986
FORSYTH,091,2995,2529,222,6,16,0,71,151,138,2497,2420,2077,187,6,15,79,2051,466,0.8444,0.0741,0.0461,0.0053,0.1556,0.808
FORSYTH,092,2382,2060,138,7,15,0,30,132,100,2036,1892,1670,96,6,13,60,1660,322,0.8648,0.0579,0.042,0.0063,0.1352,0.7943
FORSYTH,101,3293,1719,739,17,20,3,558,237,805,1643,2565,1476,584,7,15,462,1433,1574,0.522,0.2244,0.2445,0.0061,0.478,0.7789
FORSYTH,111,2539,2084,168,21,10,1,100,155,177,2066,2093,1766,133,17,6,113,1759,455,0.8208,0.0662,0.0697,0.0039,0.1792,0.8243
FORSYTH,112,4627,3527,630,29,15,3,172,251,327,3464,3675,2851,486,25,8,222,2807,1100,0.7623,0.1362,0.0707,0.0032,0.2377,0.7943
FORSYTH,121,4907,2651,1398,18,149,2,287,402,592,2542,3790,2107,1070,14,128,392,2045,2256,0.5402,0.2849,0.1206,0.0304,0.4598,0.7724
FORSYTH,123,4515,2836,911,31,211,1,164,361,435,2753,3697,2442,698,23,164,305,2388,1679,0.6281,0.2018,0.0963,0.0467,0.3719,0.8188
FORSYTH,124,4886,2035,1859,27,201,4,329,431,604,1959,3668,1637,1363,25,147,413,1593,2851,0.4165,0.3805,0.1236,0.0411,0.5835,0.7507
FORSYTH,131,4637,3488,484,20,266,1,93,285,278,3416,3570,2761,370,15,190,170,2721,1149,0.7522,0.1044,0.06,0.0574,0.2478,0.7699
FORSYTH,132,5858,4329,773,12,239,2,103,400,364,4237,4429,3362,569,11,173,203,3309,1529,0.739,0.132,0.0621,0.0408,0.261,0.7561
FORSYTH,134,4045,3496,150,21,51,0,116,211,242,3448,3093,2728,123,19,36,132,2702,549,0.8643,0.0371,0.0598,0.0126,0.1357,0.7646
FORSYTH,135,4290,3285,246,18,398,1,96,246,254,3236,3110,2450,179,16,267,156,2423,1005,0.7657,0.0573,0.0592,0.0928,0.2343,0.7249
FORSYTH,202,3822,1150,2005,17,105,7,287,251,445,1083,3064,1066,1530,7,87,292,1025,2672,0.3009,0.5246,0.1164,0.0275,0.6991,0.8017
FORSYTH,203,2826,138,2415,12,2,1,183,75,249,120,1879,108,1599,12,2,142,96,2688,0.0488,0.8546,0.0881,0.0007,0.9512,0.6649
FORSYTH,204,2587,439,1513,27,24,7,403,174,537,394,1905,394,1128,18,21,303,368,2148,0.1697,0.5848,0.2076,0.0093,0.8303,0.7364
FORSYTH,205,1223,62,969,11,2,0,107,72,135,51,895,40,742,11,2,83,32,1161,0.0507,0.7923,0.1104,0.0016,0.9493,0.7318
FORSYTH,206,2823,379,1421,48,13,0,757,205,980,319,2046,311,1110,39,10,584,284,2444,0.1343,0.5034,0.3471,0.0046,0.8657,0.7248
FORSYTH,207,5112,1008,2372,82,46,16,1160,428,1649,870,3635,838,1729,46,36,1000,756,4104,0.1972,0.464,0.3226,0.009,0.8028,0.7111
FORSYTH,208,4182,1101,1961,27,73,14,609,397,918,1017,3285,1010,1535,20,57,576,960,3081,0.2633,0.4689,0.2195,0.0175,0.7367,0.7855
FORSYTH,301,1583,82,1104,6,0,3,301,87,399,61,1088,62,807,0,0,222,45,1501,0.0518,0.6974,0.2521,0.0,0.9482,0.6873
FORSYTH,302,1847,150,1219,22,0,1,341,114,425,132,1270,122,883,9,0,230,110,1697,0.0812,0.66,0.2301,0.0,0.9188,0.6876
FORSYTH,303,1542,52,1209,8,2,0,238,33,272,35,977,34,769,8,2,156,30,1490,0.0337,0.784,0.1764,0.0013,0.9663,0.6336
FORSYTH,304,2590,95,2174,5,16,0,186,114,260,79,1961,58,1711,4,12,140,55,2495,0.0367,0.8394,0.1004,0.0062,0.9633,0.7571
FORSYTH,305,1917,105,1498,15,16,0,190,93,273,87,1510,76,1231,11,15,169,76,1812,0.0548,0.7814,0.1424,0.0083,0.9452,0.7877
FORSYTH,306,3472,599,1373,69,13,0,1122,296,1569,420,2362,466,1021,40,11,899,362,2873,0.1725,0.3954,0.4519,0.0037,0.8275,0.6803
FORSYTH,401,3331,500,2045,24,12,0,534,216,756,429,2436,416,1579,14,10,411,380,2831,0.1501,0.6139,0.227,0.0036,0.8499,0.7313
FORSYTH,402,2143,109,1622,18,2,0,261,131,352,86,1494,79,1182,9,2,188,68,2034,0.0509,0.7569,0.1643,0.0009,0.9491,0.6972
FORSYTH,403,3003,448,2026,19,38,1,298,173,442,411,2270,388,1553,9,37,241,369,2555,0.1492,0.6747,0.1472,0.0127,0.8508,0.7559
FORSYTH,404,4295,1517,2216,8,99,0,265,190,419,1473,3720,1458,1851,3,91,303,1417,2778,0.3532,0.5159,0.0976,0.0231,0.6468,0.8661
FORSYTH,405,3721,158,3009,42,8,1,296,207,451,121,3158,130,2688,37,8,256,110,3563,0.0425,0.8087,0.1212,0.0021,0.9575,0.8487
FORSYTH,501,3175,421,1885,39,21,3,612,194,829,353,2320,321,1496,24,12,466,289,2754,0.1326,0.5937,0.2611,0.0066,0.8674,0.7307
FORSYTH,502,2984,223,1468,17,1,1,1101,173,1277,189,2077,165,1153,15,1,735,147,2761,0.0747,0.492,0.4279,0.0003,0.9253,0.696
FORSYTH,503,3180,1247,862,40,43,0,662,326,991,1153,2318,1032,647,17,30,582,977,1933,0.3921,0.2711,0.3116,0.0135,0.6079,0.7289
FORSYTH,504,2993,539,1017,59,7,3,1120,248,1499,444,2020,404,788,37,3,840,369,2454,0.1801,0.3398,0.5008,0.0023,0.8199,0.6749
FORSYTH,505,4275,950,1622,41,20,2,1152,488,1661,857,2976,780,1199,30,14,955,736,3325,0.2222,0.3794,0.3885,0.0047,0.7778,0.6961
FORSYTH,506,3177,1235,807,50,53,1,651,380,1055,1149,2290,1019,582,34,44,626,973,1942,0.3887,0.254,0.3321,0.0167,0.6113,0.7208
FORSYTH,508,4828,1600,1964,68,55,15,743,383,1207,1453,3505,1271,1421,58,45,769,1180,3228,0.3314,0.4068,0.25,0.0114,0.6686,0.726
FORSYTH,509,3791,1881,1214,34,62,1,262,337,583,1749,2694,1429,866,24,47,328,1367,1910,0.4962,0.3202,0.1538,0.0164,0.5038,0.7106
FORSYTH,601,2872,1675,617,31,59,0,195,295,408,1624,2493,1549,526,27,50,291,1508,1197,0.5832,0.2148,0.1421,0.0205,0.4168,0.868
FORSYTH,602,6335,3058,2040,41,123,0,481,592,992,2952,4950,2591,1533,36,106,646,2520,3277,0.4827,0.322,0.1566,0.0194,0.5173,0.7814
FORSYTH,603,3087,1722,700,27,32,1,356,249,517,1685,2504,1476,587,17,28,329,1448,1365,0.5578,0.2268,0.1675,0.0104,0.4422,0.8111
FORSYTH,604,3428,1052,1265,27,58,2,595,429,896,999,2570,931,925,17,50,570,882,2376,0.3069,0.369,0.2614,0.0169,0.6931,0.7497
FORSYTH,605,5900,2198,2095,63,155,2,856,531,1390,2034,4566,1908,1598,52,122,902,1801,3702,0.3725,0.3551,0.2356,0.0263,0.6275,0.7739
FORSYTH,606,3279,1192,849,28,34,1,755,420,1302,1040,2422,990,644,22,29,790,915,2087,0.3635,0.2589,0.3971,0.0104,0.6365,0.7386
FORSYTH,607,3220,1948,693,23,81,1,200,274,351,1900,2666,1727,549,20,66,244,1689,1272,0.605,0.2152,0.109,0.0252,0.395,0.828
FORSYTH,701,2097,1587,314,1,64,0,39,92,81,1571,1726,1324,267,0,58,54,1310,510,0.7568,0.1497,0.0386,0.0305,0.2432,0.8231
FORSYTH,702,1885,1496,152,2,99,0,27,109,84,1485,1600,1277,134,2,88,71,1267,389,0.7936,0.0806,0.0446,0.0525,0.2064,0.8488
FORSYTH,703,1566,1283,81,2,37,0,38,125,113,1253,1302,1082,61,2,34,74,1069,283,0.8193,0.0517,0.0722,0.0236,0.1807,0.8314
FORSYTH,704,2323,1752,309,1,40,0,85,136,152,1723,1922,1523,236,0,33,86,1498,571,0.7542,0.133,0.0654,0.0172,0.2458,0.8274
FORSYTH,705,3462,1955,763,13,189,1,231,310,463,1906,2876,1733,622,13,140,307,1706,1507,0.5647,0.2204,0.1337,0.0546,0.4353,0.8307
FORSYTH,706,2126,1142,535,17,100,1,125,206,305,1095,1683,972,412,12,61,225,935,984,0.5372,0.2516,0.1435,0.047,0.4628,0.7916
FORSYTH,707,2148,1310,436,7,52,0,163,180,299,1282,1724,1124,319,7,40,211,1102,838,0.6099,0.203,0.1392,0.0242,0.3901,0.8026
FORSYTH,708,6262,3413,1470,52,380,0,384,563,863,3286,4896,2837,1093,41,303,574,2756,2849,0.545,0.2347,0.1378,0.0607,0.455,0.7819
FORSYTH,709,4646,2599,1344,29,254,2,111,307,350,2537,3863,2338,978,23,201,256,2296,2047,0.5594,0.2893,0.0753,0.0547,0.4406,0.8315
FORSYTH,801,1745,1323,244,10,40,0,31,97,103,1297,1458,1103,213,7,36,79,1088,422,0.7582,0.1398,0.059,0.0229,0.2418,0.8355
FORSYTH,802,1843,1684,30,2,13,0,14,100,63,1683,1409,1308,21,1,10,32,1307,159,0.9137,0.0163,0.0342,0.0071,0.0863,0.7645
FORSYTH,803,2013,1905,14,3,18,0,3,70,35,1898,1581,1510,7,3,14,28,1503,108,0.9463,0.007,0.0174,0.0089,0.0537,0.7854
FORSYTH,804,1563,1409,35,2,18,0,9,90,55,1400,1170,1067,30,2,13,26,1066,154,0.9015,0.0224,0.0352,0.0115,0.0985,0.7486
FORSYTH,805,2867,2499,85,9,55,0,45,174,128,2481,2234,1982,66,6,42,89,1973,368,0.8716,0.0296,0.0446,0.0192,0.1284,0.7792
FORSYTH,806,2427,1847,242,9,101,3,62,163,167,1832,2082,1644,189,9,70,121,1629,580,0.761,0.0997,0.0688,0.0416,0.239,0.8578
FORSYTH,807,2572,1882,183,7,279,0,46,175,145,1850,2013,1529,133,4,208,98,1509,690,0.7317,0.0712,0.0564,0.1085,0.2683,0.7827
FORSYTH,808,5914,2821,1798,40,393,4,399,459,783,2734,4690,2407,1355,36,283,545,2350,3093,0.477,0.304,0.1324,0.0665,0.523,0.793
FORSYTH,809,3265,2752,122,15,112,1,33,230,150,2733,2533,2181,100,9,97,94,2165,513,0.8429,0.0374,0.0459,0.0343,0.1571,0.7758
FORSYTH,901,2147,1878,98,8,25,0,26,112,93,1859,1752,1556,73,6,19,72,1539,269,0.8747,0.0456,0.0433,0.0116,0.1253,0.816
FORSYTH,902,2835,1837,575,9,117,0,77,220,196,1787,2624,1732,543,8,107,157,1686,998,0.648,0.2028,0.0691,0.0413,0.352,0.9256
FORSYTH,903,4708,3425,672,9,193,1,108,300,325,3357,4344,3258,573,8,188,257,3199,1283,0.7275,0.1427,0.069,0.041,0.2725,0.9227
FORSYTH,904,4444,1153,1830,70,46,78,940,327,1309,1045,3407,1004,1461,48,36,837,936,3291,0.2595,0.4118,0.2946,0.0104,0.7405,0.7667
FORSYTH,905,4943,3083,1076,8,285,3,128,360,371,3012,4483,2925,878,4,277,318,2859,1860,0.6237,0.2177,0.0751,0.0577,0.3763,0.9069
FORSYTH,906,4310,2904,795,16,150,0,132,313,328,2834,3393,2403,555,10,120,212,2357,1406,0.6738,0.1845,0.0761,0.0348,0.3262,0.7872
FORSYTH,907,2576,1778,420,7,52,0,106,213,244,1746,2061,1483,304,7,51,172,1461,798,0.6902,0.163,0.0947,0.0202,0.3098,0.8001
FORSYTH,908,3379,2703,255,6,136,1,56,222,210,2663,2585,2095,210,4,103,150,2068,676,0.7999,0.0755,0.0621,0.0402,0.2001,0.765
FORSYTH,909,1924,1141,397,19,41,11,180,135,317,1092,1456,905,299,14,29,198,876,783,0.593,0.2063,0.1648,0.0213,0.407,0.7568
FRANKLIN,01,2749,1297,1181,18,41,0,110,102,140,1281,2287,1147,934,13,41,98,1136,1452,0.4718,0.4296,0.0509,0.0149,0.5282,0.8319
FRANKLIN,02,2539,1134,941,26,15,0,288,135,381,1104,2022,958,755,24,15,246,939,1405,0.4466,0.3706,0.1501,0.0059,0.5534,0.7964
FRANKLIN,03,5661,3348,1575,33,35,6,283,381,499,3257,4336,2693,1170,24,28,315,2636,2313,0.5914,0.2782,0.0881,0.0062,0.4086,0.7659
FRANKLIN,05,4068,2664,722,41,21,1,364,255,578,2587,3053,2103,551,29,11,356,2055,1404,0.6549,0.1775,0.1421,0.0052,0.3451,0.7505
FRANKLIN,06,2937,1434,1055,33,10,0,265,140,376,1390,2451,1196,946,24,10,254,1174,1503,0.4883,0.3592,0.128,0.0034,0.5117,0.8345
FRANKLIN,07,2795,2125,268,19,9,0,196,178,301,2075,2122,1684,198,15,9,167,1664,670,0.7603,0.0959,0.1077,0.0032,0.2397,0.7592
FRANKLIN,08,4975,3552,836,42,22,3,243,277,511,3409,3991,2986,625,29,17,312,2905,1423,0.714,0.168,0.1027,0.0044,0.286,0.8022
FRANKLIN,09,2199,1475,458,51,3,0,116,96,190,1464,1776,1234,368,37,3,128,1225,724,0.6708,0.2083,0.0864,0.0014,0.3292,0.8076
FRANKLIN,10,1467,1008,309,3,6,1,69,71,115,991,1167,814,238,3,6,89,803,459,0.6871,0.2106,0.0784,0.0041,0.3129,0.7955
FRANKLIN,11,2440,1230,924,12,0,2,150,122,226,1198,1935,991,749,12,0,140,977,1210,0.5041,0.3787,0.0926,0.0,0.4959,0.793
FRANKLIN,12,2043,1313,580,8,1,0,69,72,110,1288,1629,1064,473,7,1,70,1053,730,0.6427,0.2839,0.0538,0.0005,0.3573,0.7974
FRANKLIN,13,2928,1994,397,37,11,4,312,173,475,1940,2311,1653,304,28,10,314,1619,934,0.681,0.1356,0.1622,0.0038,0.319,0.7893
FRANKLIN,14,6081,4587,782,19,43,2,297,351,518,4488,4544,3534,570,12,31,294,3484,1494,0.7543,0.1286,0.0852,0.0071,0.2457,0.7472
FRANKLIN,15,4420,1791,1916,23,40,2,379,269,573,1713,3386,1427,1497,19,34,363,1387,2629,0.4052,0.4335,0.1296,0.009,0.5948,0.7661
FRANKLIN,16,2789,1373,1138,33,5,0,141,99,238,1340,2215,1141,900,17,4,131,1128,1416,0.4923,0.408,0.0853,0.0018,0.5077,0.7942
FRANKLIN,17,5291,4019,580,38,16,3,297,338,502,3918,4022,3125,452,29,7,312,3070,1272,0.7596,0.1096,0.0949,0.003,0.2404,0.7602
FRANKLIN,18,4460,3302,654,27,23,0,147,307,338,3209,3295,2514,449,21,23,205,2461,1158,0.7404,0.1466,0.0758,0.0052,0.2596,0.7388
FRANKLIN,19,8731,5827,1674,28,164,0,405,633,891,5633,6602,4583,1237,20,125,563,4467,2904,0.6674,0.1917,0.1021,0.0188,0.3326,0.7562
GASTON,10A,4986,4004,536,16,23,0,95,312,230,3940,3978,3282,409,15,17,131,3258,982,0.803,0.1075,0.0461,0.0046,0.197,0.7978
GASTON,11A,4679,3922,272,6,36,0,143,300,309,3881,3759,3179,205,4,23,257,3154,757,0.8382,0.0581,0.066,0.0077,0.1618,0.8034
GASTON,12A,3537,3100,108,20,15,0,109,185,140,3090,2852,2509,92,16,14,90,2509,437,0.8764,0.0305,0.0396,0.0042,0.1236,0.8063
GASTON,13A,4033,3552,151,20,15,1,87,207,185,3509,3207,2882,112,17,14,121,2848,481,0.8807,0.0374,0.0459,0.0037,0.1193,0.7952
GASTON,14A,7701,5223,1497,18,86,3,403,471,651,5121,5975,4180,1153,13,57,431,4131,2478,0.6782,0.1944,0.0845,0.0112,0.3218,0.7759
GASTON,15A,8162,3035,3731,46,15,0,813,522,1240,2889,5884,2456,2596,35,14,735,2369,5127,0.3718,0.4571,0.1519,0.0018,0.6282,0.7209
GASTON,16A,5749,1874,2987,26,36,5,438,383,686,1779,4310,1555,2212,26,33,424,1498,3875,0.326,0.5196,0.1193,0.0063,0.674,0.7497
GASTON,17A,5256,3424,955,32,47,1,447,350,688,3323,4295,2956,721,26,39,490,2877,1832,0.6514,0.1817,0.1309,0.0089,0.3486,0.8172
GASTON,18A,6406,4436,954,34,69,6,443,464,743,4303,4732,3483,612,25,44,455,3424,1970,0.6925,0.1489,0.116,0.0108,0.3075,0.7387
GASTON,19A,5326,4735,174,37,34,0,72,274,127,4708,4172,3774,130,30,24,92,3758,591,0.889,0.0327,0.0238,0.0064,0.111,0.7833
GASTON,1A,5038,2755,1441,41,60,2,307,432,601,2662,4041,2371,1108,34,46,399,2306,2283,0.5468,0.286,0.1193,0.0119,0.4532,0.8021
GASTON,20A,6437,4950,852,26,66,1,139,403,347,4880,5029,3994,626,26,41,210,3953,1487,0.769,0.1324,0.0539,0.0103,0.231,0.7813
GASTON,21A,3660,3100,200,15,52,0,76,217,192,3068,2934,2525,170,12,42,118,2505,560,0.847,0.0546,0.0525,0.0142,0.153,0.8016
GASTON,22A,5747,3634,1286,12,176,1,211,427,401,3571,4427,2894,993,10,120,267,2859,2113,0.6323,0.2238,0.0698,0.0306,0.3677,0.7703
GASTON,23A,7645,5877,940,31,99,5,259,434,442,5792,5997,4828,621,25,84,262,4785,1768,0.7687,0.123,0.0578,0.0129,0.2313,0.7844
GASTON,24A,6934,5528,670,35,79,1,193,428,352,5476,5464,4455,527,24,55,227,4422,1406,0.7972,0.0966,0.0508,0.0114,0.2028,0.788
GASTON,25A,4886,2992,1073,43,120,0,331,327,585,2901,3618,2356,756,28,89,352,2298,1894,0.6124,0.2196,0.1197,0.0246,0.3876,0.7405
GASTON,26A,3645,2649,432,13,79,0,188,284,322,2586,2841,2159,331,12,57,197,2123,996,0.7267,0.1185,0.0883,0.0217,0.2733,0.7794
GASTON,27A,3390,2467,426,19,36,0,186,256,377,2415,2770,2066,347,16,31,269,2027,923,0.7277,0.1257,0.1112,0.0106,0.2723,0.8171
GASTON,28A,7394,3920,2255,28,78,3,530,580,1007,3731,5906,3392,1687,28,64,694,3261,3474,0.5302,0.305,0.1362,0.0105,0.4698,0.7988
GASTON,29A,7752,3868,2296,40,223,4,622,699,1213,3722,5989,3225,1657,34,184,863,3122,3884,0.499,0.2962,0.1565,0.0288,0.501,0.7726
GASTON,2A,7958,3317,3266,48,39,3,711,574,1137,3182,5854,2760,2237,30,31,720,2667,4641,0.4168,0.4104,0.1429,0.0049,0.5832,0.7356
GASTON,30A,9158,6075,1766,37,268,0,374,638,779,5958,7056,4799,1332,30,214,563,4732,3083,0.6634,0.1928,0.0851,0.0293,0.3366,0.7705
GASTON,31A,6097,4569,792,9,248,1,147,331,349,4511,4614,3541,570,6,173,220,3513,1528,0.7494,0.1299,0.0572,0.0407,0.2506,0.7568
GASTON,32A,4443,3678,304,21,47,3,115,275,213,3644,3565,3028,250,17,34,117,3006,765,0.8278,0.0684,0.0479,0.0106,0.1722,0.8024
GASTON,33A,6109,5115,414,27,166,0,84,303,213,5069,4773,4082,310,22,122,119,4063,994,0.8373,0.0678,0.0349,0.0272,0.1627,0.7813
GASTON,34A,5158,4198,434,19,135,1,83,288,223,4150,4135,3446,322,14,118,144,3411,960,0.8139,0.0841,0.0432,0.0262,0.1861,0.8017
GASTON,35A,3786,2893,266,5,62,1,259,300,436,2833,3017,2381,204,3,49,284,2345,893,0.7641,0.0703,0.1152,0.0164,0.2359,0.7969
GASTON,36A,3555,2797,342,18,105,0,106,187,223,2728,2991,2417,265,17,94,161,2363,758,0.7868,0.0962,0.0627,0.0295,0.2132,0.8414
GASTON,37A,5286,3723,627,35,188,5,367,341,557,3645,4248,3106,480,30,133,402,3060,1563,0.7043,0.1186,0.1054,0.0356,0.2957,0.8036
GASTON,38A,4739,3455,575,32,200,11,168,298,306,3415,3912,2951,465,30,157,199,2923,1284,0.7291,0.1213,0.0646,0.0422,0.2709,0.8255
GASTON,39A,4890,4018,394,21,83,2,70,302,208,3969,3825,3233,279,16,66,135,3198,872,0.8217,0.0806,0.0425,0.017,0.1783,0.7822
GASTON,3A,6102,3850,1395,14,154,2,312,375,599,3746,4878,3229,1022,13,136,403,3160,2252,0.6309,0.2286,0.0982,0.0252,0.3691,0.7994
GASTON,40A,6327,5381,340,33,195,1,68,309,209,5313,4687,4005,274,23,160,116,3973,946,0.8505,0.0537,0.033,0.0308,0.1495,0.7408
GASTON,4A,7483,5079,1046,55,33,2,674,594,1080,4933,5864,4232,794,52,26,647,4155,2404,0.6787,0.1398,0.1443,0.0044,0.3213,0.7836
GASTON,5A,9228,5134,2296,52,68,3,753,922,1478,4933,6999,4101,1697,42,64,968,3988,4094,0.5564,0.2488,0.1602,0.0074,0.4436,0.7585
GASTON,6A,6213,4498,1010,39,36,2,257,371,467,4435,4942,3744,749,31,28,291,3702,1715,0.724,0.1626,0.0752,0.0058,0.276,0.7954
GASTON,7A,3697,2408,883,23,27,1,131,224,255,2365,2879,1981,632,21,17,155,1955,1289,0.6513,0.2388,0.069,0.0073,0.3487,0.7787
GASTON,8A,5839,4583,698,25,32,0,204,297,337,4535,4634,3750,521,20,22,234,3717,1256,0.7849,0.1195,0.0577,0.0055,0.2151,0.7936
GASTON,9A,3512,2978,239,11,13,3,43,225,161,2942,2793,2418,192,9,12,79,2403,534,0.8479,0.0681,0.0458,0.0037,0.1521,0.7953
GATES,1,1884,1062,712,12,0,1,8,89,27,1056,1562,857,636,12,0,10,855,822,0.5637,0.3779,0.0143,0.0,0.4363,0.8291
GATES,2,1375,1083,196,13,6,2,12,63,20,1077,1037,833,153,7,6,9,829,292,0.7876,0.1425,0.0145,0.0044,0.2124,0.7542
GATES,3,2560,1500,881,29,3,4,25,118,49,1487,1987,1153,717,27,2,25,1148,1060,0.5859,0.3441,0.0191,0.0012,0.4141,0.7762
GATES,4N,2116,1478,452,14,8,2,25,137,54,1461,1700,1237,336,12,8,42,1225,638,0.6985,0.2136,0.0255,0.0038,0.3015,0.8034
GATES,4S,1170,617,483,2,2,2,12,52,39,606,937,501,393,2,1,23,497,553,0.5274,0.4128,0.0333,0.0017,0.4726,0.8009
GATES,5,1373,1022,299,1,6,1,5,39,12,1018,1120,820,269,0,6,8,817,351,0.7444,0.2178,0.0087,0.0044,0.2556,0.8157
GRAHAM,EAST,3276,2885,35,139,19,0,71,127,115,2873,2597,2345,22,75,17,75,2336,391,0.8806,0.0107,0.0351,0.0058,0.1194,0.7927
GRAHAM,STEC,1380,1267,2,28,1,2,1,79,27,1262,1170,1093,2,22,1,23,1088,113,0.9181,0.0014,0.0196,0.0007,0.0819,0.8478
GRAHAM,TAPO,515,475,2,18,0,0,0,20,9,474,401,385,2,7,0,2,384,40,0.9223,0.0039,0.0175,0.0,0.0777,0.7786
GRAHAM,WEST,2859,2286,11,405,2,3,25,127,68,2276,2202,1844,10,262,2,33,1842,573,0.7996,0.0038,0.0238,0.0007,0.2004,0.7702
GRANVILLE,ANTI,1254,488,696,8,2,0,27,33,45,480,1059,411,596,8,2,34,407,766,0.3892,0.555,0.0359,0.0016,0.6108,0.8445
GRANVILLE,BERE,2118,1340,596,4,6,3,69,100,100,1331,1737,1120,483,2,6,73,1114,778,0.6327,0.2814,0.0472,0.0028,0.3673,0.8201
GRANVILLE,BTNR,8916,3683,3414,127,25,3,1277,387,1934,3318,7519,3296,3117,91,19,1278,2982,5233,0.4131,0.3829,0.2169,0.0028,0.5869,0.8433
GRANVILLE,CORI,3321,1797,889,29,20,3,449,134,582,1754,2548,1448,703,20,14,352,1430,1524,0.5411,0.2677,0.1752,0.006,0.4589,0.7672
GRANVILLE,CRDL,2849,1126,1484,5,10,2,119,103,167,1106,2270,965,1162,5,10,83,953,1723,0.3952,0.5209,0.0586,0.0035,0.6048,0.7968
GRANVILLE,CRDM,7211,3748,2192,44,109,4,524,590,870,3651,5494,3072,1624,28,88,529,3011,3463,0.5198,0.304,0.1206,0.0151,0.4802,0.7619
GRANVILLE,EAOX,2981,1168,1567,10,24,1,82,129,153,1139,2297,969,1182,7,16,99,951,1813,0.3918,0.5257,0.0513,0.0081,0.6082,0.7705
GRANVILLE,MTEN,6806,4505,1363,42,50,2,351,493,611,4429,5224,3549,1054,37,49,397,3493,2301,0.6619,0.2003,0.0898,0.0073,0.3381,0.7676
GRANVILLE,OKHL,1730,1096,522,10,3,0,36,63,61,1083,1380,855,443,8,1,45,849,634,0.6335,0.3017,0.0353,0.0017,0.3665,0.7977
GRANVILLE,SALM,2370,1479,686,4,24,4,95,78,171,1431,1868,1187,544,4,18,108,1157,891,0.6241,0.2895,0.0722,0.0101,0.3759,0.7882
GRANVILLE,SASS,2558,1696,707,3,6,0,47,99,111,1654,2075,1404,565,3,5,74,1384,862,0.663,0.2764,0.0434,0.0023,0.337,0.8112
GRANVILLE,SOOX,2455,651,1511,3,27,0,146,117,212,631,1907,578,1143,3,16,136,565,1804,0.2652,0.6155,0.0864,0.011,0.7348,0.7768
GRANVILLE,TYHO,6219,4493,996,40,9,3,317,361,530,4398,4852,3612,792,32,9,299,3573,1726,0.7225,0.1602,0.0852,0.0014,0.2775,0.7802
GRANVILLE,WILT,8131,6437,800,39,53,7,265,530,503,6356,6331,5121,626,27,46,331,5075,1694,0.7917,0.0984,0.0619,0.0065,0.2083,0.7786
GRANVILLE,WOEL,2073,872,1012,2,2,4,122,59,161,849,1634,711,803,1,0,102,694,1201,0.4206,0.4882,0.0777,0.001,0.5794,0.7882
GREENE,ARBA,1484,573,693,8,0,2,153,55,203,559,1112,483,502,6,0,108,481,911,0.3861,0.467,0.1368,0.0,0.6139,0.7493
GREENE,BEAR,1299,818,339,4,4,0,85,49,135,796,1011,669,259,4,3,78,659,481,0.6297,0.261,0.1039,0.0031,0.3703,0.7783
GREENE,BULL,1455,714,403,6,0,1,246,85,333,669,1107,567,320,5,0,209,542,741,0.4907,0.277,0.2289,0.0,0.5093,0.7608
GREENE,CAST,1331,824,348,18,1,0,72,68,130,792,1043,664,272,11,1,77,650,507,0.6191,0.2615,0.0977,0.0008,0.3809,0.7836
GREENE,HOOK,1306,614,413,20,1,0,195,63,269,589,967,492,309,9,1,167,477,692,0.4701,0.3162,0.206,0.0008,0.5299,0.7404
GREENE,MAUR,5395,2398,2472,63,10,2,309,141,381,2376,4913,2170,2297,62,10,310,2162,2997,0.4445,0.4582,0.0706,0.0019,0.5555,0.9107
GREENE,SH#1,2527,1225,1039,10,16,2,114,121,203,1200,2011,1020,837,10,12,132,1003,1302,0.4848,0.4112,0.0803,0.0063,0.5152,0.7958
GREENE,SHIN,2431,1305,628,23,2,0,362,111,473,1268,1897,1070,496,20,2,316,1044,1126,0.5368,0.2583,0.1946,0.0008,0.4632,0.7803
GREENE,SUGG,1565,763,480,10,3,5,245,59,313,720,1238,631,408,8,3,194,606,802,0.4875,0.3067,0.2,0.0019,0.5125,0.7911
GREENE,WALS,1677,772,437,23,0,0,314,131,499,689,1282,644,339,15,0,308,586,905,0.4603,0.2606,0.2976,0.0,0.5397,0.7645
GUILFORD,CG1,4100,2566,961,16,153,0,98,306,195,2530,3409,2225,770,13,127,133,2198,1534,0.6259,0.2344,0.0476,0.0373,0.3741,0.8315
GUILFORD,CG2,2848,2119,302,11,177,0,47,192,151,2091,2230,1709,235,6,126,107,1687,729,0.744,0.106,0.053,0.0621,0.256,0.783
GUILFORD,CG3A,2151,1563,296,6,132,0,50,104,127,1537,1813,1371,228,3,111,79,1355,588,0.7266,0.1376,0.059,0.0614,0.2734,0.8429
GUILFORD,CG3B,3503,2414,616,4,217,0,54,198,188,2378,2715,1911,478,4,167,128,1886,1089,0.6891,0.1758,0.0537,0.0619,0.3109,0.775
GUILFORD,FEN1,5076,1786,2690,45,108,3,219,225,367,1730,4091,1499,2191,32,79,230,1479,3290,0.3519,0.5299,0.0723,0.0213,0.6481,0.8059
GUILFORD,FEN2,2507,1934,381,13,33,2,34,110,90,1916,1993,1602,270,12,22,51,1595,573,0.7714,0.152,0.0359,0.0132,0.2286,0.795
GUILFORD,FR1,6902,2898,2449,30,756,3,239,527,616,2765,5728,2571,1954,27,603,474,2476,4004,0.4199,0.3548,0.0892,0.1095,0.5801,0.8299
GUILFORD,FR2,3241,2174,408,10,385,0,43,221,161,2130,2561,1761,318,5,302,104,1731,1067,0.6708,0.1259,0.0497,0.1188,0.3292,0.7902
GUILFORD,FR3,2118,1470,285,3,119,0,38,203,163,1433,1570,1112,220,3,97,99,1092,648,0.6941,0.1346,0.077,0.0562,0.3059,0.7413
GUILFORD,FR4,1884,1426,168,11,81,1,60,137,142,1403,1481,1163,134,10,60,97,1149,458,0.7569,0.0892,0.0754,0.043,0.2431,0.7861
GUILFORD,FR5A,3119,2095,460,6,234,3,62,259,224,2039,2339,1610,361,6,170,148,1573,1024,0.6717,0.1475,0.0718,0.075,0.3283,0.7499
GUILFORD,FR5B,1983,1352,295,4,86,1,51,194,170,1328,1448,1043,190,3,58,109,1032,631,0.6818,0.1488,0.0857,0.0434,0.3182,0.7302
GUILFORD,G01,1756,473,1136,1,61,0,27,58,127,456,1619,422,1066,1,58,120,405,1283,0.2694,0.6469,0.0723,0.0347,0.7306,0.922
GUILFORD,G02,2530,532,1064,10,552,3,230,139,323,501,1850,455,737,5,404,201,435,1998,0.2103,0.4206,0.1277,0.2182,0.7897,0.7312
GUILFORD,G03,3203,251,2207,20,62,3,411,249,610,199,2336,192,1705,7,37,357,165,2952,0.0784,0.689,0.1904,0.0194,0.9216,0.7293
GUILFORD,G04,3457,289,2447,35,100,4,354,228,559,238,2436,211,1797,24,70,313,189,3168,0.0836,0.7078,0.1617,0.0289,0.9164,0.7047
GUILFORD,G05,2295,90,1963,5,50,0,69,118,141,81,1538,77,1308,4,30,96,69,2205,0.0392,0.8553,0.0614,0.0218,0.9608,0.6702
GUILFORD,G06,2152,159,1691,11,50,0,114,127,209,130,1583,103,1337,5,32,89,89,1993,0.0739,0.7858,0.0971,0.0232,0.9261,0.7356
GUILFORD,G07,4108,897,2290,41,412,0,222,246,378,836,3136,819,1688,31,297,230,786,3211,0.2184,0.5574,0.092,0.1003,0.7816,0.7634
GUILFORD,G08,4139,729,2196,25,527,0,403,259,587,666,3043,633,1636,14,345,358,600,3410,0.1761,0.5306,0.1418,0.1273,0.8239,0.7352
GUILFORD,G09,5433,1044,3393,40,237,1,346,372,622,957,3895,878,2367,33,170,383,821,4389,0.1922,0.6245,0.1145,0.0436,0.8078,0.7169
GUILFORD,G10,4878,971,2827,39,223,0,522,296,798,864,3514,809,2010,31,152,479,763,3907,0.1991,0.5795,0.1636,0.0457,0.8009,0.7204
GUILFORD,G11,2107,1633,244,5,64,0,35,126,91,1612,1895,1512,208,2,61,73,1491,474,0.775,0.1158,0.0432,0.0304,0.225,0.8994
GUILFORD,G12,1303,1032,126,12,26,2,25,80,42,1031,1162,951,98,3,26,35,950,271,0.792,0.0967,0.0322,0.02,0.208,0.8918
GUILFORD,G13,1664,1363,149,4,18,2,19,109,64,1355,1473,1218,136,4,16,51,1212,301,0.8191,0.0895,0.0385,0.0108,0.1809,0.8852
GUILFORD,G14,1475,1287,46,1,13,1,14,113,90,1260,1172,1048,37,0,11,58,1023,188,0.8725,0.0312,0.061,0.0088,0.1275,0.7946
GUILFORD,G15,1596,1364,106,9,24,0,26,67,57,1356,1401,1209,88,8,22,40,1205,232,0.8546,0.0664,0.0357,0.015,0.1454,0.8778
GUILFORD,G16,1685,1549,43,3,9,0,11,70,47,1539,1325,1223,30,2,7,31,1219,136,0.9193,0.0255,0.0279,0.0053,0.0807,0.7864
GUILFORD,G17,2126,1748,131,6,73,0,42,126,82,1734,1738,1466,102,2,61,55,1457,378,0.8222,0.0616,0.0386,0.0343,0.1778,0.8175
GUILFORD,G18,1518,1366,35,3,16,2,22,74,50,1357,1234,1125,26,1,16,44,1117,152,0.8999,0.0231,0.0329,0.0105,0.1001,0.8129
GUILFORD,G19,1957,1646,171,7,36,0,25,72,83,1629,1656,1408,150,7,23,60,1393,311,0.8411,0.0874,0.0424,0.0184,0.1589,0.8462
GUILFORD,G20,3239,2605,368,11,64,1,22,168,112,2580,2641,2187,261,8,61,78,2165,634,0.8043,0.1136,0.0346,0.0198,0.1957,0.8154
GUILFORD,G21,5459,2810,1655,27,433,1,197,336,434,2734,4205,2405,1128,21,292,278,2361,2649,0.5147,0.3032,0.0795,0.0793,0.4853,0.7703
GUILFORD,G22,2183,1843,124,5,46,1,34,130,95,1828,1708,1458,101,4,40,64,1451,340,0.8443,0.0568,0.0435,0.0211,0.1557,0.7824
GUILFORD,G23,2102,1323,470,9,107,0,91,102,147,1304,1723,1169,339,5,84,95,1153,779,0.6294,0.2236,0.0699,0.0509,0.3706,0.8197
GUILFORD,G24,2016,1122,585,4,73,0,61,171,112,1115,1705,1014,452,2,59,86,1009,894,0.5565,0.2902,0.0556,0.0362,0.4435,0.8457
GUILFORD,G25,2364,1595,557,7,27,0,30,148,99,1576,1978,1380,448,7,22,77,1369,769,0.6747,0.2356,0.0419,0.0114,0.3253,0.8367
GUILFORD,G26,4643,1903,2003,18,250,2,128,339,358,1824,3539,1597,1444,10,193,228,1545,2740,0.4099,0.4314,0.0771,0.0538,0.5901,0.7622
GUILFORD,G27,3866,2750,703,28,119,2,37,227,143,2721,3104,2283,529,21,103,86,2271,1116,0.7113,0.1818,0.037,0.0308,0.2887,0.8029
GUILFORD,G28,1575,1070,286,4,46,2,44,123,95,1049,1302,920,222,3,37,74,905,505,0.6794,0.1816,0.0603,0.0292,0.3206,0.8267
GUILFORD,G29,2360,1387,649,16,101,0,76,131,163,1344,2040,1284,512,13,85,130,1251,973,0.5877,0.275,0.0691,0.0428,0.4123,0.8644
GUILFORD,G30,2138,1750,110,0,112,0,30,136,77,1741,1755,1475,100,0,80,45,1470,388,0.8185,0.0514,0.036,0.0524,0.1815,0.8209
GUILFORD,G31,1876,1538,143,10,34,1,41,109,67,1528,1549,1307,110,9,25,43,1304,338,0.8198,0.0762,0.0357,0.0181,0.1802,0.8257
GUILFORD,G32,2880,2364,186,1,145,0,34,150,107,2340,2277,1898,143,1,120,63,1887,516,0.8208,0.0646,0.0372,0.0503,0.1792,0.7906
GUILFORD,G33,1975,1775,71,2,39,0,10,78,51,1760,1553,1417,47,2,32,35,1407,200,0.8987,0.0359,0.0258,0.0197,0.1013,0.7863
GUILFORD,G34,2100,1875,91,1,23,0,27,83,58,1862,1681,1521,81,1,18,46,1508,225,0.8929,0.0433,0.0276,0.011,0.1071,0.8005
GUILFORD,G35,1417,1262,33,5,39,0,8,70,36,1252,1157,1050,24,3,30,26,1042,155,0.8906,0.0233,0.0254,0.0275,0.1094,0.8165
GUILFORD,G36,2955,1627,954,15,63,2,132,162,228,1602,2148,1308,601,8,52,147,1287,1328,0.5506,0.3228,0.0772,0.0213,0.4494,0.7269
GUILFORD,G37,4540,1550,2146,33,135,6,254,416,506,1491,3442,1348,1503,25,106,345,1301,2990,0.3414,0.4727,0.1115,0.0297,0.6586,0.7581
GUILFORD,G38,3279,1956,801,24,127,0,100,271,275,1918,2571,1683,535,12,109,170,1653,1323,0.5965,0.2443,0.0839,0.0387,0.4035,0.7841
GUILFORD,G39,2075,1490,270,6,61,0,169,79,146,1476,1821,1305,246,6,51,132,1294,585,0.7181,0.1301,0.0704,0.0294,0.2819,0.8776
GUILFORD,G40A1,2532,1929,239,7,155,1,42,159,108,1906,2069,1611,192,3,126,74,1593,603,0.7618,0.0944,0.0427,0.0612,0.2382,0.8171
GUILFORD,G40A2,1497,924,358,4,69,0,47,95,92,911,1227,831,246,4,49,69,820,573,0.6172,0.2391,0.0615,0.0461,0.3828,0.8196
GUILFORD,G40B,1908,1356,252,14,166,1,16,103,66,1344,1601,1161,217,11,126,59,1149,552,0.7107,0.1321,0.0346,0.087,0.2893,0.8391
GUILFORD,G41A,2279,1447,500,2,72,0,85,173,180,1401,2009,1323,414,2,70,146,1289,832,0.6349,0.2194,0.079,0.0316,0.3651,0.8815
GUILFORD,G41B,2812,1850,340,7,288,2,108,217,232,1795,2333,1595,266,6,226,168,1558,962,0.6579,0.1209,0.0825,0.1024,0.3421,0.8297
GUILFORD,G42A,1913,1351,310,6,61,3,36,146,133,1322,1647,1211,251,2,55,97,1189,562,0.7062,0.162,0.0695,0.0319,0.2938,0.861
GUILFORD,G42B,1124,1009,65,4,9,0,6,31,25,1005,1085,990,54,4,7,22,986,115,0.8977,0.0578,0.0222,0.008,0.1023,0.9653
GUILFORD,G43,4748,1945,1980,32,160,2,259,370,516,1860,3803,1684,1497,31,138,391,1626,2803,0.4096,0.417,0.1087,0.0337,0.5904,0.801
GUILFORD,G44,4432,2396,1483,20,137,3,96,297,288,2305,4226,2287,1463,9,131,259,2196,2036,0.5406,0.3346,0.065,0.0309,0.4594,0.9535
GUILFORD,G45,5902,2794,2209,25,222,2,288,362,619,2631,5790,2744,2180,24,217,606,2581,3108,0.4734,0.3743,0.1049,0.0376,0.5266,0.981
GUILFORD,G46,5550,485,4350,42,58,2,290,323,492,441,3779,407,2947,25,49,299,380,5065,0.0874,0.7838,0.0886,0.0105,0.9126,0.6809
GUILFORD,G47,4677,1630,2075,21,154,5,404,388,699,1524,3844,1449,1692,19,124,464,1379,3047,0.3485,0.4437,0.1495,0.0329,0.6515,0.8219
GUILFORD,G48,5567,2890,1931,40,184,7,227,288,434,2784,5068,2613,1808,37,171,359,2528,2677,0.5191,0.3469,0.078,0.0331,0.4809,0.9104
GUILFORD,G49,2092,701,1038,8,65,0,116,164,211,668,1619,614,762,8,53,148,582,1391,0.3351,0.4962,0.1009,0.0311,0.6649,0.7739
GUILFORD,G50,6148,1261,2959,76,194,5,1050,603,1660,1054,4704,1047,2370,64,158,1040,935,4887,0.2051,0.4813,0.27,0.0316,0.7949,0.7651
GUILFORD,G51,3316,894,1111,36,422,6,434,413,779,803,2540,790,849,31,326,497,740,2422,0.2696,0.335,0.2349,0.1273,0.7304,0.766
GUILFORD,G52,3330,405,2086,33,142,0,456,208,603,371,2590,347,1675,27,105,390,326,2925,0.1216,0.6264,0.1811,0.0426,0.8784,0.7778
GUILFORD,G53,4752,512,3133,59,82,1,609,356,965,375,3550,403,2421,34,60,620,329,4240,0.1077,0.6593,0.2031,0.0173,0.8923,0.7471
GUILFORD,G54,4772,707,3073,28,74,0,581,309,881,603,3558,585,2320,20,51,567,519,4065,0.1482,0.644,0.1846,0.0155,0.8518,0.7456
GUILFORD,G55,3604,592,2239,41,172,0,321,239,506,542,2720,478,1739,33,128,304,452,3012,0.1643,0.6213,0.1404,0.0477,0.8357,0.7547
GUILFORD,G56,2851,507,1020,41,780,3,302,198,466,459,2200,439,817,29,583,317,401,2344,0.1778,0.3578,0.1635,0.2736,0.8222,0.7717
GUILFORD,G57,2857,552,1525,50,217,0,276,237,503,496,2219,496,1207,25,162,328,455,2305,0.1932,0.5338,0.1761,0.076,0.8068,0.7767
GUILFORD,G58,3360,665,1746,42,254,3,367,283,612,601,2624,570,1381,30,199,408,527,2695,0.1979,0.5196,0.1821,0.0756,0.8021,0.781
GUILFORD,G59,2501,502,1130,31,227,3,342,266,610,421,1863,435,857,26,178,361,383,1999,0.2007,0.4518,0.2439,0.0908,0.7993,0.7449
GUILFORD,G60,4188,922,1606,61,363,6,847,383,1315,762,3121,800,1210,47,255,856,699,3266,0.2202,0.3835,0.314,0.0867,0.7798,0.7452
GUILFORD,G61,3717,753,1821,29,272,22,547,273,774,693,2658,603,1279,27,209,472,586,2964,0.2026,0.4899,0.2082,0.0732,0.7974,0.7151
GUILFORD,G62,2574,1178,789,23,139,1,236,208,402,1112,2017,965,615,16,115,269,928,1396,0.4577,0.3065,0.1562,0.054,0.5423,0.7836
GUILFORD,G63,2721,1420,995,5,110,0,76,115,167,1375,2287,1286,786,2,87,120,1248,1301,0.5219,0.3657,0.0614,0.0404,0.4781,0.8405
GUILFORD,G64,4583,1536,2119,43,169,4,320,392,585,1450,3641,1374,1603,30,144,400,1314,3047,0.3352,0.4624,0.1276,0.0369,0.6648,0.7945
GUILFORD,G65,3799,1880,1152,30,276,2,143,316,347,1809,2933,1517,851,21,234,246,1469,1919,0.4949,0.3032,0.0913,0.0727,0.5051,0.772
GUILFORD,G66,3411,1864,825,21,350,0,94,257,281,1827,2628,1494,617,18,265,189,1467,1547,0.5465,0.2419,0.0824,0.1026,0.4535,0.7704
GUILFORD,G67,1905,54,1674,7,16,0,88,66,117,49,1734,46,1527,7,16,105,45,1851,0.0283,0.8787,0.0614,0.0084,0.9717,0.9102
GUILFORD,G68,3286,69,2947,7,4,0,156,103,245,41,3152,57,2865,7,4,203,38,3217,0.021,0.8968,0.0746,0.0012,0.979,0.9592
GUILFORD,G69,3263,733,2132,13,48,3,156,178,297,686,2602,657,1666,8,44,188,625,2530,0.2246,0.6534,0.091,0.0147,0.7754,0.7974
GUILFORD,G70,3739,112,3242,10,39,2,156,178,283,92,3013,88,2646,10,24,216,76,3627,0.03,0.8671,0.0757,0.0104,0.97,0.8058
GUILFORD,G71,3965,127,3185,43,139,0,246,225,371,108,2794,95,2304,30,86,229,84,3838,0.032,0.8033,0.0936,0.0351,0.968,0.7047
GUILFORD,G72,4141,340,2932,27,165,2,462,213,611,280,2991,261,2185,20,111,371,235,3801,0.0821,0.708,0.1475,0.0398,0.9179,0.7223
GUILFORD,G73,2201,124,1754,15,25,4,145,134,212,108,1723,96,1401,12,16,138,87,2077,0.0563,0.7969,0.0963,0.0114,0.9437,0.7828
GUILFORD,G74,2753,96,2346,12,13,0,175,111,253,63,2157,75,1905,8,7,145,51,2657,0.0349,0.8522,0.0919,0.0047,0.9651,0.7835
GUILFORD,G75,2298,226,1730,20,79,2,89,152,201,203,1801,184,1384,15,56,120,179,2072,0.0983,0.7528,0.0875,0.0344,0.9017,0.7837
GUILFORD,GIB,3997,2537,989,24,27,0,146,274,276,2482,3125,2120,710,16,23,178,2087,1460,0.6347,0.2474,0.0691,0.0068,0.3653,0.7818
GUILFORD,GR,3611,3178,140,13,9,4,79,188,146,3159,2925,2612,114,10,7,98,2597,433,0.8801,0.0388,0.0404,0.0025,0.1199,0.81
GUILFORD,H01,4165,1193,1534,59,271,2,677,429,1145,1055,2883,966,1043,38,178,670,897,2972,0.2864,0.3683,0.2749,0.0651,0.7136,0.6922
GUILFORD,H02,2850,1477,713,30,142,3,280,205,481,1419,2289,1321,550,28,99,300,1281,1373,0.5182,0.2502,0.1688,0.0498,0.4818,0.8032
GUILFORD,H03,4062,843,1605,38,609,2,683,282,1015,706,2867,675,1162,28,404,595,609,3219,0.2075,0.3951,0.2499,0.1499,0.7925,0.7058
GUILFORD,H04,4983,1468,1540,59,1119,0,547,250,814,1371,3694,1231,1106,46,794,539,1167,3515,0.2946,0.3091,0.1634,0.2246,0.7054,0.7413
GUILFORD,H05,3868,650,2104,36,405,4,302,367,566,603,2818,558,1547,29,292,339,534,3218,0.168,0.544,0.1463,0.1047,0.832,0.7285
GUILFORD,H06,4379,1911,1403,19,461,0,249,336,464,1847,3304,1593,1007,14,313,296,1554,2468,0.4364,0.3204,0.106,0.1053,0.5636,0.7545
GUILFORD,H07,2622,341,1634,14,70,1,318,244,547,253,1900,268,1249,10,52,304,223,2281,0.1301,0.6232,0.2086,0.0267,0.8699,0.7246
GUILFORD,H08,2496,296,1769,13,101,0,176,141,298,239,1714,240,1220,5,61,177,204,2200,0.1186,0.7087,0.1194,0.0405,0.8814,0.6867
GUILFORD,H09,3432,371,2532,26,87,0,186,230,327,336,2278,277,1678,15,64,198,257,3061,0.1081,0.7378,0.0953,0.0253,0.8919,0.6638
GUILFORD,H10,3222,486,2056,27,289,1,141,222,335,428,2374,387,1540,23,195,213,346,2736,0.1508,0.6381,0.104,0.0897,0.8492,0.7368
GUILFORD,H11,5718,3362,1550,28,123,10,511,134,491,3315,5260,3320,1282,22,107,381,3284,2356,0.588,0.2711,0.0859,0.0215,0.412,0.9199
GUILFORD,H12,2301,848,965,31,78,0,210,169,342,810,1780,745,708,31,54,227,721,1453,0.3685,0.4194,0.1486,0.0339,0.6315,0.7736
GUILFORD,H13,2497,1843,378,8,83,4,53,128,125,1805,2048,1556,302,7,60,92,1526,654,0.7381,0.1514,0.0501,0.0332,0.2619,0.8202
GUILFORD,H14,1824,1387,183,5,109,1,46,93,94,1367,1464,1167,138,3,62,65,1152,437,0.7604,0.1003,0.0515,0.0598,0.2396,0.8026
GUILFORD,H15,3087,1555,963,22,210,0,159,178,309,1512,2430,1326,695,21,155,191,1308,1532,0.5037,0.312,0.1001,0.068,0.4963,0.7872
GUILFORD,H16,2000,1213,378,9,149,1,106,144,197,1184,1592,1020,282,9,126,133,1001,787,0.6065,0.189,0.0985,0.0745,0.3935,0.796
GUILFORD,H17,2395,819,1000,13,127,0,295,141,384,758,1840,733,723,8,97,237,695,1576,0.342,0.4175,0.1603,0.053,0.658,0.7683
GUILFORD,H18,3255,1040,1628,19,204,1,208,155,301,1002,2698,974,1302,15,148,220,942,2215,0.3195,0.5002,0.0925,0.0627,0.6805,0.8289
GUILFORD,H19A,2186,458,1273,11,153,0,171,120,285,416,1706,375,1000,8,107,207,348,1728,0.2095,0.5823,0.1304,0.07,0.7905,0.7804
GUILFORD,H19B,1509,834,427,4,69,0,53,122,148,785,1285,769,344,2,55,99,735,675,0.5527,0.283,0.0981,0.0457,0.4473,0.8516
GUILFORD,H20A,2108,1149,588,17,119,0,96,139,187,1118,1682,995,422,13,87,128,975,959,0.5451,0.2789,0.0887,0.0565,0.4549,0.7979
GUILFORD,H20B,1651,1043,355,5,120,0,40,88,114,1021,1316,896,264,4,72,64,887,608,0.6317,0.215,0.069,0.0727,0.3683,0.7971
GUILFORD,H21,2042,1230,411,14,151,3,113,120,192,1209,1688,1125,303,14,99,130,1110,812,0.6024,0.2013,0.094,0.0739,0.3976,0.8266
GUILFORD,H22,2544,1034,943,11,148,1,225,182,351,994,1947,895,687,7,106,232,867,1510,0.4064,0.3707,0.138,0.0582,0.5936,0.7653
GUILFORD,H23,1977,1359,304,3,120,1,82,108,136,1343,1632,1182,240,3,75,104,1167,618,0.6874,0.1538,0.0688,0.0607,0.3126,0.8255
GUILFORD,H24,3087,1988,540,12,252,0,95,200,239,1938,2504,1688,411,11,194,162,1659,1099,0.644,0.1749,0.0774,0.0816,0.356,0.8111
GUILFORD,H25,4195,2854,664,8,320,7,101,241,235,2807,3354,2332,533,6,251,156,2306,1341,0.6803,0.1583,0.056,0.0763,0.3197,0.7995
GUILFORD,H26,2788,1767,536,6,208,4,86,181,198,1731,2186,1472,393,2,159,128,1453,1021,0.6338,0.1923,0.071,0.0746,0.3662,0.7841
GUILFORD,H27-A,2864,1746,480,20,371,0,89,158,188,1710,2136,1329,350,19,279,125,1308,1118,0.6096,0.1676,0.0656,0.1295,0.3904,0.7458
GUILFORD,H27-B,3167,1685,540,17,542,4,117,262,287,1640,2346,1338,378,13,379,186,1317,1482,0.532,0.1705,0.0906,0.1711,0.468,0.7408
GUILFORD,H28,3824,1975,1100,21,290,5,159,274,348,1915,3103,1653,902,15,222,251,1617,1849,0.5165,0.2877,0.091,0.0758,0.4835,0.8115
GUILFORD,H29A,3384,1647,1036,11,346,2,117,225,286,1597,2723,1361,827,7,279,214,1321,1737,0.4867,0.3061,0.0845,0.1022,0.5133,0.8047
GUILFORD,H29B,4213,2138,1154,27,453,6,174,261,355,2064,3541,1909,932,24,362,271,1860,2075,0.5075,0.2739,0.0843,0.1075,0.4925,0.8405
GUILFORD,JAM1,3342,2463,506,12,94,2,56,209,145,2434,2769,2114,393,6,75,102,2097,879,0.737,0.1514,0.0434,0.0281,0.263,0.8285
GUILFORD,JAM2,2368,1590,429,8,133,0,62,146,144,1564,1916,1353,325,8,91,100,1338,778,0.6715,0.1812,0.0608,0.0562,0.3285,0.8091
GUILFORD,JAM3,2557,1581,411,8,255,1,124,177,247,1529,2035,1318,322,8,204,153,1291,976,0.6183,0.1607,0.0966,0.0997,0.3817,0.7959
GUILFORD,JAM4,3580,2608,414,38,217,0,91,212,245,2547,2993,2269,317,22,170,144,2241,972,0.7285,0.1156,0.0684,0.0606,0.2715,0.836
GUILFORD,JAM5,2479,1713,103,14,347,3,120,179,258,1663,1979,1452,85,14,246,155,1425,766,0.691,0.0415,0.1041,0.14,0.309,0.7983
GUILFORD,JEF1,4802,2376,1703,20,88,1,300,314,524,2325,3634,1947,1206,15,67,335,1919,2426,0.4948,0.3546,0.1091,0.0183,0.5052,0.7568
GUILFORD,JEF2,4802,1706,2324,37,82,5,266,382,533,1652,3468,1418,1572,36,53,335,1382,3096,0.3553,0.484,0.111,0.0171,0.6447,0.7222
GUILFORD,JEF3,5457,1152,3549,41,153,0,235,327,441,1083,4081,948,2629,30,104,262,909,4305,0.2111,0.6504,0.0808,0.028,0.7889,0.7478
GUILFORD,JEF4,2834,1671,797,38,88,0,84,156,196,1635,2214,1376,594,30,67,127,1352,1163,0.5896,0.2812,0.0692,0.0311,0.4104,0.7812
GUILFORD,MON1,4940,1521,2556,48,76,0,417,322,714,1410,3593,1248,1796,32,60,416,1192,3419,0.3079,0.5174,0.1445,0.0154,0.6921,0.7273
GUILFORD,MON2A,5601,1362,3485,38,60,0,302,354,476,1290,4057,1121,2445,31,45,287,1090,4239,0.2432,0.6222,0.085,0.0107,0.7568,0.7243
GUILFORD,MON2B,2403,994,1140,12,33,1,51,172,103,974,1852,796,872,5,29,74,786,1409,0.4136,0.4744,0.0429,0.0137,0.5864,0.7707
GUILFORD,MON3,6375,4514,1079,39,103,0,249,391,476,4424,4766,3494,791,23,78,288,3445,1861,0.7081,0.1693,0.0747,0.0162,0.2919,0.7476
GUILFORD,NCGR1,4374,3651,307,13,139,2,59,203,191,3579,3143,2648,233,7,109,94,2621,723,0.8347,0.0702,0.0437,0.0318,0.1653,0.7186
GUILFORD,NCGR2,3393,2836,202,7,95,3,38,212,168,2798,2474,2104,154,6,65,112,2077,557,0.8358,0.0595,0.0495,0.028,0.1642,0.7291
GUILFORD,NCLAY1,3188,2178,695,11,62,0,71,171,129,2156,2517,1800,509,11,48,79,1788,1010,0.6832,0.218,0.0405,0.0194,0.3168,0.7895
GUILFORD,NCLAY2,1740,1493,95,16,33,0,24,79,66,1471,1468,1277,81,12,26,46,1260,247,0.858,0.0546,0.0379,0.019,0.142,0.8437
GUILFORD,NDRI,3981,3085,201,22,287,1,126,259,275,3039,2957,2383,140,13,184,167,2358,896,0.7749,0.0505,0.0691,0.0721,0.2251,0.7428
GUILFORD,NMAD,4123,2006,1486,15,99,9,221,287,385,1961,3148,1628,1104,15,71,242,1607,2117,0.4865,0.3604,0.0934,0.024,0.5135,0.7635
GUILFORD,NWASH,1742,1502,111,8,1,0,40,80,74,1492,1395,1236,74,8,1,41,1228,240,0.8622,0.0637,0.0425,0.0006,0.1378,0.8008
GUILFORD,OR1,5243,4164,242,16,385,0,104,332,274,4110,3855,3150,187,10,236,180,3120,1079,0.7942,0.0462,0.0523,0.0734,0.2058,0.7353
GUILFORD,OR2,3444,2739,165,8,268,0,66,198,165,2703,2549,2040,139,5,199,106,2026,705,0.7953,0.0479,0.0479,0.0778,0.2047,0.7401
GUILFORD,PG1,2800,1784,627,23,15,2,166,183,285,1732,2143,1452,453,18,9,165,1424,1016,0.6371,0.2239,0.1018,0.0054,0.3629,0.7654
GUILFORD,PG2,3424,2891,301,18,21,3,69,121,129,2864,2848,2450,253,17,16,80,2433,533,0.8443,0.0879,0.0377,0.0061,0.1557,0.8318
GUILFORD,RC1,5037,2786,1725,14,88,0,106,318,222,2752,3913,2259,1320,11,65,147,2239,2251,0.5531,0.3425,0.0441,0.0175,0.4469,0.7769
GUILFORD,RC2,8520,4831,2510,32,189,0,379,579,634,4710,6342,3836,1784,25,151,389,3770,3689,0.567,0.2946,0.0744,0.0222,0.433,0.7444
GUILFORD,SCLAY,2646,2365,95,19,10,1,46,110,95,2344,2183,1960,85,16,8,59,1948,281,0.8938,0.0359,0.0359,0.0038,0.1062,0.825
GUILFORD,SDRI,8139,5199,1012,29,1196,7,182,514,458,5112,6195,4177,730,20,824,305,4125,2940,0.6388,0.1243,0.0563,0.1469,0.3612,0.7612
GUILFORD,SF1,4711,3670,253,9,285,2,173,319,353,3605,3423,2739,196,8,197,195,2703,1041,0.779,0.0537,0.0749,0.0605,0.221,0.7266
GUILFORD,SF2,2230,1926,69,15,31,3,52,134,135,1909,1729,1534,54,11,22,74,1522,304,0.8637,0.0309,0.0605,0.0139,0.1363,0.7753
GUILFORD,SF3,4438,2626,380,9,1075,0,87,261,227,2587,3366,2172,290,5,652,154,2147,1812,0.5917,0.0856,0.0511,0.2422,0.4083,0.7584
GUILFORD,SF4,5003,3697,405,4,509,2,86,300,262,3648,3667,2804,283,1,339,170,2771,1306,0.739,0.081,0.0524,0.1017,0.261,0.733
GUILFORD,SMAD,3655,2293,912,16,21,0,160,253,298,2243,2947,1915,724,15,14,207,1882,1362,0.6274,0.2495,0.0815,0.0057,0.3726,0.8063
GUILFORD,STOK,5883,4999,278,29,134,2,136,305,326,4936,4423,3799,225,28,102,194,3769,884,0.8497,0.0473,0.0554,0.0228,0.1503,0.7518
GUILFORD,SUM1,3368,1048,1700,24,150,1,206,239,362,1012,2650,914,1330,18,104,244,887,2320,0.3112,0.5048,0.1075,0.0445,0.6888,0.7868
GUILFORD,SUM2,3568,1296,1698,45,90,1,209,229,373,1252,2718,1086,1244,33,71,239,1061,2272,0.3632,0.4759,0.1045,0.0252,0.6368,0.7618
GUILFORD,SUM3,1922,1415,112,22,7,0,217,149,356,1359,1494,1164,89,17,5,208,1137,507,0.7362,0.0583,0.1852,0.0036,0.2638,0.7773
GUILFORD,SUM4,2637,2319,74,19,11,0,73,141,131,2298,2160,1944,49,15,11,80,1933,318,0.8794,0.0281,0.0497,0.0042,0.1206,0.8191
GUILFORD,SWASH,1323,1100,100,10,8,0,48,57,67,1093,1064,902,81,8,6,33,899,223,0.8314,0.0756,0.0506,0.006,0.1686,0.8042
HALIFAX,BUTWD,521,209,262,18,1,0,5,26,21,205,443,175,234,16,1,14,173,312,0.4012,0.5029,0.0403,0.0019,0.5988,0.8503
HALIFAX,CONC,383,121,236,5,0,1,11,9,21,117,331,106,205,5,0,14,105,262,0.3159,0.6162,0.0548,0.0,0.6841,0.8642
HALIFAX,ENF 2,1682,222,1376,13,0,1,26,44,31,222,1308,177,1075,11,0,15,177,1460,0.132,0.8181,0.0184,0.0,0.868,0.7776
HALIFAX,ENF1,2626,463,2035,25,2,1,39,61,47,459,2150,414,1647,17,0,28,413,2163,0.1763,0.7749,0.0179,0.0008,0.8237,0.8187
HALIFAX,FAUCT,1575,902,591,7,7,0,21,47,30,897,1342,791,499,4,7,18,786,673,0.5727,0.3752,0.019,0.0044,0.4273,0.8521
HALIFAX,HAL,2774,698,1931,15,3,0,69,58,79,695,2490,650,1708,15,2,71,650,2076,0.2516,0.6961,0.0285,0.0011,0.7484,0.8976
HALIFAX,HOL,2888,252,1131,1304,3,1,35,162,62,242,2291,212,905,1048,3,38,205,2636,0.0873,0.3916,0.0215,0.001,0.9127,0.7933
HALIFAX,HPR,1380,570,694,5,0,0,73,38,94,547,1147,471,603,2,0,57,459,810,0.413,0.5029,0.0681,0.0,0.587,0.8312
HALIFAX,LIT,3477,1685,1621,35,11,0,45,80,72,1671,2955,1523,1326,25,10,39,1515,1792,0.4846,0.4662,0.0207,0.0032,0.5154,0.8499
HALIFAX,RINGW,1609,199,1256,60,2,0,30,62,35,199,1292,175,1014,36,2,29,175,1410,0.1237,0.7806,0.0218,0.0012,0.8763,0.803
HALIFAX,RR 10,3472,1952,1229,18,119,1,36,117,106,1921,2809,1614,984,13,96,73,1589,1520,0.5622,0.354,0.0305,0.0343,0.4378,0.809
HALIFAX,RR 11,3569,2135,1194,31,13,0,73,123,136,2114,2755,1743,861,24,13,75,1736,1434,0.5982,0.3345,0.0381,0.0036,0.4018,0.7719
HALIFAX,RR1-2,1974,1145,662,15,13,1,44,94,107,1125,1481,901,459,14,12,65,895,829,0.58,0.3354,0.0542,0.0066,0.42,0.7503
HALIFAX,RR3-4,3075,2316,486,24,40,1,65,143,135,2284,2302,1820,308,11,31,74,1808,759,0.7532,0.158,0.0439,0.013,0.2468,0.7486
HALIFAX,RR7-9,5482,1697,3439,24,1,1,99,221,172,1679,4283,1468,2582,18,0,110,1464,3785,0.3096,0.6273,0.0314,0.0002,0.6904,0.7813
HALIFAX,RRCE,4653,2816,1476,40,49,1,90,181,164,2789,3578,2265,1081,33,33,112,2245,1837,0.6052,0.3172,0.0352,0.0105,0.3948,0.769
HALIFAX,SN,2985,736,2123,7,7,0,48,64,72,730,2438,644,1706,5,3,56,639,2249,0.2466,0.7112,0.0241,0.0023,0.7534,0.8168
HALIFAX,WEL 3,2817,831,1884,11,10,0,24,57,30,824,2295,737,1477,10,9,15,735,1986,0.295,0.6688,0.0106,0.0035,0.705,0.8147
HALIFAX,WEL1-2,1962,386,1469,11,3,2,21,70,40,381,1494,335,1076,10,3,35,332,1576,0.1967,0.7487,0.0204,0.0015,0.8033,0.7615
HARNETT,PR08,11588,7366,1552,100,73,5,1502,990,2486,7033,8787,5866,1205,83,65,1561,5665,4222,0.6357,0.1339,0.2145,0.0063,0.3643,0.7583
HARNETT,PR23,8819,5975,1246,78,36,9,892,583,1393,5767,6665,4698,938,55,26,884,4576,2844,0.6775,0.1413,0.158,0.0041,0.3225,0.7558
HARNETT,PR24,11090,7540,1356,99,61,6,1280,748,2050,7130,8304,5953,979,81,49,1241,5736,3550,0.6799,0.1223,0.1849,0.0055,0.3201,0.7488
HARNETT,PR25,4927,2322,1944,72,39,1,287,262,472,2244,3790,1919,1466,57,32,265,1876,2605,0.4713,0.3946,0.0958,0.0079,0.5287,0.7692
HARNETT,PR26,6206,4340,982,90,15,8,426,345,726,4175,4939,3604,771,82,10,449,3508,1866,0.6993,0.1582,0.117,0.0024,0.3007,0.7958
HARNETT,PR28,8924,6798,937,63,42,10,446,628,932,6606,6898,5421,695,54,32,575,5313,2126,0.7618,0.105,0.1044,0.0047,0.2382,0.773
HARNETT,PR29,6817,4135,1826,84,40,1,344,387,584,4051,5371,3486,1373,65,30,346,3441,2682,0.6066,0.2679,0.0857,0.0059,0.3934,0.7879
HARNETT,PR32,8227,5923,1209,71,131,7,477,409,838,5744,6946,5163,1041,49,116,568,5023,2304,0.7199,0.147,0.1019,0.0159,0.2801,0.8443
HARNETT,PR33,11984,7245,2337,100,137,33,788,1344,1749,6861,8359,5269,1644,69,101,1000,5084,4739,0.6046,0.195,0.1459,0.0114,0.3954,0.6975
HARNETT,PR34,12222,6936,2680,119,322,39,654,1472,1782,6475,8289,4942,1814,80,265,1038,4693,5286,0.5675,0.2193,0.1458,0.0263,0.4325,0.6782
HARNETT,PR35,5559,3631,989,61,63,15,216,584,554,3501,4107,2795,718,44,43,345,2712,1928,0.6532,0.1779,0.0997,0.0113,0.3468,0.7388
HARNETT,PR36,11396,5926,3270,138,236,42,582,1202,1489,5525,7781,4233,2198,98,196,870,4011,5470,0.52,0.2869,0.1307,0.0207,0.48,0.6828
HARNETT,PR37,15632,8839,3295,211,242,77,1031,1937,2821,8075,9967,5907,2158,136,158,1521,5525,6793,0.5654,0.2108,0.1805,0.0155,0.4346,0.6376
HARNETT,PR38,3542,1484,1659,65,12,8,99,215,229,1422,2774,1186,1327,47,8,153,1147,2058,0.419,0.4684,0.0647,0.0034,0.581,0.7832
HARNETT,PR39,6001,3003,2011,58,43,10,435,441,712,2900,4648,2355,1634,43,35,484,2308,2998,0.5004,0.3351,0.1186,0.0072,0.4996,0.7745
HAYWOOD,AC,3116,2769,23,24,27,0,90,183,176,2723,2600,2359,16,22,26,119,2327,347,0.8886,0.0074,0.0565,0.0087,0.1114,0.8344
HAYWOOD,BC,58,42,3,1,0,0,1,11,9,40,48,35,2,0,0,8,33,16,0.7241,0.0517,0.1552,0.0,0.2759,0.8276
HAYWOOD,BE1,1992,1794,29,19,6,0,36,108,89,1762,1559,1418,25,14,6,44,1404,198,0.9006,0.0146,0.0447,0.003,0.0994,0.7826
HAYWOOD,BE2,1692,1524,12,10,0,0,35,111,100,1503,1365,1247,11,9,0,62,1238,168,0.9007,0.0071,0.0591,0.0,0.0993,0.8067
HAYWOOD,BE3,2750,2524,20,20,17,0,39,130,137,2479,2226,2058,18,15,13,82,2040,226,0.9178,0.0073,0.0498,0.0062,0.0822,0.8095
HAYWOOD,BE4,2294,2156,14,5,11,0,29,79,87,2125,1867,1775,12,4,11,60,1750,138,0.9398,0.0061,0.0379,0.0048,0.0602,0.8139
HAYWOOD,BE5-6,2603,2251,135,14,9,0,41,153,91,2229,2069,1829,115,14,3,54,1813,352,0.8648,0.0519,0.035,0.0035,0.1352,0.7949
HAYWOOD,BE7,1620,1494,22,12,7,0,21,64,44,1469,1310,1208,17,12,5,31,1193,126,0.9222,0.0136,0.0272,0.0043,0.0778,0.8086
HAYWOOD,CE,471,450,1,2,0,0,3,15,7,447,409,398,1,2,0,3,396,21,0.9554,0.0021,0.0149,0.0,0.0446,0.8684
HAYWOOD,CLN,3168,2811,29,19,22,0,84,203,198,2774,2420,2198,21,9,18,115,2178,357,0.8873,0.0092,0.0625,0.0069,0.1127,0.7639
HAYWOOD,CLS,3705,3288,73,32,19,1,101,191,208,3241,2871,2587,51,25,14,131,2554,417,0.8874,0.0197,0.0561,0.0051,0.1126,0.7749
HAYWOOD,CR,1934,1818,0,4,5,0,22,85,42,1810,1567,1493,0,0,5,28,1485,116,0.94,0.0,0.0217,0.0026,0.06,0.8102
HAYWOOD,EF,1724,1548,2,9,9,0,67,89,125,1518,1379,1256,2,9,9,84,1233,176,0.8979,0.0012,0.0725,0.0052,0.1021,0.7999
HAYWOOD,FC-1,946,894,0,5,2,0,4,41,28,880,799,767,0,3,2,17,756,52,0.945,0.0,0.0296,0.0021,0.055,0.8446
HAYWOOD,FC-2,192,179,0,2,0,0,2,9,8,178,166,159,0,1,0,6,158,13,0.9323,0.0,0.0417,0.0,0.0677,0.8646
HAYWOOD,HA,1551,1307,38,20,14,0,63,109,116,1284,1293,1129,37,11,4,83,1107,244,0.8427,0.0245,0.0748,0.009,0.1573,0.8337
HAYWOOD,ID,1247,1161,5,8,3,0,20,50,33,1155,1026,967,3,1,3,21,963,86,0.931,0.004,0.0265,0.0024,0.069,0.8228
HAYWOOD,IH,4835,4366,31,30,54,0,63,291,189,4332,4269,3907,20,21,42,147,3882,469,0.903,0.0064,0.0391,0.0112,0.097,0.8829
HAYWOOD,JC,4433,4116,19,19,18,0,100,161,223,4052,3771,3526,9,14,15,161,3485,317,0.9285,0.0043,0.0503,0.0041,0.0715,0.8507
HAYWOOD,LJ,2439,2258,15,14,24,0,18,110,82,2238,2066,1942,14,2,23,51,1930,181,0.9258,0.0062,0.0336,0.0098,0.0742,0.8471
HAYWOOD,P,3729,3494,10,10,14,0,75,126,130,3460,3042,2888,7,10,11,85,2862,235,0.937,0.0027,0.0349,0.0038,0.063,0.8158
HAYWOOD,PC,1670,1582,10,2,0,0,19,57,33,1578,1319,1269,7,2,0,23,1268,88,0.9473,0.006,0.0198,0.0,0.0527,0.7898
HAYWOOD,SA,2821,2570,18,20,10,0,59,144,116,2537,2344,2170,13,16,8,63,2153,251,0.911,0.0064,0.0411,0.0035,0.089,0.8309
HAYWOOD,WC,1075,920,36,13,16,0,39,51,74,901,907,778,36,9,14,61,761,155,0.8558,0.0335,0.0688,0.0149,0.1442,0.8437
HAYWOOD,WE,1946,1799,5,8,18,0,61,55,88,1781,1614,1513,5,7,15,60,1499,147,0.9245,0.0026,0.0452,0.0092,0.0755,0.8294
HAYWOOD,WO,409,390,1,4,2,0,2,10,7,385,338,324,1,3,0,1,323,19,0.9535,0.0024,0.0171,0.0049,0.0465,0.8264
HAYWOOD,WS-1,2783,2541,35,13,28,0,25,141,123,2481,2374,2200,32,12,17,85,2159,242,0.913,0.0126,0.0442,0.0101,0.087,0.853
HAYWOOD,WS-2,2529,2243,48,18,19,0,67,134,147,2209,2076,1880,46,14,12,92,1854,286,0.8869,0.019,0.0581,0.0075,0.1131,0.8209
HAYWOOD,WW,2357,2151,29,6,16,0,44,111,119,2114,1997,1840,29,6,16,84,1811,206,0.9126,0.0123,0.0505,0.0068,0.0874,0.8473
HENDERSON,AR,2340,1716,30,18,37,24,340,175,544,1649,1873,1451,25,10,25,366,1414,624,0.7333,0.0128,0.2325,0.0158,0.2667,0.8004
HENDERSON,AT,3807,3440,55,8,17,10,62,215,134,3414,3299,3024,35,8,16,110,3004,367,0.9036,0.0144,0.0352,0.0045,0.0964,0.8666
HENDERSON,BC,1230,1076,27,11,8,2,33,73,72,1062,1008,916,13,7,4,41,907,154,0.8748,0.022,0.0585,0.0065,0.1252,0.8195
HENDERSON,BK,2442,1653,214,13,141,10,205,206,338,1610,1705,1148,169,10,111,225,1121,789,0.6769,0.0876,0.1384,0.0577,0.3231,0.6982
HENDERSON,CB,1688,1539,18,5,8,3,24,91,59,1522,1354,1234,9,4,6,42,1227,149,0.9117,0.0107,0.035,0.0047,0.0883,0.8021
HENDERSON,CC,6120,4952,208,34,89,35,388,414,860,4696,5061,4248,160,28,67,589,4072,1168,0.8092,0.034,0.1405,0.0145,0.1908,0.827
HENDERSON,ED,4226,3427,53,12,17,5,403,309,719,3296,3375,2823,51,10,14,468,2744,799,0.8109,0.0125,0.1701,0.004,0.1891,0.7986
HENDERSON,EF,4947,3144,200,53,46,98,959,447,1548,2962,3845,2553,147,32,42,1074,2448,1803,0.6355,0.0404,0.3129,0.0093,0.3645,0.7772
HENDERSON,ES,3026,2629,42,17,27,2,108,201,229,2582,2478,2207,31,17,22,152,2173,397,0.8688,0.0139,0.0757,0.0089,0.1312,0.8189
HENDERSON,EV,3339,2915,48,7,45,3,76,245,222,2873,2757,2456,40,7,35,141,2433,424,0.873,0.0144,0.0665,0.0135,0.127,0.8257
HENDERSON,FL,6262,4889,346,42,172,5,280,528,668,4788,4997,4039,285,28,133,438,3979,1373,0.7807,0.0553,0.1067,0.0275,0.2193,0.798
HENDERSON,FR,3365,3170,23,8,16,6,22,120,91,3148,3067,2912,16,7,16,73,2895,195,0.9421,0.0068,0.027,0.0048,0.0579,0.9114
HENDERSON,GM,1858,1387,75,17,44,13,188,134,302,1356,1478,1125,58,13,31,211,1112,471,0.7465,0.0404,0.1625,0.0237,0.2535,0.7955
HENDERSON,GR,3326,3058,10,11,11,7,51,178,170,3018,2690,2500,9,11,10,111,2472,268,0.9194,0.003,0.0511,0.0033,0.0806,0.8088
HENDERSON,HC,4383,3807,115,24,75,1,107,254,269,3741,3415,3009,98,11,61,164,2972,576,0.8686,0.0262,0.0614,0.0171,0.1314,0.7791
HENDERSON,HS,3098,2741,55,3,8,11,122,158,216,2699,2601,2350,38,3,8,139,2326,357,0.8848,0.0178,0.0697,0.0026,0.1152,0.8396
HENDERSON,HV-1,3067,2590,110,4,22,21,154,166,268,2560,2652,2309,99,3,20,184,2288,477,0.8445,0.0359,0.0874,0.0072,0.1555,0.8647
HENDERSON,HV-2,4763,3089,515,29,52,40,661,377,1003,2996,3865,2702,389,27,44,651,2649,1674,0.6485,0.1081,0.2106,0.0109,0.3515,0.8115
HENDERSON,HV-3,3529,2817,253,16,25,13,203,202,386,2724,2946,2473,196,8,18,256,2403,712,0.7982,0.0717,0.1094,0.0071,0.2018,0.8348
HENDERSON,LJ,2356,2193,5,0,23,1,23,111,68,2178,1990,1873,4,0,21,55,1861,163,0.9308,0.0021,0.0289,0.0098,0.0692,0.8447
HENDERSON,LP,2007,1880,15,2,14,3,21,72,48,1874,1773,1680,10,1,14,35,1677,127,0.9367,0.0075,0.0239,0.007,0.0633,0.8834
HENDERSON,MG,1896,1317,49,29,23,20,258,200,510,1263,1497,1076,36,23,18,362,1048,579,0.6946,0.0258,0.269,0.0121,0.3054,0.7896
HENDERSON,NB,6897,4667,138,23,50,66,1332,621,2114,4317,5212,3754,113,16,36,1341,3550,2230,0.6767,0.02,0.3065,0.0072,0.3233,0.7557
HENDERSON,NE,3088,2299,166,23,71,14,239,276,481,2207,2443,1907,123,17,61,313,1855,789,0.7445,0.0538,0.1558,0.023,0.2555,0.7911
HENDERSON,NM,3948,3474,61,7,37,21,134,214,259,3441,3106,2778,47,7,32,181,2755,474,0.8799,0.0155,0.0656,0.0094,0.1201,0.7867
HENDERSON,NW,2921,2346,74,14,34,8,278,167,410,2296,2381,1955,63,13,28,301,1923,575,0.8031,0.0253,0.1404,0.0116,0.1969,0.8151
HENDERSON,PR,3831,3244,112,10,53,7,194,211,328,3184,3210,2745,96,9,45,257,2699,587,0.8468,0.0292,0.0856,0.0138,0.1532,0.8379
HENDERSON,PV,2523,2257,41,5,19,0,75,126,155,2224,2136,1952,30,3,18,104,1930,266,0.8946,0.0163,0.0614,0.0075,0.1054,0.8466
HENDERSON,RG,3257,2718,55,10,39,24,210,201,339,2687,2583,2230,46,7,22,224,2207,539,0.8345,0.0169,0.1041,0.012,0.1655,0.7931
HENDERSON,RR,1250,1122,8,6,4,2,10,98,56,1102,1078,971,7,6,3,42,957,128,0.8976,0.0064,0.0448,0.0032,0.1024,0.8624
HENDERSON,SB,4535,3558,59,44,24,57,471,322,841,3417,3599,2966,41,37,20,528,2879,977,0.7846,0.013,0.1854,0.0053,0.2154,0.7936
HENDERSON,SE,2618,1635,87,24,28,47,542,255,816,1576,2116,1422,73,18,24,569,1388,983,0.6245,0.0332,0.3117,0.0107,0.3755,0.8083
HENDERSON,SM,4917,4439,47,20,27,39,92,253,251,4371,3952,3626,34,20,24,172,3582,478,0.9028,0.0096,0.051,0.0055,0.0972,0.8037
HENDERSON,SW,3432,2974,74,16,41,11,129,187,225,2925,2892,2563,52,12,37,157,2536,458,0.8666,0.0216,0.0656,0.0119,0.1334,0.8427
HERTFORD,A1,3093,1033,1830,45,46,1,31,107,51,1026,2439,924,1356,34,32,33,917,2060,0.334,0.5917,0.0165,0.0149,0.666,0.7886
HERTFORD,A2,2996,1077,1742,17,27,0,39,94,71,1069,2303,905,1275,17,19,48,900,1919,0.3595,0.5814,0.0237,0.009,0.6405,0.7687
HERTFORD,A3,1551,139,1319,21,2,0,11,59,26,134,1202,108,1032,20,0,17,103,1412,0.0896,0.8504,0.0168,0.0013,0.9104,0.775
HERTFORD,BR,440,97,321,4,0,0,3,15,4,97,376,88,271,4,0,4,88,343,0.2205,0.7295,0.0091,0.0,0.7795,0.8545
HERTFORD,CM,595,363,188,0,4,0,8,32,17,356,497,295,165,0,4,16,289,232,0.6101,0.316,0.0286,0.0067,0.3899,0.8353
HERTFORD,CO,668,180,453,12,0,0,3,20,13,176,544,156,360,12,0,5,156,488,0.2695,0.6781,0.0195,0.0,0.7305,0.8144
HERTFORD,HV,1050,491,494,9,0,0,12,44,17,489,843,418,385,8,0,7,418,559,0.4676,0.4705,0.0162,0.0,0.5324,0.8029
HERTFORD,M1,4137,1247,2517,18,28,0,190,137,323,1184,3464,1101,2077,14,26,279,1044,2890,0.3014,0.6084,0.0781,0.0068,0.6986,0.8373
HERTFORD,M2,1409,494,804,8,0,0,68,35,76,488,1183,435,679,4,0,50,431,915,0.3506,0.5706,0.0539,0.0,0.6494,0.8396
HERTFORD,ML,807,576,143,9,2,0,13,64,22,574,644,474,104,6,2,15,473,231,0.7138,0.1772,0.0273,0.0025,0.2862,0.798
HERTFORD,SJ,942,312,580,4,0,1,10,35,19,306,781,266,473,4,0,12,264,630,0.3312,0.6157,0.0202,0.0,0.6688,0.8291
HERTFORD,UN,1062,355,611,4,0,0,43,49,51,350,854,313,477,3,0,36,309,707,0.3343,0.5753,0.048,0.0,0.6657,0.8041
HERTFORD,WN,2678,1229,1299,55,14,1,34,46,888,443,2402,1163,1113,48,14,880,378,1449,0.4589,0.4851,0.3316,0.0052,0.5411,0.8969
HOKE,01,786,99,145,394,8,5,70,65,108,85,581,72,105,310,7,61,62,687,0.126,0.1845,0.1374,0.0102,0.874,0.7392
HOKE,02,3480,621,712,1618,2,14,280,233,400,593,2553,513,525,1211,2,247,495,2859,0.1784,0.2046,0.1149,0.0006,0.8216,0.7336
HOKE,03,1465,377,440,360,2,3,175,108,254,354,1111,300,366,263,2,164,284,1088,0.2573,0.3003,0.1734,0.0014,0.7427,0.7584
HOKE,04,1396,754,384,83,21,6,25,123,64,749,1145,626,321,70,14,45,623,642,0.5401,0.2751,0.0458,0.015,0.4599,0.8202
HOKE,05,2440,1267,667,140,17,10,107,232,236,1221,1917,1042,530,119,15,158,1013,1173,0.5193,0.2734,0.0967,0.007,0.4807,0.7857
HOKE,06B,7640,3792,2055,82,161,60,504,986,1272,3491,5156,2610,1475,60,133,730,2440,3848,0.4963,0.269,0.1665,0.0211,0.5037,0.6749
HOKE,12,6259,3505,1430,190,83,23,336,692,821,3293,4508,2637,1036,146,63,495,2519,2754,0.56,0.2285,0.1312,0.0133,0.44,0.7202
HOKE,13,2014,1019,413,282,41,5,114,140,188,986,1569,829,327,220,36,111,809,995,0.506,0.2051,0.0933,0.0204,0.494,0.779
HOKE,14,8561,3249,3269,137,155,37,661,1053,1488,2954,5819,2260,2300,92,116,942,2095,5312,0.3795,0.3818,0.1738,0.0181,0.6205,0.6797
HOKE,15,4688,1899,1718,101,98,11,327,534,675,1756,3303,1405,1229,81,75,438,1300,2789,0.4051,0.3665,0.144,0.0209,0.5949,0.7046
HOKE,61,2050,709,896,129,12,0,161,143,281,675,1631,600,755,100,10,159,588,1341,0.3459,0.4371,0.1371,0.0059,0.6541,0.7956
HOKE,62,1458,546,583,88,16,1,66,158,198,522,1070,450,386,66,14,138,439,912,0.3745,0.3999,0.1358,0.011,0.6255,0.7339
HOKE,63,5842,1704,2316,231,98,30,735,728,1323,1562,4117,1280,1725,143,72,787,1198,4138,0.2917,0.3964,0.2265,0.0168,0.7083,0.7047
HOKE,64,3344,1488,1170,220,36,8,131,291,324,1427,2470,1155,907,155,30,192,1120,1856,0.445,0.3499,0.0969,0.0108,0.555,0.7386
HOKE,65,701,43,568,8,0,0,38,44,55,40,556,31,478,3,0,29,29,658,0.0613,0.8103,0.0785,0.0,0.9387,0.7932
HYDE,BM,466,401,13,0,0,0,27,25,48,398,358,317,8,0,0,29,314,65,0.8605,0.0279,0.103,0.0,0.1395,0.7682
HYDE,ENG,783,455,224,2,0,0,53,49,68,454,586,362,170,2,0,40,361,328,0.5811,0.2861,0.0868,0.0,0.4189,0.7484
HYDE,FF,960,424,451,7,7,2,27,42,44,417,861,375,417,7,7,26,375,536,0.4417,0.4698,0.0458,0.0073,0.5583,0.8969
HYDE,LL,540,267,201,0,0,0,50,22,63,260,473,236,183,0,0,54,229,273,0.4944,0.3722,0.1167,0.0,0.5056,0.8759
HYDE,OCK,797,696,4,0,0,0,43,54,85,694,657,593,4,0,0,50,593,101,0.8733,0.005,0.1066,0.0,0.1267,0.8243
HYDE,SLAD,392,260,119,0,0,0,2,11,7,258,323,201,112,0,0,4,201,132,0.6633,0.3036,0.0179,0.0,0.3367,0.824
HYDE,SQ,651,453,157,1,0,0,14,26,32,447,527,369,133,1,0,20,367,198,0.6959,0.2412,0.0492,0.0,0.3041,0.8095
IREDELL,BA-1,7627,6199,596,49,73,5,224,481,516,6090,5908,4910,476,33,62,311,4846,1428,0.8128,0.0781,0.0677,0.0096,0.1872,0.7746
IREDELL,BE,7392,5629,793,28,125,1,334,482,672,5476,5732,4543,567,24,92,452,4435,1763,0.7615,0.1073,0.0909,0.0169,0.2385,0.7754
IREDELL,CC1,10018,7598,1107,41,169,5,354,744,759,7444,7139,5633,735,27,120,445,5550,2420,0.7584,0.1105,0.0758,0.0169,0.2416,0.7126
IREDELL,CC2,10402,7045,1736,57,313,3,455,793,972,6863,7733,5450,1238,40,221,613,5353,3357,0.6773,0.1669,0.0934,0.0301,0.3227,0.7434
IREDELL,CC3-1,14247,10737,1537,49,221,11,497,1195,1144,10501,10459,8132,1074,41,163,757,7982,3510,0.7536,0.1079,0.0803,0.0155,0.2464,0.7341
IREDELL,CC4-1,6375,5203,252,20,331,3,167,399,396,5113,4865,4081,190,14,210,260,4023,1172,0.8162,0.0395,0.0621,0.0519,0.1838,0.7631
IREDELL,CD,7046,5534,628,34,126,0,346,378,637,5418,5578,4500,489,26,94,436,4424,1512,0.7854,0.0891,0.0904,0.0179,0.2146,0.7917
IREDELL,CH-A,3710,2511,625,19,97,2,186,270,389,2484,2993,2114,505,19,67,243,2102,1199,0.6768,0.1685,0.1049,0.0261,0.3232,0.8067
IREDELL,CH-B,4956,3594,377,17,57,3,462,446,789,3498,3872,2905,305,15,50,503,2859,1362,0.7252,0.0761,0.1592,0.0115,0.2748,0.7813
IREDELL,CS,3945,2956,372,26,69,1,298,223,479,2886,3071,2375,327,23,59,268,2340,989,0.7493,0.0943,0.1214,0.0175,0.2507,0.7785
IREDELL,DV1A1A,5881,5013,211,18,170,6,134,329,307,4937,4503,3915,158,16,117,208,3872,868,0.8524,0.0359,0.0522,0.0289,0.1476,0.7657
IREDELL,DV1B-1,12685,11188,221,34,334,13,128,767,593,11033,9625,8632,168,27,227,391,8536,1497,0.882,0.0174,0.0467,0.0263,0.118,0.7588
IREDELL,DV2A-1,8857,6879,601,34,351,5,433,554,771,6768,7058,5639,438,31,280,544,5556,1978,0.7767,0.0679,0.087,0.0396,0.2233,0.7969
IREDELL,DV2B-1,9482,7419,479,23,877,3,156,525,449,7304,7515,6053,372,15,627,300,5976,2063,0.7824,0.0505,0.0474,0.0925,0.2176,0.7926
IREDELL,DV3A,7582,5798,446,19,524,5,223,567,659,5639,5854,4582,321,15,386,477,4479,1784,0.7647,0.0588,0.0869,0.0691,0.2353,0.7721
IREDELL,EM,1839,1505,110,7,2,1,96,118,166,1482,1459,1231,94,7,2,91,1219,334,0.8184,0.0598,0.0903,0.0011,0.1816,0.7934
IREDELL,FT,10027,8418,804,22,89,1,164,529,448,8310,8042,6854,669,14,65,286,6784,1609,0.8395,0.0802,0.0447,0.0089,0.1605,0.802
IREDELL,NH,1738,1605,11,4,3,0,43,72,83,1591,1380,1292,6,4,1,55,1281,133,0.9235,0.0063,0.0478,0.0017,0.0765,0.794
IREDELL,OL,1845,1638,50,12,4,0,40,101,114,1604,1448,1322,35,12,2,73,1299,207,0.8878,0.0271,0.0618,0.0022,0.1122,0.7848
IREDELL,SB,2656,2432,84,7,11,0,27,95,102,2390,2108,1933,78,4,7,73,1903,224,0.9157,0.0316,0.0384,0.0041,0.0843,0.7937
IREDELL,SH-A,4352,3514,266,24,171,3,143,231,275,3465,3444,2875,211,13,108,171,2842,838,0.8074,0.0611,0.0632,0.0393,0.1926,0.7914
IREDELL,SH-B,4527,3858,275,10,44,0,108,232,226,3793,3603,3141,203,7,34,135,3102,669,0.8522,0.0607,0.0499,0.0097,0.1478,0.7959
IREDELL,ST1,6004,3790,1170,17,221,0,387,419,740,3665,4691,3131,842,16,160,514,3043,2214,0.6312,0.1949,0.1233,0.0368,0.3688,0.7813
IREDELL,ST2,5405,3226,1292,14,103,0,316,454,643,3112,4281,2754,942,6,81,410,2695,2179,0.5969,0.239,0.119,0.0191,0.4031,0.792
IREDELL,ST3,5633,2608,2195,24,44,6,368,388,636,2526,4144,2077,1577,17,31,362,2029,3025,0.463,0.3897,0.1129,0.0078,0.537,0.7357
IREDELL,ST4,4527,2882,1012,25,38,0,212,358,464,2821,3653,2440,790,17,31,313,2401,1645,0.6366,0.2235,0.1025,0.0084,0.3634,0.8069
IREDELL,ST5,5030,2760,1524,17,67,1,304,357,587,2656,3960,2318,1153,10,49,399,2256,2270,0.5487,0.303,0.1167,0.0133,0.4513,0.7873
IREDELL,ST6,6787,3023,2528,27,121,2,518,568,1020,2823,4925,2383,1800,20,78,624,2272,3764,0.4454,0.3725,0.1503,0.0178,0.5546,0.7257
IREDELL,TB,3990,2993,351,18,12,2,334,280,483,2942,3095,2384,300,16,8,293,2361,997,0.7501,0.088,0.1211,0.003,0.2499,0.7757
IREDELL,UG,2128,1814,25,15,18,0,155,101,258,1759,1657,1455,19,15,6,153,1432,314,0.8524,0.0117,0.1212,0.0085,0.1476,0.7787
JACKSON,BCK,1903,1619,18,103,13,0,15,135,83,1603,1535,1350,16,63,9,50,1339,284,0.8508,0.0095,0.0436,0.0068,0.1492,0.8066
JACKSON,CAN,658,574,5,9,0,0,30,40,57,562,564,495,3,7,0,48,488,84,0.8723,0.0076,0.0866,0.0,0.1277,0.8571
JACKSON,CAS,2455,2172,13,11,32,0,111,116,213,2138,2186,1979,8,11,22,160,1949,283,0.8847,0.0053,0.0868,0.013,0.1153,0.8904
JACKSON,CFK,834,733,5,17,8,0,20,51,44,726,668,606,4,11,6,27,601,101,0.8789,0.006,0.0528,0.0096,0.1211,0.801
JACKSON,CUL,10331,8572,532,130,151,3,354,589,925,8288,9507,8012,526,106,135,733,7750,1759,0.8297,0.0515,0.0895,0.0146,0.1703,0.9202
JACKSON,GCK,1422,1286,13,38,11,0,17,57,54,1269,1164,1076,11,23,7,31,1067,136,0.9044,0.0091,0.038,0.0077,0.0956,0.8186
JACKSON,GLV,2616,2248,3,21,5,0,226,113,315,2210,2253,1972,1,19,4,238,1941,368,0.8593,0.0011,0.1204,0.0019,0.1407,0.8612
JACKSON,QUA,6433,2362,37,3348,71,1,126,488,347,2330,4795,2015,27,2279,60,213,1992,4071,0.3672,0.0058,0.0539,0.011,0.6328,0.7454
JACKSON,RIV,1241,983,7,7,2,1,161,80,218,963,966,811,7,1,1,128,797,258,0.7921,0.0056,0.1757,0.0016,0.2079,0.7784
JACKSON,SAV,1502,1351,16,41,6,0,19,69,56,1346,1208,1107,12,34,2,36,1103,151,0.8995,0.0107,0.0373,0.004,0.1005,0.8043
JACKSON,SCC,2318,2049,21,68,8,0,31,141,89,2021,1922,1727,21,54,6,62,1711,269,0.884,0.0091,0.0384,0.0035,0.116,0.8292
JACKSON,SDC,8487,6987,159,207,173,3,458,500,713,6884,6732,5735,132,125,131,450,5674,1500,0.8233,0.0187,0.084,0.0204,0.1767,0.7932
JACKSON,WEB,2922,2499,27,102,32,2,95,165,178,2469,2298,2015,24,66,28,103,1995,423,0.8552,0.0092,0.0609,0.011,0.1448,0.7864
JOHNSTON,PR04,1980,1217,309,7,4,0,331,112,430,1177,1486,954,247,7,3,254,945,763,0.6146,0.1561,0.2172,0.002,0.3854,0.7505
JOHNSTON,PR07,4678,3453,543,19,37,8,353,265,543,3367,3490,2625,406,7,26,352,2591,1225,0.7381,0.1161,0.1161,0.0079,0.2619,0.746
JOHNSTON,PR08,3324,2686,213,20,11,4,225,165,350,2641,2544,2111,144,16,11,225,2088,638,0.8081,0.0641,0.1053,0.0033,0.1919,0.7653
JOHNSTON,PR09,8227,5715,1264,51,117,2,353,725,900,5557,6006,4327,892,39,94,542,4244,2512,0.6947,0.1536,0.1094,0.0142,0.3053,0.73
JOHNSTON,PR10A,5058,2619,1431,50,54,0,414,490,832,2483,3835,2154,1045,33,49,535,2068,2439,0.5178,0.2829,0.1645,0.0107,0.4822,0.7582
JOHNSTON,PR10B,3775,2604,538,11,27,0,288,307,512,2550,2945,2128,416,8,23,321,2092,1171,0.6898,0.1425,0.1356,0.0072,0.3102,0.7801
JOHNSTON,PR11A,4755,2954,962,26,36,0,346,431,696,2851,3620,2337,746,16,33,432,2276,1801,0.6212,0.2023,0.1464,0.0076,0.3788,0.7613
JOHNSTON,PR11B,7765,5002,1526,50,111,1,380,695,912,4813,5931,3995,1113,29,92,594,3880,2763,0.6442,0.1965,0.1175,0.0143,0.3558,0.7638
JOHNSTON,PR12A,8227,5278,1768,60,176,13,330,602,743,5116,6063,4071,1224,48,125,470,3993,2949,0.6415,0.2149,0.0903,0.0214,0.3585,0.737
JOHNSTON,PR12B,7634,5274,1240,68,97,13,281,661,653,5119,5362,3803,897,49,70,398,3712,2360,0.6909,0.1624,0.0855,0.0127,0.3091,0.7024
JOHNSTON,PR13,4591,3478,431,41,42,0,256,343,516,3363,3375,2678,307,27,33,294,2613,1113,0.7576,0.0939,0.1124,0.0091,0.2424,0.7351
JOHNSTON,PR14,4010,3201,205,37,10,0,305,252,568,3094,3006,2492,144,27,7,336,2436,809,0.7983,0.0511,0.1416,0.0025,0.2017,0.7496
JOHNSTON,PR19,3059,2134,280,17,7,1,345,275,581,2032,2329,1738,218,10,4,318,1686,925,0.6976,0.0915,0.1899,0.0023,0.3024,0.7614
JOHNSTON,PR20,6071,3844,970,85,23,8,687,454,1238,3598,4551,2965,763,62,19,788,2829,2227,0.6332,0.1598,0.2039,0.0038,0.3668,0.7496
JOHNSTON,PR21,4491,3472,255,30,13,2,468,251,702,3377,3439,2757,184,23,12,445,2704,1019,0.7731,0.0568,0.1563,0.0029,0.2269,0.7658
JOHNSTON,PR22,5526,3613,643,35,13,0,759,463,1244,3412,4130,2845,481,30,12,779,2731,1913,0.6538,0.1164,0.2251,0.0024,0.3462,0.7474
JOHNSTON,PR23A,6702,4887,612,109,34,1,533,526,940,4755,5041,3785,482,91,27,576,3721,1815,0.7292,0.0913,0.1403,0.0051,0.2708,0.7522
JOHNSTON,PR23B,5242,3863,505,49,15,0,421,389,808,3714,3898,2942,406,34,13,488,2865,1379,0.7369,0.0963,0.1541,0.0029,0.2631,0.7436
JOHNSTON,PR24,4542,1651,1536,53,36,1,787,478,1382,1405,3288,1320,1116,32,22,871,1182,2891,0.3635,0.3382,0.3043,0.0079,0.6365,0.7239
JOHNSTON,PR25,4714,1878,1200,58,11,0,968,599,1760,1631,3418,1500,860,43,9,1105,1357,2836,0.3984,0.2546,0.3734,0.0023,0.6016,0.7251
JOHNSTON,PR26,4391,1671,1432,32,23,4,745,484,1293,1511,3281,1349,1111,26,20,809,1257,2720,0.3806,0.3261,0.2945,0.0052,0.6194,0.7472
JOHNSTON,PR27A,2929,1484,744,13,66,5,372,245,616,1415,2282,1260,581,7,51,378,1216,1445,0.5067,0.254,0.2103,0.0225,0.4933,0.7791
JOHNSTON,PR27B,4920,2951,921,76,19,1,462,490,976,2818,3809,2422,707,56,16,637,2332,1969,0.5998,0.1872,0.1984,0.0039,0.4002,0.7742
JOHNSTON,PR28,6459,4134,904,39,35,0,803,544,1425,3922,4951,3402,668,19,33,865,3262,2325,0.64,0.14,0.2206,0.0054,0.36,0.7665
JOHNSTON,PR29A,9931,7347,1031,66,130,14,437,906,1023,7156,6835,5200,738,37,95,595,5101,2584,0.7398,0.1038,0.103,0.0131,0.2602,0.6882
JOHNSTON,PR29B,16495,11591,2567,70,256,11,586,1414,1635,11190,11649,8461,1786,54,181,986,8243,4904,0.7027,0.1556,0.0991,0.0155,0.2973,0.7062
JOHNSTON,PR30,7635,4358,1565,87,50,2,854,719,1731,3984,5714,3415,1230,65,33,1055,3200,3277,0.5708,0.205,0.2267,0.0065,0.4292,0.7484
JOHNSTON,PR31A,4598,3353,573,15,41,2,247,367,533,3250,3325,2491,421,10,37,310,2443,1245,0.7292,0.1246,0.1159,0.0089,0.2708,0.7231
JOHNSTON,PR31B,9447,6517,1263,64,155,4,632,812,1194,6311,6885,4870,962,40,129,737,4764,2930,0.6898,0.1337,0.1264,0.0164,0.3102,0.7288
JOHNSTON,PR32,4851,3502,484,32,19,0,453,361,709,3396,3656,2724,367,22,18,443,2666,1349,0.7219,0.0998,0.1462,0.0039,0.2781,0.7537
JOHNSTON,PR33,6447,4857,522,91,34,2,527,414,1064,4613,4816,3749,385,59,29,645,3627,1590,0.7534,0.081,0.165,0.0053,0.2466,0.747
JOHNSTON,PR34,10894,5887,2484,78,110,0,1160,1175,2271,5541,8073,4593,1882,51,88,1410,4404,5007,0.5404,0.228,0.2085,0.0101,0.4596,0.7411
JOHNSTON,PR35,7681,5313,1254,75,40,3,531,465,1030,5057,5792,4238,886,41,38,579,4099,2368,0.6917,0.1633,0.1341,0.0052,0.3083,0.7541
JOHNSTON,PR36,4505,3219,630,24,17,0,178,437,540,3127,3439,2582,467,20,14,285,2535,1286,0.7145,0.1398,0.1199,0.0038,0.2855,0.7634
JOHNSTON,PR37,6953,4733,764,94,17,0,857,488,1434,4498,5200,3769,540,61,4,871,3643,2220,0.6807,0.1099,0.2062,0.0024,0.3193,0.7479
JOHNSTON,PR38,3492,2685,161,35,0,1,476,134,616,2620,2635,2116,126,27,0,370,2079,807,0.7689,0.0461,0.1764,0.0,0.2311,0.7546
JONES,P01,1022,658,289,2,3,1,32,37,42,652,813,542,232,2,3,24,537,364,0.6438,0.2828,0.0411,0.0029,0.3562,0.7955
JONES,P02,625,500,79,1,0,0,27,18,41,487,517,428,64,1,0,29,419,125,0.8,0.1264,0.0656,0.0,0.2,0.8272
JONES,P03,805,671,86,4,0,0,14,30,37,667,641,536,73,2,0,26,535,134,0.8335,0.1068,0.046,0.0,0.1665,0.7963
JONES,P04,2438,1633,639,22,11,0,38,95,78,1612,2027,1385,526,16,11,50,1370,805,0.6698,0.2621,0.032,0.0045,0.3302,0.8314
JONES,P05,1773,848,784,16,9,1,36,79,82,829,1425,673,658,14,9,54,662,925,0.4783,0.4422,0.0462,0.0051,0.5217,0.8037
JONES,P06,822,617,94,6,3,1,49,52,67,608,658,510,80,6,3,44,506,205,0.7506,0.1144,0.0815,0.0036,0.2494,0.8005
JONES,P07,1687,940,608,10,8,2,12,107,47,932,1400,783,527,10,8,27,778,747,0.5572,0.3604,0.0279,0.0047,0.4428,0.8299
LEE,A1,8144,4012,2051,52,106,12,1147,764,2095,3601,6133,3186,1576,46,85,1331,2963,4132,0.4926,0.2518,0.2572,0.013,0.5074,0.7531
LEE,A2,10666,3528,3238,153,78,1,2487,1181,4249,2757,7796,2818,2488,114,65,2653,2371,7138,0.3308,0.3036,0.3984,0.0073,0.6692,0.7309
LEE,B1,3045,2242,431,17,23,0,141,191,275,2199,2391,1813,357,9,14,148,1800,803,0.7363,0.1415,0.0903,0.0076,0.2637,0.7852
LEE,B2,4168,2172,938,22,65,8,578,385,930,2026,3097,1693,693,19,53,597,1609,1996,0.5211,0.225,0.2231,0.0156,0.4789,0.743
LEE,C1,9306,6955,992,62,61,11,612,613,1168,6722,7253,5681,752,36,56,684,5557,2351,0.7474,0.1066,0.1255,0.0066,0.2526,0.7794
LEE,C2,6044,4516,689,45,31,0,377,386,701,4368,4736,3699,514,33,23,437,3604,1528,0.7472,0.114,0.116,0.0051,0.2528,0.7836
LEE,D1,5806,4278,639,33,124,6,264,462,573,4189,4535,3445,491,28,98,369,3385,1528,0.7368,0.1101,0.0987,0.0214,0.2632,0.7811
LEE,D2,5260,3994,435,28,84,4,261,454,575,3919,4171,3288,340,27,70,365,3244,1266,0.7593,0.0827,0.1093,0.016,0.2407,0.793
LEE,E1,3837,2945,321,41,18,4,241,267,456,2873,3002,2407,257,28,18,251,2370,892,0.7675,0.0837,0.1188,0.0047,0.2325,0.7824
LEE,E2,7009,3771,1151,80,73,3,1310,621,2100,3401,5278,3095,843,67,58,1293,2899,3238,0.538,0.1642,0.2996,0.0104,0.462,0.753
LENOIR,C,3351,1721,1263,1,23,3,195,145,306,1668,2580,1414,953,1,13,167,1387,1630,0.5136,0.3769,0.0913,0.0069,0.4864,0.7699
LENOIR,FC,5807,3737,1382,22,44,3,209,410,503,3688,4618,3147,1031,21,36,308,3121,2070,0.6435,0.238,0.0866,0.0076,0.3565,0.7952
LENOIR,I,2540,1626,598,16,7,4,148,141,265,1577,1952,1317,450,14,4,148,1285,914,0.6402,0.2354,0.1043,0.0028,0.3598,0.7685
LENOIR,K1,1511,64,1361,0,0,0,26,60,50,60,958,39,867,0,0,30,37,1447,0.0424,0.9007,0.0331,0.0,0.9576,0.634
LENOIR,K2,1315,90,1170,0,1,0,7,47,19,90,1069,87,948,0,1,11,87,1225,0.0684,0.8897,0.0144,0.0008,0.9316,0.8129
LENOIR,K3,1885,447,1295,6,21,5,36,75,81,434,1490,400,998,4,16,54,397,1438,0.2371,0.687,0.043,0.0111,0.7629,0.7905
LENOIR,K4,3464,1922,1284,10,49,3,57,139,97,1917,2877,1666,1033,6,42,68,1661,1542,0.5548,0.3707,0.028,0.0141,0.4452,0.8305
LENOIR,K5,1988,537,1339,13,19,1,17,62,31,535,1607,484,1040,10,19,25,484,1451,0.2701,0.6735,0.0156,0.0096,0.7299,0.8084
LENOIR,K6,3033,328,2526,9,29,0,35,106,99,323,2198,276,1801,8,16,65,273,2705,0.1081,0.8328,0.0326,0.0096,0.8919,0.7247
LENOIR,K7,2399,398,1870,1,10,0,58,62,94,384,1912,342,1476,1,6,62,336,2001,0.1659,0.7795,0.0392,0.0042,0.8341,0.797
LENOIR,K8,1207,43,1090,1,0,0,8,65,37,37,912,34,844,1,0,16,31,1164,0.0356,0.9031,0.0307,0.0,0.9644,0.7556
LENOIR,K9,2576,885,1519,7,71,2,29,63,73,877,2102,758,1219,6,53,51,751,1691,0.3436,0.5897,0.0283,0.0276,0.6564,0.816
LENOIR,MH,5245,2594,2038,12,27,4,333,237,470,2537,4072,2127,1562,4,19,302,2092,2651,0.4946,0.3886,0.0896,0.0051,0.5054,0.7764
LENOIR,N,4582,2896,1102,23,2,1,303,255,449,2834,3591,2414,821,22,2,295,2365,1686,0.632,0.2405,0.098,0.0004,0.368,0.7837
LENOIR,PH1,1066,765,56,13,0,0,157,75,245,743,828,611,46,8,0,166,601,301,0.7176,0.0525,0.2298,0.0,0.2824,0.7767
LENOIR,PH2,2165,1547,199,7,4,1,283,124,422,1484,1619,1237,149,6,3,232,1210,618,0.7145,0.0919,0.1949,0.0018,0.2855,0.7478
LENOIR,SH,1056,808,115,6,3,0,61,63,95,795,842,650,98,6,3,69,645,248,0.7652,0.1089,0.09,0.0028,0.2348,0.7973
LENOIR,SW,1480,1157,172,3,4,1,91,52,119,1147,1167,945,133,3,4,72,939,323,0.7818,0.1162,0.0804,0.0027,0.2182,0.7885
LENOIR,T1,2053,1444,210,8,6,1,278,106,375,1417,1577,1161,172,3,5,219,1144,609,0.7034,0.1023,0.1827,0.0029,0.2966,0.7681
LENOIR,T2,1544,1223,133,3,4,1,98,82,159,1192,1135,943,88,2,2,98,925,321,0.7921,0.0861,0.103,0.0026,0.2079,0.7351
LENOIR,V,3219,1511,1375,17,11,0,172,133,232,1481,2552,1248,1096,15,8,127,1236,1708,0.4694,0.4272,0.0721,0.0034,0.5306,0.7928
LENOIR,W,1617,1356,96,4,1,1,74,85,141,1348,1250,1082,72,4,1,75,1074,261,0.8386,0.0594,0.0872,0.0006,0.1614,0.773
LINCOLN,AS25,3590,2904,194,5,42,1,218,226,372,2818,2899,2397,160,5,35,253,2348,686,0.8089,0.054,0.1036,0.0117,0.1911,0.8075
LINCOLN,BC13,3394,2130,480,25,46,0,389,324,698,2032,2664,1730,394,22,35,477,1682,1264,0.6276,0.1414,0.2057,0.0136,0.3724,0.7849
LINCOLN,BS26,3107,2413,304,14,14,0,181,181,310,2365,2393,1905,234,9,12,197,1887,694,0.7766,0.0978,0.0998,0.0045,0.2234,0.7702
LINCOLN,CF19,2091,1853,25,10,24,0,54,125,127,1843,1650,1488,24,6,22,82,1481,238,0.8862,0.012,0.0607,0.0115,0.1138,0.7891
LINCOLN,DN29,4533,4038,117,19,49,3,71,236,209,3987,3507,3144,95,10,43,145,3114,495,0.8908,0.0258,0.0461,0.0108,0.1092,0.7737
LINCOLN,DV08,3990,3600,44,10,18,2,96,220,190,3578,3087,2817,38,6,14,132,2808,390,0.9023,0.011,0.0476,0.0045,0.0977,0.7737
LINCOLN,DW28,3932,3455,143,9,47,2,64,212,199,3409,2975,2641,111,9,37,117,2619,477,0.8787,0.0364,0.0506,0.012,0.1213,0.7566
LINCOLN,HC33,5090,4486,91,6,21,1,182,303,398,4421,4020,3572,77,4,20,279,3532,604,0.8813,0.0179,0.0782,0.0041,0.1187,0.7898
LINCOLN,IS20,2395,2072,79,11,8,0,42,183,113,2056,1874,1651,62,11,7,66,1647,323,0.8651,0.033,0.0472,0.0033,0.1349,0.7825
LINCOLN,IS23,3580,2952,279,24,16,2,76,231,193,2935,2820,2317,250,20,12,127,2309,628,0.8246,0.0779,0.0539,0.0045,0.1754,0.7877
LINCOLN,LB34,4100,3585,86,13,35,0,115,266,260,3546,3302,2936,71,5,23,175,2915,515,0.8744,0.021,0.0634,0.0085,0.1256,0.8054
LINCOLN,LI14,2209,1836,126,3,20,1,91,132,185,1784,1815,1544,106,1,12,128,1515,373,0.8311,0.057,0.0837,0.0091,0.1689,0.8216
LINCOLN,LN11,2372,1680,382,12,8,0,89,201,212,1661,1904,1392,299,7,7,154,1380,692,0.7083,0.161,0.0894,0.0034,0.2917,0.8027
LINCOLN,LS12,2602,1799,377,11,22,0,186,207,340,1753,2050,1494,276,7,15,219,1467,803,0.6914,0.1449,0.1307,0.0085,0.3086,0.7879
LINCOLN,LW18,1630,1282,216,10,12,0,20,90,71,1262,1333,1056,180,9,12,49,1047,348,0.7865,0.1325,0.0436,0.0074,0.2135,0.8178
LINCOLN,LW31,5377,4711,243,18,49,1,69,286,181,4671,4371,3907,192,15,41,102,3886,666,0.8761,0.0452,0.0337,0.0091,0.1239,0.8129
LINCOLN,NB35,5623,5130,86,30,19,1,106,251,263,5090,4432,4086,73,26,13,170,4059,493,0.9123,0.0153,0.0468,0.0034,0.0877,0.7882
LINCOLN,OB21,3082,2700,89,5,13,0,79,196,167,2677,2398,2149,63,5,13,107,2133,382,0.8761,0.0289,0.0542,0.0042,0.1239,0.7781
LINCOLN,PC22,3764,3323,66,9,18,0,116,232,234,3272,2919,2600,56,9,9,147,2573,441,0.8828,0.0175,0.0622,0.0048,0.1172,0.7755
LINCOLN,SL24,2570,2058,136,14,8,4,130,220,248,2035,2083,1723,106,10,5,178,1711,512,0.8008,0.0529,0.0965,0.0031,0.1992,0.8105
LINCOLN,ST36,5361,3867,444,25,42,10,475,498,902,3723,4177,3167,342,17,27,609,3061,1494,0.7213,0.0828,0.1683,0.0078,0.2787,0.7791
LINCOLN,TA37,4779,4120,199,32,67,2,71,288,217,4085,3984,3506,164,24,46,151,3477,659,0.8621,0.0416,0.0454,0.014,0.1379,0.8336
LINCOLN,WP32,7639,6722,276,13,113,3,84,428,323,6658,5759,5132,214,7,85,197,5097,917,0.88,0.0361,0.0423,0.0148,0.12,0.7539
MACON,01,3408,2877,47,30,50,0,188,216,343,2841,2796,2405,41,19,39,237,2381,531,0.8442,0.0138,0.1006,0.0147,0.1558,0.8204
MACON,02,2262,1784,24,15,21,2,187,229,408,1689,1712,1391,22,10,12,257,1334,478,0.7887,0.0106,0.1804,0.0093,0.2113,0.7569
MACON,03,3772,3071,45,28,29,2,312,285,557,3000,3062,2599,34,19,23,351,2551,701,0.8142,0.0119,0.1477,0.0077,0.1858,0.8118
MACON,04,2239,1992,18,19,16,0,78,116,175,1968,1738,1576,14,11,12,115,1564,247,0.8897,0.008,0.0782,0.0071,0.1103,0.7762
MACON,05,3864,3192,34,37,20,1,321,259,505,3146,3086,2616,28,23,15,336,2594,672,0.8261,0.0088,0.1307,0.0052,0.1739,0.7987
MACON,06,3130,2779,16,47,16,0,98,174,193,2735,2502,2242,13,35,11,136,2213,351,0.8879,0.0051,0.0617,0.0051,0.1121,0.7994
MACON,07,2853,2591,9,31,23,0,66,133,149,2572,2429,2242,9,18,20,91,2232,262,0.9082,0.0032,0.0522,0.0081,0.0918,0.8514
MACON,08,634,540,5,5,1,0,24,59,43,534,537,473,5,5,0,26,470,94,0.8517,0.0079,0.0678,0.0016,0.1483,0.847
MACON,09,3176,2820,15,6,26,0,131,178,239,2794,2790,2531,7,6,23,140,2524,356,0.8879,0.0047,0.0753,0.0082,0.1121,0.8785
MACON,10,616,535,1,7,1,0,23,49,80,517,533,469,1,7,1,57,460,81,0.8685,0.0016,0.1299,0.0016,0.1315,0.8653
MACON,11,4217,3700,5,13,18,0,229,252,466,3579,3404,3051,5,10,15,280,2988,517,0.8774,0.0012,0.1105,0.0043,0.1226,0.8072
MACON,12,2563,2310,18,10,27,1,78,119,172,2277,2168,2010,12,5,19,92,1993,253,0.9013,0.007,0.0671,0.0105,0.0987,0.8459
MACON,13,760,688,0,9,1,0,3,59,30,687,645,592,0,5,1,21,592,72,0.9053,0.0,0.0395,0.0013,0.0947,0.8487
MACON,14,937,857,3,11,7,2,7,50,47,853,805,745,1,9,6,34,741,80,0.9146,0.0032,0.0502,0.0075,0.0854,0.8591
MACON,15,2577,2357,17,11,9,0,25,158,91,2337,2134,1976,10,9,8,64,1958,220,0.9146,0.0066,0.0353,0.0035,0.0854,0.8281
MADISON,BEECH,3190,2957,6,12,13,0,28,174,90,2928,2596,2424,6,12,13,55,2408,233,0.927,0.0019,0.0282,0.0041,0.073,0.8138
MADISON,EBBS C,1344,1234,6,11,2,0,20,71,42,1225,1106,1031,6,6,1,24,1022,110,0.9182,0.0045,0.0312,0.0015,0.0818,0.8229
MADISON,GRAPEV,1510,1435,4,2,0,0,8,61,19,1432,1186,1127,4,2,0,13,1126,75,0.9503,0.0026,0.0126,0.0,0.0497,0.7854
MADISON,HOT SP,1090,1007,2,1,4,0,8,68,13,1005,865,798,2,0,4,12,796,83,0.9239,0.0018,0.0119,0.0037,0.0761,0.7936
MADISON,LAUREL,1299,1230,2,4,0,0,15,48,28,1226,1083,1031,2,3,0,18,1028,69,0.9469,0.0015,0.0216,0.0,0.0531,0.8337
MADISON,MARS H,5056,4389,183,10,32,1,122,319,280,4341,4256,3682,178,10,24,240,3647,667,0.8681,0.0362,0.0554,0.0063,0.1319,0.8418
MADISON,NORTH,2934,2682,9,12,11,2,69,149,131,2669,2359,2177,9,12,10,85,2168,252,0.9141,0.0031,0.0446,0.0037,0.0859,0.804
MADISON,REVERE,356,328,0,5,0,0,1,22,14,326,301,279,0,3,0,10,277,28,0.9213,0.0,0.0393,0.0,0.0787,0.8455
MADISON,SANDY,639,605,0,1,4,0,7,22,9,605,544,521,0,1,3,6,521,34,0.9468,0.0,0.0141,0.0063,0.0532,0.8513
MADISON,SOUTH,1233,1134,0,3,7,0,16,73,57,1114,1024,952,0,3,7,31,940,99,0.9197,0.0,0.0462,0.0057,0.0803,0.8305
MADISON,SPRING,920,843,3,0,4,0,19,51,28,842,786,730,3,0,4,16,729,77,0.9163,0.0033,0.0304,0.0043,0.0837,0.8543
MADISON,WALNUT,1631,1538,0,10,10,0,12,61,37,1529,1384,1306,0,8,10,26,1299,93,0.943,0.0,0.0227,0.0061,0.057,0.8486
MARTIN,BG,2118,1774,262,3,0,0,26,53,41,1768,1695,1426,213,1,0,30,1425,344,0.8376,0.1237,0.0194,0.0,0.1624,0.8003
MARTIN,CR,1369,876,419,6,1,1,27,39,38,873,1081,686,340,5,1,26,684,493,0.6399,0.3061,0.0278,0.0007,0.3601,0.7896
MARTIN,GRF,1691,1336,281,2,2,1,30,39,37,1335,1388,1106,238,1,2,20,1105,355,0.7901,0.1662,0.0219,0.0012,0.2099,0.8208
MARTIN,GSN,1210,487,648,8,1,0,20,46,48,485,981,406,528,6,1,31,404,723,0.4025,0.5355,0.0397,0.0008,0.5975,0.8107
MARTIN,HMT,1476,664,700,14,2,1,52,43,59,663,1237,564,600,8,1,36,563,812,0.4499,0.4743,0.04,0.0014,0.5501,0.8381
MARTIN,JMV,2917,1993,725,7,3,0,68,121,135,1969,2341,1619,585,6,3,83,1611,924,0.6832,0.2485,0.0463,0.001,0.3168,0.8025
MARTIN,RBV,2938,994,1677,4,7,0,142,114,199,980,2357,843,1359,3,7,109,836,1944,0.3383,0.5708,0.0677,0.0024,0.6617,0.8022
MARTIN,WM1,4506,1938,2202,20,43,0,168,135,245,1911,3583,1668,1665,14,32,151,1658,2568,0.4301,0.4887,0.0544,0.0095,0.5699,0.7952
MARTIN,WM2,3806,1562,2008,18,40,0,37,141,93,1544,2952,1306,1491,10,27,60,1292,2244,0.4104,0.5276,0.0244,0.0105,0.5896,0.7756
MCDOWELL,CCREEK,2519,2377,16,13,11,0,18,84,46,2360,2105,1993,15,11,10,32,1979,142,0.9436,0.0064,0.0183,0.0044,0.0564,0.8356
MCDOWELL,DYSART,3624,3231,47,18,84,0,81,163,215,3133,2938,2655,36,11,65,157,2582,393,0.8916,0.013,0.0593,0.0232,0.1084,0.8107
MCDOWELL,FORT 1,1788,1577,83,11,12,0,43,62,82,1569,1463,1317,52,9,9,63,1309,211,0.882,0.0464,0.0459,0.0067,0.118,0.8182
MCDOWELL,FORT 2,2551,2256,102,12,7,0,45,129,86,2239,2069,1841,86,12,5,59,1831,295,0.8844,0.04,0.0337,0.0027,0.1156,0.8111
MCDOWELL,GLENWD,2608,2375,27,6,33,0,27,140,69,2359,2109,1943,22,6,25,40,1935,233,0.9107,0.0104,0.0265,0.0127,0.0893,0.8087
MCDOWELL,HIGGIN,3202,2461,500,21,17,0,90,113,131,2436,2646,1996,486,16,12,95,1985,741,0.7686,0.1562,0.0409,0.0053,0.2314,0.8264
MCDOWELL,M.COVE,2379,2203,21,7,5,0,43,100,81,2182,1857,1755,9,7,5,51,1740,176,0.926,0.0088,0.034,0.0021,0.074,0.7806
MCDOWELL,MAR 1,4221,3547,126,19,36,0,258,235,411,3500,3333,2913,98,7,29,215,2889,674,0.8403,0.0299,0.0974,0.0085,0.1597,0.7896
MCDOWELL,MAR 2,2170,1628,252,9,19,0,152,110,241,1585,1742,1333,230,6,11,146,1313,542,0.7502,0.1161,0.1111,0.0088,0.2498,0.8028
MCDOWELL,MAR 3,1486,1226,25,4,12,0,98,121,169,1202,1165,977,21,4,10,107,966,260,0.825,0.0168,0.1137,0.0081,0.175,0.784
MCDOWELL,MAR 4,2154,1512,67,19,30,0,391,135,493,1475,1606,1213,38,12,20,306,1189,642,0.7019,0.0311,0.2289,0.0139,0.2981,0.7456
MCDOWELL,MAR 5,1647,1424,35,13,17,0,69,89,133,1415,1328,1189,17,11,15,83,1182,223,0.8646,0.0213,0.0808,0.0103,0.1354,0.8063
MCDOWELL,N.COVE,1147,1048,18,3,7,0,18,53,40,1035,934,869,11,1,6,20,865,99,0.9137,0.0157,0.0349,0.0061,0.0863,0.8143
MCDOWELL,NEBO,3568,3210,117,21,32,0,48,140,111,3179,2911,2635,91,15,31,78,2616,358,0.8997,0.0328,0.0311,0.009,0.1003,0.8159
MCDOWELL,PLEASA,2859,2567,43,23,16,0,106,104,176,2529,2320,2121,32,20,11,108,2098,292,0.8979,0.015,0.0616,0.0056,0.1021,0.8115
MCDOWELL,T.COVE,1209,1092,11,3,7,0,25,71,38,1085,970,902,5,0,5,31,895,117,0.9032,0.0091,0.0314,0.0058,0.0968,0.8023
MCDOWELL,WEST M,5446,4622,242,14,43,0,265,260,425,4505,4309,3720,202,10,35,253,3658,824,0.8487,0.0444,0.078,0.0079,0.1513,0.7912
MECKLENBURG,001,2036,1785,88,7,54,2,14,86,65,1770,1687,1485,80,4,45,55,1470,251,0.8767,0.0432,0.0319,0.0265,0.1233,0.8286
MECKLENBURG,002,4336,3037,766,6,156,3,83,285,256,2966,3703,2656,628,2,137,207,2598,1299,0.7004,0.1767,0.059,0.036,0.2996,0.854
MECKLENBURG,003,5045,891,2153,49,235,0,1353,364,2115,442,3622,680,1618,36,169,1397,382,4154,0.1766,0.4268,0.4192,0.0466,0.8234,0.7179
MECKLENBURG,004,4122,981,1590,17,217,8,774,535,1314,873,3108,854,1215,13,156,871,776,3141,0.238,0.3857,0.3188,0.0526,0.762,0.754
MECKLENBURG,005,3282,953,1176,40,102,0,688,323,1044,848,2587,848,952,23,72,694,776,2329,0.2904,0.3583,0.3181,0.0311,0.7096,0.7882
MECKLENBURG,006,5353,1012,2392,42,511,0,1037,359,1472,811,3992,900,1817,27,330,983,756,4341,0.1891,0.4469,0.275,0.0955,0.8109,0.7458
MECKLENBURG,007,2929,1815,659,12,90,0,129,224,262,1780,2340,1495,532,10,77,164,1465,1114,0.6197,0.225,0.0895,0.0307,0.3803,0.7989
MECKLENBURG,008,3559,3092,190,14,82,0,50,131,204,2997,2953,2563,189,13,60,185,2472,467,0.8688,0.0534,0.0573,0.023,0.1312,0.8297
MECKLENBURG,009,6456,4971,649,12,297,2,104,421,353,4865,5902,4584,618,10,275,300,4490,1485,0.77,0.1005,0.0547,0.046,0.23,0.9142
MECKLENBURG,010,3406,2992,65,0,110,3,24,212,140,2945,2629,2333,58,0,91,108,2292,414,0.8784,0.0191,0.0411,0.0323,0.1216,0.7719
MECKLENBURG,011,13576,8443,2914,34,982,7,340,856,960,8209,12783,8177,2567,24,931,851,7955,5133,0.6219,0.2146,0.0707,0.0723,0.3781,0.9416
MECKLENBURG,012,3744,916,2394,21,94,8,128,183,269,882,3203,792,2086,18,83,188,767,2828,0.2447,0.6394,0.0718,0.0251,0.7553,0.8555
MECKLENBURG,013,6321,3042,2271,22,376,5,140,465,433,2961,5547,2914,1775,14,357,355,2846,3279,0.4813,0.3593,0.0685,0.0595,0.5187,0.8776
MECKLENBURG,014,4343,2153,1607,14,167,0,85,317,278,2099,3756,1991,1300,14,161,195,1951,2190,0.4957,0.37,0.064,0.0385,0.5043,0.8648
MECKLENBURG,015,5221,4297,337,21,129,1,101,335,276,4216,4544,3764,309,20,113,211,3707,924,0.823,0.0645,0.0529,0.0247,0.177,0.8703
MECKLENBURG,016,4088,132,3531,4,39,4,223,155,340,85,3139,102,2750,4,35,214,69,3956,0.0323,0.8637,0.0832,0.0095,0.9677,0.7679
MECKLENBURG,017,3671,760,2383,22,99,0,192,215,384,694,2571,668,1554,3,67,254,622,2911,0.207,0.6491,0.1046,0.027,0.793,0.7004
MECKLENBURG,018,2132,2004,12,3,29,1,2,81,51,1993,1595,1514,9,3,14,29,1505,128,0.94,0.0056,0.0239,0.0136,0.06,0.7481
MECKLENBURG,019,2521,2228,44,12,54,1,14,168,99,2210,1813,1618,37,8,35,62,1610,293,0.8838,0.0175,0.0393,0.0214,0.1162,0.7192
MECKLENBURG,020,3334,2915,56,2,128,1,31,201,146,2873,2427,2141,43,1,101,95,2116,419,0.8743,0.0168,0.0438,0.0384,0.1257,0.728
MECKLENBURG,021,3023,2315,308,12,82,0,99,207,235,2273,2509,1978,244,6,76,162,1948,708,0.7658,0.1019,0.0777,0.0271,0.2342,0.83
MECKLENBURG,022,12051,8392,2207,14,496,4,226,712,724,8187,11174,8193,1688,12,474,628,7997,3659,0.6964,0.1831,0.0601,0.0412,0.3036,0.9272
MECKLENBURG,023,3253,986,1741,19,71,1,187,248,328,954,2628,905,1346,15,58,225,882,2267,0.3031,0.5352,0.1008,0.0218,0.6969,0.8079
MECKLENBURG,024,4282,1119,2576,14,57,4,292,220,414,1086,3412,1039,1975,10,45,286,1014,3163,0.2613,0.6016,0.0967,0.0133,0.7387,0.7968
MECKLENBURG,025,2987,133,2551,3,30,3,195,72,247,123,2340,109,2033,3,15,168,100,2854,0.0445,0.854,0.0827,0.01,0.9555,0.7834
MECKLENBURG,026,5706,708,3655,33,179,0,810,321,1097,621,4283,607,2763,23,140,715,551,4998,0.1241,0.6406,0.1923,0.0314,0.8759,0.7506
MECKLENBURG,027,4893,591,3210,35,54,2,736,265,992,506,3599,505,2354,27,47,644,463,4302,0.1208,0.656,0.2027,0.011,0.8792,0.7355
MECKLENBURG,028,3414,1135,1521,21,115,0,401,221,546,1094,2768,1004,1225,19,96,375,976,2279,0.3325,0.4455,0.1599,0.0337,0.6675,0.8108
MECKLENBURG,029,3988,1772,864,25,64,1,906,356,1318,1606,3031,1527,668,21,58,791,1419,2216,0.4443,0.2166,0.3305,0.016,0.5557,0.76
MECKLENBURG,030,4813,3504,530,32,186,1,168,392,396,3412,4261,3165,475,22,161,320,3087,1309,0.728,0.1101,0.0823,0.0386,0.272,0.8853
MECKLENBURG,031,3796,362,2936,24,68,3,224,179,347,328,2742,279,2159,19,31,208,257,3434,0.0954,0.7734,0.0914,0.0179,0.9046,0.7223
MECKLENBURG,032,2636,2434,14,5,53,1,1,128,64,2419,1875,1764,8,4,23,48,1749,202,0.9234,0.0053,0.0243,0.0201,0.0766,0.7113
MECKLENBURG,033,5024,1723,1194,50,201,7,1426,423,2019,1468,3742,1421,902,31,139,1348,1260,3301,0.343,0.2377,0.4019,0.04,0.657,0.7448
MECKLENBURG,034,4766,2342,1276,34,212,0,415,487,881,2186,3801,2071,926,20,170,600,1961,2424,0.4914,0.2677,0.1849,0.0445,0.5086,0.7975
MECKLENBURG,035,2553,2010,209,9,98,1,52,174,172,1987,1846,1443,175,7,81,114,1428,543,0.7873,0.0819,0.0674,0.0384,0.2127,0.7231
MECKLENBURG,036,3576,2941,217,1,157,1,83,176,138,2923,2795,2300,177,1,126,107,2286,635,0.8224,0.0607,0.0386,0.0439,0.1776,0.7816
MECKLENBURG,037,2933,2406,94,12,90,1,86,244,217,2369,2619,2201,90,9,88,164,2169,527,0.8203,0.032,0.074,0.0307,0.1797,0.8929
MECKLENBURG,038,3975,2217,764,45,106,6,485,352,912,2037,3269,1935,623,37,95,622,1821,1758,0.5577,0.1922,0.2294,0.0267,0.4423,0.8224
MECKLENBURG,039,4988,303,3650,73,202,2,537,221,739,232,3290,251,2406,42,121,456,211,4685,0.0607,0.7318,0.1482,0.0405,0.9393,0.6596
MECKLENBURG,040,4819,558,3138,18,377,0,443,285,678,477,3500,477,2267,16,264,436,425,4261,0.1158,0.6512,0.1407,0.0782,0.8842,0.7263
MECKLENBURG,041,4724,508,3115,49,354,7,439,252,640,438,3445,439,2295,42,231,404,398,4216,0.1075,0.6594,0.1355,0.0749,0.8925,0.7293
MECKLENBURG,042,4555,245,2988,28,74,4,903,313,1222,181,3356,180,2326,15,59,744,145,4310,0.0538,0.656,0.2683,0.0162,0.9462,0.7368
MECKLENBURG,043,6195,1034,2953,35,301,4,1255,613,2055,766,4560,848,2271,30,212,1315,678,5161,0.1669,0.4767,0.3317,0.0486,0.8331,0.7361
MECKLENBURG,044,2201,1677,247,4,55,4,88,126,155,1654,1827,1433,187,4,38,108,1415,524,0.7619,0.1122,0.0704,0.025,0.2381,0.8301
MECKLENBURG,045,3961,1282,1057,58,427,4,788,345,1180,1166,3093,1119,816,44,336,793,1048,2679,0.3237,0.2669,0.2979,0.1078,0.6763,0.7809
MECKLENBURG,046,5061,2242,1372,45,201,5,815,381,1095,2186,3958,1935,1030,34,151,724,1891,2819,0.443,0.2711,0.2164,0.0397,0.557,0.7821
MECKLENBURG,047,4072,3237,388,5,150,4,85,203,193,3190,3142,2536,304,5,109,149,2497,835,0.7949,0.0953,0.0474,0.0368,0.2051,0.7716
MECKLENBURG,048,2675,2361,54,5,103,0,13,139,72,2345,1847,1658,43,5,70,38,1652,314,0.8826,0.0202,0.0269,0.0385,0.1174,0.6905
MECKLENBURG,049,3717,3066,232,6,125,0,104,184,206,3017,3085,2548,185,4,114,169,2505,651,0.8249,0.0624,0.0554,0.0336,0.1751,0.83
MECKLENBURG,050,3421,1881,421,47,79,0,538,455,1072,1734,2785,1619,346,41,72,767,1522,1540,0.5498,0.1231,0.3134,0.0231,0.4502,0.8141
MECKLENBURG,051,3813,2841,401,37,124,3,187,220,384,2779,3232,2446,354,35,106,294,2401,972,0.7451,0.1052,0.1007,0.0325,0.2549,0.8476
MECKLENBURG,052,3684,337,2737,41,29,5,360,175,517,298,2886,293,2197,26,26,334,266,3347,0.0915,0.7429,0.1403,0.0079,0.9085,0.7834
MECKLENBURG,053,5616,532,3562,47,279,0,881,315,1174,465,4174,460,2715,30,206,754,417,5084,0.0947,0.6343,0.209,0.0497,0.9053,0.7432
MECKLENBURG,054,4570,732,3349,19,66,3,209,192,305,697,3457,635,2479,19,58,188,620,3838,0.1602,0.7328,0.0667,0.0144,0.8398,0.7565
MECKLENBURG,055,2593,125,2059,14,48,3,225,119,310,103,1974,112,1617,5,27,183,94,2468,0.0482,0.7941,0.1196,0.0185,0.9518,0.7613
MECKLENBURG,056,2918,178,2392,6,92,0,131,119,218,161,2100,156,1717,6,68,126,141,2740,0.061,0.8197,0.0747,0.0315,0.939,0.7197
MECKLENBURG,057,3035,2451,239,11,110,1,39,184,141,2424,2525,2054,230,9,90,107,2030,584,0.8076,0.0787,0.0465,0.0362,0.1924,0.832
MECKLENBURG,058,3705,2306,425,21,251,0,398,304,654,2215,3010,1995,300,15,208,459,1938,1399,0.6224,0.1147,0.1765,0.0677,0.3776,0.8124
MECKLENBURG,059,2531,1417,103,55,73,0,441,442,946,1308,1931,1177,75,40,62,625,1106,1114,0.5599,0.0407,0.3738,0.0288,0.4401,0.7629
MECKLENBURG,060,2998,276,1875,12,109,1,512,213,677,262,2302,224,1548,9,62,433,218,2722,0.0921,0.6254,0.2258,0.0364,0.9079,0.7678
MECKLENBURG,061,3940,1668,1104,45,268,8,552,295,922,1531,3223,1521,886,32,203,633,1425,2272,0.4234,0.2802,0.234,0.068,0.5766,0.818
MECKLENBURG,062,5007,744,1923,78,635,0,1183,444,1741,584,3646,618,1439,57,445,1149,523,4263,0.1486,0.3841,0.3477,0.1268,0.8514,0.7282
MECKLENBURG,063,4883,913,1527,50,449,1,1432,511,1986,775,3454,750,1115,33,318,1242,675,3970,0.187,0.3127,0.4067,0.092,0.813,0.7074
MECKLENBURG,064,1870,927,429,16,178,0,129,191,282,887,1490,763,363,14,137,203,741,943,0.4957,0.2294,0.1508,0.0952,0.5043,0.7968
MECKLENBURG,065,1862,1503,122,0,82,0,39,116,125,1485,1480,1212,90,0,72,90,1199,359,0.8072,0.0655,0.0671,0.044,0.1928,0.7948
MECKLENBURG,066,2102,1711,117,5,68,0,34,167,115,1679,1653,1357,104,3,65,81,1336,391,0.814,0.0557,0.0547,0.0324,0.186,0.7864
MECKLENBURG,067,2044,1680,95,8,69,4,50,138,111,1658,1618,1349,80,7,51,79,1334,364,0.8219,0.0465,0.0543,0.0338,0.1781,0.7916
MECKLENBURG,068,3145,1427,1079,15,117,0,192,315,406,1343,2351,1165,740,9,95,290,1105,1718,0.4537,0.3431,0.1291,0.0372,0.5463,0.7475
MECKLENBURG,069,5841,4722,368,10,279,0,78,384,318,4646,4284,3514,259,8,219,219,3460,1119,0.8084,0.063,0.0544,0.0478,0.1916,0.7334
MECKLENBURG,070,2835,2557,32,2,65,0,22,157,92,2529,2093,1916,30,2,47,64,1895,278,0.9019,0.0113,0.0325,0.0229,0.0981,0.7383
MECKLENBURG,071,3186,2326,246,10,301,0,76,227,212,2287,2298,1717,181,7,197,147,1691,860,0.7301,0.0772,0.0665,0.0945,0.2699,0.7213
MECKLENBURG,072,2037,1704,107,10,75,1,28,112,88,1697,1544,1325,80,6,57,49,1322,333,0.8365,0.0525,0.0432,0.0368,0.1635,0.758
MECKLENBURG,073,2574,1847,244,6,227,0,64,186,197,1815,2028,1520,188,6,146,136,1496,727,0.7176,0.0948,0.0765,0.0882,0.2824,0.7879
MECKLENBURG,074,4480,3769,245,6,177,0,44,239,183,3723,3747,3144,230,5,158,147,3105,711,0.8413,0.0547,0.0408,0.0395,0.1587,0.8364
MECKLENBURG,075,4576,3880,142,7,280,0,39,228,159,3847,3565,3078,119,5,184,125,3050,696,0.8479,0.031,0.0347,0.0612,0.1521,0.7791
MECKLENBURG,076,3733,3114,196,11,87,6,82,237,252,3059,3060,2610,147,11,68,183,2575,619,0.8342,0.0525,0.0675,0.0233,0.1658,0.8197
MECKLENBURG,077,5476,628,2282,115,114,2,1722,613,2480,441,3958,477,1783,73,98,1611,374,4848,0.1147,0.4167,0.4529,0.0208,0.8853,0.7228
MECKLENBURG,078.1,4880,1642,1445,62,590,1,726,414,1184,1496,3937,1480,1147,36,474,805,1375,3238,0.3365,0.2961,0.2426,0.1209,0.6635,0.8068
MECKLENBURG,079,4045,843,1639,28,473,2,734,326,1011,778,3028,717,1247,25,337,659,669,3202,0.2084,0.4052,0.2499,0.1169,0.7916,0.7486
MECKLENBURG,080,6348,1430,3042,50,447,1,899,479,1339,1297,4648,1217,2220,35,342,825,1123,4918,0.2253,0.4792,0.2109,0.0704,0.7747,0.7322
MECKLENBURG,081,7580,1168,4228,75,487,3,1058,561,1533,1049,5631,1039,3142,57,375,974,959,6412,0.1541,0.5578,0.2022,0.0642,0.8459,0.7429
MECKLENBURG,082,9117,814,4161,131,200,11,3021,779,4010,525,6509,644,3135,90,158,2554,470,8303,0.0893,0.4564,0.4398,0.0219,0.9107,0.7139
MECKLENBURG,083,6070,1782,2171,95,464,0,921,637,1586,1585,4521,1518,1615,70,307,1021,1388,4288,0.2936,0.3577,0.2613,0.0764,0.7064,0.7448
MECKLENBURG,084,5074,998,2060,92,344,0,1115,465,1777,763,3729,833,1541,62,242,1160,705,4076,0.1967,0.406,0.3502,0.0678,0.8033,0.7349
MECKLENBURG,085,3595,2214,791,21,76,2,168,323,383,2158,2858,1866,576,17,66,253,1832,1381,0.6159,0.22,0.1065,0.0211,0.3841,0.795
MECKLENBURG,086,2669,2419,50,0,78,1,3,118,85,2392,1943,1778,32,0,65,52,1762,250,0.9063,0.0187,0.0318,0.0292,0.0937,0.728
MECKLENBURG,087,4363,2587,567,30,166,5,492,516,951,2475,3537,2195,449,24,142,666,2118,1776,0.5929,0.13,0.218,0.038,0.4071,0.8107
MECKLENBURG,088,4129,2601,558,20,143,1,369,437,704,2509,3396,2232,442,17,119,510,2171,1528,0.6299,0.1351,0.1705,0.0346,0.3701,0.8225
MECKLENBURG,089,10431,3054,4817,95,296,3,1351,815,2066,2881,7649,2632,3344,56,202,1322,2515,7377,0.2928,0.4618,0.1981,0.0284,0.7072,0.7333
MECKLENBURG,090,2230,1707,139,4,100,2,76,202,183,1673,1762,1384,112,0,86,123,1362,523,0.7655,0.0623,0.0821,0.0448,0.2345,0.7901
MECKLENBURG,091,6676,5093,372,16,685,1,127,382,306,5017,4721,3656,272,13,476,191,3621,1583,0.7629,0.0557,0.0458,0.1026,0.2371,0.7072
MECKLENBURG,092,4419,3088,478,24,181,4,311,333,547,3031,3357,2429,346,13,150,363,2385,1331,0.6988,0.1082,0.1238,0.041,0.3012,0.7597
MECKLENBURG,093,2388,1856,105,13,99,3,117,195,271,1820,1918,1519,82,7,78,203,1492,532,0.7772,0.044,0.1135,0.0415,0.2228,0.8032
MECKLENBURG,094,3475,1074,1043,62,346,2,584,364,1009,941,2619,927,803,44,220,665,847,2401,0.3091,0.3001,0.2904,0.0996,0.6909,0.7537
MECKLENBURG,095,3610,674,1791,28,175,8,539,395,891,597,2722,603,1372,21,134,557,546,2936,0.1867,0.4961,0.2468,0.0485,0.8133,0.754
MECKLENBURG,096,2824,1997,395,18,77,1,120,216,295,1937,2440,1748,350,10,69,242,1698,827,0.7072,0.1399,0.1045,0.0273,0.2928,0.864
MECKLENBURG,097,2772,773,1191,39,44,3,429,293,777,686,2143,690,920,27,40,496,635,1999,0.2789,0.4297,0.2803,0.0159,0.7211,0.7731
MECKLENBURG,098,8874,1232,2360,332,176,4,3337,1433,5518,654,6069,934,1794,203,158,3473,562,7642,0.1388,0.2659,0.6218,0.0198,0.8612,0.6839
MECKLENBURG,099,5014,1263,2320,48,112,4,798,469,1205,1073,3890,1094,1740,37,91,836,970,3751,0.2519,0.4627,0.2403,0.0223,0.7481,0.7758
MECKLENBURG,100,4180,3042,333,10,371,0,105,319,257,2987,3233,2412,263,10,279,188,2372,1138,0.7278,0.0797,0.0615,0.0888,0.2722,0.7734
MECKLENBURG,101,3843,2663,545,8,109,0,238,280,445,2600,3044,2175,408,7,99,319,2125,1180,0.6929,0.1418,0.1158,0.0284,0.3071,0.7921
MECKLENBURG,102,8155,2966,2650,86,491,8,1152,802,1767,2747,6185,2472,1968,59,372,1235,2321,5189,0.3637,0.325,0.2167,0.0602,0.6363,0.7584
MECKLENBURG,103,3859,3195,152,4,159,1,40,308,233,3138,2991,2512,112,4,133,155,2471,664,0.8279,0.0394,0.0604,0.0412,0.1721,0.7751
MECKLENBURG,104,5604,800,2947,72,328,5,1034,418,1685,461,4221,629,2362,47,244,1102,402,4804,0.1428,0.5259,0.3007,0.0585,0.8572,0.7532
MECKLENBURG,105,8995,3052,4159,44,504,12,672,552,1058,2941,7559,2855,3210,38,470,820,2757,5943,0.3393,0.4624,0.1176,0.056,0.6607,0.8404
MECKLENBURG,106,2228,1904,87,3,47,2,55,130,119,1892,1739,1534,51,3,42,64,1527,324,0.8546,0.039,0.0534,0.0211,0.1454,0.7805
MECKLENBURG,107.1,5532,1122,3296,40,250,2,450,372,723,1060,4261,975,2486,29,197,510,923,4410,0.2028,0.5958,0.1307,0.0452,0.7972,0.7702
MECKLENBURG,108,5789,973,2116,53,607,4,1244,792,2157,623,4141,740,1605,47,397,1380,527,4816,0.1681,0.3655,0.3726,0.1049,0.8319,0.7153
MECKLENBURG,109,3782,3148,223,3,115,0,65,228,188,3093,3233,2732,200,3,102,149,2680,634,0.8324,0.059,0.0497,0.0304,0.1676,0.8548
MECKLENBURG,110,1981,1566,159,2,48,2,52,152,121,1551,1462,1190,110,0,33,72,1184,415,0.7905,0.0803,0.0611,0.0242,0.2095,0.738
MECKLENBURG,111,4154,3395,300,13,123,0,85,238,253,3337,3400,2807,244,10,110,191,2758,759,0.8173,0.0722,0.0609,0.0296,0.1827,0.8185
MECKLENBURG,112,3155,2488,130,5,263,1,55,213,179,2447,2317,1890,96,3,175,108,1870,667,0.7886,0.0412,0.0567,0.0834,0.2114,0.7344
MECKLENBURG,113,4961,3824,270,4,444,0,85,334,256,3784,3548,2837,195,4,279,157,2815,1137,0.7708,0.0544,0.0516,0.0895,0.2292,0.7152
MECKLENBURG,114,3795,3183,201,10,53,0,117,231,284,3150,3020,2560,171,7,48,200,2532,612,0.8387,0.053,0.0748,0.014,0.1613,0.7958
MECKLENBURG,115,2963,892,914,40,187,11,577,342,966,796,2217,763,675,33,122,660,702,2071,0.301,0.3085,0.326,0.0631,0.699,0.7482
MECKLENBURG,116,2917,542,1343,59,154,0,564,255,894,460,2090,443,972,48,104,583,396,2375,0.1858,0.4604,0.3065,0.0528,0.8142,0.7165
MECKLENBURG,117,3734,1155,1695,28,87,7,402,360,683,1056,2967,973,1312,24,78,482,919,2579,0.3093,0.4539,0.1829,0.0233,0.6907,0.7946
MECKLENBURG,118,5117,3329,457,13,780,1,172,365,302,3272,3581,2395,337,12,496,198,2358,1788,0.6506,0.0893,0.059,0.1524,0.3494,0.6998
MECKLENBURG,119,2468,1973,234,7,99,0,17,138,84,1948,1902,1585,146,6,84,59,1565,495,0.7994,0.0948,0.034,0.0401,0.2006,0.7707
MECKLENBURG,120,6159,1142,2006,82,225,5,1840,859,2856,932,4735,1012,1590,57,201,1966,867,5017,0.1854,0.3257,0.4637,0.0365,0.8146,0.7688
MECKLENBURG,121,5101,4063,278,11,294,2,88,365,339,3977,4001,3254,203,10,228,234,3205,1038,0.7965,0.0545,0.0665,0.0576,0.2035,0.7844
MECKLENBURG,122,8790,3376,2842,64,559,16,961,972,1751,3197,6996,2879,2255,54,433,1273,2761,5414,0.3841,0.3233,0.1992,0.0636,0.6159,0.7959
MECKLENBURG,123,3903,832,1837,36,191,18,627,362,943,761,2922,700,1392,32,145,613,655,3071,0.2132,0.4707,0.2416,0.0489,0.7868,0.7487
MECKLENBURG,124,4491,732,2230,67,252,2,800,408,1224,602,3309,612,1749,38,166,736,540,3759,0.163,0.4965,0.2725,0.0561,0.837,0.7368
MECKLENBURG,125,2454,650,824,15,217,5,556,187,805,577,1798,538,594,12,143,539,489,1804,0.2649,0.3358,0.328,0.0884,0.7351,0.7327
MECKLENBURG,126,6072,1108,3206,74,969,2,370,343,648,1024,4811,984,2543,50,731,452,924,4964,0.1825,0.528,0.1067,0.1596,0.8175,0.7923
MECKLENBURG,127,6891,5959,184,10,179,0,115,444,393,5877,4789,4240,122,9,118,208,4197,932,0.8648,0.0267,0.057,0.026,0.1352,0.695
MECKLENBURG,128,4098,1981,1415,11,186,1,159,345,375,1928,3291,1633,1126,5,162,277,1604,2117,0.4834,0.3453,0.0915,0.0454,0.5166,0.8031
MECKLENBURG,129,2711,1018,715,50,104,5,501,318,824,940,2182,928,569,28,90,560,874,1693,0.3755,0.2637,0.3039,0.0384,0.6245,0.8049
MECKLENBURG,130,3874,931,1231,34,804,3,586,285,858,844,2791,780,867,23,548,550,725,2943,0.2403,0.3178,0.2215,0.2075,0.7597,0.7204
MECKLENBURG,131,2371,2031,84,2,94,0,16,144,91,2015,1817,1574,63,2,64,62,1563,340,0.8566,0.0354,0.0384,0.0396,0.1434,0.7663
MECKLENBURG,132,4670,1103,1224,81,206,3,1596,457,2082,985,3378,947,937,57,167,1288,868,3567,0.2362,0.2621,0.4458,0.0441,0.7638,0.7233
MECKLENBURG,133,7343,5784,526,14,312,2,149,556,473,5686,5380,4300,414,7,226,308,4230,1559,0.7877,0.0716,0.0644,0.0425,0.2123,0.7327
MECKLENBURG,134,11104,7576,1442,43,356,2,794,891,1507,7346,8400,6007,1074,27,269,936,5857,3528,0.6823,0.1299,0.1357,0.0321,0.3177,0.7565
MECKLENBURG,135,14594,2386,8767,84,393,6,1723,1235,2832,2138,11091,2056,6706,55,314,1827,1922,12208,0.1635,0.6007,0.1941,0.0269,0.8365,0.76
MECKLENBURG,136,3482,2917,138,20,123,1,98,185,218,2869,2747,2357,108,15,91,136,2326,565,0.8377,0.0396,0.0626,0.0353,0.1623,0.7889
MECKLENBURG,137,9969,5861,673,17,2501,11,200,706,651,5750,7087,4417,479,14,1606,416,4355,4108,0.5879,0.0675,0.0653,0.2509,0.4121,0.7109
MECKLENBURG,138,6875,1628,2642,61,634,4,1271,635,1998,1382,5444,1415,2114,37,520,1390,1260,5247,0.2368,0.3843,0.2906,0.0922,0.7632,0.7919
MECKLENBURG,139.1,5530,3543,525,15,773,0,165,509,470,3475,4068,2716,380,13,546,308,2668,1987,0.6407,0.0949,0.085,0.1398,0.3593,0.7356
MECKLENBURG,140,9613,5208,973,23,2258,6,324,821,927,5026,7084,4097,709,13,1509,631,3966,4405,0.5418,0.1012,0.0964,0.2349,0.4582,0.7369
MECKLENBURG,141,11129,5446,3068,143,1541,21,580,330,1193,5049,10455,5291,2836,133,1461,1000,4927,5683,0.4894,0.2757,0.1072,0.1385,0.5106,0.9394
MECKLENBURG,142,9679,7283,952,37,412,4,237,754,718,7116,7376,5705,719,29,301,458,5591,2396,0.7525,0.0984,0.0742,0.0426,0.2475,0.7621
MECKLENBURG,143,8751,6717,698,17,459,1,203,656,643,6594,6089,4724,499,13,315,434,4646,2034,0.7676,0.0798,0.0735,0.0525,0.2324,0.6958
MECKLENBURG,144,5258,3687,433,10,605,2,91,430,359,3610,4008,2926,321,8,430,230,2881,1571,0.7012,0.0824,0.0683,0.1151,0.2988,0.7623
MECKLENBURG,145,14590,7091,4971,28,862,14,454,1170,1170,6898,10928,5645,3589,23,643,803,5492,7499,0.486,0.3407,0.0802,0.0591,0.514,0.749
MECKLENBURG,146,8162,1240,4413,44,1493,4,446,522,819,1129,6320,1104,3392,33,1102,591,1025,6922,0.1519,0.5407,0.1003,0.1829,0.8481,0.7743
MECKLENBURG,147,8613,1710,2707,156,1558,3,1750,729,2616,1434,6753,1500,2246,96,1246,1721,1312,6903,0.1985,0.3143,0.3037,0.1809,0.8015,0.784
MECKLENBURG,148,19409,9326,2344,51,5381,9,608,1690,1753,9029,13593,7043,1621,31,3442,1163,6849,10083,0.4805,0.1208,0.0903,0.2772,0.5195,0.7003
MECKLENBURG,149,9172,1920,4900,38,495,4,1100,715,1748,1697,6988,1593,3728,26,404,1198,1454,7252,0.2093,0.5342,0.1906,0.054,0.7907,0.7619
MECKLENBURG,150,5145,1983,2281,19,155,0,269,438,565,1914,3960,1698,1694,14,113,369,1650,3162,0.3854,0.4433,0.1098,0.0301,0.6146,0.7697
MECKLENBURG,151,7972,2488,3723,43,502,6,577,633,1075,2358,6031,2008,2798,36,395,697,1926,5484,0.3121,0.467,0.1348,0.063,0.6879,0.7565
MECKLENBURG,200,4545,2051,703,45,198,0,1143,405,1498,1967,3423,1794,538,27,158,867,1744,2494,0.4513,0.1547,0.3296,0.0436,0.5487,0.7531
MECKLENBURG,201,12575,4159,5123,123,291,11,1678,1190,2707,3899,9286,3433,3695,91,239,1756,3274,8416,0.3307,0.4074,0.2153,0.0231,0.6693,0.7384
MECKLENBURG,202,13227,10130,1202,28,327,6,579,955,1327,9805,10020,7958,882,23,241,845,7744,3097,0.7659,0.0909,0.1003,0.0247,0.2341,0.7575
MECKLENBURG,203,11147,2505,5713,43,297,1,1434,1154,2449,2248,8124,2017,4112,37,246,1608,1868,8642,0.2247,0.5125,0.2197,0.0266,0.7753,0.7288
MECKLENBURG,204.1,8238,1788,4894,39,380,6,568,563,1016,1663,6170,1472,3613,33,296,663,1384,6450,0.217,0.5941,0.1233,0.0461,0.783,0.749
MECKLENBURG,205,5846,1913,2541,22,274,17,535,544,1025,1805,4440,1597,1889,13,203,693,1537,3933,0.3272,0.4347,0.1753,0.0469,0.6728,0.7595
MECKLENBURG,206,8897,7140,595,43,336,1,212,570,567,7036,7601,6162,506,37,302,435,6090,1757,0.8025,0.0669,0.0637,0.0378,0.1975,0.8543
MECKLENBURG,207,8511,6111,761,43,217,0,643,736,1217,5927,6155,4557,543,18,162,777,4452,2400,0.718,0.0894,0.143,0.0255,0.282,0.7232
MECKLENBURG,208,6440,5643,178,10,158,2,101,348,247,5585,4998,4453,146,9,126,157,4408,797,0.8762,0.0276,0.0384,0.0245,0.1238,0.7761
MECKLENBURG,209,6939,4804,1054,30,157,2,355,537,738,4676,5178,3709,778,21,108,471,3636,2135,0.6923,0.1519,0.1064,0.0226,0.3077,0.7462
MECKLENBURG,210,9419,1164,6287,37,311,5,1063,552,1488,1053,7115,971,4859,31,203,943,905,8255,0.1236,0.6675,0.158,0.033,0.8764,0.7554
MECKLENBURG,211,16442,4408,8762,58,630,12,1198,1374,2133,4101,12947,3797,6767,45,506,1557,3571,12034,0.2681,0.5329,0.1297,0.0383,0.7319,0.7874
MECKLENBURG,212,21153,4865,9960,119,3921,10,919,1359,1836,4633,16996,4298,7699,74,3218,1363,4130,16288,0.23,0.4709,0.0868,0.1854,0.77,0.8035
MECKLENBURG,213,8581,1087,5257,59,296,3,1404,475,1883,894,6348,935,3908,39,233,1257,808,7494,0.1267,0.6126,0.2194,0.0345,0.8733,0.7398
MECKLENBURG,214,5108,1788,2546,41,196,12,193,332,398,1737,3870,1482,1873,37,155,252,1450,3320,0.35,0.4984,0.0779,0.0384,0.65,0.7576
MECKLENBURG,215,5170,3679,544,14,326,8,180,419,434,3610,3831,2817,395,13,244,270,2776,1491,0.7116,0.1052,0.0839,0.0631,0.2884,0.741
MECKLENBURG,216,6881,4126,1205,39,435,1,460,615,891,4029,5529,3493,929,30,329,614,3431,2755,0.5996,0.1751,0.1295,0.0632,0.4004,0.8035
MECKLENBURG,217,4974,3320,735,21,180,4,249,465,601,3212,3945,2691,583,19,133,442,2601,1654,0.6675,0.1478,0.1208,0.0362,0.3325,0.7931
MECKLENBURG,218,3814,2911,310,16,98,0,136,343,356,2835,2949,2328,249,7,72,238,2277,903,0.7632,0.0813,0.0933,0.0257,0.2368,0.7732
MECKLENBURG,219,3828,2511,587,35,187,2,278,228,448,2452,3067,2094,462,26,153,279,2061,1317,0.656,0.1533,0.117,0.0489,0.344,0.8012
MECKLENBURG,220,3999,3022,454,10,118,4,105,286,320,2976,3282,2562,379,4,97,207,2534,977,0.7557,0.1135,0.08,0.0295,0.2443,0.8207
MECKLENBURG,221,6153,4834,499,21,185,0,169,445,362,4775,4842,3895,385,20,152,243,3863,1319,0.7856,0.0811,0.0588,0.0301,0.2144,0.7869
MECKLENBURG,222,11323,2356,6539,54,545,13,1035,781,1527,2209,8215,1983,4638,44,368,984,1892,8967,0.2081,0.5775,0.1349,0.0481,0.7919,0.7255
MECKLENBURG,223.1,10992,4643,4633,48,255,5,567,841,1118,4490,8075,3636,3261,35,214,757,3538,6349,0.4224,0.4215,0.1017,0.0232,0.5776,0.7346
MECKLENBURG,224,5342,2060,1860,40,305,3,608,466,970,1942,3997,1722,1307,35,236,634,1664,3282,0.3856,0.3482,0.1816,0.0571,0.6144,0.7482
MECKLENBURG,225,5353,3194,889,16,286,4,490,474,890,3085,4335,2747,669,16,232,630,2670,2159,0.5967,0.1661,0.1663,0.0534,0.4033,0.8098
MECKLENBURG,226,5577,3646,679,16,323,0,339,574,714,3551,4576,3083,536,10,281,533,3009,1931,0.6538,0.1218,0.128,0.0579,0.3462,0.8205
MECKLENBURG,227,10840,6964,1066,27,1545,4,308,926,918,6780,7973,5290,769,27,1067,649,5176,3876,0.6424,0.0983,0.0847,0.1425,0.3576,0.7355
MECKLENBURG,228,7572,2412,2554,46,663,3,1034,860,1815,2258,6144,2134,2121,36,513,1290,2028,5160,0.3185,0.3373,0.2397,0.0876,0.6815,0.8114
MECKLENBURG,229,16800,8318,4690,63,1104,20,1056,1549,2143,8020,12660,6720,3372,43,825,1456,6526,8482,0.4951,0.2792,0.1276,0.0657,0.5049,0.7536
MECKLENBURG,230,16146,5094,5861,96,1975,1,1575,1544,3029,4683,12279,4155,4334,62,1541,2150,3871,11052,0.3155,0.363,0.1876,0.1223,0.6845,0.7605
MECKLENBURG,231,6613,3285,1366,56,506,1,668,731,1430,3037,4959,2598,961,44,434,931,2476,3328,0.4967,0.2066,0.2162,0.0765,0.5033,0.7499
MECKLENBURG,232,7308,4764,604,16,1095,8,159,662,556,4671,5675,3879,471,13,762,399,3815,2544,0.6519,0.0826,0.0761,0.1498,0.3481,0.7765
MECKLENBURG,233,5611,4831,164,2,261,0,67,286,231,4766,4431,3891,136,1,194,144,3850,780,0.861,0.0292,0.0412,0.0465,0.139,0.7897
MECKLENBURG,234,6023,2927,1141,60,243,2,1042,608,1518,2787,4553,2445,845,41,177,967,2351,3096,0.486,0.1894,0.252,0.0403,0.514,0.7559
MECKLENBURG,235,5855,2597,1705,28,248,3,695,579,1253,2406,4444,2159,1208,20,189,855,2035,3258,0.4436,0.2912,0.214,0.0424,0.5564,0.759
MECKLENBURG,236,7121,5211,818,56,246,2,282,506,603,5101,5451,4133,616,49,180,377,4065,1910,0.7318,0.1149,0.0847,0.0345,0.2682,0.7655
MECKLENBURG,237,7377,1846,3803,56,306,9,712,645,1237,1727,5625,1534,2908,44,248,804,1453,5531,0.2502,0.5155,0.1677,0.0415,0.7498,0.7625
MECKLENBURG,238.1,4047,1917,1496,10,177,4,124,319,338,1857,3091,1556,1091,9,145,245,1515,2130,0.4737,0.3697,0.0835,0.0437,0.5263,0.7638
MECKLENBURG,239,5636,1696,2375,36,921,8,207,393,467,1631,4227,1407,1757,30,650,323,1356,3940,0.3009,0.4214,0.0829,0.1634,0.6991,0.75
MECKLENBURG,240,8768,7060,574,27,218,2,223,664,671,6899,7143,5885,444,25,170,485,5778,1708,0.8052,0.0655,0.0765,0.0249,0.1948,0.8147
MECKLENBURG,241,11404,7372,2182,29,681,1,316,823,838,7243,8750,5844,1646,24,505,568,5750,4032,0.6464,0.1913,0.0735,0.0597,0.3536,0.7673
MECKLENBURG,242,3783,3393,67,3,88,0,42,190,109,3371,3011,2733,60,2,66,77,2716,390,0.8969,0.0177,0.0288,0.0233,0.1031,0.7959
MECKLENBURG,243,15747,6563,5137,60,1085,17,1239,1646,2587,6230,11969,5359,3758,47,846,1831,5132,9184,0.4168,0.3262,0.1643,0.0689,0.5832,0.7601
MITCHELL,01-A,2127,1980,5,3,9,0,13,117,38,1972,1717,1619,5,3,4,23,1614,147,0.9309,0.0024,0.0179,0.0042,0.0691,0.8072
MITCHELL,02,381,374,0,0,2,0,0,5,4,373,318,315,0,0,2,0,315,7,0.9816,0.0,0.0105,0.0052,0.0184,0.8346
MITCHELL,03,715,692,0,0,0,0,6,17,6,689,601,579,0,0,0,5,577,23,0.9678,0.0,0.0084,0.0,0.0322,0.8406
MITCHELL,04,8040,7196,38,15,32,1,318,440,556,7088,6552,5995,29,15,31,354,5922,844,0.895,0.0047,0.0692,0.004,0.105,0.8149
MITCHELL,05,1034,973,0,6,2,0,0,53,34,960,858,809,0,5,2,21,803,61,0.941,0.0,0.0329,0.0019,0.059,0.8298
MITCHELL,06,702,673,0,2,2,0,0,25,1,673,598,576,0,2,2,1,576,29,0.9587,0.0,0.0014,0.0028,0.0413,0.8519
MITCHELL,07,251,239,0,0,1,0,0,11,4,236,223,215,0,0,0,2,213,12,0.9522,0.0,0.0159,0.004,0.0478,0.8884
MITCHELL,09,1663,1546,10,4,6,0,20,77,59,1532,1391,1304,7,4,5,42,1293,117,0.9296,0.006,0.0355,0.0036,0.0704,0.8364
MONTGOMERY,BIS,2912,1400,574,27,22,0,693,196,995,1270,2139,1099,424,20,19,634,1033,1512,0.4808,0.1971,0.3417,0.0076,0.5192,0.7345
MONTGOMERY,CAN,2836,1276,420,22,34,3,833,248,1153,1185,2042,1037,331,14,30,663,986,1560,0.4499,0.1481,0.4066,0.012,0.5501,0.72
MONTGOMERY,CHE,951,782,74,1,7,0,51,36,66,777,732,617,68,1,0,42,613,169,0.8223,0.0778,0.0694,0.0074,0.1777,0.7697
MONTGOMERY,ELD,1894,1789,15,11,7,0,4,68,26,1786,1729,1641,15,9,6,21,1638,105,0.9446,0.0079,0.0137,0.0037,0.0554,0.9129
MONTGOMERY,LIT,813,725,14,4,0,0,13,57,43,718,606,548,10,4,0,30,545,88,0.8918,0.0172,0.0529,0.0,0.1082,0.7454
MONTGOMERY,MTG,2121,986,982,16,43,4,15,75,30,984,1688,775,818,13,27,19,773,1135,0.4649,0.463,0.0141,0.0203,0.5351,0.7959
MONTGOMERY,OPH,456,423,6,0,3,0,11,13,18,420,363,334,6,0,3,13,333,33,0.9276,0.0132,0.0395,0.0066,0.0724,0.7961
MONTGOMERY,PEE,1788,1486,179,2,42,1,30,48,40,1479,1529,1336,115,1,29,25,1331,302,0.8311,0.1001,0.0224,0.0235,0.1689,0.8551
MONTGOMERY,ROC,1368,438,443,11,3,0,403,70,482,413,992,342,358,4,2,282,332,930,0.3202,0.3238,0.3523,0.0022,0.6798,0.7251
MONTGOMERY,STA,2599,1998,148,17,3,0,331,102,446,1934,2011,1627,97,17,3,267,1594,601,0.7688,0.0569,0.1716,0.0012,0.2312,0.7738
MONTGOMERY,T1,3104,1853,686,17,68,0,266,214,426,1820,2279,1463,501,10,51,223,1455,1251,0.597,0.221,0.1372,0.0219,0.403,0.7342
MONTGOMERY,T2,2271,1641,448,7,28,0,60,87,136,1607,1876,1356,405,7,19,80,1339,630,0.7226,0.1973,0.0599,0.0123,0.2774,0.8261
MONTGOMERY,UWH,1956,1769,44,3,37,1,10,92,31,1764,1652,1531,28,3,28,20,1531,187,0.9044,0.0225,0.0158,0.0189,0.0956,0.8446
MONTGOMERY,WAD,682,351,193,1,96,0,26,15,32,347,539,265,167,0,77,23,262,331,0.5147,0.283,0.0469,0.1408,0.4853,0.7903
MOORE,BEN,3048,2069,494,30,7,2,292,154,434,1987,2399,1699,393,21,7,279,1647,979,0.6788,0.1621,0.1424,0.0023,0.3212,0.7871
MOORE,CAM,3981,3098,411,38,14,1,188,231,350,3021,3044,2440,292,32,12,216,2399,883,0.7782,0.1032,0.0879,0.0035,0.2218,0.7646
MOORE,CAR,7636,5891,905,80,47,3,186,524,475,5795,5814,4518,744,55,34,319,4460,1745,0.7715,0.1185,0.0622,0.0062,0.2285,0.7614
MOORE,DHR,2553,2073,125,10,8,0,164,173,260,2054,1981,1672,107,10,6,134,1664,480,0.812,0.049,0.1018,0.0031,0.188,0.7759
MOORE,EAB,4311,2887,913,64,43,2,96,306,247,2816,3289,2286,697,46,31,163,2236,1424,0.6697,0.2118,0.0573,0.01,0.3303,0.7629
MOORE,EKWD,2161,1784,128,10,45,1,38,155,118,1755,1728,1482,101,9,30,64,1463,377,0.8255,0.0592,0.0546,0.0208,0.1745,0.7996
MOORE,EUR-WP,6157,5381,124,27,82,3,86,454,334,5276,4360,3886,96,17,66,197,3829,776,0.874,0.0201,0.0542,0.0133,0.126,0.7081
MOORE,EWD,2198,1698,260,24,11,1,64,140,141,1678,1727,1366,214,15,10,78,1360,500,0.7725,0.1183,0.0641,0.005,0.2275,0.7857
MOORE,LTR,4727,3790,334,51,40,6,147,359,440,3607,3481,2811,288,35,40,235,2732,937,0.8018,0.0707,0.0931,0.0085,0.1982,0.7364
MOORE,NSP,3415,2872,215,22,35,4,67,200,215,2800,2919,2502,186,12,32,144,2459,543,0.841,0.063,0.063,0.0102,0.159,0.8548
MOORE,PBF,3713,2216,804,76,54,8,262,293,438,2164,2853,1803,597,55,40,287,1769,1497,0.5968,0.2165,0.118,0.0145,0.4032,0.7684
MOORE,PDN,4690,3915,296,25,57,10,69,318,250,3852,3723,3148,230,15,55,165,3110,775,0.8348,0.0631,0.0533,0.0122,0.1652,0.7938
MOORE,PHA1,4588,3866,220,27,116,3,71,285,225,3779,3564,3034,184,19,92,156,2982,722,0.8426,0.048,0.049,0.0253,0.1574,0.7768
MOORE,PHA2,2333,2096,52,15,37,0,28,105,52,2088,2060,1896,33,13,28,26,1894,237,0.8984,0.0223,0.0223,0.0159,0.1016,0.883
MOORE,PHB1A,3810,3276,184,9,74,1,39,227,171,3240,3195,2797,148,9,62,127,2770,534,0.8598,0.0483,0.0449,0.0194,0.1402,0.8386
MOORE,PHB2,2763,2471,54,15,60,0,18,145,92,2453,2359,2160,47,12,41,64,2151,292,0.8943,0.0195,0.0333,0.0217,0.1057,0.8538
MOORE,PHC,5115,4353,267,26,109,4,74,282,235,4288,4248,3712,220,21,81,136,3670,762,0.851,0.0522,0.0459,0.0213,0.149,0.8305
MOORE,RBN,2590,1460,163,23,15,0,674,255,937,1392,1904,1179,135,18,7,565,1146,1130,0.5637,0.0629,0.3618,0.0058,0.4363,0.7351
MOORE,SLS,4885,4310,183,15,54,0,84,239,247,4254,3875,3487,148,12,32,150,3452,575,0.8823,0.0375,0.0506,0.0111,0.1177,0.7932
MOORE,SSP,5722,3068,2079,37,96,1,77,364,276,3023,4440,2573,1480,23,71,182,2543,2654,0.5362,0.3633,0.0482,0.0168,0.4638,0.776
MOORE,TLT,642,212,371,4,7,0,15,33,24,210,535,181,321,0,7,17,180,430,0.3302,0.5779,0.0374,0.0109,0.6698,0.8333
MOORE,VSS,3402,2669,276,30,24,1,173,229,365,2565,2568,2027,226,26,18,239,1958,733,0.7845,0.0811,0.1073,0.0071,0.2155,0.7549
MOORE,WAB,6154,3901,1194,113,138,2,209,597,529,3786,4736,3155,916,97,112,316,3086,2253,0.6339,0.194,0.086,0.0224,0.3661,0.7696
MOORE,WEM,2798,2464,143,9,9,0,65,108,136,2427,2229,1985,115,7,9,89,1965,334,0.8806,0.0511,0.0486,0.0032,0.1194,0.7966
MOORE,WKWD1,2908,2517,117,16,44,2,39,173,144,2466,2459,2173,90,15,41,95,2148,391,0.8655,0.0402,0.0495,0.0151,0.1345,0.8456
MOORE,WND,3385,2632,359,29,38,5,116,206,230,2574,2688,2149,299,25,31,130,2116,753,0.7775,0.1061,0.0679,0.0112,0.2225,0.7941
NASH,P01A,4704,2836,911,39,12,6,531,369,946,2657,3556,2271,704,29,11,563,2171,1868,0.6029,0.1937,0.2011,0.0026,0.3971,0.756
NASH,P02A,3732,2119,823,16,9,2,564,199,722,2035,2841,1687,641,9,7,444,1655,1613,0.5678,0.2205,0.1935,0.0024,0.4322,0.7613
NASH,P03A,2932,1937,468,14,6,0,306,201,511,1863,2228,1556,357,12,0,287,1521,995,0.6606,0.1596,0.1743,0.002,0.3394,0.7599
NASH,P04A,3102,1645,494,31,0,0,666,266,987,1520,2314,1322,387,21,0,627,1245,1457,0.5303,0.1593,0.3182,0.0,0.4697,0.746
NASH,P05A,4159,3446,314,36,2,2,201,158,332,3415,3303,2761,251,29,2,242,2743,713,0.8286,0.0755,0.0798,0.0005,0.1714,0.7942
NASH,P06A,4092,2080,1562,29,6,0,198,217,304,2046,3298,1723,1277,25,4,184,1706,2012,0.5083,0.3817,0.0743,0.0015,0.4917,0.806
NASH,P07A,1188,820,239,11,4,0,60,54,104,802,945,683,181,6,4,65,671,368,0.6902,0.2012,0.0875,0.0034,0.3098,0.7955
NASH,P08A,9888,5255,3881,90,44,7,270,341,349,5222,7913,4345,3066,76,29,222,4325,4633,0.5315,0.3925,0.0353,0.0044,0.4685,0.8003
NASH,P09A,2085,1283,646,12,0,1,71,72,95,1265,1648,1055,493,9,0,58,1044,802,0.6153,0.3098,0.0456,0.0,0.3847,0.7904
NASH,P10A,2682,979,1427,74,5,0,87,110,149,951,2138,779,1166,54,2,99,768,1703,0.365,0.5321,0.0556,0.0019,0.635,0.7972
NASH,P11A,3856,3128,503,32,14,0,55,124,100,3108,3059,2530,385,26,9,57,2519,728,0.8112,0.1304,0.0259,0.0036,0.1888,0.7933
NASH,P12A,1268,561,613,10,2,0,37,45,47,555,1050,473,511,8,2,34,467,707,0.4424,0.4834,0.0371,0.0016,0.5576,0.8281
NASH,P13A,1070,311,671,11,4,0,21,52,28,309,862,270,535,4,3,18,270,759,0.2907,0.6271,0.0262,0.0037,0.7093,0.8056
NASH,P14A,2035,1266,616,22,22,0,36,73,59,1255,1604,1032,469,12,15,42,1027,769,0.6221,0.3027,0.029,0.0108,0.3779,0.7882
NASH,P15A,6030,3748,1727,53,45,1,130,326,286,3700,4669,3018,1299,35,34,205,2979,2282,0.6216,0.2864,0.0474,0.0075,0.3784,0.7743
NASH,P16A,3298,1166,1586,36,56,3,284,167,407,1095,2579,989,1187,24,46,290,950,2132,0.3535,0.4809,0.1234,0.017,0.6465,0.782
NASH,P17A,6254,2224,3307,57,188,1,226,251,361,2164,4967,1918,2535,51,150,253,1871,4030,0.3556,0.5288,0.0577,0.0301,0.6444,0.7942
NASH,P18A,4195,1381,2422,29,135,1,85,142,155,1363,3357,1197,1891,22,106,115,1183,2814,0.3292,0.5774,0.0369,0.0322,0.6708,0.8002
NASH,P19A,7770,4049,2872,23,168,10,379,269,526,3996,6197,3428,2179,20,130,352,3388,3721,0.5211,0.3696,0.0677,0.0216,0.4789,0.7976
NASH,P20A,3747,1783,1655,26,45,7,72,159,165,1754,3040,1561,1263,24,39,104,1543,1964,0.4758,0.4417,0.044,0.012,0.5242,0.8113
NASH,P21A,4092,1195,2473,24,84,0,113,203,170,1164,3248,1055,1917,13,61,118,1036,2897,0.292,0.6043,0.0415,0.0205,0.708,0.7937
NASH,P22A,3114,419,2494,17,14,0,49,121,107,392,2358,349,1880,14,14,60,331,2695,0.1346,0.8009,0.0344,0.0045,0.8654,0.7572
NASH,P23A,5111,796,4001,32,25,0,83,174,163,778,3807,708,2896,27,21,88,696,4315,0.1557,0.7828,0.0319,0.0049,0.8443,0.7449
NASH,P24A,4538,2927,1253,14,25,1,151,167,249,2884,3575,2414,949,12,21,153,2383,1611,0.645,0.2761,0.0549,0.0055,0.355,0.7878
NEW HANOVER,CF01,6072,3738,1411,49,38,2,432,402,686,3646,4851,3175,1086,40,36,414,3125,2334,0.6156,0.2324,0.113,0.0063,0.3844,0.7989
NEW HANOVER,CF02,4373,3168,533,69,24,1,276,302,503,3099,3529,2615,448,52,22,341,2563,1205,0.7244,0.1219,0.115,0.0055,0.2756,0.807
NEW HANOVER,CF05,4853,3609,594,31,59,0,188,372,401,3535,3890,2996,448,16,49,260,2941,1244,0.7437,0.1224,0.0826,0.0122,0.2563,0.8016
NEW HANOVER,CF06,4500,3136,739,38,42,3,247,295,418,3057,3573,2551,620,28,30,253,2505,1364,0.6969,0.1642,0.0929,0.0093,0.3031,0.794
NEW HANOVER,FP03,2209,2042,11,6,18,2,13,117,40,2039,1946,1841,4,6,10,22,1838,167,0.9244,0.005,0.0181,0.0081,0.0756,0.8809
NEW HANOVER,FP04,7573,6531,324,38,98,8,113,461,315,6455,5866,5139,251,33,68,199,5097,1042,0.8624,0.0428,0.0416,0.0129,0.1376,0.7746
NEW HANOVER,FP06,5969,4953,332,16,123,2,103,440,270,4888,4726,4021,251,14,94,176,3981,1016,0.8298,0.0556,0.0452,0.0206,0.1702,0.7918
NEW HANOVER,FP07,7094,6117,296,35,72,3,135,436,349,6024,5672,4921,244,30,65,237,4869,977,0.8623,0.0417,0.0492,0.0101,0.1377,0.7995
NEW HANOVER,FP08,6559,6039,53,21,52,1,31,362,181,5977,5528,5136,49,16,45,125,5097,520,0.9207,0.0081,0.0276,0.0079,0.0793,0.8428
NEW HANOVER,H01,2548,1663,397,14,50,0,226,198,406,1597,1986,1370,298,14,35,254,1333,885,0.6527,0.1558,0.1593,0.0196,0.3473,0.7794
NEW HANOVER,H02,4936,4543,48,10,52,0,72,211,168,4513,4180,3882,48,8,38,117,3865,393,0.9204,0.0097,0.034,0.0105,0.0796,0.8468
NEW HANOVER,H04,5297,4611,209,17,76,15,115,254,247,4553,4644,4104,182,11,64,187,4054,686,0.8705,0.0395,0.0466,0.0143,0.1295,0.8767
NEW HANOVER,H05,4590,3988,97,22,47,2,176,258,317,3941,4017,3611,78,13,40,204,3577,602,0.8688,0.0211,0.0691,0.0102,0.1312,0.8752
NEW HANOVER,H06,4399,3281,426,19,125,5,235,308,472,3168,3602,2787,343,19,87,314,2717,1118,0.7459,0.0968,0.1073,0.0284,0.2541,0.8188
NEW HANOVER,H08,8200,7469,135,6,78,1,76,435,292,7375,6204,5746,105,5,70,181,5691,731,0.9109,0.0165,0.0356,0.0095,0.0891,0.7566
NEW HANOVER,H10,6159,4282,936,39,155,3,283,461,674,4083,4799,3428,754,30,137,397,3305,1877,0.6952,0.152,0.1094,0.0252,0.3048,0.7792
NEW HANOVER,H11,9718,7427,922,46,240,6,431,646,871,7229,7606,5996,695,29,184,565,5867,2291,0.7643,0.0949,0.0896,0.0247,0.2357,0.7827
NEW HANOVER,H12,4662,4186,92,11,79,2,39,253,185,4132,3674,3312,70,10,62,130,3284,476,0.8979,0.0197,0.0397,0.0169,0.1021,0.7881
NEW HANOVER,H13,5528,4960,174,9,78,0,56,251,142,4934,4547,4149,138,7,59,85,4135,568,0.8973,0.0315,0.0257,0.0141,0.1027,0.8225
NEW HANOVER,M02,8261,7197,209,15,213,3,134,490,363,7098,6131,5408,170,10,162,218,5355,1064,0.8712,0.0253,0.0439,0.0258,0.1288,0.7422
NEW HANOVER,M03,7371,5483,435,53,101,2,591,706,1123,5307,5886,4599,352,44,81,686,4491,1888,0.7439,0.059,0.1524,0.0137,0.2561,0.7985
NEW HANOVER,M04,9220,7412,758,48,232,0,200,570,505,7290,7405,6106,575,40,179,351,6026,1808,0.8039,0.0822,0.0548,0.0252,0.1961,0.8031
NEW HANOVER,M06,3692,3325,91,7,69,0,22,178,101,3294,3023,2737,78,6,62,64,2715,367,0.9006,0.0246,0.0274,0.0187,0.0994,0.8188
NEW HANOVER,M07,2793,2487,46,6,69,1,25,159,109,2457,2299,2069,38,4,50,78,2050,306,0.8904,0.0165,0.039,0.0247,0.1096,0.8231
NEW HANOVER,W03,2983,1542,1077,24,23,9,102,206,225,1479,2557,1438,854,21,16,159,1392,1441,0.5169,0.361,0.0754,0.0077,0.4831,0.8572
NEW HANOVER,W08,2786,1313,1262,11,12,3,26,159,84,1290,2205,1174,880,9,10,59,1161,1473,0.4713,0.453,0.0302,0.0043,0.5287,0.7915
NEW HANOVER,W12,2124,1786,162,6,28,0,41,101,97,1766,1708,1453,124,3,24,73,1437,338,0.8409,0.0763,0.0457,0.0132,0.1591,0.8041
NEW HANOVER,W15,8894,3431,3987,47,115,6,582,726,1021,3282,6859,3110,2705,41,104,743,3004,5463,0.3858,0.4483,0.1148,0.0129,0.6142,0.7712
NEW HANOVER,W16,4274,3622,195,14,102,9,69,263,171,3586,3434,2952,160,7,83,121,2924,652,0.8474,0.0456,0.04,0.0239,0.1526,0.8035
NEW HANOVER,W17,2972,2338,317,8,94,1,34,180,155,2298,2355,1878,256,5,76,101,1847,634,0.7867,0.1067,0.0522,0.0316,0.2133,0.7924
NEW HANOVER,W21,6060,4964,484,19,93,5,144,351,355,4873,5271,4411,405,16,78,271,4343,1096,0.8191,0.0799,0.0586,0.0153,0.1809,0.8698
NEW HANOVER,W25,4831,2610,1760,32,38,2,98,291,217,2563,4143,2436,1378,28,32,150,2394,2221,0.5403,0.3643,0.0449,0.0079,0.4597,0.8576
NEW HANOVER,W26,3960,2623,727,26,23,8,259,294,532,2468,3313,2321,576,16,21,336,2226,1337,0.6624,0.1836,0.1343,0.0058,0.3376,0.8366
NEW HANOVER,W27,4033,2657,931,27,25,1,109,283,264,2601,3354,2289,738,22,23,181,2250,1376,0.6588,0.2308,0.0655,0.0062,0.3412,0.8316
NEW HANOVER,W29,4361,1024,2926,11,22,2,95,281,227,968,3467,900,2267,10,12,159,861,3337,0.2348,0.6709,0.0521,0.005,0.7652,0.795
NEW HANOVER,W30,7336,4927,1139,55,79,2,547,587,1210,4635,6058,4364,858,47,67,771,4165,2409,0.6716,0.1553,0.1649,0.0108,0.3284,0.8258
NEW HANOVER,W31,5296,4533,313,16,93,11,112,218,220,4484,4432,3844,263,12,71,159,3810,763,0.8559,0.0591,0.0415,0.0176,0.1441,0.8369
NEW HANOVER,W33,7680,6110,167,23,77,2,584,717,1198,5978,6037,4992,131,14,61,724,4913,1570,0.7956,0.0217,0.156,0.01,0.2044,0.7861
NEW HANOVER,W34,10840,7357,1906,50,337,17,595,578,1117,7038,10113,7080,1717,30,322,927,6790,3483,0.6787,0.1758,0.103,0.0311,0.3213,0.9329
NEW HANOVER,W35,8207,6023,750,44,149,13,484,744,1033,5823,7088,5434,576,38,131,749,5270,2184,0.7339,0.0914,0.1259,0.0182,0.2661,0.8637
NEW HANOVER,WB,2476,2326,12,0,15,1,27,95,35,2323,2129,2023,12,0,11,24,2020,150,0.9394,0.0048,0.0141,0.0061,0.0606,0.8599
NORTHAMPTON,COMIPE,1794,955,741,2,5,2,26,63,47,945,1444,803,574,2,5,30,794,839,0.5323,0.413,0.0262,0.0028,0.4677,0.8049
NORTHAMPTON,CREEKS,786,463,290,0,0,0,4,29,13,460,647,385,240,0,0,10,382,323,0.5891,0.369,0.0165,0.0,0.4109,0.8232
NORTHAMPTON,GALATI,724,357,312,4,1,0,23,27,35,355,600,307,259,4,1,22,306,367,0.4931,0.4309,0.0483,0.0014,0.5069,0.8287
NORTHAMPTON,GAPL,2099,389,1633,0,3,0,17,57,28,385,1739,323,1364,0,3,18,319,1710,0.1853,0.778,0.0133,0.0014,0.8147,0.8285
NORTHAMPTON,GASTON,3487,1060,2240,15,0,0,48,124,67,1044,2809,921,1755,15,0,40,912,2427,0.304,0.6424,0.0192,0.0,0.696,0.8056
NORTHAMPTON,JARE,1091,467,554,8,7,0,21,34,16,459,941,416,479,8,3,11,412,624,0.428,0.5078,0.0147,0.0064,0.572,0.8625
NORTHAMPTON,LAKE G,1643,1081,491,3,1,1,10,56,16,1078,1477,1017,406,3,1,13,1014,562,0.6579,0.2988,0.0097,0.0006,0.3421,0.899
NORTHAMPTON,LASKER,230,171,39,0,1,0,5,14,4,171,192,150,32,0,1,2,150,59,0.7435,0.1696,0.0174,0.0043,0.2565,0.8348
NORTHAMPTON,NEWTOW,703,391,294,0,0,1,7,10,9,390,581,339,232,0,0,4,338,312,0.5562,0.4182,0.0128,0.0,0.4438,0.8265
NORTHAMPTON,RICH S,1709,402,1235,4,3,0,13,52,46,394,1380,352,988,4,3,23,344,1307,0.2352,0.7226,0.0269,0.0018,0.7648,0.8075
NORTHAMPTON,SEABOA,1284,375,834,5,2,0,15,53,23,369,1029,322,662,5,2,12,321,909,0.2921,0.6495,0.0179,0.0016,0.7079,0.8014
NORTHAMPTON,SEVERN,638,342,273,0,0,0,11,12,11,340,536,295,226,0,0,8,293,296,0.5361,0.4279,0.0172,0.0,0.4639,0.8401
NORTHAMPTON,WOPO,1153,484,596,7,4,0,17,45,39,467,913,420,458,7,4,23,408,669,0.4198,0.5169,0.0338,0.0035,0.5802,0.7918
ONSLOW,BC21,8747,6950,456,49,141,35,253,863,844,6673,6599,5425,326,39,123,533,5248,1797,0.7946,0.0521,0.0965,0.0161,0.2054,0.7544
ONSLOW,BM08,12241,6437,3131,94,415,41,689,1434,1830,5992,9509,5305,2299,90,372,1297,4974,5804,0.5259,0.2558,0.1495,0.0339,0.4741,0.7768
ONSLOW,CL10,5516,4359,350,33,45,11,167,551,533,4217,3991,3209,256,33,42,332,3118,1157,0.7902,0.0635,0.0966,0.0082,0.2098,0.7235
ONSLOW,CR07,9033,6327,1220,59,122,28,326,951,866,6106,6885,4999,947,52,96,552,4850,2706,0.7004,0.1351,0.0959,0.0135,0.2996,0.7622
ONSLOW,EN03,21612,11061,5503,159,905,89,1211,2684,3483,10095,15955,8709,3847,120,706,2330,8064,10551,0.5118,0.2546,0.1612,0.0419,0.4882,0.7382
ONSLOW,FS16,6788,5943,169,49,52,10,66,499,414,5799,5333,4764,135,38,40,268,4675,845,0.8755,0.0249,0.061,0.0077,0.1245,0.7857
ONSLOW,GB12,8356,5824,1157,61,117,22,327,848,959,5535,5818,4161,828,44,98,544,4014,2532,0.697,0.1385,0.1148,0.014,0.303,0.6963
ONSLOW,HM05,7899,4565,1702,51,202,48,333,998,1005,4279,5893,3565,1235,38,168,659,3381,3334,0.5779,0.2155,0.1272,0.0256,0.4221,0.746
ONSLOW,HN14,4673,3387,575,47,51,9,160,444,482,3230,3350,2530,399,42,43,269,2462,1286,0.7248,0.123,0.1031,0.0109,0.2752,0.7169
ONSLOW,HR17,4786,3844,202,40,79,13,105,503,407,3680,3713,3061,162,25,63,228,2976,942,0.8032,0.0422,0.085,0.0165,0.1968,0.7758
ONSLOW,HU20,6187,4719,476,59,78,18,161,676,500,4561,4430,3496,327,43,67,282,3415,1468,0.7627,0.0769,0.0808,0.0126,0.2373,0.716
ONSLOW,JA01,37964,24297,3455,274,1247,349,3937,4405,8771,22194,33170,21363,2969,247,1141,7761,19614,13667,0.64,0.091,0.231,0.0328,0.36,0.8737
ONSLOW,ML23,1754,1321,274,7,7,0,21,124,75,1296,1342,1032,221,4,6,48,1017,433,0.7531,0.1562,0.0428,0.004,0.2469,0.7651
ONSLOW,MT24,2874,2307,184,21,29,7,61,265,248,2207,2219,1831,143,15,20,148,1774,567,0.8027,0.064,0.0863,0.0101,0.1973,0.7721
ONSLOW,NE22A,8051,4371,1794,73,227,33,413,1140,1294,3985,5755,3223,1335,58,182,786,3006,3680,0.5429,0.2228,0.1607,0.0282,0.4571,0.7148
ONSLOW,NE22B,9723,5911,1767,81,222,26,493,1223,1340,5557,7150,4482,1347,54,204,827,4266,3812,0.6079,0.1817,0.1378,0.0228,0.3921,0.7354
ONSLOW,NM13,1789,1397,139,8,14,8,38,185,146,1361,1374,1104,107,7,12,92,1084,392,0.7809,0.0777,0.0816,0.0078,0.2191,0.768
ONSLOW,NR02,3202,1003,1648,28,27,6,189,301,442,908,2488,832,1271,20,26,288,777,2199,0.3132,0.5147,0.138,0.0084,0.6868,0.777
ONSLOW,RL09,10126,7285,1249,66,102,17,417,990,1029,6997,7135,5274,921,37,85,598,5119,2841,0.7194,0.1233,0.1016,0.0101,0.2806,0.7046
ONSLOW,SF18,8647,7296,262,35,136,8,174,736,633,7052,6740,5806,205,25,118,382,5656,1351,0.8438,0.0303,0.0732,0.0157,0.1562,0.7795
ONSLOW,SW19,7450,6323,245,35,130,10,127,580,481,6181,5857,5090,184,30,105,309,5002,1127,0.8487,0.0329,0.0646,0.0174,0.1513,0.7862
ONSLOW,TL06,6097,4271,823,56,109,11,181,646,657,4074,4519,3211,652,43,92,381,3122,1826,0.7005,0.135,0.1078,0.0179,0.2995,0.7412
ONSLOW,VR15,3790,2842,324,28,60,5,147,384,387,2737,2734,2124,220,20,55,241,2047,948,0.7499,0.0855,0.1021,0.0158,0.2501,0.7214
ONSLOW,WN04,7271,5032,921,47,212,21,200,838,815,4783,5508,3958,661,31,174,524,3805,2239,0.6921,0.1267,0.1121,0.0292,0.3079,0.7575
ORANGE,CA,1534,1066,261,18,14,0,61,114,125,1035,1205,840,227,14,11,79,827,468,0.6949,0.1701,0.0815,0.0091,0.3051,0.7855
ORANGE,CB1,4611,3074,500,19,241,1,313,463,671,2977,3820,2630,422,15,193,470,2569,1537,0.6667,0.1084,0.1455,0.0523,0.3333,0.8285
ORANGE,CF1,6618,3628,729,18,1528,0,185,530,481,3508,5074,2946,522,13,1152,322,2869,2990,0.5482,0.1102,0.0727,0.2309,0.4518,0.7667
ORANGE,CG,1971,1476,296,6,14,1,74,104,115,1459,1613,1235,245,6,14,73,1224,495,0.7489,0.1502,0.0583,0.0071,0.2511,0.8184
ORANGE,CH,2012,1395,119,8,268,2,27,193,121,1372,1656,1191,79,7,236,76,1176,617,0.6933,0.0591,0.0601,0.1332,0.3067,0.8231
ORANGE,CO,3616,2241,361,10,528,0,124,352,321,2189,2864,1882,250,7,407,219,1840,1375,0.6197,0.0998,0.0888,0.146,0.3803,0.792
ORANGE,CS1,2200,1776,79,22,48,0,107,168,191,1749,1742,1475,56,13,37,100,1461,424,0.8073,0.0359,0.0868,0.0218,0.1927,0.7918
ORANGE,CW,3572,2992,250,5,16,0,81,228,161,2969,2910,2471,212,5,16,99,2461,580,0.8376,0.07,0.0451,0.0045,0.1624,0.8147
ORANGE,CX,8142,5159,1642,40,209,7,440,645,868,5011,6221,4096,1272,34,151,536,4014,2983,0.6336,0.2017,0.1066,0.0257,0.3664,0.7641
ORANGE,DA,3962,3114,127,11,305,0,61,344,256,3051,2917,2358,97,10,231,162,2315,848,0.786,0.0321,0.0646,0.077,0.214,0.7362
ORANGE,DM,3353,2158,391,17,232,7,212,336,431,2089,2740,1814,313,16,216,317,1756,1195,0.6436,0.1166,0.1285,0.0692,0.3564,0.8172
ORANGE,EA1,3274,2417,149,8,386,0,68,246,196,2369,3047,2285,131,7,366,173,2240,857,0.7382,0.0455,0.0599,0.1179,0.2618,0.9307
ORANGE,EF,2874,2053,344,22,59,0,176,220,327,2015,2213,1633,267,15,42,203,1622,821,0.7143,0.1197,0.1138,0.0205,0.2857,0.77
ORANGE,EH,2692,1929,200,4,327,1,36,195,146,1883,2195,1610,170,4,272,105,1578,763,0.7166,0.0743,0.0542,0.1215,0.2834,0.8154
ORANGE,ENO,4369,2512,200,57,59,0,1133,408,1541,2380,3188,2032,166,32,49,889,1969,1857,0.575,0.0458,0.3527,0.0135,0.425,0.7297
ORANGE,ES,2842,1364,517,21,453,0,181,306,399,1320,2177,1156,356,9,332,273,1121,1478,0.4799,0.1819,0.1404,0.1594,0.5201,0.766
ORANGE,GB,7333,4894,909,49,164,3,675,639,1146,4712,5573,3876,703,32,129,693,3785,2439,0.6674,0.124,0.1563,0.0224,0.3326,0.76
ORANGE,GL,3286,2375,211,7,390,0,63,240,188,2323,2543,1924,155,7,285,131,1886,911,0.7228,0.0642,0.0572,0.1187,0.2772,0.7739
ORANGE,H,1772,1244,332,12,24,0,48,112,123,1209,1460,1031,291,10,22,92,1008,528,0.702,0.1874,0.0694,0.0135,0.298,0.8239
ORANGE,HE,2542,1790,244,22,52,1,212,221,352,1752,1971,1485,166,15,45,209,1463,752,0.7042,0.096,0.1385,0.0205,0.2958,0.7754
ORANGE,HF,4133,2657,318,13,520,0,137,488,390,2575,2811,1873,232,10,353,255,1821,1476,0.6429,0.0769,0.0944,0.1258,0.3571,0.6801
ORANGE,HN,3603,2900,323,4,92,0,61,223,136,2881,2652,2151,272,3,70,93,2139,703,0.8049,0.0896,0.0377,0.0255,0.1951,0.7361
ORANGE,KM,2562,2049,128,12,106,0,60,207,148,2019,1982,1653,93,1,84,85,1629,513,0.7998,0.05,0.0578,0.0414,0.2002,0.7736
ORANGE,NC,3141,2523,33,4,191,1,64,325,219,2485,2237,1850,25,4,154,122,1829,618,0.8032,0.0105,0.0697,0.0608,0.1968,0.7122
ORANGE,NS,3849,2561,663,11,321,3,55,235,218,2491,3465,2423,527,7,256,180,2366,1288,0.6654,0.1723,0.0566,0.0834,0.3346,0.9002
ORANGE,OG,4362,3517,241,31,54,1,209,309,388,3470,3616,2986,217,27,50,256,2964,845,0.8063,0.0552,0.089,0.0124,0.1937,0.829
ORANGE,OW1,4730,2533,699,47,418,3,488,542,947,2412,4040,2294,590,40,369,691,2193,2197,0.5355,0.1478,0.2002,0.0884,0.4645,0.8541
ORANGE,PA,4017,2968,149,37,226,1,347,289,566,2863,3156,2463,118,16,182,357,2402,1049,0.7389,0.0371,0.1409,0.0563,0.2611,0.7857
ORANGE,RE,4796,2360,502,18,1369,2,186,359,428,2299,3538,1805,381,15,996,286,1761,2436,0.4921,0.1047,0.0892,0.2854,0.5079,0.7377
ORANGE,RF,2614,1651,209,9,518,0,43,184,111,1626,1964,1296,146,4,386,66,1284,963,0.6316,0.08,0.0425,0.1982,0.3684,0.7513
ORANGE,SJ,3702,2447,468,32,153,1,309,292,504,2399,2846,1916,414,30,119,318,1889,1255,0.661,0.1264,0.1361,0.0413,0.339,0.7688
ORANGE,SM,3133,2597,217,24,30,2,73,190,202,2584,2524,2128,172,22,23,142,2119,536,0.8289,0.0693,0.0645,0.0096,0.1711,0.8056
ORANGE,TH1,2699,1704,355,18,253,0,144,225,301,1658,2213,1456,290,16,184,233,1420,995,0.6313,0.1315,0.1115,0.0937,0.3687,0.8199
ORANGE,TO,1816,1297,346,4,13,0,57,99,128,1268,1457,1037,300,4,12,89,1023,519,0.7142,0.1905,0.0705,0.0072,0.2858,0.8023
ORANGE,UNC,12651,7951,1398,76,2016,11,361,838,980,7628,12156,7704,1358,69,1950,924,7382,4700,0.6285,0.1105,0.0775,0.1594,0.3715,0.9609
ORANGE,WC,2610,1676,279,24,40,2,332,257,516,1646,2084,1404,253,17,32,326,1391,934,0.6421,0.1069,0.1977,0.0153,0.3579,0.7985
ORANGE,WD,4195,2429,362,30,602,1,355,416,590,2336,3365,2049,290,28,466,410,1987,1766,0.579,0.0863,0.1406,0.1435,0.421,0.8021
ORANGE,WDS,452,434,3,1,8,0,2,4,7,433,446,433,3,1,7,3,433,18,0.9602,0.0066,0.0155,0.0177,0.0398,0.9867
ORANGE,WH,3057,1498,853,40,32,0,392,242,572,1453,2387,1273,690,27,26,338,1246,1559,0.49,0.279,0.1871,0.0105,0.51,0.7808
ORANGE,WW1,3999,2682,441,40,395,0,140,301,302,2639,3459,2403,365,32,344,232,2365,1317,0.6707,0.1103,0.0755,0.0988,0.3293,0.865
PAMLICO,1CR,2127,1711,223,8,11,1,46,127,118,1683,1726,1411,193,6,10,82,1396,416,0.8044,0.1048,0.0555,0.0052,0.1956,0.8115
PAMLICO,1RB,1991,1632,196,6,10,3,43,101,75,1610,1598,1324,162,6,7,50,1310,359,0.8197,0.0984,0.0377,0.005,0.1803,0.8026
PAMLICO,2OT,2047,1768,155,8,11,0,21,84,67,1747,1883,1650,137,8,11,57,1633,279,0.8637,0.0757,0.0327,0.0054,0.1363,0.9199
PAMLICO,3CH,2771,1574,965,10,11,3,76,132,113,1563,2382,1355,864,8,10,79,1352,1197,0.568,0.3482,0.0408,0.004,0.432,0.8596
PAMLICO,4BR,774,487,236,3,4,0,2,42,6,486,654,417,203,0,4,2,416,287,0.6292,0.3049,0.0078,0.0052,0.3708,0.845
PAMLICO,5AP,2566,2044,286,23,15,1,55,142,117,2015,2235,1835,235,19,15,83,1810,522,0.7966,0.1115,0.0456,0.0058,0.2034,0.871
PASQUOTANK,EAST,4255,2380,1424,15,57,5,88,286,263,2314,3383,1964,1141,8,46,164,1919,1875,0.5593,0.3347,0.0618,0.0134,0.4407,0.7951
PASQUOTANK,MH,6035,3659,1746,28,76,9,144,373,335,3567,4679,2915,1368,22,66,193,2863,2376,0.6063,0.2893,0.0555,0.0126,0.3937,0.7753
PASQUOTANK,NEW,2623,1599,871,16,7,0,20,110,61,1575,2090,1284,702,16,6,40,1265,1024,0.6096,0.3321,0.0233,0.0027,0.3904,0.7968
PASQUOTANK,NIX,4859,3660,832,17,52,5,44,249,170,3613,3937,3044,648,17,46,120,3002,1199,0.7532,0.1712,0.035,0.0107,0.2468,0.8102
PASQUOTANK,NORTH,3875,1632,1692,34,60,1,184,272,331,1588,3021,1386,1260,28,49,226,1355,2243,0.4212,0.4366,0.0854,0.0155,0.5788,0.7796
PASQUOTANK,PRO,8174,5450,1852,43,119,8,212,490,406,5392,6614,4415,1594,37,102,283,4372,2724,0.6667,0.2266,0.0497,0.0146,0.3333,0.8092
PASQUOTANK,SAL,1613,1317,203,3,15,0,11,64,51,1293,1288,1069,168,3,10,31,1050,296,0.8165,0.1259,0.0316,0.0093,0.1835,0.7985
PASQUOTANK,SOUTH,4575,1160,2823,35,53,0,235,269,386,1118,3615,913,2322,20,47,254,891,3415,0.2536,0.617,0.0844,0.0116,0.7464,0.7902
PASQUOTANK,WEST,4559,1162,3035,22,31,2,91,216,234,1117,3337,977,2133,14,23,136,953,3397,0.2549,0.6657,0.0513,0.0068,0.7451,0.732
PENDER,BW01,8377,5375,2005,54,33,0,404,506,672,5296,6755,4420,1666,48,25,448,4366,3002,0.6416,0.2393,0.0802,0.0039,0.3584,0.8064
PENDER,CL05,1959,813,879,16,2,0,175,74,229,788,1525,643,721,15,2,128,636,1146,0.415,0.4487,0.1169,0.001,0.585,0.7785
PENDER,LT18,6377,5537,174,27,49,4,112,474,384,5439,4617,4080,146,17,34,208,4038,840,0.8683,0.0273,0.0602,0.0077,0.1317,0.724
PENDER,MC07,3945,2363,1062,32,10,3,282,193,387,2316,3162,1973,878,27,5,242,1943,1582,0.599,0.2692,0.0981,0.0025,0.401,0.8015
PENDER,MT19,4517,3899,218,25,36,6,78,255,174,3854,3498,3046,184,18,29,95,3026,618,0.8632,0.0483,0.0385,0.008,0.1368,0.7744
PENDER,PL18,3844,2631,744,22,4,0,236,207,374,2584,3001,2142,570,15,3,217,2118,1213,0.6844,0.1935,0.0973,0.001,0.3156,0.7807
PENDER,RP21,10655,7141,1396,123,37,4,1270,684,1866,6881,8123,5721,1106,83,28,1109,5572,3514,0.6702,0.131,0.1751,0.0035,0.3298,0.7624
PENDER,SC13,5099,4399,202,17,51,0,72,358,243,4329,4068,3609,168,14,38,131,3575,700,0.8627,0.0396,0.0477,0.01,0.1373,0.7978
PENDER,SH12,2561,2349,42,5,17,0,32,116,105,2309,2014,1873,35,5,10,51,1857,212,0.9172,0.0164,0.041,0.0066,0.0828,0.7864
PENDER,SP15,5705,4901,260,18,29,11,82,404,265,4808,4300,3747,209,17,21,176,3692,804,0.8591,0.0456,0.0465,0.0051,0.1409,0.7537
PENDER,UH08,892,295,552,1,0,0,15,29,34,279,748,246,470,1,0,31,231,597,0.3307,0.6188,0.0381,0.0,0.6693,0.8386
PENDER,UT14,6285,5606,88,14,74,3,77,423,250,5539,4803,4360,76,12,55,162,4317,679,0.892,0.014,0.0398,0.0118,0.108,0.7642
PERQUIMANS,BELVID,934,746,159,1,2,0,1,25,11,741,746,588,133,1,2,9,584,188,0.7987,0.1702,0.0118,0.0021,0.2013,0.7987
PERQUIMANS,BETHEL,3458,2829,409,17,9,0,23,171,63,2816,3001,2519,324,17,9,36,2509,629,0.8181,0.1183,0.0182,0.0026,0.1819,0.8678
PERQUIMANS,EAST H,1357,682,591,1,1,0,10,72,34,671,1047,553,451,1,1,16,551,675,0.5026,0.4355,0.0251,0.0007,0.4974,0.7716
PERQUIMANS,NEW HO,3045,2341,466,6,14,7,35,176,71,2321,2472,1906,403,6,12,42,1900,704,0.7688,0.153,0.0233,0.0046,0.2312,0.8118
PERQUIMANS,NICANO,356,271,59,2,0,1,3,20,4,270,284,225,45,2,0,3,225,85,0.7612,0.1657,0.0112,0.0,0.2388,0.7978
PERQUIMANS,PARKVI,2489,1617,717,5,10,2,30,108,55,1605,2007,1314,593,5,8,40,1305,872,0.6497,0.2881,0.0221,0.004,0.3503,0.8063
PERQUIMANS,WEST H,1366,926,314,7,3,0,34,82,71,909,1035,717,244,5,2,45,706,440,0.6779,0.2299,0.052,0.0022,0.3221,0.7577
PERSON,ALVI,3106,1946,908,13,1,0,106,132,142,1936,2402,1539,729,7,1,84,1530,1160,0.6265,0.2923,0.0457,0.0003,0.3735,0.7733
PERSON,CUCL,2413,1742,517,17,7,0,33,97,71,1725,2013,1492,431,10,2,47,1476,671,0.7219,0.2143,0.0294,0.0029,0.2781,0.8342
PERSON,FLHE,7334,5738,977,27,28,2,192,370,350,5663,5737,4552,764,16,27,237,4504,1596,0.7824,0.1332,0.0477,0.0038,0.2176,0.7822
PERSON,HLWY,1565,1097,301,66,0,2,20,79,36,1090,1261,913,225,57,0,24,907,468,0.701,0.1923,0.023,0.0,0.299,0.8058
PERSON,MTTZ,3308,2618,405,10,14,0,103,158,156,2601,2687,2166,327,10,13,104,2159,690,0.7914,0.1224,0.0472,0.0042,0.2086,0.8123
PERSON,OLHI,2236,1813,292,13,8,0,40,70,80,1800,1778,1453,228,10,8,59,1442,423,0.8108,0.1306,0.0358,0.0036,0.1892,0.7952
PERSON,PNTH,6764,3377,2594,56,25,4,302,406,506,3286,5193,2785,1903,48,21,313,2734,3387,0.4993,0.3835,0.0748,0.0037,0.5007,0.7677
PERSON,RCOB,5702,3000,2107,43,25,0,272,255,494,2882,4510,2470,1642,32,16,319,2415,2702,0.5261,0.3695,0.0866,0.0044,0.4739,0.791
PERSON,ROXL,2621,1444,965,12,7,0,64,129,136,1411,2129,1210,773,12,2,83,1197,1177,0.5509,0.3682,0.0519,0.0027,0.4491,0.8123
PERSON,SWST,2622,1984,381,9,5,0,73,170,155,1953,2068,1581,318,6,5,90,1573,638,0.7567,0.1453,0.0591,0.0019,0.2433,0.7887
PERSON,WDSD,1426,795,490,15,5,0,51,70,69,785,1185,687,403,11,1,46,682,631,0.5575,0.3436,0.0484,0.0035,0.4425,0.831
PITT,0101,5686,2794,2307,17,34,1,207,326,354,2735,4349,2234,1735,17,26,226,2189,2892,0.4914,0.4057,0.0623,0.006,0.5086,0.7649
PITT,0200A,4055,2507,1067,34,11,2,207,227,319,2484,3094,2053,764,16,7,202,2040,1548,0.6182,0.2631,0.0787,0.0027,0.3818,0.763
PITT,0200B,3441,1504,1621,11,7,6,126,166,212,1472,2632,1222,1198,10,5,134,1209,1937,0.4371,0.4711,0.0616,0.002,0.5629,0.7649
PITT,0301,7361,2047,3349,63,8,16,1419,459,1862,1863,5321,1634,2457,42,7,1118,1545,5314,0.2781,0.455,0.253,0.0011,0.7219,0.7229
PITT,0401,2204,834,1153,12,2,5,100,98,150,828,1728,683,912,4,2,87,680,1370,0.3784,0.5231,0.0681,0.0009,0.6216,0.784
PITT,0501,1913,1243,457,6,3,1,129,74,172,1232,1534,1023,375,5,2,111,1022,670,0.6498,0.2389,0.0899,0.0016,0.3502,0.8019
PITT,0601,7065,5622,710,27,54,0,321,331,543,5542,5281,4253,551,24,38,351,4209,1443,0.7958,0.1005,0.0769,0.0076,0.2042,0.7475
PITT,0701,2823,1760,714,10,116,0,92,131,171,1730,2154,1426,508,3,87,90,1411,1063,0.6235,0.2529,0.0606,0.0411,0.3765,0.763
PITT,0800A,3298,1679,1246,14,12,0,179,168,305,1644,2522,1362,953,13,12,183,1339,1619,0.5091,0.3778,0.0925,0.0036,0.4909,0.7647
PITT,0800B,2866,1379,1283,20,5,0,77,102,146,1334,2113,1120,872,14,5,79,1099,1487,0.4812,0.4477,0.0509,0.0017,0.5188,0.7373
PITT,0901,1251,748,376,16,3,1,59,48,94,734,976,615,290,7,3,45,608,503,0.5979,0.3006,0.0751,0.0024,0.4021,0.7802
PITT,1001,4442,2612,1324,12,9,3,216,266,447,2518,3461,2141,983,7,7,275,2103,1830,0.588,0.2981,0.1006,0.002,0.412,0.7792
PITT,1101,1885,1071,578,4,13,0,118,101,158,1057,1416,863,416,4,9,89,855,814,0.5682,0.3066,0.0838,0.0069,0.4318,0.7512
PITT,1102A,4458,3245,773,12,72,0,97,259,211,3211,3317,2463,615,11,47,120,2439,1213,0.7279,0.1734,0.0473,0.0162,0.2721,0.7441
PITT,1102B,5495,3933,841,26,52,3,277,363,492,3868,4097,2985,665,24,37,303,2948,1562,0.7157,0.153,0.0895,0.0095,0.2843,0.7456
PITT,1201,6279,2847,2202,32,34,3,766,395,1080,2747,4919,2391,1712,27,26,696,2337,3432,0.4534,0.3507,0.172,0.0054,0.5466,0.7834
PITT,1301,1634,1317,127,8,12,3,56,111,122,1303,1260,1035,108,7,11,65,1032,317,0.806,0.0777,0.0747,0.0073,0.194,0.7711
PITT,1403A1,4769,2862,1416,23,74,0,135,259,278,2814,3562,2254,998,20,62,178,2225,1907,0.6001,0.2969,0.0583,0.0155,0.3999,0.7469
PITT,1403A2,4710,2508,1711,16,58,3,112,302,261,2473,3509,1932,1261,13,49,170,1910,2202,0.5325,0.3633,0.0554,0.0123,0.4675,0.745
PITT,1403B,6518,4001,1817,19,221,3,141,316,277,3938,4976,3112,1393,8,148,188,3075,2517,0.6138,0.2788,0.0425,0.0339,0.3862,0.7634
PITT,1501,2096,284,1459,8,1,1,251,92,351,214,1651,244,1196,5,0,209,202,1812,0.1355,0.6961,0.1675,0.0005,0.8645,0.7877
PITT,1503,4369,1249,2674,22,154,0,85,185,177,1202,3547,1187,1987,20,139,141,1146,3120,0.2859,0.612,0.0405,0.0352,0.7141,0.8119
PITT,1504A,4610,1023,3100,15,93,4,123,252,223,986,3628,911,2342,8,77,164,892,3587,0.2219,0.6725,0.0484,0.0202,0.7781,0.787
PITT,1504B,7170,2439,3890,24,217,1,222,377,377,2391,5672,2187,2855,19,194,294,2147,4731,0.3402,0.5425,0.0526,0.0303,0.6598,0.7911
PITT,1505A,4868,1285,3066,10,87,0,163,257,303,1254,3704,1138,2214,10,69,210,1117,3583,0.264,0.6298,0.0622,0.0179,0.736,0.7609
PITT,1505B,4376,323,3777,9,23,1,88,155,170,299,3126,285,2660,9,14,102,272,4053,0.0738,0.8631,0.0388,0.0053,0.9262,0.7144
PITT,1506,2577,1060,1226,13,29,9,93,147,148,1042,2168,989,951,12,29,115,975,1517,0.4113,0.4757,0.0574,0.0113,0.5887,0.8413
PITT,1507,6541,3858,2037,32,117,2,205,290,360,3770,5889,3644,1683,28,109,330,3560,2683,0.5898,0.3114,0.055,0.0179,0.4102,0.9003
PITT,1507B,1920,1501,244,6,33,0,68,68,97,1472,1852,1456,235,5,33,90,1429,419,0.7818,0.1271,0.0505,0.0172,0.2182,0.9646
PITT,1508A,1701,1292,208,6,22,1,56,116,121,1262,1562,1202,179,6,22,103,1184,409,0.7596,0.1223,0.0711,0.0129,0.2404,0.9183
PITT,1508B,2628,1823,513,9,55,4,53,171,127,1776,2357,1738,384,9,51,116,1695,805,0.6937,0.1952,0.0483,0.0209,0.3063,0.8969
PITT,1509,5958,3473,1636,43,118,2,257,429,533,3381,4714,2881,1223,36,109,366,2808,2485,0.5829,0.2746,0.0895,0.0198,0.4171,0.7912
PITT,1510A,3048,2220,398,8,65,0,164,193,328,2148,2458,1852,298,5,55,226,1805,828,0.7283,0.1306,0.1076,0.0213,0.2717,0.8064
PITT,1510B,3606,2545,745,3,84,1,51,177,123,2504,2924,2175,528,3,73,84,2150,1061,0.7058,0.2066,0.0341,0.0233,0.2942,0.8109
PITT,1511A,4770,3368,851,13,219,3,58,258,201,3319,3792,2728,665,11,173,142,2690,1402,0.7061,0.1784,0.0421,0.0459,0.2939,0.795
PITT,1511B,5703,3292,1698,25,183,3,172,330,320,3228,4856,3011,1301,19,152,243,2959,2411,0.5772,0.2977,0.0561,0.0321,0.4228,0.8515
PITT,1512A,9256,4058,4095,33,227,15,292,536,497,3998,6519,2982,2825,25,172,341,2937,5198,0.4384,0.4424,0.0537,0.0245,0.5616,0.7043
PITT,1512B,3838,1733,1579,9,144,0,127,246,192,1704,2877,1378,1135,4,125,130,1352,2105,0.4515,0.4114,0.05,0.0375,0.5485,0.7496
PITT,1513A,5037,3043,1263,20,260,5,142,304,287,2994,3760,2330,940,18,189,197,2293,1994,0.6041,0.2507,0.057,0.0516,0.3959,0.7465
PITT,1513B,4018,2408,883,21,147,4,275,280,379,2366,2996,1879,652,20,106,233,1851,1610,0.5993,0.2198,0.0943,0.0366,0.4007,0.7456
POLK,CG05,2033,1853,9,17,0,2,41,111,89,1837,1620,1500,9,12,0,49,1492,180,0.9115,0.0044,0.0438,0.0,0.0885,0.7969
POLK,CL07,3291,2832,102,18,22,4,112,201,229,2786,2668,2356,77,18,17,141,2337,459,0.8605,0.031,0.0696,0.0067,0.1395,0.8107
POLK,CL08,3147,2849,41,7,9,1,64,176,162,2816,2745,2534,31,5,8,105,2508,298,0.9053,0.013,0.0515,0.0029,0.0947,0.8723
POLK,GC09,3240,2787,208,10,14,4,53,164,164,2744,2687,2334,172,9,14,110,2308,453,0.8602,0.0642,0.0506,0.0043,0.1398,0.8293
POLK,SA04,1886,1736,22,8,3,0,21,96,74,1709,1588,1464,17,8,2,47,1452,150,0.9205,0.0117,0.0392,0.0016,0.0795,0.842
POLK,TR123,3419,2935,231,8,12,2,59,172,124,2905,2987,2645,177,7,6,76,2624,484,0.8584,0.0676,0.0363,0.0035,0.1416,0.8736
POLK,WO06,2312,1942,85,13,0,1,96,175,184,1919,1909,1633,78,9,0,130,1614,370,0.84,0.0368,0.0796,0.0,0.16,0.8257
RANDOLPH,AE,7485,4076,1374,66,106,3,1046,814,1904,3771,5707,3359,1033,51,81,1229,3175,3409,0.5446,0.1836,0.2544,0.0142,0.4554,0.7625
RANDOLPH,AN,8314,4362,806,105,135,0,1848,1058,3119,3920,6093,3553,573,81,99,1932,3297,3952,0.5247,0.0969,0.3752,0.0162,0.4753,0.7329
RANDOLPH,AR,11853,9035,735,92,964,3,398,626,769,8906,9422,7440,574,79,643,497,7371,2818,0.7623,0.062,0.0649,0.0813,0.2377,0.7949
RANDOLPH,AS,6195,4502,494,51,97,4,513,534,1066,4301,4981,3811,408,24,70,678,3687,1693,0.7267,0.0797,0.1721,0.0157,0.2733,0.804
RANDOLPH,AW,9462,5894,1037,126,142,0,1427,836,2371,5514,7343,4880,758,82,122,1568,4657,3568,0.6229,0.1096,0.2506,0.015,0.3771,0.7761
RANDOLPH,BC,4537,3978,84,23,18,0,222,212,384,3909,3574,3202,53,19,17,247,3165,559,0.8768,0.0185,0.0846,0.004,0.1232,0.7877
RANDOLPH,DR,6971,5551,303,55,25,0,531,506,912,5422,5355,4444,227,37,21,559,4366,1420,0.7963,0.0435,0.1308,0.0036,0.2037,0.7682
RANDOLPH,GR,5722,4498,263,36,23,0,522,380,904,4343,4398,3643,197,24,12,524,3556,1224,0.7861,0.046,0.158,0.004,0.2139,0.7686
RANDOLPH,LB,4222,2918,590,75,25,0,308,306,606,2804,3279,2305,516,57,15,377,2246,1304,0.6911,0.1397,0.1435,0.0059,0.3089,0.7766
RANDOLPH,LC,3622,2980,238,37,26,0,133,208,277,2920,2860,2400,179,33,24,182,2365,642,0.8227,0.0657,0.0765,0.0072,0.1773,0.7896
RANDOLPH,NM,6356,5622,127,47,53,0,200,307,354,5557,5016,4525,97,42,43,208,4482,734,0.8845,0.02,0.0557,0.0083,0.1155,0.7892
RANDOLPH,PR,7714,6920,105,67,25,0,217,380,381,6854,6159,5614,81,51,18,233,5568,794,0.8971,0.0136,0.0494,0.0032,0.1029,0.7984
RANDOLPH,RM,4695,3212,552,26,37,0,478,390,822,3097,3620,2589,448,23,29,506,2526,1483,0.6841,0.1176,0.1751,0.0079,0.3159,0.771
RANDOLPH,RN,9152,6853,562,50,59,1,897,730,1441,6647,6947,5410,456,46,43,889,5290,2299,0.7488,0.0614,0.1575,0.0064,0.2512,0.7591
RANDOLPH,SE,2788,2424,128,11,7,1,59,158,145,2390,2217,1977,96,11,7,85,1954,364,0.8694,0.0459,0.052,0.0025,0.1306,0.7952
RANDOLPH,SO,5214,4477,179,19,11,0,199,329,408,4418,4035,3547,149,18,8,243,3515,737,0.8586,0.0343,0.0783,0.0021,0.1414,0.7739
RANDOLPH,ST,2968,2338,234,24,5,2,162,203,285,2287,2275,1856,187,14,5,164,1822,630,0.7877,0.0788,0.096,0.0017,0.2123,0.7665
RANDOLPH,SW,3938,3509,61,20,54,0,102,192,200,3475,3111,2824,50,14,40,123,2801,429,0.8911,0.0155,0.0508,0.0137,0.1089,0.79
RANDOLPH,TB,4387,3976,48,29,16,0,102,216,174,3944,3442,3161,38,28,8,117,3143,411,0.9063,0.0109,0.0397,0.0036,0.0937,0.7846
RANDOLPH,TR,12022,10184,497,89,254,0,389,609,716,10071,9631,8325,404,67,183,462,8258,1838,0.8471,0.0413,0.0596,0.0211,0.1529,0.8011
RANDOLPH,TT,5733,5316,90,38,23,0,73,193,154,5285,4455,4163,63,34,19,84,4151,417,0.9273,0.0157,0.0269,0.004,0.0727,0.7771
RANDOLPH,UG,10821,8834,241,64,68,2,949,663,1659,8519,8395,7096,174,56,50,1024,6931,1987,0.8164,0.0223,0.1533,0.0063,0.1836,0.7758
RICHMOND,01,7472,3194,3324,139,79,4,331,401,484,3137,5705,2657,2425,109,67,296,2624,4278,0.4275,0.4449,0.0648,0.0106,0.5725,0.7635
RICHMOND,02,6905,4619,1420,130,85,1,333,317,435,4562,5250,3676,1023,100,69,259,3638,2286,0.6689,0.2056,0.063,0.0123,0.3311,0.7603
RICHMOND,08,5318,2367,2319,143,33,10,122,324,191,2340,4117,1955,1745,96,28,112,1938,2951,0.4451,0.4361,0.0359,0.0062,0.5549,0.7742
RICHMOND,09,7457,4530,1849,272,41,2,259,504,389,4482,5800,3702,1395,207,28,237,3673,2927,0.6075,0.248,0.0522,0.0055,0.3925,0.7778
RICHMOND,10,1909,749,828,54,6,0,190,82,253,725,1608,658,728,46,0,163,645,1160,0.3924,0.4337,0.1325,0.0031,0.6076,0.8423
RICHMOND,14,219,79,92,3,9,0,21,15,33,79,165,63,71,3,5,22,63,140,0.3607,0.4201,0.1507,0.0411,0.6393,0.7534
RICHMOND,21,2530,1775,494,38,25,0,68,130,127,1739,2018,1450,401,33,21,93,1425,755,0.7016,0.1953,0.0502,0.0099,0.2984,0.7976
RICHMOND,22,4041,2166,1184,100,15,2,327,247,406,2128,3087,1743,910,80,11,227,1727,1875,0.536,0.293,0.1005,0.0037,0.464,0.7639
RICHMOND,23,3051,2004,544,76,45,1,164,217,260,1971,2346,1644,385,46,42,160,1625,1047,0.6568,0.1783,0.0852,0.0147,0.3432,0.7689
RICHMOND,24,2663,1610,560,59,12,0,274,148,325,1595,2045,1317,424,44,11,200,1309,1053,0.6046,0.2103,0.122,0.0045,0.3954,0.7679
RICHMOND,25,1381,876,267,27,14,0,128,69,169,852,1097,718,232,24,6,99,701,505,0.6343,0.1933,0.1224,0.0101,0.3657,0.7944
ROBESON,01,1904,176,216,1402,12,0,15,83,37,168,1428,147,169,1032,12,22,145,1728,0.0924,0.1134,0.0194,0.0063,0.9076,0.75
ROBESON,02,4506,673,1381,2115,9,0,148,180,228,653,3725,618,1178,1697,8,186,602,3833,0.1494,0.3065,0.0506,0.002,0.8506,0.8267
ROBESON,03,2999,1675,615,470,9,4,75,151,119,1652,2256,1344,425,347,6,82,1324,1324,0.5585,0.2051,0.0397,0.003,0.4415,0.7523
ROBESON,04,3355,173,122,2824,4,0,154,78,176,166,2487,145,97,2106,3,102,139,3182,0.0516,0.0364,0.0525,0.0012,0.9484,0.7413
ROBESON,05A,4322,1146,1992,958,9,0,61,156,107,1138,3475,1012,1552,754,9,73,1004,3176,0.2652,0.4609,0.0248,0.0021,0.7348,0.804
ROBESON,07,1260,305,319,501,0,0,79,56,98,299,938,235,247,376,0,59,233,955,0.2421,0.2532,0.0778,0.0,0.7579,0.7444
ROBESON,08,2480,1440,346,399,6,3,201,85,301,1414,1895,1167,256,297,5,179,1149,1040,0.5806,0.1395,0.1214,0.0024,0.4194,0.7641
ROBESON,09,2221,791,562,399,8,0,345,116,460,761,1673,655,428,308,7,282,633,1430,0.3561,0.253,0.2071,0.0036,0.6439,0.7533
ROBESON,10,2047,592,421,499,7,6,387,135,558,529,1485,477,323,377,3,324,439,1455,0.2892,0.2057,0.2726,0.0034,0.7108,0.7255
ROBESON,11,4522,2877,586,538,238,9,86,188,174,2830,3683,2413,483,398,190,117,2387,1645,0.6362,0.1296,0.0385,0.0526,0.3638,0.8145
ROBESON,11A,2594,649,312,1249,17,2,183,182,285,624,1961,557,231,955,14,172,534,1945,0.2502,0.1203,0.1099,0.0066,0.7498,0.756
ROBESON,12,3783,873,1643,679,49,13,326,200,553,851,2690,703,1149,488,40,353,690,2910,0.2308,0.4343,0.1462,0.013,0.7692,0.7111
ROBESON,13,2983,1118,1015,456,29,1,178,186,288,1097,2295,960,772,326,19,193,944,1865,0.3748,0.3403,0.0965,0.0097,0.6252,0.7694
ROBESON,14,2353,749,698,420,23,3,317,143,459,738,1683,635,486,285,20,261,631,1604,0.3183,0.2966,0.1951,0.0098,0.6817,0.7153
ROBESON,15,1479,273,795,245,8,2,75,81,137,267,1065,237,592,153,4,72,232,1206,0.1846,0.5375,0.0926,0.0054,0.8154,0.7201
ROBESON,16,1432,62,1072,199,0,0,18,81,22,62,1020,54,777,129,0,17,54,1370,0.0433,0.7486,0.0154,0.0,0.9567,0.7123
ROBESON,17,660,75,225,282,11,0,44,23,55,74,460,58,131,222,7,29,58,585,0.1136,0.3409,0.0833,0.0167,0.8864,0.697
ROBESON,18A,2337,1140,605,213,63,2,158,156,220,1133,1846,975,459,146,52,147,970,1197,0.4878,0.2589,0.0941,0.027,0.5122,0.7899
ROBESON,19,4448,483,1731,2004,20,1,26,183,84,473,3314,408,1332,1460,12,47,405,3965,0.1086,0.3892,0.0189,0.0045,0.8914,0.7451
ROBESON,20,1458,757,450,166,1,0,22,62,42,754,1160,635,367,111,1,27,633,701,0.5192,0.3086,0.0288,0.0007,0.4808,0.7956
ROBESON,21,3716,1726,1093,286,21,3,265,322,470,1636,2747,1391,803,198,10,284,1347,1990,0.4645,0.2941,0.1265,0.0057,0.5355,0.7392
ROBESON,22,6066,879,1269,3208,230,7,142,331,216,845,5119,830,1186,2466,230,170,802,5187,0.1449,0.2092,0.0356,0.0379,0.8551,0.8439
ROBESON,23,6174,584,401,4810,23,1,74,281,172,555,4640,519,303,3572,20,112,496,5590,0.0946,0.0649,0.0279,0.0037,0.9054,0.7515
ROBESON,24,2223,198,244,1461,4,1,248,67,326,187,1680,169,190,1123,4,193,163,2025,0.0891,0.1098,0.1466,0.0018,0.9109,0.7557
ROBESON,25,3146,364,410,2001,4,0,214,153,287,351,2288,319,298,1457,4,168,312,2782,0.1157,0.1303,0.0912,0.0013,0.8843,0.7273
ROBESON,26A,5175,1058,1749,1232,11,2,793,330,1060,980,3804,889,1389,862,8,620,841,4117,0.2044,0.338,0.2048,0.0021,0.7956,0.7351
ROBESON,28,2633,264,273,1380,0,3,583,130,694,238,1883,225,212,1018,0,416,207,2369,0.1003,0.1037,0.2636,0.0,0.8997,0.7152
ROBESON,29,1987,399,909,551,3,2,22,101,37,391,1577,354,706,443,3,28,349,1588,0.2008,0.4575,0.0186,0.0015,0.7992,0.7937
ROBESON,30,4728,785,328,2610,15,0,659,331,911,762,3578,656,259,2028,9,565,642,3943,0.166,0.0694,0.1927,0.0032,0.834,0.7568
ROBESON,32A,8116,3022,1855,1014,14,12,1643,556,2186,2866,6062,2530,1482,698,7,1342,2434,5094,0.3724,0.2286,0.2693,0.0017,0.6276,0.7469
ROBESON,33,1214,108,129,620,4,1,267,85,356,101,843,82,103,444,0,216,79,1106,0.089,0.1063,0.2932,0.0033,0.911,0.6944
ROBESON,34,2795,220,177,2170,16,0,65,147,89,215,2072,180,135,1623,16,56,179,2575,0.0787,0.0633,0.0318,0.0057,0.9213,0.7413
ROBESON,35,3472,120,53,3140,3,0,23,133,71,106,2619,105,42,2365,3,45,94,3352,0.0346,0.0153,0.0204,0.0009,0.9654,0.7543
ROBESON,36,1573,511,570,384,7,0,23,78,45,505,1196,414,424,294,6,27,408,1062,0.3249,0.3624,0.0286,0.0045,0.6751,0.7603
ROBESON,37,814,567,83,107,0,0,25,32,46,557,653,487,58,76,0,24,485,247,0.6966,0.102,0.0565,0.0,0.3034,0.8022
ROBESON,38,659,149,66,385,14,0,7,38,12,149,493,131,42,285,13,7,131,510,0.2261,0.1002,0.0182,0.0212,0.7739,0.7481
ROBESON,39,2782,188,432,2061,5,0,22,74,61,177,2083,160,340,1516,5,34,154,2594,0.0676,0.1553,0.0219,0.0018,0.9324,0.7487
ROBESON,40,756,310,316,94,1,1,11,23,23,307,610,266,259,60,1,13,266,446,0.4101,0.418,0.0304,0.0013,0.5899,0.8069
ROBESON,41,5358,2562,961,1339,10,0,208,278,292,2548,3969,2084,630,992,8,159,2070,2796,0.4782,0.1794,0.0545,0.0019,0.5218,0.7408
ROCKINGHAM,DR,3746,2292,970,23,3,1,182,275,353,2227,2858,1854,717,17,3,210,1821,1454,0.6119,0.2589,0.0942,0.0008,0.3881,0.7629
ROCKINGHAM,EC,6394,4284,1488,23,92,5,151,351,334,4225,5106,3529,1196,15,67,175,3510,2110,0.67,0.2327,0.0522,0.0144,0.33,0.7986
ROCKINGHAM,ED,10160,6846,2146,62,68,0,469,569,787,6724,8128,5656,1737,51,50,493,5573,3314,0.6738,0.2112,0.0775,0.0067,0.3262,0.8
ROCKINGHAM,HO-1,4051,3314,413,13,19,1,102,189,196,3277,3352,2772,364,11,13,132,2744,737,0.8181,0.102,0.0484,0.0047,0.1819,0.8275
ROCKINGHAM,HU-1,6154,5238,217,35,42,3,340,279,561,5132,4886,4241,179,24,35,352,4178,916,0.8512,0.0353,0.0912,0.0068,0.1488,0.794
ROCKINGHAM,LI-1,5862,4694,773,25,25,3,115,227,222,4639,4709,3837,632,19,18,139,3807,1168,0.8008,0.1319,0.0379,0.0043,0.1992,0.8033
ROCKINGHAM,MO,4401,3763,298,22,11,0,114,193,209,3726,3576,3086,249,18,10,138,3074,638,0.855,0.0677,0.0475,0.0025,0.145,0.8125
ROCKINGHAM,NB,4870,4332,168,36,48,0,94,192,204,4281,3824,3448,123,24,44,132,3418,538,0.8895,0.0345,0.0419,0.0099,0.1105,0.7852
ROCKINGHAM,RC,6600,5362,781,24,24,0,116,293,252,5293,5349,4365,684,17,18,143,4331,1238,0.8124,0.1183,0.0382,0.0036,0.1876,0.8105
ROCKINGHAM,RE-1,9467,4656,3837,45,45,3,326,555,644,4512,7460,3843,3033,32,34,384,3768,4811,0.4918,0.4053,0.068,0.0048,0.5082,0.788
ROCKINGHAM,RE-2,7974,4646,2513,33,58,13,279,432,569,4517,6205,3844,1859,26,50,351,3780,3328,0.5826,0.3151,0.0714,0.0073,0.4174,0.7782
ROCKINGHAM,ST,7116,5624,762,23,12,0,314,381,592,5520,5706,4554,652,19,10,386,4496,1492,0.7903,0.1071,0.0832,0.0017,0.2097,0.8019
ROCKINGHAM,WI,6036,3855,1322,38,5,1,493,322,810,3722,4780,3109,1122,32,5,494,3034,2181,0.6387,0.219,0.1342,0.0008,0.3613,0.7919
ROCKINGHAM,WS-1,8265,6528,1101,39,48,0,153,396,353,6423,6844,5508,909,33,39,223,5447,1737,0.7898,0.1332,0.0427,0.0058,0.2102,0.8281
ROWAN,01,2751,2463,57,11,13,1,80,126,138,2433,2209,2009,44,8,13,78,2001,288,0.8953,0.0207,0.0502,0.0047,0.1047,0.803
ROWAN,02,2404,1233,579,6,31,2,271,282,560,1158,1809,1009,432,2,23,328,965,1171,0.5129,0.2408,0.2329,0.0129,0.4871,0.7525
ROWAN,03,3330,2942,78,18,39,0,62,191,193,2885,2671,2392,62,13,30,133,2358,388,0.8835,0.0234,0.058,0.0117,0.1165,0.8021
ROWAN,04,5794,5054,118,16,24,10,262,310,425,4977,4547,4062,99,8,17,264,4025,740,0.8723,0.0204,0.0734,0.0041,0.1277,0.7848
ROWAN,05A,6597,5151,462,38,74,6,331,535,778,4980,5103,4118,363,31,65,478,4003,1446,0.7808,0.07,0.1179,0.0112,0.2192,0.7735
ROWAN,07,2936,2100,435,7,29,3,143,219,249,2065,2288,1667,365,5,28,152,1649,836,0.7153,0.1482,0.0848,0.0099,0.2847,0.7793
ROWAN,08,5031,3612,476,27,64,0,423,429,767,3510,3878,2899,367,19,57,492,2845,1419,0.7179,0.0946,0.1525,0.0127,0.2821,0.7708
ROWAN,09,3020,2570,77,10,21,0,211,131,284,2531,2394,2083,55,9,18,195,2061,450,0.851,0.0255,0.094,0.007,0.149,0.7927
ROWAN,10,3800,3274,178,17,48,0,80,203,177,3226,3039,2675,134,14,37,99,2651,526,0.8616,0.0468,0.0466,0.0126,0.1384,0.7997
ROWAN,11,4199,3092,516,21,80,5,221,264,413,3044,3326,2541,396,17,61,259,2513,1107,0.7364,0.1229,0.0984,0.0191,0.2636,0.7921
ROWAN,12,2899,1720,792,19,33,1,138,196,265,1669,2287,1413,639,14,26,159,1383,1179,0.5933,0.2732,0.0914,0.0114,0.4067,0.7889
ROWAN,13,3294,2919,80,9,20,1,81,184,182,2876,2573,2306,63,6,15,115,2275,375,0.8862,0.0243,0.0553,0.0061,0.1138,0.7811
ROWAN,14A,6163,5130,421,19,55,3,161,374,332,5077,4774,4022,361,18,39,207,3994,1033,0.8324,0.0683,0.0539,0.0089,0.1676,0.7746
ROWAN,15,4749,3882,364,12,40,0,205,246,284,3852,3788,3198,293,9,30,170,3183,867,0.8174,0.0766,0.0598,0.0084,0.1826,0.7976
ROWAN,16,4167,2189,738,22,49,1,703,465,1116,2081,3007,1773,519,19,39,630,1707,1978,0.5253,0.1771,0.2678,0.0118,0.4747,0.7216
ROWAN,17,4536,2777,598,36,34,1,556,534,1032,2652,3472,2293,452,33,27,631,2217,1759,0.6122,0.1318,0.2275,0.0075,0.3878,0.7654
ROWAN,18,1658,302,1135,6,8,4,110,93,159,268,1188,225,824,6,5,98,205,1356,0.1821,0.6846,0.0959,0.0048,0.8179,0.7165
ROWAN,19A,6329,4956,560,35,52,2,238,486,532,4850,5006,4065,417,27,40,325,4001,1373,0.7831,0.0885,0.0841,0.0082,0.2169,0.791
ROWAN,21,4259,2886,471,34,56,2,498,312,785,2774,3324,2379,367,26,49,473,2310,1373,0.6776,0.1106,0.1843,0.0131,0.3224,0.7805
ROWAN,22,1204,1116,8,3,9,0,14,54,26,1111,979,922,1,1,8,16,917,88,0.9269,0.0066,0.0216,0.0075,0.0731,0.8131
ROWAN,23,2318,2143,17,8,12,0,33,105,63,2124,1897,1782,12,4,11,37,1764,175,0.9245,0.0073,0.0272,0.0052,0.0755,0.8184
ROWAN,24,1776,1574,84,6,8,0,27,77,56,1565,1410,1275,59,6,6,38,1266,202,0.8863,0.0473,0.0315,0.0045,0.1137,0.7939
ROWAN,25,5481,4851,151,23,24,3,115,314,236,4796,4116,3744,81,22,23,134,3720,630,0.8851,0.0275,0.0431,0.0044,0.1149,0.751
ROWAN,26,2607,2420,25,12,5,0,41,104,83,2401,1976,1842,17,12,1,60,1830,187,0.9283,0.0096,0.0318,0.0019,0.0717,0.758
ROWAN,27,1805,1422,212,18,5,1,46,101,106,1402,1440,1155,189,12,4,62,1143,383,0.7878,0.1175,0.0587,0.0028,0.2122,0.7978
ROWAN,28,3464,1829,1123,18,24,8,236,226,361,1769,2660,1519,820,15,24,220,1485,1635,0.528,0.3242,0.1042,0.0069,0.472,0.7679
ROWAN,29,1840,1457,109,3,8,0,158,105,252,1399,1405,1152,85,3,4,155,1129,383,0.7918,0.0592,0.137,0.0043,0.2082,0.7636
ROWAN,30,6165,3349,910,66,108,2,1092,638,1909,3034,4785,2780,766,48,91,1175,2601,2816,0.5432,0.1476,0.3097,0.0175,0.4568,0.7762
ROWAN,31,2138,1848,104,12,36,3,46,89,132,1792,1791,1575,92,10,20,81,1549,290,0.8644,0.0486,0.0617,0.0168,0.1356,0.8377
ROWAN,32,2393,1772,289,12,5,1,147,167,245,1738,1864,1424,230,6,5,158,1398,621,0.7405,0.1208,0.1024,0.0021,0.2595,0.7789
ROWAN,33,2526,2299,43,10,14,3,57,100,134,2277,1971,1815,35,9,13,83,1799,227,0.9101,0.017,0.053,0.0055,0.0899,0.7803
ROWAN,34,4631,2354,1443,56,104,13,313,348,642,2218,3639,1978,1101,42,77,404,1890,2277,0.5083,0.3116,0.1386,0.0225,0.4917,0.7858
ROWAN,35,1894,870,668,13,11,0,186,146,322,828,1496,753,524,7,7,203,727,1024,0.4593,0.3527,0.17,0.0058,0.5407,0.7899
ROWAN,36,4701,2023,1901,23,61,0,380,313,586,1965,3619,1742,1360,17,51,367,1713,2678,0.4303,0.4044,0.1247,0.013,0.5697,0.7698
ROWAN,38,4227,1752,1862,22,39,1,332,219,493,1681,3317,1510,1446,12,23,304,1460,2475,0.4145,0.4405,0.1166,0.0092,0.5855,0.7847
ROWAN,39,3156,2070,723,13,66,4,124,156,181,2040,2781,1867,628,12,55,153,1845,1086,0.6559,0.2291,0.0574,0.0209,0.3441,0.8812
ROWAN,40,3736,2175,1150,6,24,0,165,216,286,2131,2980,1854,851,4,23,193,1824,1561,0.5822,0.3078,0.0766,0.0064,0.4178,0.7976
ROWAN,41,4094,1995,1494,16,102,2,215,270,370,1949,3207,1768,1041,13,87,232,1740,2099,0.4873,0.3649,0.0904,0.0249,0.5127,0.7833
ROWAN,42,2605,227,2038,19,13,1,177,130,293,197,2001,176,1619,19,9,190,152,2378,0.0871,0.7823,0.1125,0.005,0.9129,0.7681
ROWAN,44,4361,3796,78,19,37,4,207,220,318,3729,3410,3018,63,4,28,197,2984,565,0.8704,0.0179,0.0729,0.0085,0.1296,0.7819
ROWAN,45,1881,1133,446,20,37,0,123,122,184,1115,1572,994,378,14,24,117,985,748,0.6023,0.2371,0.0978,0.0197,0.3977,0.8357
RUTHERFORD,03A,2799,2537,143,4,9,1,25,80,51,2522,2274,2087,115,4,5,37,2076,262,0.9064,0.0511,0.0182,0.0032,0.0936,0.8124
RUTHERFORD,04A,3175,2770,198,8,13,1,48,137,72,2753,2557,2237,174,8,13,44,2229,405,0.8724,0.0624,0.0227,0.0041,0.1276,0.8054
RUTHERFORD,05A,4512,3714,295,19,11,0,157,316,361,3624,3523,2963,235,19,5,213,2917,798,0.8231,0.0654,0.08,0.0024,0.1769,0.7808
RUTHERFORD,06A,3067,2686,163,1,10,1,42,164,109,2666,2726,2414,151,1,9,68,2402,381,0.8758,0.0531,0.0355,0.0033,0.1242,0.8888
RUTHERFORD,09A,4768,4277,134,22,5,1,107,222,219,4230,3888,3563,101,20,5,142,3536,491,0.897,0.0281,0.0459,0.001,0.103,0.8154
RUTHERFORD,10A,1636,1540,14,10,8,0,9,55,37,1527,1350,1280,8,7,8,28,1268,96,0.9413,0.0086,0.0226,0.0049,0.0587,0.8252
RUTHERFORD,11,8144,7356,284,19,20,0,118,347,238,7300,6351,5860,224,16,16,126,5834,788,0.9032,0.0349,0.0292,0.0025,0.0968,0.7798
RUTHERFORD,13,5971,3897,1305,22,65,5,230,447,514,3780,4722,3231,1018,11,52,322,3161,2074,0.6527,0.2186,0.0861,0.0109,0.3473,0.7908
RUTHERFORD,14,4148,2870,641,23,38,3,166,407,433,2768,3068,2243,458,17,28,266,2180,1278,0.6919,0.1545,0.1044,0.0092,0.3081,0.7396
RUTHERFORD,16A,3603,3343,72,9,18,2,30,129,95,3310,2895,2714,59,9,14,57,2696,260,0.9278,0.02,0.0264,0.005,0.0722,0.8035
RUTHERFORD,18,2692,2333,186,1,14,1,45,112,91,2305,2187,1922,149,1,11,54,1904,359,0.8666,0.0691,0.0338,0.0052,0.1334,0.8124
RUTHERFORD,19,2995,2507,197,17,10,0,94,170,193,2461,2332,1981,165,13,8,116,1951,488,0.8371,0.0658,0.0644,0.0033,0.1629,0.7786
RUTHERFORD,27,4484,3617,424,23,49,2,89,280,212,3575,3702,3050,351,19,40,149,3020,867,0.8066,0.0946,0.0473,0.0109,0.1934,0.8256
RUTHERFORD,28,2273,1733,291,9,20,2,84,134,155,1701,1828,1434,234,9,17,93,1419,540,0.7624,0.128,0.0682,0.0088,0.2376,0.8042
RUTHERFORD,29,3050,2301,346,10,16,0,162,215,272,2244,2360,1865,256,5,12,169,1832,749,0.7544,0.1134,0.0892,0.0052,0.2456,0.7738
RUTHERFORD,30,5238,3585,1186,24,30,6,80,327,188,3532,4148,2921,950,16,28,119,2883,1653,0.6844,0.2264,0.0359,0.0057,0.3156,0.7919
RUTHERFORD,34,1889,1742,24,3,12,0,20,88,46,1728,1508,1415,17,2,4,30,1407,147,0.9222,0.0127,0.0244,0.0064,0.0778,0.7983
SAMPSON,AUTR,2332,1801,170,35,3,0,153,170,295,1771,1827,1466,134,22,3,167,1459,531,0.7723,0.0729,0.1265,0.0013,0.2277,0.7834
SAMPSON,CLCE,1621,245,1129,33,16,1,117,80,214,190,1146,189,806,15,16,111,169,1376,0.1511,0.6965,0.132,0.0099,0.8489,0.707
SAMPSON,CLEA,4387,1600,1768,64,30,2,591,332,898,1497,3268,1223,1396,41,23,550,1178,2787,0.3647,0.403,0.2047,0.0068,0.6353,0.7449
SAMPSON,CLEM,2326,1471,315,60,2,1,344,133,449,1426,1774,1179,263,51,2,260,1149,855,0.6324,0.1354,0.193,0.0009,0.3676,0.7627
SAMPSON,CLNE,3020,1778,638,37,40,3,348,176,561,1654,2346,1472,497,21,29,353,1391,1242,0.5887,0.2113,0.1858,0.0132,0.4113,0.7768
SAMPSON,CLSW,2561,1278,598,182,18,2,284,199,480,1209,1978,1071,471,133,16,278,1037,1283,0.499,0.2335,0.1874,0.007,0.501,0.7724
SAMPSON,CLWE,3291,1690,971,63,14,3,380,170,598,1567,2572,1408,739,51,13,385,1329,1601,0.5135,0.295,0.1817,0.0043,0.4865,0.7815
SAMPSON,GARL,1874,798,640,24,9,0,294,109,389,772,1406,619,514,21,7,234,605,1076,0.4258,0.3415,0.2076,0.0048,0.5742,0.7503
SAMPSON,GIDD,2243,839,487,42,4,1,636,234,962,728,1611,642,393,30,2,589,586,1404,0.3741,0.2171,0.4289,0.0018,0.6259,0.7182
SAMPSON,HARR,2190,733,1080,29,3,2,187,156,332,699,1757,609,919,16,3,194,595,1457,0.3347,0.4932,0.1516,0.0014,0.6653,0.8023
SAMPSON,HERR,1112,871,76,23,4,0,85,53,150,835,857,708,55,19,4,84,687,241,0.7833,0.0683,0.1349,0.0036,0.2167,0.7707
SAMPSON,INGO,2154,805,523,21,9,0,681,115,824,745,1620,642,449,16,5,523,610,1349,0.3737,0.2428,0.3825,0.0042,0.6263,0.7521
SAMPSON,KEEN,2206,1349,319,37,3,0,363,135,527,1264,1704,1120,250,23,3,331,1063,857,0.6115,0.1446,0.2389,0.0014,0.3885,0.7724
SAMPSON,KFRK,2697,1359,580,210,14,0,384,150,533,1299,2125,1125,474,171,13,348,1082,1338,0.5039,0.2151,0.1976,0.0052,0.4961,0.7879
SAMPSON,LAKE,3808,1497,1657,46,9,2,403,194,548,1450,2918,1205,1341,30,7,319,1179,2311,0.3931,0.4351,0.1439,0.0024,0.6069,0.7663
SAMPSON,MING,3942,2535,545,68,3,0,567,224,783,2435,2899,1956,400,50,2,475,1907,1407,0.6431,0.1383,0.1986,0.0008,0.3569,0.7354
SAMPSON,NGRV,2319,1405,333,55,11,2,392,121,548,1338,1787,1119,276,35,10,363,1080,914,0.6059,0.1436,0.2363,0.0047,0.3941,0.7706
SAMPSON,PLVW,3941,3062,364,59,11,0,292,153,448,2972,2991,2411,258,53,9,258,2366,879,0.777,0.0924,0.1137,0.0028,0.223,0.7589
SAMPSON,ROSE,2320,1557,399,37,12,0,143,172,264,1516,1752,1257,261,30,8,155,1236,763,0.6711,0.172,0.1138,0.0052,0.3289,0.7552
SAMPSON,ROWA,2962,1243,600,43,1,0,912,163,1099,1167,2201,1032,458,37,1,693,979,1719,0.4196,0.2026,0.371,0.0003,0.5804,0.7431
SAMPSON,SBRG,1371,903,193,27,4,3,154,87,230,886,1063,740,148,24,3,140,728,468,0.6586,0.1408,0.1678,0.0029,0.3414,0.7753
SAMPSON,TURK,1734,776,532,31,7,0,252,136,404,724,1328,617,444,18,3,242,598,958,0.4475,0.3068,0.233,0.004,0.5525,0.7659
SAMPSON,WBRK,2625,1659,213,68,4,0,538,143,713,1585,2006,1340,155,48,3,486,1290,966,0.632,0.0811,0.2716,0.0015,0.368,0.7642
SCOTLAND,01-16,7523,1799,4495,512,55,1,351,310,381,1788,6198,1610,3605,403,48,344,1605,5724,0.2391,0.5975,0.0506,0.0073,0.7609,0.8239
SCOTLAND,02-25,5096,1710,2097,903,48,2,54,282,119,1692,3827,1457,1490,665,25,74,1447,3386,0.3356,0.4115,0.0234,0.0094,0.6644,0.751
SCOTLAND,03,4378,2143,1521,301,93,3,55,262,131,2121,3292,1799,1044,205,71,77,1783,2235,0.4895,0.3474,0.0299,0.0212,0.5105,0.7519
SCOTLAND,04,5187,3054,1415,347,49,2,101,219,176,3006,4204,2575,1111,270,30,142,2528,2133,0.5888,0.2728,0.0339,0.0094,0.4112,0.8105
SCOTLAND,05-10,2991,1388,905,400,15,2,30,251,91,1374,2287,1176,667,277,14,54,1167,1603,0.4641,0.3026,0.0304,0.005,0.5359,0.7646
SCOTLAND,06-89,4950,2848,991,684,45,2,68,312,116,2828,3852,2344,754,478,37,77,2327,2102,0.5754,0.2002,0.0234,0.0091,0.4246,0.7782
SCOTLAND,07,4049,1460,1738,598,38,3,59,153,92,1438,3185,1212,1375,439,28,64,1203,2589,0.3606,0.4292,0.0227,0.0094,0.6394,0.7866
STANLY,0003,3062,2319,439,14,31,1,68,190,121,2299,2430,1922,312,12,25,68,1912,743,0.7573,0.1434,0.0395,0.0101,0.2427,0.7936
STANLY,0011,1997,1569,156,8,87,0,80,97,106,1559,1578,1288,126,5,59,61,1284,428,0.7857,0.0781,0.0531,0.0436,0.2143,0.7902
STANLY,0014,1538,1406,36,7,16,0,13,60,34,1400,1275,1182,27,6,16,23,1179,132,0.9142,0.0234,0.0221,0.0104,0.0858,0.829
STANLY,0015,2692,1658,750,16,25,1,95,147,139,1637,2297,1399,675,15,19,127,1381,1034,0.6159,0.2786,0.0516,0.0093,0.3841,0.8533
STANLY,0016,1791,1243,374,11,67,0,12,84,37,1235,1400,980,310,6,53,19,978,548,0.694,0.2088,0.0207,0.0374,0.306,0.7817
STANLY,0017,2640,2205,210,6,70,0,27,122,47,2200,2040,1737,157,3,46,31,1733,435,0.8352,0.0795,0.0178,0.0265,0.1648,0.7727
STANLY,0018,1956,1606,208,4,33,0,24,81,69,1575,1692,1387,198,4,25,54,1361,350,0.8211,0.1063,0.0353,0.0169,0.1789,0.865
STANLY,0019,2209,2051,18,4,54,1,16,65,38,2043,1717,1613,15,4,34,34,1608,158,0.9285,0.0081,0.0172,0.0244,0.0715,0.7773
STANLY,0021,1735,1626,15,10,11,0,22,51,31,1624,1350,1281,13,10,8,18,1281,109,0.9372,0.0086,0.0179,0.0063,0.0628,0.7781
STANLY,0022,2911,2309,243,11,44,0,172,132,248,2279,2202,1792,183,10,24,144,1778,602,0.7932,0.0835,0.0852,0.0151,0.2068,0.7564
STANLY,0023,4025,3604,55,15,14,0,135,202,250,3545,3124,2835,43,14,9,164,2794,421,0.8954,0.0137,0.0621,0.0035,0.1046,0.7761
STANLY,0024,5037,4343,205,15,34,3,198,239,306,4298,3898,3476,141,10,17,177,3444,694,0.8622,0.0407,0.0608,0.0068,0.1378,0.7739
STANLY,0025,4766,4150,47,31,14,2,283,239,422,4106,3692,3292,37,22,9,255,3261,616,0.8708,0.0099,0.0885,0.0029,0.1292,0.7747
STANLY,0107,3502,2384,644,8,168,0,94,204,207,2339,2760,1978,468,7,128,137,1952,1118,0.6808,0.1839,0.0591,0.048,0.3192,0.7881
STANLY,0108,2710,566,1880,17,34,0,85,128,129,548,2015,470,1384,12,20,87,457,2144,0.2089,0.6937,0.0476,0.0125,0.7911,0.7435
STANLY,0110,2568,1829,370,10,105,0,90,164,165,1784,2038,1504,276,10,85,103,1477,739,0.7122,0.1441,0.0643,0.0409,0.2878,0.7936
STANLY,0113,1961,1727,89,8,17,0,37,83,56,1715,1564,1415,67,8,7,34,1408,234,0.8807,0.0454,0.0286,0.0087,0.1193,0.7976
STANLY,0120,3591,3264,29,7,107,0,35,149,79,3245,2871,2658,22,7,60,44,2646,327,0.9089,0.0081,0.022,0.0298,0.0911,0.7995
STANLY,0126,3186,2725,215,16,88,1,46,95,78,2714,2458,2135,167,14,57,48,2128,461,0.8553,0.0675,0.0245,0.0276,0.1447,0.7715
STANLY,0127,4671,3650,654,27,30,0,147,163,215,3617,3765,3035,507,21,28,112,3018,1021,0.7814,0.14,0.046,0.0064,0.2186,0.806
STANLY,0212,3956,2915,442,30,96,0,202,271,309,2883,3098,2376,328,24,76,194,2359,1041,0.7369,0.1117,0.0781,0.0243,0.2631,0.7831
STOKES,01,1153,1050,26,8,4,1,25,39,52,1044,989,900,26,8,4,42,894,103,0.9107,0.0225,0.0451,0.0035,0.0893,0.8578
STOKES,02,2510,2308,34,8,11,0,56,93,117,2279,2034,1888,33,8,11,78,1866,202,0.9195,0.0135,0.0466,0.0044,0.0805,0.8104
STOKES,03,1813,1750,10,1,0,1,20,31,34,1745,1488,1435,10,1,0,29,1430,63,0.9653,0.0055,0.0188,0.0,0.0347,0.8207
STOKES,04,2907,2688,43,6,23,2,41,104,71,2669,2359,2197,32,5,17,41,2193,219,0.9247,0.0148,0.0244,0.0079,0.0753,0.8115
STOKES,0506,1828,1656,66,12,0,0,12,82,17,1650,1523,1393,50,11,0,12,1389,172,0.9059,0.0361,0.0093,0.0,0.0941,0.8332
STOKES,07,910,789,55,6,1,0,12,47,29,784,733,636,53,6,1,19,636,121,0.867,0.0604,0.0319,0.0011,0.133,0.8055
STOKES,08,1862,1716,45,5,4,0,23,69,61,1701,1515,1409,35,5,4,46,1396,146,0.9216,0.0242,0.0328,0.0021,0.0784,0.8136
STOKES,09,2931,2665,68,6,5,0,32,155,101,2629,2353,2155,58,3,5,63,2137,266,0.9092,0.0232,0.0345,0.0017,0.0908,0.8028
STOKES,10,4612,4123,75,21,56,1,88,248,201,4069,3609,3263,55,9,47,131,3231,489,0.894,0.0163,0.0436,0.0121,0.106,0.7825
STOKES,11,5248,4728,95,16,27,0,103,279,246,4676,4332,3957,74,9,23,179,3917,520,0.9009,0.0181,0.0469,0.0051,0.0991,0.8255
STOKES,12,2580,2404,32,17,0,0,33,94,87,2385,2031,1913,23,16,0,45,1908,176,0.9318,0.0124,0.0337,0.0,0.0682,0.7872
STOKES,13,2513,2302,34,14,6,0,39,118,93,2281,1990,1832,26,14,6,65,1814,211,0.916,0.0135,0.037,0.0024,0.084,0.7919
STOKES,140,3150,2987,29,16,3,0,13,102,43,2976,2556,2435,26,15,2,33,2424,163,0.9483,0.0092,0.0137,0.001,0.0517,0.8114
STOKES,150,1740,1620,25,6,7,0,20,62,41,1606,1442,1349,24,5,3,29,1338,120,0.931,0.0144,0.0236,0.004,0.069,0.8287
STOKES,1618,2759,1989,576,7,7,6,53,121,91,1967,2207,1621,475,7,7,44,1613,770,0.7209,0.2088,0.033,0.0025,0.2791,0.7999
STOKES,17,2464,2121,208,10,0,0,22,103,53,2106,2046,1777,180,10,0,28,1772,343,0.8608,0.0844,0.0215,0.0,0.1392,0.8304
STOKES,1819,1514,1239,163,14,3,1,16,78,43,1227,1213,997,148,7,2,21,988,275,0.8184,0.1077,0.0284,0.002,0.1816,0.8012
STOKES,20,2026,1831,60,8,2,1,20,104,76,1815,1629,1496,49,5,2,48,1484,195,0.9038,0.0296,0.0375,0.001,0.0962,0.804
SURRY,01,2766,2446,25,5,4,2,169,115,225,2414,2201,2002,15,5,0,145,1982,320,0.8843,0.009,0.0813,0.0014,0.1157,0.7957
SURRY,04,2891,2114,45,23,8,0,502,199,764,2014,2256,1725,37,17,7,492,1671,777,0.7312,0.0156,0.2643,0.0028,0.2688,0.7804
SURRY,05,3659,3172,42,21,3,0,211,210,411,3105,2884,2542,28,16,2,279,2503,487,0.8669,0.0115,0.1123,0.0008,0.1331,0.7882
SURRY,09,2130,1937,16,7,0,0,98,72,154,1904,1659,1530,12,6,0,88,1514,193,0.9094,0.0075,0.0723,0.0,0.0906,0.7789
SURRY,10,1776,1589,21,6,2,0,52,106,116,1562,1373,1249,19,5,2,76,1233,187,0.8947,0.0118,0.0653,0.0011,0.1053,0.7731
SURRY,11,2548,1669,39,22,6,2,582,228,850,1593,1900,1358,28,15,6,507,1313,879,0.655,0.0153,0.3336,0.0024,0.345,0.7457
SURRY,12,3810,2886,280,17,75,3,201,348,655,2657,3059,2394,222,16,48,446,2238,924,0.7575,0.0735,0.1719,0.0197,0.2425,0.8029
SURRY,15,2889,2256,250,24,5,1,152,201,302,2204,2343,1904,204,24,5,185,1874,633,0.7809,0.0865,0.1045,0.0017,0.2191,0.811
SURRY,16,2117,1809,38,3,7,0,108,152,252,1771,1665,1468,31,0,5,143,1452,308,0.8545,0.0179,0.119,0.0033,0.1455,0.7865
SURRY,17,2035,1710,70,6,20,0,86,143,226,1647,1616,1374,56,4,14,147,1344,325,0.8403,0.0344,0.1111,0.0098,0.1597,0.7941
SURRY,18,3238,2730,118,9,15,2,214,150,394,2616,2619,2281,82,9,13,263,2206,508,0.8431,0.0364,0.1217,0.0046,0.1569,0.8088
SURRY,19,4306,3543,272,17,28,0,266,180,456,3464,3450,2901,239,13,24,275,2858,763,0.8228,0.0632,0.1059,0.0065,0.1772,0.8012
SURRY,22,1807,1522,25,11,4,0,115,130,212,1491,1424,1251,18,8,4,118,1234,285,0.8423,0.0138,0.1173,0.0022,0.1577,0.788
SURRY,23,1936,1773,39,5,2,0,31,86,63,1764,1554,1424,34,4,2,53,1416,163,0.9158,0.0201,0.0325,0.001,0.0842,0.8027
SURRY,24,1091,1006,5,6,1,0,23,50,51,1000,865,809,5,2,1,30,805,85,0.9221,0.0046,0.0467,0.0009,0.0779,0.7929
SURRY,25,2493,2113,29,11,4,1,195,140,355,2032,1897,1652,19,9,4,209,1605,380,0.8476,0.0116,0.1424,0.0016,0.1524,0.7609
SURRY,26,4049,3677,66,8,21,1,134,142,254,3582,3213,2959,48,6,13,154,2907,372,0.9081,0.0163,0.0627,0.0052,0.0919,0.7935
SURRY,27,2372,2005,105,6,1,0,102,153,185,1967,1887,1646,83,6,0,102,1624,367,0.8453,0.0443,0.078,0.0004,0.1547,0.7955
SURRY,28,2028,1717,43,7,3,0,132,126,228,1684,1578,1379,35,4,3,133,1359,311,0.8466,0.0212,0.1124,0.0015,0.1534,0.7781
SURRY,29,5254,4126,107,54,34,1,625,307,1001,3975,4111,3367,76,45,30,627,3283,1128,0.7853,0.0204,0.1905,0.0065,0.2147,0.7825
SURRY,30,6283,5173,246,11,49,1,458,345,753,5066,5015,4252,203,5,44,473,4192,1110,0.8233,0.0392,0.1198,0.0078,0.1767,0.7982
SURRY,32,4085,3622,175,15,27,0,62,184,116,3600,3209,2909,138,15,16,58,2897,463,0.8867,0.0428,0.0284,0.0066,0.1133,0.7856
SURRY,34,5813,4726,430,20,59,2,238,338,475,4673,4675,3880,346,16,45,311,3850,1087,0.813,0.074,0.0817,0.0101,0.187,0.8042
SWAIN,ALARKA,1048,933,3,66,0,0,8,38,18,929,837,759,3,40,0,11,759,115,0.8903,0.0029,0.0172,0.0,0.1097,0.7987
SWAIN,ALMOND,1438,1320,5,50,3,1,10,49,22,1314,1212,1135,5,33,3,14,1130,118,0.9179,0.0035,0.0153,0.0021,0.0821,0.8428
SWAIN,BC1,2944,2519,10,165,19,4,43,184,108,2486,2393,2126,5,102,12,71,2102,425,0.8556,0.0034,0.0367,0.0065,0.1444,0.8128
SWAIN,BC2,3028,2515,56,163,16,7,33,238,128,2480,2366,2024,48,105,13,94,2008,513,0.8306,0.0185,0.0423,0.0053,0.1694,0.7814
SWAIN,WHCH,5652,1348,34,3723,16,2,130,399,316,1329,4163,1181,31,2603,16,181,1165,4304,0.2385,0.006,0.0559,0.0028,0.7615,0.7366
TRANSYLVANIA,B1,2361,2043,87,14,17,3,41,156,84,2010,1920,1698,67,9,11,52,1682,318,0.8653,0.0368,0.0356,0.0072,0.1347,0.8132
TRANSYLVANIA,B2,2269,1662,336,4,6,4,89,168,155,1632,1799,1379,257,2,2,102,1357,607,0.7325,0.1481,0.0683,0.0026,0.2675,0.7929
TRANSYLVANIA,B3,2401,2070,118,6,29,6,62,110,117,2038,2056,1830,85,5,22,90,1801,331,0.8621,0.0491,0.0487,0.0121,0.1379,0.8563
TRANSYLVANIA,B4,2497,2080,158,8,30,3,82,136,159,2035,2142,1826,143,3,23,123,1783,417,0.833,0.0633,0.0637,0.012,0.167,0.8578
TRANSYLVANIA,BD,3729,3172,145,22,22,2,129,237,277,3097,2957,2576,117,16,20,165,2532,557,0.8506,0.0389,0.0743,0.0059,0.1494,0.793
TRANSYLVANIA,CC.1,2963,2758,15,13,11,0,46,120,126,2715,2393,2248,9,11,8,77,2226,205,0.9308,0.0051,0.0425,0.0037,0.0692,0.8076
TRANSYLVANIA,CM,976,908,7,1,9,0,12,39,20,904,845,789,4,1,9,17,785,68,0.9303,0.0072,0.0205,0.0092,0.0697,0.8658
TRANSYLVANIA,DR,2776,2586,27,2,10,0,20,131,67,2561,2482,2359,15,2,10,33,2345,190,0.9316,0.0097,0.0241,0.0036,0.0684,0.8941
TRANSYLVANIA,EF,1129,1055,8,2,8,0,6,50,19,1051,1012,949,5,2,5,17,947,74,0.9345,0.0071,0.0168,0.0071,0.0655,0.8964
TRANSYLVANIA,LR,2154,1973,27,2,4,0,40,108,79,1943,1745,1613,17,0,4,49,1602,181,0.916,0.0125,0.0367,0.0019,0.084,0.8101
TRANSYLVANIA,PF,1852,1468,57,11,15,3,137,161,231,1440,1507,1219,50,8,14,164,1207,384,0.7927,0.0308,0.1247,0.0081,0.2073,0.8137
TRANSYLVANIA,RE.1,2670,2401,22,14,3,0,63,167,126,2376,2059,1877,14,11,2,77,1871,269,0.8993,0.0082,0.0472,0.0011,0.1007,0.7712
TRANSYLVANIA,TC1,1173,1086,4,4,0,0,15,64,44,1076,931,868,2,4,0,27,862,87,0.9258,0.0034,0.0375,0.0,0.0742,0.7937
TRANSYLVANIA,TC7,2207,1975,7,17,3,1,98,106,156,1951,1818,1665,1,15,2,102,1648,232,0.8949,0.0032,0.0707,0.0014,0.1051,0.8237
TRANSYLVANIA,WC,1818,1709,19,5,6,0,8,71,38,1702,1627,1544,11,4,6,29,1537,109,0.94,0.0105,0.0209,0.0033,0.06,0.8949
TYRRELL,1,267,75,171,0,0,0,5,16,10,72,208,50,151,0,0,4,50,192,0.2809,0.6404,0.0375,0.0,0.7191,0.779
TYRRELL,14,107,83,13,0,1,0,2,8,8,83,89,76,5,0,1,5,76,24,0.7757,0.1215,0.0748,0.0093,0.2243,0.8318
TYRRELL,15,576,339,192,0,5,0,11,29,33,332,477,289,165,0,5,14,285,237,0.5885,0.3333,0.0573,0.0087,0.4115,0.8281
TYRRELL,16,52,37,11,0,0,0,0,4,2,35,32,24,5,0,0,0,24,15,0.7115,0.2115,0.0385,0.0,0.2885,0.6154
TYRRELL,2,1978,1201,477,4,36,0,131,129,207,1190,1548,996,370,2,33,123,993,777,0.6072,0.2412,0.1047,0.0182,0.3928,0.7826
TYRRELL,3,265,168,74,1,1,0,5,16,12,167,220,148,64,0,0,4,147,97,0.634,0.2792,0.0453,0.0038,0.366,0.8302
UNION,0005,6134,3849,825,55,75,7,780,543,1304,3679,4643,3035,634,40,66,846,2945,2285,0.6275,0.1345,0.2126,0.0122,0.3725,0.7569
UNION,001,3514,849,839,62,33,0,1359,372,1869,699,2382,705,578,39,28,1122,611,2665,0.2416,0.2388,0.5319,0.0094,0.7584,0.6779
UNION,0019,5785,4280,650,33,176,4,169,473,477,4200,4159,3110,485,19,131,303,3066,1505,0.7398,0.1124,0.0825,0.0304,0.2602,0.7189
UNION,002,3321,1112,1031,34,37,1,732,374,1127,998,2343,919,715,24,31,673,858,2209,0.3348,0.3104,0.3394,0.0111,0.6652,0.7055
UNION,0020A,4923,3630,571,9,80,4,182,447,523,3543,3633,2759,434,4,54,323,2703,1293,0.7374,0.116,0.1062,0.0163,0.2626,0.738
UNION,0020B,5760,4681,288,12,230,0,72,477,374,4596,3784,3171,192,9,140,203,3121,1079,0.8127,0.05,0.0649,0.0399,0.1873,0.6569
UNION,003,2595,1072,575,30,32,2,705,179,944,984,1989,923,427,24,29,610,883,1523,0.4131,0.2216,0.3638,0.0123,0.5869,0.7665
UNION,0030,6080,4103,860,39,135,0,462,481,878,3939,4608,3235,629,32,106,575,3141,1977,0.6748,0.1414,0.1444,0.0222,0.3252,0.7579
UNION,004,3871,658,1120,75,19,4,1589,406,2118,492,2614,499,836,50,18,1284,417,3213,0.17,0.2893,0.5471,0.0049,0.83,0.6753
UNION,0044,3941,2840,331,14,258,2,96,400,402,2755,2380,1734,228,5,161,230,1686,1101,0.7206,0.084,0.102,0.0655,0.2794,0.6039
UNION,0045,4072,3233,268,18,117,3,97,336,312,3144,2766,2241,185,12,62,201,2190,839,0.794,0.0658,0.0766,0.0287,0.206,0.6793
UNION,006,2709,2034,187,8,33,2,231,214,381,1974,2089,1622,142,7,24,248,1587,675,0.7508,0.069,0.1406,0.0122,0.2492,0.7711
UNION,007,5017,3308,759,19,28,1,531,371,850,3205,3911,2707,589,15,23,560,2632,1709,0.6594,0.1513,0.1694,0.0056,0.3406,0.7795
UNION,008,5212,2453,1716,35,63,3,652,290,891,2309,4398,2224,1402,24,60,634,2114,2759,0.4706,0.3292,0.171,0.0121,0.5294,0.8438
UNION,009,2379,895,1043,14,11,1,277,138,384,851,1725,703,767,14,10,212,682,1484,0.3762,0.4384,0.1614,0.0046,0.6238,0.7251
UNION,010,2190,798,725,22,13,0,408,224,644,734,1641,673,545,12,7,407,631,1392,0.3644,0.3311,0.2941,0.0059,0.6356,0.7493
UNION,011,3561,3276,70,13,9,1,64,128,106,3253,2662,2498,46,13,6,66,2478,285,0.92,0.0197,0.0298,0.0025,0.08,0.7475
UNION,012,3322,3077,41,10,16,0,74,104,113,3056,2555,2382,33,7,13,58,2372,245,0.9262,0.0123,0.034,0.0048,0.0738,0.7691
UNION,013,3713,3403,32,9,21,3,90,155,193,3371,2827,2637,27,7,16,112,2609,310,0.9165,0.0086,0.052,0.0057,0.0835,0.7614
UNION,014,2270,1637,183,21,31,0,192,206,348,1565,1694,1289,121,19,22,232,1234,633,0.7211,0.0806,0.1533,0.0137,0.2789,0.7463
UNION,015,6998,4893,619,33,539,7,309,598,701,4761,5201,3778,458,25,360,457,3697,2105,0.6992,0.0885,0.1002,0.077,0.3008,0.7432
UNION,016,8223,6075,871,28,195,0,312,742,805,5907,5863,4441,599,28,148,502,4336,2148,0.7388,0.1059,0.0979,0.0237,0.2612,0.713
UNION,017A,4402,3310,400,12,75,1,182,422,474,3243,3287,2557,280,9,55,315,2518,1092,0.7519,0.0909,0.1077,0.017,0.2481,0.7467
UNION,017B,6678,4919,517,11,612,0,156,463,479,4812,4586,3463,361,10,388,312,3394,1759,0.7366,0.0774,0.0717,0.0916,0.2634,0.6867
UNION,018,4224,3294,146,1,446,0,73,264,182,3253,2989,2407,99,0,280,105,2383,930,0.7798,0.0346,0.0431,0.1056,0.2202,0.7076
UNION,021,3473,2961,151,29,24,0,85,223,226,2906,2690,2327,124,18,21,148,2297,512,0.8526,0.0435,0.0651,0.0069,0.1474,0.7745
UNION,022,3348,2880,121,19,39,1,58,230,154,2841,2631,2320,75,9,37,88,2301,468,0.8602,0.0361,0.046,0.0116,0.1398,0.7858
UNION,023,3052,2272,327,29,20,1,228,175,393,2203,2412,1867,233,17,19,259,1833,780,0.7444,0.1071,0.1288,0.0066,0.2556,0.7903
UNION,024,3494,2894,219,34,12,0,136,199,252,2847,2730,2318,162,22,12,152,2287,600,0.8283,0.0627,0.0721,0.0034,0.1717,0.7813
UNION,025,2882,2148,257,21,22,0,243,191,415,2091,2297,1767,212,15,21,254,1740,734,0.7453,0.0892,0.144,0.0076,0.2547,0.797
UNION,026,3074,2313,289,31,11,0,184,246,328,2281,2356,1831,233,23,9,210,1820,761,0.7524,0.094,0.1067,0.0036,0.2476,0.7664
UNION,027,2663,2144,283,10,5,1,89,131,183,2104,2128,1735,230,7,4,109,1714,519,0.8051,0.1063,0.0687,0.0019,0.1949,0.7991
UNION,028A,7823,5562,623,12,1005,8,79,534,430,5471,5210,3775,437,12,656,266,3716,2261,0.711,0.0796,0.055,0.1285,0.289,0.666
UNION,028B,6035,4305,259,16,1007,3,59,386,294,4230,3943,2872,182,9,638,158,2841,1730,0.7133,0.0429,0.0487,0.1669,0.2867,0.6534
UNION,028C,4743,3591,214,10,515,4,47,362,240,3563,3224,2513,156,5,330,149,2490,1152,0.7571,0.0451,0.0506,0.1086,0.2429,0.6797
UNION,028D,7413,5030,590,13,924,7,143,706,614,4880,4967,3483,442,6,545,376,3399,2383,0.6785,0.0796,0.0828,0.1246,0.3215,0.67
UNION,029A,7180,4707,1059,23,264,3,461,663,1018,4504,5115,3426,762,15,193,677,3293,2473,0.6556,0.1475,0.1418,0.0368,0.3444,0.7124
UNION,029B,2352,1741,220,11,74,0,110,196,225,1722,1769,1331,166,9,51,162,1319,611,0.7402,0.0935,0.0957,0.0315,0.2598,0.7521
UNION,029C,3659,2722,331,5,131,0,161,309,348,2643,2841,2161,266,2,93,237,2114,937,0.7439,0.0905,0.0951,0.0358,0.2561,0.7764
UNION,031,5957,3732,1022,35,101,4,469,594,865,3622,4376,2888,711,26,78,574,2812,2225,0.6265,0.1716,0.1452,0.017,0.3735,0.7346
UNION,032,4264,3462,286,8,119,1,160,228,300,3398,3408,2863,224,8,93,181,2812,802,0.8119,0.0671,0.0704,0.0279,0.1881,0.7992
UNION,033,3404,2686,349,10,26,2,74,257,220,2637,2647,2132,273,9,23,146,2104,718,0.7891,0.1025,0.0646,0.0076,0.2109,0.7776
UNION,034,5144,3880,611,30,17,6,306,294,540,3822,3883,3034,438,25,14,332,3004,1264,0.7543,0.1188,0.105,0.0033,0.2457,0.7549
UNION,035,2271,1936,78,3,47,0,37,170,122,1912,1825,1592,53,3,38,79,1576,335,0.8525,0.0343,0.0537,0.0207,0.1475,0.8036
UNION,036,3134,2185,482,30,18,0,222,197,395,2121,2410,1767,359,19,11,229,1735,949,0.6972,0.1538,0.126,0.0057,0.3028,0.769
UNION,037A,8654,5869,1027,29,546,9,441,733,890,5708,6138,4259,746,23,399,572,4168,2785,0.6782,0.1187,0.1028,0.0631,0.3218,0.7093
UNION,037B,1876,1637,88,7,49,0,12,83,56,1626,1500,1316,70,3,45,43,1306,239,0.8726,0.0469,0.0299,0.0261,0.1274,0.7996
UNION,038A,7067,4057,877,70,163,9,1204,687,1890,3854,5024,3078,615,49,126,1147,2972,3010,0.5741,0.1241,0.2674,0.0231,0.4259,0.7109
UNION,038B,3269,2575,216,9,78,0,91,300,290,2503,2576,2067,174,8,65,198,2018,694,0.7877,0.0661,0.0887,0.0239,0.2123,0.788
UNION,039,3610,2832,275,27,54,0,188,234,320,2784,2700,2187,207,19,38,194,2162,778,0.7845,0.0762,0.0886,0.015,0.2155,0.7479
UNION,040,5535,4399,373,13,205,1,112,432,353,4334,3807,3093,255,10,140,220,3059,1136,0.7948,0.0674,0.0638,0.037,0.2052,0.6878
UNION,041,6417,4752,413,10,752,3,136,351,308,4703,4484,3402,318,5,480,181,3373,1665,0.7405,0.0644,0.048,0.1172,0.2595,0.6988
UNION,042,3284,2257,314,28,48,12,331,294,600,2175,2483,1786,237,23,37,377,1746,1027,0.6873,0.0956,0.1827,0.0146,0.3127,0.7561
UNION,043,2296,354,960,26,12,1,675,268,962,305,1561,291,669,19,6,583,261,1942,0.1542,0.4181,0.419,0.0052,0.8458,0.6799
VANCE,CC,3506,2120,1126,10,19,2,104,125,170,2103,2797,1746,880,9,14,118,1733,1386,0.6047,0.3212,0.0485,0.0054,0.3953,0.7978
VANCE,CH,6152,619,4961,33,33,0,302,204,461,567,4538,506,3667,28,29,288,484,5533,0.1006,0.8064,0.0749,0.0054,0.8994,0.7376
VANCE,KITT,5045,2870,1659,18,15,4,257,222,424,2808,3963,2375,1283,13,6,256,2336,2175,0.5689,0.3288,0.084,0.003,0.4311,0.7855
VANCE,MIDD,3520,1711,1606,10,20,0,77,96,127,1695,2831,1438,1272,7,15,71,1432,1809,0.4861,0.4562,0.0361,0.0057,0.5139,0.8043
VANCE,NH,4604,2063,2215,8,12,0,123,183,215,2037,3663,1723,1734,8,12,127,1705,2541,0.4481,0.4811,0.0467,0.0026,0.5519,0.7956
VANCE,NV,2149,711,1144,16,10,0,196,72,289,667,1626,590,854,11,10,169,561,1438,0.3309,0.5323,0.1345,0.0047,0.6691,0.7566
VANCE,SCRK,6417,2763,2766,29,20,4,570,265,824,2649,4760,2231,1997,18,12,478,2166,3654,0.4306,0.431,0.1284,0.0031,0.5694,0.7418
VANCE,SH,5866,1384,3341,24,46,1,741,329,972,1317,4407,1189,2491,22,31,618,1140,4482,0.2359,0.5696,0.1657,0.0078,0.7641,0.7513
VANCE,WH,5319,2441,2419,13,111,0,123,212,235,2400,4286,2134,1837,8,76,159,2104,2878,0.4589,0.4548,0.0442,0.0209,0.5411,0.8058
WAKE,01-01,3051,2370,287,8,102,2,44,238,160,2328,2653,2095,235,5,91,133,2062,681,0.7768,0.0941,0.0524,0.0334,0.2232,0.8696
WAKE,01-02,3245,2890,86,13,67,0,37,152,140,2862,2843,2544,77,9,58,122,2519,355,0.8906,0.0265,0.0431,0.0206,0.1094,0.8761
WAKE,01-03,2629,2460,22,10,28,0,13,96,59,2441,2035,1932,21,10,20,37,1914,169,0.9357,0.0084,0.0224,0.0107,0.0643,0.7741
WAKE,01-04,1569,1471,25,1,13,0,15,44,37,1462,1261,1190,22,1,12,26,1184,98,0.9375,0.0159,0.0236,0.0083,0.0625,0.8037
WAKE,01-05,1518,1337,12,8,18,0,13,130,102,1328,1174,1035,11,7,17,88,1026,181,0.8808,0.0079,0.0672,0.0119,0.1192,0.7734
WAKE,01-06,3824,3281,135,6,96,0,46,260,165,3250,3562,3084,127,5,88,145,3053,543,0.858,0.0353,0.0431,0.0251,0.142,0.9315
WAKE,01-07,3595,2779,383,8,176,0,52,197,205,2714,3390,2631,375,7,168,186,2569,816,0.773,0.1065,0.057,0.049,0.227,0.943
WAKE,01-09,1650,1482,30,0,19,0,14,105,66,1469,1278,1153,22,0,18,50,1144,168,0.8982,0.0182,0.04,0.0115,0.1018,0.7745
WAKE,01-10,2013,1881,18,0,24,0,3,87,58,1869,1481,1388,14,0,22,39,1379,132,0.9344,0.0089,0.0288,0.0119,0.0656,0.7357
WAKE,01-11,3227,2967,55,2,68,0,22,113,72,2947,2482,2290,49,1,58,59,2273,260,0.9194,0.017,0.0223,0.0211,0.0806,0.7691
WAKE,01-12,2765,2376,165,7,34,0,37,146,121,2347,2222,1940,148,2,28,72,1916,389,0.8593,0.0597,0.0438,0.0123,0.1407,0.8036
WAKE,01-13,2297,1615,379,5,23,3,127,145,204,1588,1824,1345,274,4,19,128,1327,682,0.7031,0.165,0.0888,0.01,0.2969,0.7941
WAKE,01-14,4670,3664,522,0,79,1,66,338,220,3619,3918,3125,422,0,66,170,3087,1006,0.7846,0.1118,0.0471,0.0169,0.2154,0.839
WAKE,01-15,3238,2701,205,3,95,0,66,168,175,2657,2862,2385,185,3,89,158,2346,537,0.8342,0.0633,0.054,0.0293,0.1658,0.8839
WAKE,01-16,4357,3035,628,16,191,0,211,276,391,2991,3650,2657,493,8,147,275,2623,1322,0.6966,0.1441,0.0897,0.0438,0.3034,0.8377
WAKE,01-17,1525,1363,34,1,38,0,0,89,45,1350,1202,1085,24,1,30,37,1075,162,0.8938,0.0223,0.0295,0.0249,0.1062,0.7882
WAKE,01-18,5066,2700,734,34,190,2,992,414,1384,2608,4015,2278,606,21,154,938,2223,2366,0.533,0.1449,0.2732,0.0375,0.467,0.7925
WAKE,01-19,3307,340,2064,45,5,0,665,188,911,292,2420,276,1618,31,4,534,248,2967,0.1028,0.6241,0.2755,0.0015,0.8972,0.7318
WAKE,01-20,4279,1905,1868,13,115,1,133,244,286,1857,3802,1774,1592,11,104,245,1729,2374,0.4452,0.4366,0.0668,0.0269,0.5548,0.8885
WAKE,01-21,8436,3665,2406,56,327,1,1360,621,1922,3497,6703,3226,1924,36,271,1218,3090,4771,0.4344,0.2852,0.2278,0.0388,0.5656,0.7946
WAKE,01-22,6719,505,4710,47,96,1,1048,312,1318,427,4820,394,3485,25,87,790,352,6214,0.0752,0.701,0.1962,0.0143,0.9248,0.7174
WAKE,01-23,14407,9758,1711,93,1541,8,322,974,902,9570,13946,9530,1645,81,1494,818,9352,4649,0.6773,0.1188,0.0626,0.107,0.3227,0.968
WAKE,01-25,1158,237,811,1,16,0,49,44,74,232,799,203,520,0,16,39,201,921,0.2047,0.7003,0.0639,0.0138,0.7953,0.69
WAKE,01-26,5556,2363,2579,55,58,3,253,245,429,2297,4910,2243,2193,45,55,308,2191,3193,0.4253,0.4642,0.0772,0.0104,0.5747,0.8837
WAKE,01-27,3680,2199,700,23,92,2,366,298,584,2143,3192,2023,596,18,86,406,1975,1481,0.5976,0.1902,0.1587,0.025,0.4024,0.8674
WAKE,01-28,7050,3057,2855,36,139,9,492,462,882,2926,5618,2701,2116,20,123,577,2609,3993,0.4336,0.405,0.1251,0.0197,0.5664,0.7969
WAKE,01-29,3107,2818,80,1,50,0,29,129,78,2802,2351,2130,65,1,43,63,2117,289,0.907,0.0257,0.0251,0.0161,0.093,0.7567
WAKE,01-30,1726,1581,26,3,31,2,16,67,38,1568,1262,1167,22,2,25,25,1157,145,0.916,0.0151,0.022,0.018,0.084,0.7312
WAKE,01-31,8971,3783,1923,46,1566,23,821,809,1412,3613,7409,3398,1386,37,1427,976,3257,5188,0.4217,0.2144,0.1574,0.1746,0.5783,0.8259
WAKE,01-32,4834,2752,938,25,258,4,446,411,629,2677,3829,2333,696,19,197,419,2283,2082,0.5693,0.194,0.1301,0.0534,0.4307,0.7921
WAKE,01-33,2402,2157,45,0,74,0,15,111,60,2143,1861,1703,35,0,53,49,1692,245,0.898,0.0187,0.025,0.0308,0.102,0.7748
WAKE,01-34,2704,898,1528,9,40,0,98,131,208,871,2353,782,1340,6,37,179,757,1806,0.3321,0.5651,0.0769,0.0148,0.6679,0.8702
WAKE,01-35,4274,450,2299,61,25,0,1184,255,1460,374,3143,371,1844,40,23,855,333,3824,0.1053,0.5379,0.3416,0.0058,0.8947,0.7354
WAKE,01-36,3884,3310,228,5,143,0,60,138,143,3263,3189,2733,192,4,121,113,2694,574,0.8522,0.0587,0.0368,0.0368,0.1478,0.8211
WAKE,01-37,2468,2125,130,3,52,0,17,141,84,2103,1937,1673,109,3,47,67,1656,343,0.861,0.0527,0.034,0.0211,0.139,0.7848
WAKE,01-38,3826,1657,865,38,209,5,694,358,955,1573,3036,1444,696,31,194,610,1391,2169,0.4331,0.2261,0.2496,0.0546,0.5669,0.7935
WAKE,01-39,3881,2476,919,6,82,2,157,239,307,2402,3280,2180,723,6,75,240,2124,1405,0.638,0.2368,0.0791,0.0211,0.362,0.8451
WAKE,01-40,8121,957,5070,96,105,4,1310,579,1976,767,5885,763,3830,59,84,1176,648,7164,0.1178,0.6243,0.2433,0.0129,0.8822,0.7247
WAKE,01-41,4205,2338,512,9,893,2,167,284,328,2269,3767,2114,447,9,842,261,2054,1867,0.556,0.1218,0.078,0.2124,0.444,0.8958
WAKE,01-42,3734,3044,308,17,133,3,66,163,180,2999,2927,2423,229,16,117,115,2399,690,0.8152,0.0825,0.0482,0.0356,0.1848,0.7839
WAKE,01-43,4057,2206,1146,20,118,2,233,332,459,2130,3351,1979,885,18,102,342,1922,1851,0.5438,0.2825,0.1131,0.0291,0.4562,0.826
WAKE,01-44,5997,3238,1531,56,153,2,531,486,1023,3049,4856,2876,1138,36,128,669,2751,2759,0.5399,0.2553,0.1706,0.0255,0.4601,0.8097
WAKE,01-45,3288,1770,801,9,256,3,186,263,385,1701,2440,1435,566,7,150,259,1385,1518,0.5383,0.2436,0.1171,0.0779,0.4617,0.7421
WAKE,01-46,7536,1380,3063,77,347,4,1899,766,2820,1082,5343,1120,2183,56,275,1768,944,6156,0.1831,0.4064,0.3742,0.046,0.8169,0.709
WAKE,01-47,2838,2415,157,9,52,0,51,154,119,2397,2159,1859,120,5,49,77,1847,423,0.851,0.0553,0.0419,0.0183,0.149,0.7607
WAKE,01-48,3343,2223,575,23,140,0,170,212,287,2180,2694,1899,394,20,119,194,1864,1120,0.665,0.172,0.0859,0.0419,0.335,0.8059
WAKE,01-49,6285,2912,1745,27,376,3,687,535,990,2767,5185,2625,1343,16,332,684,2523,3373,0.4633,0.2776,0.1575,0.0598,0.5367,0.825
WAKE,01-50,4736,625,3160,17,109,0,551,274,765,557,3483,474,2406,14,88,449,429,4111,0.132,0.6672,0.1615,0.023,0.868,0.7354
WAKE,01-51,1454,1161,133,0,21,0,44,95,116,1138,1186,975,95,0,21,85,956,293,0.7985,0.0915,0.0798,0.0144,0.2015,0.8157
WAKE,02-01,4172,3481,234,10,163,5,52,227,166,3431,3229,2721,195,8,134,125,2679,691,0.8344,0.0561,0.0398,0.0391,0.1656,0.774
WAKE,02-02,7699,6454,377,17,292,2,58,499,304,6381,5772,4858,319,10,222,205,4814,1245,0.8383,0.049,0.0395,0.0379,0.1617,0.7497
WAKE,02-03,3736,3286,87,11,102,0,27,223,121,3268,2902,2589,72,5,76,92,2574,450,0.8796,0.0233,0.0324,0.0273,0.1204,0.7768
WAKE,02-04,3188,2647,137,3,158,2,26,215,62,2636,2481,2091,108,3,132,51,2086,541,0.8303,0.043,0.0194,0.0496,0.1697,0.7782
WAKE,02-05,1263,1082,56,6,52,0,12,55,58,1067,972,846,40,5,40,32,842,181,0.8567,0.0443,0.0459,0.0412,0.1433,0.7696
WAKE,02-06,3198,2727,141,8,127,0,26,169,107,2708,2458,2109,117,8,109,76,2101,471,0.8527,0.0441,0.0335,0.0397,0.1473,0.7686
WAKE,03-01,7410,4876,410,25,1311,1,107,680,435,4793,4665,3095,296,12,873,249,3058,2534,0.658,0.0553,0.0587,0.1769,0.342,0.6296
WAKE,03-02,3260,2457,191,9,221,0,78,304,223,2414,2236,1742,138,9,130,139,1717,803,0.7537,0.0586,0.0684,0.0678,0.2463,0.6859
WAKE,04-01,3295,2185,420,21,182,2,235,250,429,2142,2779,1950,328,15,146,306,1913,1110,0.6631,0.1275,0.1302,0.0552,0.3369,0.8434
WAKE,04-02,5125,2599,384,81,243,2,1031,785,1762,2490,3818,2122,281,51,191,1134,2060,2526,0.5071,0.0749,0.3438,0.0474,0.4929,0.745
WAKE,04-03,3560,2074,486,10,248,11,337,394,569,2014,2803,1745,361,7,197,393,1701,1486,0.5826,0.1365,0.1598,0.0697,0.4174,0.7874
WAKE,04-04,3171,1664,554,15,174,0,397,367,719,1584,2460,1409,382,15,144,484,1363,1507,0.5248,0.1747,0.2267,0.0549,0.4752,0.7758
WAKE,04-05,5069,3481,360,11,734,2,96,385,304,3417,3858,2709,270,7,589,191,2665,1588,0.6867,0.071,0.06,0.1448,0.3133,0.7611
WAKE,04-06,4051,3165,321,15,201,0,106,243,243,3118,3428,2744,279,9,168,155,2719,886,0.7813,0.0792,0.06,0.0496,0.2187,0.8462
WAKE,04-07,3509,3030,54,10,183,0,30,202,120,2996,2710,2380,42,9,142,78,2359,479,0.8635,0.0154,0.0342,0.0522,0.1365,0.7723
WAKE,04-08,3941,2125,624,22,679,6,158,327,342,2063,3051,1705,473,16,519,238,1666,1816,0.5392,0.1583,0.0868,0.1723,0.4608,0.7742
WAKE,04-09,4005,2261,238,17,1065,3,103,318,263,2207,3088,1838,170,14,789,156,1813,1744,0.5645,0.0594,0.0657,0.2659,0.4355,0.771
WAKE,04-10,3964,2848,202,11,455,1,112,335,309,2789,3142,2321,166,9,358,221,2273,1116,0.7185,0.051,0.078,0.1148,0.2815,0.7926
WAKE,04-11,2820,1343,372,36,202,0,493,374,779,1297,2084,1093,261,24,171,473,1065,1477,0.4762,0.1319,0.2762,0.0716,0.5238,0.739
WAKE,04-12,3791,2967,160,10,275,3,83,293,249,2908,2960,2378,123,7,206,167,2346,824,0.7826,0.0422,0.0657,0.0725,0.2174,0.7808
WAKE,04-13,6415,4068,311,10,1441,4,84,497,384,4001,4940,3255,252,7,1079,261,3205,2347,0.6341,0.0485,0.0599,0.2246,0.3659,0.7701
WAKE,04-14,2147,1751,77,3,68,4,49,195,179,1712,1768,1462,66,3,53,133,1437,396,0.8156,0.0359,0.0834,0.0317,0.1844,0.8235
WAKE,04-15,3546,2512,332,10,264,0,81,347,281,2447,2740,1979,272,1,201,207,1934,1034,0.7084,0.0936,0.0792,0.0745,0.2916,0.7727
WAKE,04-16,2773,2245,141,3,108,1,87,188,211,2186,2279,1884,116,2,86,153,1841,528,0.8096,0.0508,0.0761,0.0389,0.1904,0.8219
WAKE,04-17,2561,1805,237,2,224,1,60,232,175,1779,2138,1555,187,2,183,127,1535,756,0.7048,0.0925,0.0683,0.0875,0.2952,0.8348
WAKE,04-18,4551,2860,441,13,828,4,86,319,267,2788,3822,2471,385,11,687,213,2406,1691,0.6284,0.0969,0.0587,0.1819,0.3716,0.8398
WAKE,04-19,2449,1903,106,5,194,0,45,196,145,1881,1790,1422,78,4,156,85,1407,546,0.7771,0.0433,0.0592,0.0792,0.2229,0.7309
WAKE,04-20,5344,2962,670,19,688,3,502,500,835,2879,4233,2517,507,15,499,578,2462,2382,0.5543,0.1254,0.1562,0.1287,0.4457,0.7921
WAKE,04-21,3676,1866,749,17,301,3,418,322,769,1745,2912,1580,564,9,264,502,1510,1810,0.5076,0.2038,0.2092,0.0819,0.4924,0.7922
WAKE,05-01,7274,3829,782,13,1939,0,188,523,510,3732,5847,3276,629,6,1434,389,3201,3445,0.5264,0.1075,0.0701,0.2666,0.4736,0.8038
WAKE,05-03,8411,3942,608,24,3165,2,195,475,491,3826,6602,3303,470,14,2354,369,3214,4469,0.4687,0.0723,0.0584,0.3763,0.5313,0.7849
WAKE,05-05,12050,6149,3055,31,1425,3,339,1048,1006,5930,9907,5344,2416,29,1140,774,5168,5901,0.5103,0.2535,0.0835,0.1183,0.4897,0.8222
WAKE,05-06,7887,4267,284,20,2741,13,100,462,326,4199,5764,3308,205,8,1899,192,3281,3620,0.541,0.036,0.0413,0.3475,0.459,0.7308
WAKE,05-08,10241,2642,941,30,5903,3,221,501,470,2559,7068,2012,669,13,3965,292,1961,7599,0.258,0.0919,0.0459,0.5764,0.742,0.6902
WAKE,05-09,8190,2523,704,29,4324,0,164,446,392,2433,5618,1884,473,16,2890,240,1833,5667,0.3081,0.086,0.0479,0.528,0.6919,0.686
WAKE,05-10,6576,2163,669,31,3147,4,144,418,406,2070,4504,1540,472,17,2145,262,1487,4413,0.3289,0.1017,0.0617,0.4786,0.6711,0.6849
WAKE,06-04,6929,4777,920,31,330,5,266,600,658,4617,4897,3483,662,23,240,398,3391,2152,0.6894,0.1328,0.095,0.0476,0.3106,0.7067
WAKE,06-05,4367,3691,286,10,83,3,67,227,203,3635,3206,2755,197,6,51,143,2718,676,0.8452,0.0655,0.0465,0.019,0.1548,0.7341
WAKE,06-06,10600,7875,946,29,671,5,250,824,662,7709,7057,5270,672,22,489,409,5171,2725,0.7429,0.0892,0.0625,0.0633,0.2571,0.6658
WAKE,06-07,5380,3659,585,15,464,4,282,371,543,3549,3914,2709,469,15,352,321,2654,1721,0.6801,0.1087,0.1009,0.0862,0.3199,0.7275
WAKE,06-08,3346,2317,577,10,89,2,95,256,291,2260,2420,1646,458,7,69,204,1609,1029,0.6925,0.1724,0.087,0.0266,0.3075,0.7233
WAKE,06-10,6485,4663,652,27,339,1,278,525,591,4558,4250,3113,463,17,224,342,3052,1822,0.719,0.1005,0.0911,0.0523,0.281,0.6554
WAKE,06-11,1458,954,180,8,104,0,51,161,124,917,1060,726,124,3,76,76,702,504,0.6543,0.1235,0.085,0.0713,0.3457,0.727
WAKE,06-12,10685,8562,475,45,584,0,137,882,684,8386,6903,5566,338,34,422,393,5474,2123,0.8013,0.0445,0.064,0.0547,0.1987,0.646
WAKE,07-01,2861,1674,653,25,56,5,182,266,376,1638,2176,1396,419,14,55,239,1363,1187,0.5851,0.2282,0.1314,0.0196,0.4149,0.7606
WAKE,07-02,2317,1688,304,4,67,1,88,165,187,1671,1838,1342,259,1,56,136,1332,629,0.7285,0.1312,0.0807,0.0289,0.2715,0.7933
WAKE,07-03,2017,1695,131,5,46,0,30,110,95,1667,1591,1351,113,5,36,63,1336,322,0.8404,0.0649,0.0471,0.0228,0.1596,0.7888
WAKE,07-04,6118,3875,1231,21,147,1,365,478,722,3763,5045,3367,935,17,130,510,3276,2243,0.6334,0.2012,0.118,0.024,0.3666,0.8246
WAKE,07-05,2541,1768,397,23,41,0,89,223,230,1744,2064,1487,318,17,36,159,1468,773,0.6958,0.1562,0.0905,0.0161,0.3042,0.8123
WAKE,07-06,4558,3765,283,5,160,1,110,234,231,3725,3798,3206,219,1,146,148,3174,793,0.826,0.0621,0.0507,0.0351,0.174,0.8333
WAKE,07-07,5893,4529,612,12,156,1,177,406,375,4472,4924,3912,492,8,131,268,3865,1364,0.7685,0.1039,0.0636,0.0265,0.2315,0.8356
WAKE,07-09,5050,3449,684,19,203,5,304,386,592,3358,4173,2975,540,19,173,393,2912,1601,0.683,0.1354,0.1172,0.0402,0.317,0.8263
WAKE,07-10,7926,5253,1261,23,398,4,324,663,759,5131,6611,4516,1015,12,352,581,4422,2673,0.6628,0.1591,0.0958,0.0502,0.3372,0.8341
WAKE,07-11,1409,1253,39,4,29,0,11,73,49,1246,1190,1074,30,1,26,33,1072,156,0.8893,0.0277,0.0348,0.0206,0.1107,0.8446
WAKE,07-12,4145,2705,775,15,147,2,201,300,433,2636,3497,2379,635,12,124,323,2320,1440,0.6526,0.187,0.1045,0.0355,0.3474,0.8437
WAKE,07-13,3048,2084,516,9,110,4,105,220,240,2043,2609,1866,413,4,105,163,1838,964,0.6837,0.1693,0.0787,0.0361,0.3163,0.856
WAKE,08-02,5529,4226,586,13,189,0,114,401,350,4152,4324,3319,486,10,163,257,3268,1303,0.7643,0.106,0.0633,0.0342,0.2357,0.7821
WAKE,08-03,8678,5357,1637,44,719,8,223,690,651,5220,6706,4169,1286,41,586,468,4063,3321,0.6173,0.1886,0.075,0.0829,0.3827,0.7728
WAKE,08-04,2146,1896,48,3,47,0,19,133,69,1884,1665,1481,45,2,37,45,1474,250,0.8835,0.0224,0.0322,0.0219,0.1165,0.7759
WAKE,08-05,2805,2353,170,4,92,3,29,154,107,2322,2149,1825,139,0,72,64,1809,452,0.8389,0.0606,0.0381,0.0328,0.1611,0.7661
WAKE,08-06,3799,2123,1008,40,92,0,234,302,446,2043,3149,1876,794,25,78,324,1809,1676,0.5588,0.2653,0.1174,0.0242,0.4412,0.8289
WAKE,08-07,3350,2807,109,11,170,1,34,218,133,2778,2527,2152,81,9,131,91,2132,543,0.8379,0.0325,0.0397,0.0507,0.1621,0.7543
WAKE,08-08,6231,4983,339,12,272,3,87,535,400,4907,4435,3561,264,11,209,264,3509,1248,0.7997,0.0544,0.0642,0.0437,0.2003,0.7118
WAKE,08-09,3169,2071,444,11,127,1,190,325,447,1985,2470,1695,311,10,97,307,1645,1098,0.6535,0.1401,0.1411,0.0401,0.3465,0.7794
WAKE,08-10,4203,2791,674,17,252,4,97,368,292,2741,3330,2234,557,13,200,212,2200,1412,0.664,0.1604,0.0695,0.06,0.336,0.7923
WAKE,08-11,6316,4013,752,24,807,3,166,551,524,3935,4739,3073,590,18,587,363,3027,2303,0.6354,0.1191,0.083,0.1278,0.3646,0.7503
WAKE,09-01,3772,2155,889,27,23,0,430,248,618,2106,2914,1774,719,12,19,372,1744,1617,0.5713,0.2357,0.1638,0.0061,0.4287,0.7725
WAKE,09-02,6424,2674,2347,63,49,5,790,496,1189,2559,4769,2181,1684,46,44,762,2108,3750,0.4163,0.3653,0.1851,0.0076,0.5837,0.7424
WAKE,09-03,5678,3291,1519,48,55,0,422,343,667,3175,4242,2584,1103,32,46,411,2513,2387,0.5796,0.2675,0.1175,0.0097,0.4204,0.7471
WAKE,10-01,2168,1373,246,14,36,0,308,191,479,1303,1668,1114,206,5,20,292,1079,795,0.6333,0.1135,0.2209,0.0166,0.3667,0.7694
WAKE,10-02,7693,3483,2216,73,156,9,1178,578,1699,3305,5568,2684,1597,60,104,1077,2584,4210,0.4527,0.2881,0.2209,0.0203,0.5473,0.7238
WAKE,10-03,4691,2251,1314,41,58,7,605,415,910,2163,3490,1794,968,33,42,583,1742,2440,0.4799,0.2801,0.194,0.0124,0.5201,0.744
WAKE,10-05,5169,2949,1493,41,51,5,290,340,576,2865,3957,2342,1111,27,43,384,2291,2220,0.5705,0.2888,0.1114,0.0099,0.4295,0.7655
WAKE,10-06,7669,3219,2594,77,187,5,940,647,1630,2966,5811,2599,1968,64,152,1067,2450,4450,0.4197,0.3382,0.2125,0.0244,0.5803,0.7577
WAKE,11-01,8732,6325,1237,19,372,10,185,584,547,6185,7748,5784,987,17,330,453,5668,2407,0.7243,0.1417,0.0626,0.0426,0.2757,0.8873
WAKE,11-02,6504,4897,786,26,283,2,156,354,374,4805,5802,4433,688,20,252,299,4346,1607,0.7529,0.1208,0.0575,0.0435,0.2471,0.8921
WAKE,12-02,7909,5363,1311,61,140,5,317,712,840,5183,5780,3991,970,39,99,547,3902,2546,0.6781,0.1658,0.1062,0.0177,0.3219,0.7308
WAKE,12-04,8474,6416,624,50,124,3,543,714,1158,6213,6123,4745,463,36,96,710,4640,2058,0.7571,0.0736,0.1367,0.0146,0.2429,0.7226
WAKE,12-06,6357,4583,892,52,67,1,227,535,612,4464,4769,3575,639,44,50,385,3504,1774,0.7209,0.1403,0.0963,0.0105,0.2791,0.7502
WAKE,12-07,4974,3289,628,47,137,2,401,470,757,3174,3654,2501,453,40,106,484,2430,1685,0.6612,0.1263,0.1522,0.0275,0.3388,0.7346
WAKE,12-08,7361,4770,1443,35,160,8,355,590,741,4637,5397,3567,1087,30,141,475,3494,2591,0.648,0.196,0.1007,0.0217,0.352,0.7332
WAKE,12-09,8081,6120,778,44,167,5,326,641,771,5982,6092,4699,591,34,134,515,4619,1961,0.7573,0.0963,0.0954,0.0207,0.2427,0.7539
WAKE,12-10,7579,6312,430,24,173,3,120,517,476,6166,5060,4247,318,18,125,275,4179,1267,0.8328,0.0567,0.0628,0.0228,0.1672,0.6676
WAKE,12-11,5307,3464,701,22,89,0,433,598,1015,3298,3711,2558,484,10,56,583,2460,1843,0.6527,0.1321,0.1913,0.0168,0.3473,0.6993
WAKE,12-12,4340,3667,208,21,56,3,73,312,255,3614,3187,2719,165,12,50,176,2688,673,0.8449,0.0479,0.0588,0.0129,0.1551,0.7343
WAKE,12-13,5086,3747,538,31,118,8,221,423,532,3620,3791,2877,393,21,94,364,2801,1339,0.7367,0.1058,0.1046,0.0232,0.2633,0.7454
WAKE,13-02,2871,2260,277,11,88,2,51,182,176,2217,2208,1753,230,11,77,112,1729,611,0.7872,0.0965,0.0613,0.0307,0.2128,0.7691
WAKE,13-05,4236,1560,1644,22,313,6,354,337,597,1487,3295,1367,1177,17,225,450,1311,2676,0.3683,0.3881,0.1409,0.0739,0.6317,0.7779
WAKE,13-06,4227,2969,651,11,140,1,104,351,330,2911,3411,2426,518,11,121,242,2386,1258,0.7024,0.154,0.0781,0.0331,0.2976,0.807
WAKE,13-07,4231,1451,1552,46,322,0,557,303,829,1375,3320,1245,1225,33,246,548,1196,2780,0.3429,0.3668,0.1959,0.0761,0.6571,0.7847
WAKE,13-08,6072,1523,2365,100,251,3,1200,630,1843,1356,4410,1240,1729,67,204,1166,1137,4549,0.2508,0.3895,0.3035,0.0413,0.7492,0.7263
WAKE,13-09,7951,2352,3638,49,635,5,602,670,1093,2217,5855,1858,2631,31,504,733,1767,5599,0.2958,0.4576,0.1375,0.0799,0.7042,0.7364
WAKE,13-10,8750,6717,938,10,264,2,166,653,524,6610,6221,4868,680,6,184,347,4793,2033,0.7677,0.1072,0.0599,0.0302,0.2323,0.711
WAKE,13-11,4339,3421,362,7,112,2,72,363,282,3365,3425,2761,304,6,93,190,2722,918,0.7884,0.0834,0.065,0.0258,0.2116,0.7894
WAKE,13-12,7230,1356,3387,106,352,1,1317,711,2096,1164,5394,1123,2535,76,274,1427,998,5874,0.1876,0.4685,0.2899,0.0487,0.8124,0.7461
WAKE,13-13,3428,1498,1145,24,197,3,225,336,472,1455,2592,1225,854,14,145,309,1199,1930,0.437,0.334,0.1377,0.0575,0.563,0.7561
WAKE,14-01,1185,970,86,6,18,0,36,69,66,960,928,777,69,6,17,42,772,215,0.8186,0.0726,0.0557,0.0152,0.1814,0.7831
WAKE,14-02,9489,7764,588,25,319,1,172,620,451,7685,7022,5851,427,22,248,285,5804,1725,0.8182,0.062,0.0475,0.0336,0.1818,0.74
WAKE,15-01,6482,4527,796,51,80,4,557,467,911,4398,5015,3673,621,41,57,565,3603,1955,0.6984,0.1228,0.1405,0.0123,0.3016,0.7737
WAKE,15-02,9513,6059,1410,74,228,9,989,744,1655,5836,7211,4737,1120,51,191,1069,4601,3454,0.6369,0.1482,0.174,0.024,0.3631,0.758
WAKE,15-03,7621,5708,801,39,51,2,446,574,922,5543,5692,4399,594,24,42,542,4305,1913,0.749,0.1051,0.121,0.0067,0.251,0.7469
WAKE,15-04,3257,2366,510,19,43,0,113,206,248,2314,2573,1881,430,15,34,179,1843,891,0.7264,0.1566,0.0761,0.0132,0.2736,0.79
WAKE,16-01,5384,3091,1222,51,63,2,490,465,824,2981,4290,2648,938,38,56,529,2583,2293,0.5741,0.227,0.153,0.0117,0.4259,0.7968
WAKE,16-02,8853,2283,4173,106,139,3,1427,722,2138,2083,6465,1890,3029,81,107,1356,1775,6570,0.2579,0.4714,0.2415,0.0157,0.7421,0.7303
WAKE,16-03,2733,1258,820,23,35,7,390,200,552,1190,2141,1094,616,21,29,364,1048,1475,0.4603,0.3,0.202,0.0128,0.5397,0.7834
WAKE,16-04,3735,2416,911,11,34,0,180,183,313,2367,3056,2075,730,6,28,206,2040,1319,0.6469,0.2439,0.0838,0.0091,0.3531,0.8182
WAKE,16-05,4313,2513,810,54,104,0,486,346,778,2386,3471,2173,644,41,83,505,2092,1800,0.5827,0.1878,0.1804,0.0241,0.4173,0.8048
WAKE,16-06,2687,1262,888,25,60,1,234,217,383,1202,2146,1087,702,18,47,249,1047,1425,0.4697,0.3305,0.1425,0.0223,0.5303,0.7987
WAKE,16-07,4521,3033,943,30,64,2,157,292,337,2985,3597,2503,746,14,54,206,2466,1488,0.6709,0.2086,0.0745,0.0142,0.3291,0.7956
WAKE,16-09,6707,3373,2031,46,145,7,532,573,932,3278,5178,2702,1593,35,122,618,2646,3334,0.5029,0.3028,0.139,0.0216,0.4971,0.772
WAKE,16-10,8391,1357,5045,60,211,2,1073,643,1622,1224,5885,1060,3531,46,140,1078,964,7034,0.1617,0.6012,0.1933,0.0251,0.8383,0.7013
WAKE,16-11,5947,1060,3528,53,119,1,753,433,1133,943,4228,864,2530,37,81,711,782,4887,0.1782,0.5932,0.1905,0.02,0.8218,0.7109
WAKE,17-01,5510,1807,1737,75,258,11,1180,442,1681,1642,4174,1518,1367,63,190,1051,1421,3703,0.3279,0.3152,0.3051,0.0468,0.6721,0.7575
WAKE,17-02,3094,1528,685,28,67,3,430,353,712,1458,2345,1266,508,17,49,469,1218,1566,0.4939,0.2214,0.2301,0.0217,0.5061,0.7579
WAKE,17-03,9870,4327,3801,50,500,2,548,642,966,4201,7696,3627,2833,43,404,670,3549,5543,0.4384,0.3851,0.0979,0.0507,0.5616,0.7797
WAKE,17-05,6651,2333,2430,59,447,4,833,545,1308,2193,5072,1937,1836,46,355,866,1854,4318,0.3508,0.3654,0.1967,0.0672,0.6492,0.7626
WAKE,17-06,4512,2037,1107,85,30,5,873,375,1356,1851,3317,1660,821,69,22,792,1560,2475,0.4515,0.2453,0.3005,0.0066,0.5485,0.7352
WAKE,17-07,7406,1559,3270,92,228,7,1697,553,2415,1245,5353,1212,2504,51,187,1474,1034,5847,0.2105,0.4415,0.3261,0.0308,0.7895,0.7228
WAKE,17-09,7130,876,4440,46,189,5,1087,487,1536,697,5059,693,3180,36,132,980,598,6254,0.1229,0.6227,0.2154,0.0265,0.8771,0.7095
WAKE,17-10,2507,882,700,21,166,1,508,229,706,849,1963,760,547,18,132,484,746,1625,0.3518,0.2792,0.2816,0.0662,0.6482,0.783
WAKE,17-11,8838,2396,2615,212,900,8,1771,936,2841,2136,6367,1868,1911,152,678,1820,1735,6442,0.2711,0.2959,0.3215,0.1018,0.7289,0.7204
WAKE,17-12,6215,2048,2543,48,289,6,741,540,1183,1913,4268,1503,1767,39,212,698,1425,4167,0.3295,0.4092,0.1903,0.0465,0.6705,0.6867
WAKE,17-13,8139,3798,3020,41,252,3,457,568,878,3650,6354,3176,2302,29,209,557,3088,4341,0.4666,0.3711,0.1079,0.031,0.5334,0.7807
WAKE,17-15,4272,1723,1370,53,55,2,668,401,999,1647,3223,1384,1051,40,40,670,1333,2549,0.4033,0.3207,0.2338,0.0129,0.5967,0.7544
WAKE,17-16,3800,1160,1728,37,134,7,445,289,652,1096,2877,953,1305,30,100,444,909,2640,0.3053,0.4547,0.1716,0.0353,0.6947,0.7571
WAKE,17-17,3805,1708,1197,23,200,2,371,304,567,1639,2893,1382,871,17,165,370,1349,2097,0.4489,0.3146,0.149,0.0526,0.5511,0.7603
WAKE,18-01,8732,5237,1898,26,606,3,321,641,658,5065,7537,4780,1464,23,549,499,4648,3495,0.5997,0.2174,0.0754,0.0694,0.4003,0.8631
WAKE,18-02,6578,5466,226,16,255,3,149,463,414,5385,4935,4187,182,11,184,261,4139,1112,0.831,0.0344,0.0629,0.0388,0.169,0.7502
WAKE,18-03,2998,2344,167,9,251,0,21,206,126,2314,2502,1979,132,9,222,101,1953,654,0.7819,0.0557,0.042,0.0837,0.2181,0.8346
WAKE,18-04,6758,4369,595,36,312,3,956,487,1275,4215,5225,3576,486,25,239,816,3471,2389,0.6465,0.088,0.1887,0.0462,0.3535,0.7732
WAKE,18-05,6614,5324,179,9,537,2,106,457,319,5246,5039,4158,128,9,405,206,4112,1290,0.805,0.0271,0.0482,0.0812,0.195,0.7619
WAKE,18-06,6387,3930,918,26,745,3,249,516,520,3836,5423,3451,746,26,613,395,3384,2457,0.6153,0.1437,0.0814,0.1166,0.3847,0.8491
WAKE,18-07,5085,3795,357,28,156,3,322,424,639,3698,3845,3015,272,17,126,368,2955,1290,0.7463,0.0702,0.1257,0.0307,0.2537,0.7561
WAKE,18-08,6727,4607,646,18,707,10,182,557,519,4485,5615,3926,537,14,597,386,3844,2120,0.6849,0.096,0.0772,0.1051,0.3151,0.8347
WAKE,19-03,5124,3695,655,21,118,1,182,452,423,3647,3820,2843,471,21,79,279,2819,1429,0.7211,0.1278,0.0826,0.023,0.2789,0.7455
WAKE,19-05,4530,3709,356,8,108,5,82,262,276,3646,3442,2848,276,4,99,165,2821,821,0.8188,0.0786,0.0609,0.0238,0.1812,0.7598
WAKE,19-07,6898,4410,1529,19,183,2,206,549,555,4291,4972,3338,1045,6,129,345,3277,2488,0.6393,0.2217,0.0805,0.0265,0.3607,0.7208
WAKE,19-09,7355,5096,1274,26,171,1,246,541,537,5016,5424,3867,955,12,130,317,3828,2259,0.6929,0.1732,0.073,0.0232,0.3071,0.7375
WAKE,19-11,5434,3981,706,5,142,5,153,442,460,3873,4153,3130,523,5,107,294,3069,1453,0.7326,0.1299,0.0847,0.0261,0.2674,0.7643
WAKE,19-13,3659,2078,829,6,169,0,232,345,458,2024,2875,1728,606,6,138,318,1689,1581,0.5679,0.2266,0.1252,0.0462,0.4321,0.7857
WAKE,19-14,4802,2864,1030,12,370,0,156,370,385,2803,3567,2191,737,8,291,240,2154,1938,0.5964,0.2145,0.0802,0.0771,0.4036,0.7428
WAKE,19-15,4425,2933,707,18,290,4,93,380,357,2880,3412,2354,520,16,213,243,2311,1492,0.6628,0.1598,0.0807,0.0655,0.3372,0.7711
WAKE,19-16,4340,2336,1139,35,122,3,353,352,649,2251,3348,1924,851,29,87,423,1876,2004,0.5382,0.2624,0.1495,0.0281,0.4618,0.7714
WAKE,19-17,8723,4032,2989,51,316,4,577,754,1166,3844,6320,3023,2186,45,246,754,2907,4691,0.4622,0.3427,0.1337,0.0362,0.5378,0.7245
WAKE,19-18,5353,3713,809,32,216,0,148,435,432,3616,3657,2545,593,26,157,280,2483,1640,0.6936,0.1511,0.0807,0.0404,0.3064,0.6832
WAKE,19-20,4959,3357,820,25,228,1,132,396,366,3282,3452,2377,598,22,169,227,2331,1602,0.677,0.1654,0.0738,0.046,0.323,0.6961
WAKE,19-21,8253,4381,2199,15,650,7,292,709,792,4237,5865,3223,1577,12,469,500,3143,3872,0.5308,0.2664,0.096,0.0788,0.4692,0.7107
WAKE,19-22,4516,3297,651,14,97,2,118,337,288,3240,3325,2491,471,13,71,189,2449,1219,0.7301,0.1442,0.0638,0.0215,0.2699,0.7363
WAKE,19-23,7004,4531,1221,24,278,6,264,680,751,4375,4939,3288,855,14,198,478,3194,2473,0.6469,0.1743,0.1072,0.0397,0.3531,0.7052
WAKE,19-24,5818,4786,387,11,162,1,85,386,327,4726,4066,3410,267,7,111,194,3381,1032,0.8226,0.0665,0.0562,0.0278,0.1774,0.6989
WAKE,19-25,4295,2773,826,18,101,4,281,292,457,2715,2927,1946,582,10,71,264,1907,1522,0.6456,0.1923,0.1064,0.0235,0.3544,0.6815
WAKE,20-01,7187,4143,824,51,624,2,854,689,1419,3954,5178,3086,639,44,453,901,2967,3044,0.5765,0.1147,0.1974,0.0868,0.4235,0.7205
WAKE,20-03,6226,4713,272,39,569,2,110,521,431,4606,4778,3759,217,31,402,270,3699,1513,0.757,0.0437,0.0692,0.0914,0.243,0.7674
WAKE,20-04,6090,3389,237,16,1843,0,64,541,382,3304,4252,2476,173,13,1249,236,2423,2701,0.5565,0.0389,0.0627,0.3026,0.4435,0.6982
WAKE,20-05,5376,4183,249,13,519,0,62,350,220,4132,4404,3464,207,12,423,176,3427,1193,0.7781,0.0463,0.0409,0.0965,0.2219,0.8192
WAKE,20-06A,8740,5562,1074,33,768,2,429,872,1086,5380,6204,4083,771,24,525,712,3971,3178,0.6364,0.1229,0.1243,0.0879,0.3636,0.7098
WAKE,20-06B,5358,4544,128,6,195,5,87,393,308,4474,3736,3204,100,3,137,188,3162,814,0.8481,0.0239,0.0575,0.0364,0.1519,0.6973
WAKE,20-08,7604,5187,559,20,1053,0,248,537,592,5053,5634,3912,419,10,767,427,3820,2417,0.6821,0.0735,0.0779,0.1385,0.3179,0.7409
WAKE,20-09,3914,3195,176,8,208,3,48,276,190,3154,2848,2366,132,8,156,124,2342,719,0.8163,0.045,0.0485,0.0531,0.1837,0.7276
WAKE,20-10,5272,2937,121,4,1867,0,34,309,202,2903,3683,2187,87,3,1222,122,2173,2335,0.5571,0.023,0.0383,0.3541,0.4429,0.6986
WAKE,20-11,8501,5825,488,17,1267,3,175,726,588,5672,5922,4235,350,10,871,352,4147,2676,0.6852,0.0574,0.0692,0.149,0.3148,0.6966
WAKE,20-12,9992,4871,508,16,3681,4,151,761,607,4756,7001,3680,383,9,2388,384,3607,5121,0.4875,0.0508,0.0607,0.3684,0.5125,0.7007
WAKE,20-15,10582,3551,1162,27,4924,13,192,713,676,3421,7233,2597,837,19,3260,429,2508,7031,0.3356,0.1098,0.0639,0.4653,0.6644,0.6835
WAKE,20-17,8917,3927,455,20,3729,0,172,614,480,3837,5752,2708,307,7,2324,277,2660,4990,0.4404,0.051,0.0538,0.4182,0.5596,0.6451
WAKE,20-18,5417,2450,853,16,1522,4,141,431,450,2339,3944,1921,598,13,1050,305,1841,2967,0.4523,0.1575,0.0831,0.281,0.5477,0.7281
WAKE,20-19,9279,3641,872,28,4063,2,118,555,414,3566,6195,2554,587,8,2673,273,2513,5638,0.3924,0.094,0.0446,0.4379,0.6076,0.6676
WAKE,20-20,5539,2221,249,14,2616,2,81,356,285,2149,3574,1557,151,11,1638,180,1505,3318,0.401,0.045,0.0515,0.4723,0.599,0.6452
WARREN,001,1276,866,321,13,6,0,29,41,27,866,1127,797,267,10,4,24,797,410,0.6787,0.2516,0.0212,0.0047,0.3213,0.8832
WARREN,002,1149,822,259,7,2,0,23,36,32,821,1006,737,223,3,2,22,737,327,0.7154,0.2254,0.0279,0.0017,0.2846,0.8755
WARREN,003,1224,539,602,19,0,0,27,37,30,538,989,461,477,13,0,20,460,685,0.4404,0.4918,0.0245,0.0,0.5596,0.808
WARREN,004,1096,392,621,16,4,2,24,37,40,389,841,322,463,16,4,26,320,704,0.3577,0.5666,0.0365,0.0036,0.6423,0.7673
WARREN,005,2181,651,1385,24,4,0,66,51,79,651,1891,573,1210,24,4,59,573,1530,0.2985,0.635,0.0362,0.0018,0.7015,0.867
WARREN,006,1644,603,906,12,1,0,58,64,89,594,1310,498,722,12,1,48,495,1041,0.3668,0.5511,0.0541,0.0006,0.6332,0.7968
WARREN,007,1155,349,655,15,11,0,74,51,97,347,888,303,488,12,11,60,303,806,0.3022,0.5671,0.084,0.0095,0.6978,0.7688
WARREN,008,1626,133,622,772,4,0,12,83,27,132,1274,112,490,607,2,16,111,1493,0.0818,0.3825,0.0166,0.0025,0.9182,0.7835
WARREN,009,712,317,323,22,7,0,15,28,26,314,580,279,261,14,5,12,276,395,0.4452,0.4537,0.0365,0.0098,0.5548,0.8146
WARREN,010,2357,622,1519,30,5,1,70,110,117,614,1918,542,1226,18,5,72,537,1735,0.2639,0.6445,0.0496,0.0021,0.7361,0.8137
WARREN,011,461,129,279,7,3,0,10,33,29,129,351,108,207,4,1,11,108,332,0.2798,0.6052,0.0629,0.0065,0.7202,0.7614
WARREN,012,1147,986,98,7,4,0,3,49,17,981,1046,916,78,6,2,9,914,161,0.8596,0.0854,0.0148,0.0035,0.1404,0.9119
WARREN,013,920,364,474,6,2,1,39,34,40,362,717,317,346,4,2,28,316,556,0.3957,0.5152,0.0435,0.0022,0.6043,0.7793
WARREN,014,1694,480,1050,28,9,0,59,68,89,471,1354,422,823,18,8,58,415,1214,0.2834,0.6198,0.0525,0.0053,0.7166,0.7993
WASHINGTON,LM,2267,872,1281,7,15,1,29,62,63,862,1891,745,1077,7,12,32,744,1395,0.3846,0.5651,0.0278,0.0066,0.6154,0.8341
WASHINGTON,P1,1705,571,1047,4,7,1,12,63,19,568,1325,499,767,4,6,7,496,1134,0.3349,0.6141,0.0111,0.0041,0.6651,0.7771
WASHINGTON,P2,1261,366,833,1,6,1,23,31,35,363,1013,320,641,1,6,25,317,895,0.2902,0.6606,0.0278,0.0048,0.7098,0.8033
WASHINGTON,P3,3240,1578,1508,5,6,3,61,79,85,1571,2538,1366,1085,3,3,41,1359,1662,0.487,0.4654,0.0262,0.0019,0.513,0.7833
WASHINGTON,SC,1474,960,386,4,2,3,63,56,109,945,1197,797,316,4,1,67,787,514,0.6513,0.2619,0.0739,0.0014,0.3487,0.8121
WASHINGTON,SK,1056,652,320,2,1,0,35,46,60,649,886,571,268,2,1,37,568,404,0.6174,0.303,0.0568,0.0009,0.3826,0.839
WATAUGA,01,687,617,4,3,2,0,14,47,26,608,542,501,1,1,2,19,494,70,0.8981,0.0058,0.0378,0.0029,0.1019,0.7889
WATAUGA,02,1332,1233,4,0,9,0,25,61,45,1218,1092,1024,4,0,8,25,1014,99,0.9257,0.003,0.0338,0.0068,0.0743,0.8198
WATAUGA,03,2913,2737,15,2,23,0,27,109,78,2711,2531,2394,6,2,18,70,2370,176,0.9396,0.0051,0.0268,0.0079,0.0604,0.8689
WATAUGA,04,4357,3962,46,10,72,0,65,202,142,3928,3611,3310,44,7,64,92,3284,395,0.9093,0.0106,0.0326,0.0165,0.0907,0.8288
WATAUGA,05,1880,1575,100,11,37,2,27,128,105,1540,1689,1423,91,10,29,93,1393,305,0.8378,0.0532,0.0559,0.0197,0.1622,0.8984
WATAUGA,06,5212,3261,764,5,232,2,623,325,617,3199,5042,3159,747,5,228,595,3097,1951,0.6257,0.1466,0.1184,0.0445,0.3743,0.9674
WATAUGA,07,4707,4233,89,21,39,5,96,224,263,4151,4163,3777,81,19,29,211,3719,474,0.8993,0.0189,0.0559,0.0083,0.1007,0.8844
WATAUGA,08,2923,2710,10,6,4,2,46,145,108,2682,2354,2196,10,5,4,67,2181,213,0.9271,0.0034,0.0369,0.0014,0.0729,0.8053
WATAUGA,09,749,663,7,0,4,0,20,55,49,651,618,559,7,0,4,30,552,86,0.8852,0.0093,0.0654,0.0053,0.1148,0.8251
WATAUGA,10,1475,1381,5,1,1,0,18,69,43,1370,1165,1104,2,1,1,27,1098,94,0.9363,0.0034,0.0292,0.0007,0.0637,0.7898
WATAUGA,11,3135,2911,32,3,22,1,30,136,98,2868,2465,2314,23,0,16,61,2289,224,0.9285,0.0102,0.0313,0.007,0.0715,0.7863
WATAUGA,12,3564,2096,617,0,147,2,470,232,451,2065,3433,2040,580,0,139,449,2011,1468,0.5881,0.1731,0.1265,0.0412,0.4119,0.9632
WATAUGA,13,4303,3563,183,10,123,1,195,228,354,3472,3935,3288,174,8,110,298,3200,740,0.828,0.0425,0.0823,0.0286,0.172,0.9145
WATAUGA,14,3966,3475,103,14,78,0,60,236,225,3396,3364,2991,77,9,72,179,2922,491,0.8762,0.026,0.0567,0.0197,0.1238,0.8482
WATAUGA,15,4885,4061,100,20,97,3,261,343,524,3965,3968,3361,77,13,75,374,3294,824,0.8313,0.0205,0.1073,0.0199,0.1687,0.8123
WATAUGA,16,202,190,3,2,1,0,0,6,5,188,155,149,2,0,1,1,149,12,0.9406,0.0149,0.0248,0.005,0.0594,0.7673
WATAUGA,17,835,790,2,4,3,0,0,36,10,786,688,652,2,4,1,7,651,45,0.9461,0.0024,0.012,0.0036,0.0539,0.824
WATAUGA,18,2448,2206,10,3,14,0,99,116,145,2182,1953,1781,8,3,11,117,1763,242,0.9011,0.0041,0.0592,0.0057,0.0989,0.7978
WATAUGA,19,3898,3497,51,15,35,1,82,217,208,3451,3269,2988,43,15,25,134,2959,401,0.8971,0.0131,0.0534,0.009,0.1029,0.8386
WATAUGA,20,615,565,4,1,2,0,3,40,25,555,553,512,4,1,2,21,504,50,0.9187,0.0065,0.0407,0.0033,0.0813,0.8992
WAYNE,01,3542,2303,781,27,5,2,188,236,309,2262,2800,1883,635,27,5,180,1866,1239,0.6502,0.2205,0.0872,0.0014,0.3498,0.7905
WAYNE,02,5146,3708,890,11,28,0,240,269,401,3639,4030,2995,675,10,23,259,2946,1438,0.7206,0.1729,0.0779,0.0054,0.2794,0.7831
WAYNE,03,5058,3765,665,19,25,5,277,302,438,3711,3793,2946,465,9,24,254,2917,1293,0.7444,0.1315,0.0866,0.0049,0.2556,0.7499
WAYNE,04,6559,4872,984,21,64,3,183,432,436,4789,4992,3773,749,16,59,277,3723,1687,0.7428,0.15,0.0665,0.0098,0.2572,0.7611
WAYNE,05,4792,3587,719,22,101,4,97,262,226,3529,3712,2815,545,20,86,138,2793,1205,0.7485,0.15,0.0472,0.0211,0.2515,0.7746
WAYNE,06,3610,2028,1095,14,78,8,186,201,278,1986,2852,1673,872,12,65,165,1647,1582,0.5618,0.3033,0.077,0.0216,0.4382,0.79
WAYNE,07,6645,4247,1544,37,88,3,349,377,596,4139,5146,3401,1162,26,80,395,3335,2398,0.6391,0.2324,0.0897,0.0132,0.3609,0.7744
WAYNE,08,4381,3236,534,10,30,0,261,310,440,3157,3350,2584,399,6,21,256,2534,1145,0.7386,0.1219,0.1004,0.0068,0.2614,0.7647
WAYNE,09,4875,3159,1138,40,72,0,230,236,339,3116,4069,2617,1032,40,59,206,2599,1716,0.648,0.2334,0.0695,0.0148,0.352,0.8347
WAYNE,10,3067,920,1869,20,16,1,103,138,162,901,2349,770,1387,18,15,109,760,2147,0.3,0.6094,0.0528,0.0052,0.7,0.7659
WAYNE,11,3612,1418,1765,6,132,1,108,182,222,1376,2880,1242,1331,4,98,173,1212,2194,0.3926,0.4886,0.0615,0.0365,0.6074,0.7973
WAYNE,12,4852,2137,1923,22,256,7,185,322,403,2016,3907,1838,1524,15,203,252,1761,2715,0.4404,0.3963,0.0831,0.0528,0.5596,0.8052
WAYNE,13,2799,940,1374,21,52,1,226,185,331,892,2184,791,1087,10,48,223,757,1859,0.3358,0.4909,0.1183,0.0186,0.6642,0.7803
WAYNE,14,4302,3067,610,18,65,1,252,289,486,2981,3392,2509,479,7,50,292,2462,1235,0.7129,0.1418,0.113,0.0151,0.2871,0.7885
WAYNE,15,5882,3044,950,64,41,9,1256,518,1850,2814,4281,2400,688,40,36,1114,2287,2838,0.5175,0.1615,0.3145,0.007,0.4825,0.7278
WAYNE,16,3810,2000,1025,29,38,6,417,295,609,1931,2893,1623,759,22,29,387,1584,1810,0.5249,0.269,0.1598,0.01,0.4751,0.7593
WAYNE,17,2574,546,1762,4,38,4,61,159,213,473,1967,529,1225,1,38,175,458,2028,0.2121,0.6845,0.0828,0.0148,0.7879,0.7642
WAYNE,18,2364,555,1564,10,8,1,86,140,129,539,1929,516,1242,8,8,92,506,1809,0.2348,0.6616,0.0546,0.0034,0.7652,0.816
WAYNE,1920,4630,861,3301,19,59,3,100,287,356,757,3436,638,2479,12,51,224,578,3769,0.186,0.713,0.0769,0.0127,0.814,0.7421
WAYNE,21,2393,843,1347,11,25,3,36,128,110,813,1878,707,1023,5,22,79,681,1550,0.3523,0.5629,0.046,0.0104,0.6477,0.7848
WAYNE,22,2726,1240,1156,11,113,3,59,144,191,1192,2131,1082,816,3,99,129,1037,1486,0.4549,0.4241,0.0701,0.0415,0.5451,0.7817
WAYNE,23,4073,2173,979,29,114,2,367,409,672,2055,2904,1606,713,19,101,395,1553,1900,0.5335,0.2404,0.165,0.028,0.4665,0.713
WAYNE,24,3801,3125,223,16,5,0,265,167,406,3075,2972,2518,171,16,0,262,2488,676,0.8222,0.0587,0.1068,0.0013,0.1778,0.7819
WAYNE,2530,5830,2617,2346,46,22,0,436,363,769,2535,4645,2236,1854,39,12,499,2172,3213,0.4489,0.4024,0.1319,0.0038,0.5511,0.7967
WAYNE,26,4017,1585,1342,25,22,4,690,349,1054,1436,3085,1297,1099,14,22,652,1207,2432,0.3946,0.3341,0.2624,0.0055,0.6054,0.768
WAYNE,27,2795,717,1269,15,17,0,569,208,759,646,2055,567,987,12,16,449,526,2078,0.2565,0.454,0.2716,0.0061,0.7435,0.7352
WAYNE,28,6744,2886,1315,108,28,4,1868,535,2634,2575,4866,2328,963,72,19,1607,2170,3858,0.4279,0.195,0.3906,0.0042,0.5721,0.7215
WAYNE,29,2454,873,1325,7,38,2,58,151,108,864,2004,779,1047,6,35,74,771,1581,0.3557,0.5399,0.044,0.0155,0.6443,0.8166
WILKES,101,1010,872,56,5,3,0,28,46,60,856,799,703,34,4,3,38,696,138,0.8634,0.0554,0.0594,0.003,0.1366,0.7911
WILKES,102,2147,1775,218,4,3,0,55,92,100,1756,1769,1476,188,4,3,61,1466,372,0.8267,0.1015,0.0466,0.0014,0.1733,0.8239
WILKES,103,647,613,6,1,1,0,6,20,12,609,534,520,2,1,0,6,516,34,0.9474,0.0093,0.0185,0.0015,0.0526,0.8253
WILKES,104,2939,2316,78,11,22,0,268,244,491,2283,2269,1903,59,5,19,269,1887,623,0.788,0.0265,0.1671,0.0075,0.212,0.772
WILKES,105,1783,1627,37,7,6,1,35,70,68,1621,1386,1259,30,7,6,51,1258,156,0.9125,0.0208,0.0381,0.0034,0.0875,0.7773
WILKES,106,1318,1170,65,1,7,0,23,52,40,1164,1037,933,57,1,5,21,928,148,0.8877,0.0493,0.0303,0.0053,0.1123,0.7868
WILKES,107,3770,3506,25,5,4,2,98,130,148,3482,3015,2849,19,5,2,94,2834,264,0.93,0.0066,0.0393,0.0011,0.07,0.7997
WILKES,108,2559,1889,235,14,4,3,224,190,393,1826,1964,1481,200,6,2,256,1447,670,0.7382,0.0918,0.1536,0.0016,0.2618,0.7675
WILKES,109,1101,988,60,3,3,0,0,47,20,975,908,829,44,3,1,13,823,113,0.8974,0.0545,0.0182,0.0027,0.1026,0.8247
WILKES,111,2749,2479,29,7,16,0,94,124,175,2447,2169,1997,23,7,12,100,1980,270,0.9018,0.0105,0.0637,0.0058,0.0982,0.789
WILKES,112,3030,2428,113,15,30,0,224,220,393,2378,2416,1999,102,10,25,251,1971,602,0.8013,0.0373,0.1297,0.0099,0.1987,0.7974
WILKES,113A,2802,2658,18,1,11,0,44,70,76,2633,2304,2206,11,1,5,57,2182,144,0.9486,0.0064,0.0271,0.0039,0.0514,0.8223
WILKES,114,924,852,4,1,5,0,6,56,31,846,772,723,4,0,5,19,718,72,0.9221,0.0043,0.0335,0.0054,0.0779,0.8355
WILKES,115A,5287,4850,56,21,10,0,133,217,282,4770,4246,3968,40,17,9,166,3917,437,0.9173,0.0106,0.0533,0.0019,0.0827,0.8031
WILKES,117,1685,1503,47,9,1,0,44,81,96,1484,1335,1199,37,8,1,63,1190,182,0.892,0.0279,0.057,0.0006,0.108,0.7923
WILKES,118,4214,2983,586,30,20,0,365,230,539,2887,3302,2455,468,27,17,315,2395,1231,0.7079,0.1391,0.1279,0.0047,0.2921,0.7836
WILKES,119,5959,5448,41,9,20,0,215,226,374,5365,4695,4370,30,8,14,224,4315,511,0.9142,0.0069,0.0628,0.0034,0.0858,0.7879
WILKES,120A,5847,5386,107,15,6,4,138,191,248,5328,4597,4305,82,8,6,157,4269,461,0.9212,0.0183,0.0424,0.001,0.0788,0.7862
WILKES,122,1027,965,15,0,0,0,13,34,32,960,822,779,14,0,0,18,774,62,0.9396,0.0146,0.0312,0.0,0.0604,0.8004
WILKES,123A,3022,2838,31,7,5,0,43,98,78,2823,2470,2353,25,5,5,46,2341,184,0.9391,0.0103,0.0258,0.0017,0.0609,0.8173
WILKES,125,1083,1031,2,9,4,0,10,27,30,1020,881,854,0,0,3,14,848,52,0.952,0.0018,0.0277,0.0037,0.048,0.8135
WILKES,126,1109,1079,0,4,3,0,3,20,13,1077,902,891,0,2,1,5,889,30,0.9729,0.0,0.0117,0.0027,0.0271,0.8133
WILKES,127,3434,2601,308,7,116,0,201,201,320,2538,2794,2191,251,4,94,192,2169,833,0.7574,0.0897,0.0932,0.0338,0.2426,0.8136
WILKES,128,3801,3056,354,19,12,1,199,160,304,3021,3068,2532,288,15,10,185,2519,745,0.804,0.0931,0.08,0.0032,0.196,0.8072
WILKES,129,2722,2192,143,13,13,0,256,105,331,2167,2197,1812,113,6,13,234,1797,530,0.8053,0.0525,0.1216,0.0048,0.1947,0.8071
WILSON,PRBL,3808,2728,614,24,7,2,234,199,384,2691,2988,2271,445,17,6,207,2253,1080,0.7164,0.1612,0.1008,0.0018,0.2836,0.7847
WILSON,PRCR,3656,2430,621,42,4,0,307,252,517,2354,2814,1981,492,32,4,291,1935,1226,0.6647,0.1699,0.1414,0.0011,0.3353,0.7697
WILSON,PRGA,3521,1700,1099,11,8,0,510,193,652,1631,2779,1419,908,9,5,399,1374,1821,0.4828,0.3121,0.1852,0.0023,0.5172,0.7893
WILSON,PROL,5738,4015,745,73,26,2,500,377,987,3832,4359,3121,586,55,20,642,3028,1723,0.6997,0.1298,0.172,0.0045,0.3003,0.7597
WILSON,PRSA,1443,768,519,10,3,0,88,55,146,735,1143,636,422,7,2,85,612,675,0.5322,0.3597,0.1012,0.0021,0.4678,0.7921
WILSON,PRSP,3168,2148,559,27,6,0,215,213,424,2047,2433,1680,447,19,5,272,1623,1020,0.678,0.1765,0.1338,0.0019,0.322,0.768
WILSON,PRST,2058,973,665,2,5,0,213,200,397,933,1623,800,520,2,2,278,785,1085,0.4728,0.3231,0.1929,0.0024,0.5272,0.7886
WILSON,PRTA,9536,5148,3056,50,270,0,474,538,841,5032,7226,4156,2214,43,190,517,4086,4388,0.5398,0.3205,0.0882,0.0283,0.4602,0.7578
WILSON,PRTO,5262,2843,1800,37,30,1,302,249,440,2791,4118,2360,1400,27,10,264,2328,2419,0.5403,0.3421,0.0836,0.0057,0.4597,0.7826
WILSON,PRWA,1661,420,931,18,5,2,184,101,287,378,1317,354,746,17,4,194,329,1241,0.2529,0.5605,0.1728,0.003,0.7471,0.7929
WILSON,PRWB,2054,181,1523,4,4,0,272,70,326,149,1522,145,1140,3,4,214,136,1873,0.0881,0.7415,0.1587,0.0019,0.9119,0.741
WILSON,PRWC,2390,354,1744,12,9,0,173,98,242,312,1860,289,1378,10,8,155,263,2036,0.1481,0.7297,0.1013,0.0038,0.8519,0.7782
WILSON,PRWD,2046,1578,301,10,12,1,46,98,71,1570,1715,1359,232,6,8,44,1353,468,0.7713,0.1471,0.0347,0.0059,0.2287,0.8382
WILSON,PRWE,2266,606,1317,10,11,2,204,116,300,582,1707,502,983,4,8,187,489,1660,0.2674,0.5812,0.1324,0.0049,0.7326,0.7533
WILSON,PRWH,1471,90,1132,9,0,0,169,71,229,62,1035,61,808,4,0,145,50,1381,0.0612,0.7695,0.1557,0.0,0.9388,0.7036
WILSON,PRWI,2932,781,1591,15,25,2,329,189,448,747,2303,690,1235,11,24,299,665,2151,0.2664,0.5426,0.1528,0.0085,0.7336,0.7855
WILSON,PRWJ,5064,2284,2161,30,164,3,202,220,349,2234,4154,2015,1691,23,136,243,1981,2780,0.451,0.4267,0.0689,0.0324,0.549,0.8203
WILSON,PRWK,1885,1393,330,15,11,2,27,107,89,1370,1513,1153,261,13,4,49,1141,492,0.739,0.1751,0.0472,0.0058,0.261,0.8027
WILSON,PRWL,3302,1820,1129,13,78,0,83,179,159,1791,2602,1504,848,12,66,113,1488,1482,0.5512,0.3419,0.0482,0.0236,0.4488,0.788
WILSON,PRWM,5793,2915,2311,18,153,1,132,263,253,2885,4518,2424,1724,9,113,163,2399,2878,0.5032,0.3989,0.0437,0.0264,0.4968,0.7799
WILSON,PRWN,3680,281,2963,22,6,0,287,121,422,219,2697,224,2199,16,2,256,192,3399,0.0764,0.8052,0.1147,0.0016,0.9236,0.7329
WILSON,PRWP,2059,1376,468,4,58,0,40,113,104,1352,1671,1130,369,3,50,84,1112,683,0.6683,0.2273,0.0505,0.0282,0.3317,0.8116
WILSON,PRWQ,951,57,749,2,3,0,98,42,131,38,718,35,603,1,1,63,26,894,0.0599,0.7876,0.1377,0.0032,0.9401,0.755
WILSON,PRWR,3040,452,1769,31,2,7,572,207,826,371,2240,354,1403,14,2,468,312,2588,0.1487,0.5819,0.2717,0.0007,0.8513,0.7368
YADKIN,BNVL,4121,3445,168,28,10,0,244,226,392,3392,3255,2777,139,16,7,253,2752,676,0.836,0.0408,0.0951,0.0024,0.164,0.7899
YADKIN,DCRK,3128,2320,54,15,9,0,535,195,726,2264,2409,1906,39,14,9,443,1869,808,0.7417,0.0173,0.2321,0.0029,0.2583,0.7701
YADKIN,EBND,3343,2929,55,12,13,0,171,163,270,2897,2641,2369,43,7,11,158,2357,414,0.8762,0.0165,0.0808,0.0039,0.1238,0.79
YADKIN,FBSH,4119,3582,100,23,13,0,198,203,339,3541,3294,2942,73,15,13,203,2922,537,0.8696,0.0243,0.0823,0.0032,0.1304,0.7997
YADKIN,NBCK,2080,1697,42,13,9,0,245,74,323,1674,1632,1387,33,10,9,195,1375,383,0.8159,0.0202,0.1553,0.0043,0.1841,0.7846
YADKIN,NFAL,1493,1346,33,3,7,0,52,52,69,1342,1200,1101,24,1,7,42,1100,147,0.9015,0.0221,0.0462,0.0047,0.0985,0.8038
YADKIN,NKNB,4460,3522,299,22,33,0,299,285,464,3445,3510,2886,242,16,26,275,2844,938,0.7897,0.067,0.104,0.0074,0.2103,0.787
YADKIN,NLIB,5991,4589,249,47,32,0,620,454,1042,4474,4832,3873,195,36,32,664,3801,1402,0.766,0.0416,0.1739,0.0053,0.234,0.8065
YADKIN,SBCK,1390,1227,10,5,0,0,98,50,131,1211,1026,937,9,5,0,68,926,163,0.8827,0.0072,0.0942,0.0,0.1173,0.7381
YADKIN,SFAL,2497,2210,42,6,6,0,114,119,171,2191,1976,1771,32,2,2,123,1759,287,0.8851,0.0168,0.0685,0.0024,0.1149,0.7913
YADKIN,SKNB,1686,1464,17,5,3,0,128,69,172,1452,1352,1214,5,5,2,100,1210,222,0.8683,0.0101,0.102,0.0018,0.1317,0.8019
YADKIN,SLIB,2889,2497,67,24,8,0,149,144,281,2460,2342,2083,54,17,8,184,2058,392,0.8643,0.0232,0.0973,0.0028,0.1357,0.8107
YANCEY,01 BUR,4491,3946,68,22,21,2,196,236,420,3839,3687,3321,61,16,21,239,3260,545,0.8786,0.0151,0.0935,0.0047,0.1214,0.821
YANCEY,02 CAN,1870,1745,5,2,5,0,31,82,50,1742,1526,1439,1,2,5,29,1437,125,0.9332,0.0027,0.0267,0.0027,0.0668,0.816
YANCEY,03 EGY,759,676,0,0,3,0,20,60,39,669,631,569,0,0,3,30,562,83,0.8906,0.0,0.0514,0.004,0.1094,0.8314
YANCEY,04 RAM,461,434,2,0,0,0,7,18,11,431,385,365,2,0,0,5,364,27,0.9414,0.0043,0.0239,0.0,0.0586,0.8351
YANCEY,05 GRE,612,590,4,2,0,0,2,14,6,586,494,477,4,2,0,2,475,22,0.9641,0.0065,0.0098,0.0,0.0359,0.8072
YANCEY,06 JAC,1905,1775,13,6,0,0,23,88,71,1747,1531,1440,8,6,0,47,1420,130,0.9318,0.0068,0.0373,0.0,0.0682,0.8037
YANCEY,07 BRU,553,532,2,0,0,0,5,14,10,528,459,442,2,0,0,10,438,21,0.962,0.0036,0.0181,0.0,0.038,0.83
YANCEY,08 CRA,3381,3039,8,30,8,1,119,176,222,3012,2689,2469,8,17,8,126,2453,342,0.8988,0.0024,0.0657,0.0024,0.1012,0.7953
YANCEY,09 SOU,2314,2174,0,5,2,0,46,87,71,2150,1925,1819,0,5,2,39,1807,140,0.9395,0.0,0.0307,0.0009,0.0605,0.8319
YANCEY,10 PEN,629,579,4,6,0,0,15,25,30,572,532,499,2,6,0,23,492,50,0.9205,0.0064,0.0477,0.0,0.0795,0.8458
YANCEY,11 PRI,1476,1357,2,9,1,0,39,68,85,1331,1225,1142,2,9,1,48,1128,119,0.9194,0.0014,0.0576,0.0007,0.0806,0.8299
