county_desc,precinct_abbrv,precinct_desc,reg_active,reg_inactive,reg_other_status,reg_total,party_dem,party_lib,party_rep,party_unaf,party_other,race_asian,race_black,race_aian,race_multiracial,race_other_race,race_nhpi,race_undesignated,race_white,eth_hispanic,eth_not_hispanic,eth_undesignated,gender_female,gender_male,gender_unknown,age_18_24,age_25_34,age_35_44,age_45_54,age_55_64,age_65_74,age_75plus,age_under_18,age_unknown,reg_removed,
ALAMANCE,01,PATTERSON,3468,326,0.0,3794.0,444,19,1867,1136,2,16,226,6,13,100,0,231,3202,129,2544,1121,1827,1721,246,379,558,555,567,677,634,424,0,0,0.0,0.0
ALAMANCE,02,COBLE,3636,309,0.0,3945.0,431,16,1975,1213,1,13,174,11,9,69,0,219,3450,58,2800,1087,1901,1774,270,403,523,510,698,730,590,491,0,0,0.0,0.0
ALAMANCE,035,BOONE 5,4089,597,0.0,4686.0,1194,24,1333,1536,2,63,590,7,38,178,0,433,3377,215,3145,1326,2187,1770,729,1184,846,601,521,589,431,514,0,0,0.0,0.0
ALAMANCE,03C,CENTRAL BOONE,2214,214,0.0,2428.0,528,12,870,804,0,45,187,3,8,103,0,141,1941,83,1740,605,1192,1107,129,225,305,318,309,412,437,422,0,0,0.0,0.0
ALAMANCE,03N,NORTH BOONE,2978,702,0.0,3680.0,901,16,965,1096,0,68,276,1,38,95,2,265,2935,112,2698,870,1718,1363,599,1040,746,279,304,444,439,428,0,0,0.0,0.0
ALAMANCE,03N2,NORTH BOONE 2,721,29,0.0,750.0,257,1,179,284,0,3,6,0,0,5,0,35,701,3,493,254,450,261,39,12,5,9,5,18,62,639,0,0,0.0,0.0
ALAMANCE,03SE,SOUTH BOONE E,3423,740,0.0,4163.0,1092,11,1009,1308,3,93,1088,10,25,222,0,296,2429,196,2591,1376,2164,1693,306,348,911,691,510,620,564,519,0,0,0.0,0.0
ALAMANCE,03SM,SOUTH BOONE M,3562,577,0.0,4139.0,1007,16,1029,1510,0,120,883,9,20,263,0,344,2500,202,2373,1564,2074,1674,391,386,709,733,725,634,488,464,0,0,0.0,0.0
ALAMANCE,03W,WEST BOONE,2832,341,0.0,3173.0,703,13,1027,1088,1,27,391,16,12,103,0,229,2395,107,2152,914,1623,1323,227,301,454,482,470,537,508,421,0,0,0.0,0.0
ALAMANCE,04,MORTON,3828,344,0.0,4172.0,631,14,2013,1168,2,11,403,10,7,75,1,236,3429,85,2955,1132,2053,1848,271,401,540,640,565,785,723,518,0,0,0.0,0.0
ALAMANCE,05,FAUCETTE,2531,212,0.0,2743.0,353,12,1361,805,0,3,145,3,4,54,0,165,2369,45,1970,728,1324,1238,181,255,363,376,424,505,470,350,0,0,0.0,0.0
ALAMANCE,063,GRAHAM 3,2177,486,0.0,2663.0,946,4,444,780,3,16,903,14,22,392,0,389,927,570,1285,808,1305,1079,279,432,505,369,306,405,370,276,0,0,0.0,0.0
ALAMANCE,064,GRAHAM 4,4623,503,0.0,5126.0,1244,20,1620,1739,0,89,889,15,22,359,1,440,3311,397,3161,1568,2579,2147,400,512,772,708,700,878,819,737,0,0,0.0,0.0
ALAMANCE,06E,EAST GRAHAM,2025,406,0.0,2431.0,696,11,562,756,0,19,675,10,18,159,0,223,1327,208,1426,797,1256,975,200,237,472,408,302,357,376,279,0,0,0.0,0.0
ALAMANCE,06N,NORTH GRAHAM,2015,497,0.0,2512.0,872,15,400,728,0,22,923,2,17,288,1,334,925,383,1269,860,1325,930,257,313,496,403,324,397,371,208,0,0,0.0,0.0
ALAMANCE,06S,SOUTH GRAHAM,3373,483,0.0,3856.0,1038,15,1064,1256,0,60,1030,8,13,188,2,306,2249,199,2312,1345,1978,1547,331,346,771,652,527,628,506,426,0,0,0.0,0.0
ALAMANCE,06W,WEST GRAHAM,942,222,0.0,1164.0,315,4,247,376,0,16,323,2,9,127,0,128,559,145,658,361,580,469,115,121,221,188,159,189,165,121,0,0,0.0,0.0
ALAMANCE,07,ALBRIGHT,3046,279,0.0,3325.0,454,12,1551,1028,1,17,151,6,11,97,0,215,2828,98,2354,873,1633,1470,222,323,450,439,521,653,542,397,0,0,0.0,0.0
ALAMANCE,08N,NORTH NEWLIN,2792,296,0.0,3088.0,637,22,1104,1029,0,19,216,4,10,168,0,262,2409,213,1945,930,1455,1384,249,322,442,489,461,555,499,320,0,0,0.0,0.0
ALAMANCE,08S,SOUTH NEWLIN,1445,181,0.0,1626.0,276,4,676,489,0,13,95,3,6,48,0,126,1335,53,1099,474,792,716,118,163,230,233,223,320,287,170,0,0,0.0,0.0
ALAMANCE,09N,NORTH THOMPSON,2401,313,0.0,2714.0,751,9,765,875,1,55,579,3,13,110,0,221,1733,130,1679,905,1348,1139,227,223,402,438,404,479,425,343,0,0,0.0,0.0
ALAMANCE,09S,SOUTH THOMPSON,4592,542,0.0,5134.0,1190,28,1653,1720,1,84,570,13,18,283,2,430,3734,329,3184,1621,2442,2267,425,503,730,838,787,943,827,506,0,0,0.0,0.0
ALAMANCE,103,MELVILLE 3,4484,408,0.0,4892.0,1252,25,1407,1798,2,91,957,13,19,354,1,413,3044,360,2780,1752,2406,2027,459,499,816,876,783,788,671,459,0,0,0.0,0.0
ALAMANCE,104,MELVILLE 4,1954,344,0.0,2298.0,722,6,423,803,0,48,598,9,13,128,0,218,1284,105,1356,837,1165,908,225,212,404,435,373,385,277,212,0,0,0.0,0.0
ALAMANCE,10N,NORTH MELVILLE,3322,336,0.0,3658.0,866,15,1154,1285,2,29,494,7,17,137,1,299,2674,128,2374,1156,1818,1517,323,330,551,493,518,701,557,508,0,0,0.0,0.0
ALAMANCE,10S1,SOUTH MELVILLE,5441,940,0.0,6381.0,1918,27,1345,2147,4,84,1747,13,38,313,1,565,3620,304,3770,2307,3275,2518,588,679,1178,1123,1006,1008,760,627,0,0,0.0,0.0
ALAMANCE,11,PLEASANT GROVE,3324,430,0.0,3754.0,1174,13,1079,1054,4,16,1212,7,23,156,0,303,2037,176,2374,1204,1857,1608,289,380,547,544,578,732,556,417,0,0,0.0,0.0
ALAMANCE,1210,BURLINGTON 10,1537,394,0.0,1931.0,526,6,430,574,1,16,640,4,17,125,0,166,963,156,1148,627,1024,749,158,189,426,342,231,271,270,202,0,0,0.0,0.0
ALAMANCE,124,BURLINGTON 4,1570,235,0.0,1805.0,503,9,460,596,2,13,315,4,12,99,1,152,1209,117,1172,516,905,751,149,168,298,272,224,284,321,238,0,0,0.0,0.0
ALAMANCE,125,BURLINGTON 5,1757,201,0.0,1958.0,478,7,618,653,1,23,266,1,19,111,0,165,1373,132,1271,555,1028,795,135,130,236,266,195,317,355,459,0,0,0.0,0.0
ALAMANCE,126,BURLINGTON 6,1676,110,0.0,1786.0,404,4,642,626,0,12,93,0,2,46,0,105,1528,47,1306,433,930,755,101,125,176,201,207,240,320,517,0,0,0.0,0.0
ALAMANCE,127,BURLINGTON 7,3666,750,0.0,4416.0,1807,19,610,1229,1,20,2128,12,35,441,2,487,1291,529,2369,1518,2231,1794,391,591,808,744,615,742,558,358,0,0,0.0,0.0
ALAMANCE,128,BURLINGTON 8,1563,473,0.0,2036.0,674,8,259,618,4,17,859,7,18,169,1,258,707,217,1041,778,1045,778,213,238,408,338,264,280,293,215,0,0,0.0,0.0
ALAMANCE,129,BURLINGTON 9,1629,166,0.0,1795.0,374,12,676,567,0,18,242,2,6,83,3,147,1294,92,1171,532,930,732,133,147,247,244,222,301,308,326,0,0,0.0,0.0
ALAMANCE,12E,EAST BURLINGTON,1302,348,0.0,1650.0,560,4,244,493,1,19,573,6,11,216,0,247,578,295,807,548,782,678,190,228,336,247,201,267,227,144,0,0,0.0,0.0
ALAMANCE,12N,NORTH BURLINGTON,2765,663,0.0,3428.0,1618,10,280,856,1,12,1908,9,25,369,1,416,688,510,1723,1195,1828,1305,295,427,619,506,438,491,490,457,0,0,0.0,0.0
ALAMANCE,12S,SOUTH BURLINGTON,987,292,0.0,1279.0,393,2,194,398,0,8,438,2,12,187,0,192,440,255,603,421,641,501,137,217,250,215,159,209,143,86,0,0,0.0,0.0
ALAMANCE,12W,WEST BURLINGTON,1709,281,0.0,1990.0,596,8,449,655,1,11,278,6,15,82,0,187,1411,96,1286,608,1003,819,168,154,312,282,257,357,351,277,0,0,0.0,0.0
ALAMANCE,13,HAW RIVER,3369,596,0.0,3965.0,1307,11,902,1148,1,28,1204,6,20,316,0,445,1946,434,2250,1281,1942,1638,385,447,711,594,510,727,545,431,0,0,0.0,0.0
ALEXANDER,B1,BETHLEHEM #1,2779,253,0.0,3032.0,306,12,1483,978,0,35,44,6,5,53,0,207,2682,58,2355,619,1442,1329,261,240,396,397,432,566,542,459,0,0,0.0,0.0
ALEXANDER,B2,BETHLEHEM #2,3320,292,0.0,3612.0,368,13,1731,1206,2,32,60,3,3,51,1,270,3192,60,2821,731,1714,1583,315,323,464,496,528,661,631,509,0,0,0.0,0.0
ALEXANDER,E,ELLENDALE,2230,169,0.0,2399.0,350,11,1121,748,0,12,70,2,3,18,0,160,2134,22,1980,397,1175,1059,165,204,303,336,348,475,405,328,0,0,0.0,0.0
ALEXANDER,G1G2,GWALTNEY #1 #2,1482,117,0.0,1599.0,216,2,778,486,0,1,37,3,3,21,0,81,1453,28,1319,252,746,774,79,162,216,213,234,273,277,224,0,0,0.0,0.0
ALEXANDER,LRSL,LITTLE RIVER AND SUGAR LOAF,1731,131,0.0,1862.0,213,5,945,568,0,4,38,0,2,19,0,93,1706,21,1579,262,870,887,105,181,246,234,286,355,325,235,0,0,0.0,0.0
ALEXANDER,M,MILLERS,1628,209,0.0,1837.0,243,7,799,579,0,17,105,2,1,75,0,128,1509,87,1417,333,885,824,128,213,264,255,301,339,257,208,0,0,0.0,0.0
ALEXANDER,S1S2,SHARPES #1 #2,2498,312,0.0,2810.0,360,14,1216,907,1,8,96,4,7,82,0,202,2411,102,2259,449,1316,1295,199,287,457,362,391,511,437,365,0,0,0.0,0.0
ALEXANDER,T1T4T5,TAYLORSVILLE #1 #4 #5,3571,377,0.0,3948.0,505,17,1760,1289,0,29,244,2,5,87,0,266,3315,100,3156,692,1915,1776,257,370,605,580,570,677,626,520,0,0,0.0,0.0
ALEXANDER,T2T3,TAYLORSVILLE #2 #3,2507,302,0.0,2809.0,467,12,1121,907,0,16,225,6,7,85,0,194,2276,97,2205,507,1409,1197,203,266,453,367,378,510,438,397,0,0,0.0,0.0
ALEXANDER,W,WITTENBURG,1707,128,0.0,1835.0,173,3,951,579,1,14,19,4,1,26,0,114,1657,38,1458,339,870,839,126,162,234,210,264,358,328,279,0,0,0.0,0.0
ALLEGHANY,01,CHERRY LANE,1241,131,0.0,1372.0,184,3,579,475,0,0,9,4,2,18,0,101,1238,22,892,458,636,629,107,80,157,117,147,275,301,295,0,0,0.0,0.0
ALLEGHANY,03A,GAP CIVIL,3311,396,0.0,3707.0,663,10,1424,1214,0,3,61,3,7,118,0,343,3172,155,2362,1190,1796,1606,305,285,473,387,457,618,777,710,0,0,0.0,0.0
ALLEGHANY,04,GLADE CREEK,1295,163,0.0,1458.0,197,3,615,480,0,1,5,3,2,33,0,122,1292,55,1001,402,674,681,103,119,176,150,195,260,301,257,0,0,0.0,0.0
ALLEGHANY,06A,PRATHERS CREEK,1542,137,0.0,1679.0,275,8,734,523,2,4,4,2,1,33,0,149,1486,43,1146,490,773,762,144,110,162,177,224,324,370,312,0,0,0.0,0.0
ANSON,ANS,ANSONVILLE,914,117,0.0,1031.0,382,1,251,280,0,5,294,2,1,12,0,157,560,9,684,338,475,393,163,91,116,118,164,173,206,163,0,0,0.0,0.0
ANSON,BURN,BURNSVILLE,1267,150,0.0,1417.0,280,7,533,446,1,9,172,6,0,20,0,208,1002,15,968,434,621,565,231,130,240,172,203,280,212,180,0,0,0.0,0.0
ANSON,GULL,GULLEDGE,893,151,0.0,1044.0,439,1,179,273,1,14,435,3,4,25,0,178,385,20,652,372,463,396,185,93,141,138,154,209,166,143,0,0,0.0,0.0
ANSON,LILE,LILESVILLE,1939,290,0.0,2229.0,1053,3,351,531,1,5,979,6,7,18,0,386,828,15,1394,820,1004,833,392,193,335,306,300,385,416,294,0,0,0.0,0.0
ANSON,MM,MORVEN/MCFARLAN,974,193,0.0,1167.0,640,7,103,224,0,7,679,1,0,33,0,192,255,24,695,448,556,434,177,111,198,158,154,213,195,138,0,0,0.0,0.0
ANSON,PEAC,PEACHLAND,1173,145,0.0,1318.0,270,7,468,428,0,10,155,1,2,31,0,211,908,29,855,434,584,510,224,125,202,185,179,242,221,164,0,0,0.0,0.0
ANSON,POLK,POLKTON,773,164,0.0,937.0,303,2,212,256,0,4,260,1,1,36,0,160,475,31,580,326,415,346,176,101,137,148,131,154,142,124,0,0,0.0,0.0
ANSON,WADES,WADESBORO,5053,1439,0.0,6492.0,2631,13,809,1598,2,37,3055,10,8,100,2,1126,2154,67,4056,2369,3001,2334,1157,546,1067,980,923,1077,985,914,0,0,0.0,0.0
ANSON,WS,WHITE STORE,303,45,0.0,348.0,100,1,114,88,0,4,91,1,2,7,0,54,189,12,221,115,146,146,56,34,52,38,53,68,58,45,0,0,0.0,0.0
ASHE,02,CLIFTON,1135,130,0.0,1265.0,149,5,591,390,0,1,1,4,0,15,0,71,1173,24,1027,214,625,579,61,113,129,141,184,226,242,230,0,0,0.0,0.0
ASHE,03,CRESTON,443,45,0.0,488.0,41,2,255,144,1,0,2,0,1,6,0,27,452,5,403,80,236,230,22,38,65,46,71,74,99,95,0,0,0.0,0.0
ASHE,04,ELK,468,40,0.0,508.0,83,1,185,199,0,0,2,0,1,7,0,45,453,8,365,135,245,220,43,33,59,59,67,92,114,84,0,0,0.0,0.0
ASHE,06,HELTON,435,58,0.0,493.0,55,3,214,163,0,2,1,1,0,1,0,26,462,1,408,84,239,228,26,39,38,48,72,85,125,86,0,0,0.0,0.0
ASHE,07,HORSE CREEK,328,41,0.0,369.0,64,0,162,102,0,1,0,1,0,3,0,32,332,1,291,77,166,170,33,31,46,40,45,68,88,51,0,0,0.0,0.0
ASHE,08,HURRICANE,190,19,0.0,209.0,32,0,90,68,0,0,2,0,0,1,0,21,185,0,161,48,92,98,19,14,17,29,26,32,50,41,0,0,0.0,0.0
ASHE,09,JEFFERSON,3176,400,0.0,3576.0,532,11,1401,1232,0,16,41,7,4,68,0,239,3201,102,2834,640,1803,1560,213,298,496,395,494,566,656,671,0,0,0.0,0.0
ASHE,10,LAUREL,212,30,0.0,242.0,25,1,115,71,0,1,0,1,0,2,0,23,215,2,195,45,117,105,20,23,33,23,27,46,47,43,0,0,0.0,0.0
ASHE,11,NEW RIVER,1857,194,0.0,2051.0,296,6,824,730,1,1,12,2,0,36,0,147,1853,51,1616,384,972,951,128,175,230,226,283,349,468,320,0,0,0.0,0.0
ASHE,12,NORTH FORK,558,73,0.0,631.0,96,2,306,154,0,1,2,0,0,5,0,34,589,8,488,135,311,286,34,36,57,78,70,127,141,122,0,0,0.0,0.0
ASHE,13,0BIDS,1105,112,0.0,1217.0,146,3,549,407,0,5,6,0,0,17,1,91,1097,18,951,248,562,571,84,83,156,147,150,228,238,215,0,0,0.0,0.0
ASHE,14,OLD FIELDS,2141,221,0.0,2362.0,368,9,990,774,0,7,10,1,1,28,0,124,2191,29,1880,453,1179,1053,130,157,241,236,289,400,516,523,0,0,0.0,0.0
ASHE,15,PEAK CREEK,847,103,0.0,950.0,104,3,429,311,0,4,2,1,2,5,0,58,878,14,748,188,449,436,65,57,103,126,119,188,205,152,0,0,0.0,0.0
ASHE,16,PINE SWAMP,2041,237,0.0,2278.0,326,9,980,725,1,6,13,0,4,26,1,169,2059,34,1691,553,1098,1006,174,161,280,264,335,423,463,352,0,0,0.0,0.0
ASHE,17,PINEY CREEK,699,97,0.0,796.0,88,1,380,230,0,1,4,1,0,4,0,56,730,3,670,123,398,346,52,66,89,98,126,148,140,129,0,0,0.0,0.0
ASHE,18,POND MOUNTAIN,135,22,0.0,157.0,18,1,76,40,0,0,3,0,0,1,0,10,143,0,128,29,76,72,9,10,16,20,19,26,27,39,0,0,0.0,0.0
ASHE,20,WEST JEFFERSON,2729,403,0.0,3132.0,469,19,1214,1026,1,11,17,8,4,62,0,195,2835,68,2493,571,1562,1369,201,245,380,418,423,494,587,585,0,0,0.0,0.0
AVERY,01,ALTAMONT,841,112,0.0,953.0,59,5,470,307,0,2,7,2,0,16,0,46,880,9,691,253,474,439,40,89,124,116,158,147,173,146,0,0,0.0,0.0
AVERY,02,BANNER ELK,2004,432,0.0,2436.0,269,8,928,796,3,13,19,3,2,44,0,192,2163,34,1537,865,1166,1081,189,188,328,243,323,416,490,448,0,0,0.0,0.0
AVERY,03,BEECH MOUNTAIN,401,60,0.0,461.0,20,1,260,120,0,1,0,0,0,4,0,40,416,0,325,136,204,220,37,30,57,62,77,81,81,73,0,0,0.0,0.0
AVERY,04,CAREYS FLAT,93,11,0.0,104.0,7,1,56,29,0,0,0,0,0,0,0,9,95,1,62,41,47,50,7,9,9,8,15,25,25,13,0,0,0.0,0.0
AVERY,05,CRANBERRY,287,46,0.0,333.0,20,2,181,84,0,1,1,0,0,8,0,28,295,7,232,94,150,156,27,28,50,31,62,64,44,54,0,0,0.0,0.0
AVERY,06,ELK PARK,653,146,0.0,799.0,43,10,410,190,0,0,0,1,0,13,0,64,721,9,542,248,379,354,66,67,117,127,138,114,132,104,0,0,0.0,0.0
AVERY,07,FRANK,204,25,0.0,229.0,4,1,157,42,0,1,3,0,0,0,0,22,203,0,162,67,105,103,21,26,27,39,27,43,26,41,0,0,0.0,0.0
AVERY,08,HEATON,289,42,0.0,331.0,12,1,206,70,0,2,0,2,1,2,0,17,307,2,244,85,156,157,18,25,34,36,66,59,68,43,0,0,0.0,0.0
AVERY,09,HUGHES,290,26,0.0,316.0,19,1,190,80,0,0,3,0,1,1,0,23,288,4,229,83,161,143,12,24,51,42,49,53,43,54,0,0,0.0,0.0
AVERY,10,INGALLS,691,97,0.0,788.0,40,3,438,210,0,0,3,0,0,12,0,98,675,12,500,276,371,321,96,66,97,102,102,154,150,117,0,0,0.0,0.0
AVERY,11,LINVILLE,457,67,0.0,524.0,60,1,230,166,0,2,0,0,3,6,0,42,471,4,338,182,254,233,37,32,48,54,52,91,128,119,0,0,0.0,0.0
AVERY,12,MINNEAPOLIS,214,37,0.0,251.0,9,0,144,60,1,0,2,0,0,0,0,14,235,0,194,57,116,125,10,11,19,44,35,47,44,51,0,0,0.0,0.0
AVERY,13,MONTEZUMA,472,70,0.0,542.0,54,1,275,142,0,2,1,1,1,7,0,25,505,4,383,155,266,248,28,42,67,54,71,96,112,100,0,0,0.0,0.0
AVERY,14,NEWLAND # 1,782,120,0.0,902.0,58,1,470,253,0,2,3,2,2,15,0,70,808,16,599,287,449,400,53,80,112,100,106,158,167,179,0,0,0.0,0.0
AVERY,15,NEWLAND # 2,660,111,0.0,771.0,60,1,422,177,0,3,3,3,3,14,0,55,690,16,517,238,393,321,57,63,102,97,91,135,151,132,0,0,0.0,0.0
AVERY,16,PINEOLA,1336,219,0.0,1555.0,157,8,682,488,1,2,6,1,1,25,0,100,1420,25,970,560,792,680,83,72,112,133,131,231,414,462,0,0,0.0,0.0
AVERY,17,PLUMTREE,485,75,0.0,560.0,19,3,331,132,0,0,4,0,0,2,0,48,506,1,372,187,262,255,43,64,92,64,71,91,101,77,0,0,0.0,0.0
AVERY,18,PYATTE,308,38,0.0,346.0,12,2,195,99,0,0,0,1,0,4,0,39,302,6,230,110,153,162,31,32,46,59,47,56,64,42,0,0,0.0,0.0
AVERY,19,ROARING CREEK,231,39,0.0,270.0,11,1,164,55,0,0,1,1,0,0,0,25,243,0,197,73,129,119,22,21,49,32,43,32,51,42,0,0,0.0,0.0
BEAUFORT,AUROR,AURORA,910,107,0.0,1017.0,351,2,276,280,1,0,351,4,1,15,0,97,549,10,664,343,501,407,109,74,95,103,106,201,244,194,0,0,0.0,0.0
BEAUFORT,BEADM,BEAVER DAM,1638,132,0.0,1770.0,216,3,867,552,0,5,114,1,1,41,1,111,1496,48,1315,407,892,763,115,170,227,211,289,317,311,245,0,0,0.0,0.0
BEAUFORT,BELHV,BELHAVEN,1293,175,0.0,1468.0,425,4,511,352,1,3,451,0,3,30,0,113,868,28,1063,377,727,621,120,114,140,148,167,260,344,295,0,0,0.0,0.0
BEAUFORT,BLCK,BLOUNTS CREEK,825,67,0.0,892.0,223,4,364,234,0,1,178,1,3,14,0,63,632,8,647,237,417,402,73,54,74,68,121,192,222,161,0,0,0.0,0.0
BEAUFORT,CHOCO,CHOCOWINITY,3444,526,0.0,3970.0,814,13,1433,1184,0,2,774,3,7,130,0,420,2634,128,2642,1200,1945,1618,407,448,570,534,596,649,666,507,0,0,0.0,0.0
BEAUFORT,EDWAR,EDWARD,857,95,0.0,952.0,256,3,345,253,0,3,246,2,0,10,0,78,613,9,651,292,452,407,93,76,93,103,107,184,223,166,0,0,0.0,0.0
BEAUFORT,GILEA,GILEAD,2059,177,0.0,2236.0,335,4,944,776,0,6,146,5,0,32,0,140,1907,8,1727,501,1082,989,165,111,148,140,190,378,602,667,0,0,0.0,0.0
BEAUFORT,HB,HUNTERS BRIDGE,710,83,0.0,793.0,99,2,371,238,0,0,54,1,0,11,0,29,698,10,630,153,397,367,29,82,102,113,117,141,138,100,0,0,0.0,0.0
BEAUFORT,NCRK,NORTH CREEK,1348,91,0.0,1439.0,224,3,706,415,0,3,94,2,1,19,0,89,1231,9,1084,346,676,652,111,94,117,130,157,272,394,275,0,0,0.0,0.0
BEAUFORT,OLDF,OLD FORD,1456,158,0.0,1614.0,481,8,525,441,1,4,463,2,3,59,0,120,963,54,1172,388,772,699,143,137,260,236,236,261,261,223,0,0,0.0,0.0
BEAUFORT,PANTE,PANTEGO,939,119,0.0,1058.0,263,1,424,251,0,1,253,0,1,33,0,75,695,36,800,222,525,454,79,112,135,133,125,165,189,199,0,0,0.0,0.0
BEAUFORT,PINET,PINETOWN,781,63,0.0,844.0,101,1,424,254,1,1,31,0,2,10,0,34,766,15,653,176,413,385,46,86,101,104,123,143,154,133,0,0,0.0,0.0
BEAUFORT,PSJW3,P S JONES-WASH W3,1199,229,0.0,1428.0,623,2,204,368,2,3,768,3,4,45,0,157,448,32,893,503,775,500,153,136,192,216,180,214,237,253,0,0,0.0,0.0
BEAUFORT,RVRD,RIVER ROAD,1843,211,0.0,2054.0,424,8,747,664,0,4,300,1,5,82,1,156,1505,91,1471,492,1020,876,158,206,261,243,257,317,410,360,0,0,0.0,0.0
BEAUFORT,SURBA,SURRY-BATH,1837,161,0.0,1998.0,230,5,884,716,2,4,52,2,3,28,1,88,1820,25,1576,397,984,905,109,146,221,249,254,337,406,385,0,0,0.0,0.0
BEAUFORT,TCRK,TRANTERS CREEK,2169,223,0.0,2392.0,466,5,959,739,0,9,340,2,3,80,0,184,1774,82,1751,559,1165,1036,191,254,305,283,353,421,414,362,0,0,0.0,0.0
BEAUFORT,WASH1,WASHINGTON WARD 1,1334,206,0.0,1540.0,522,6,321,485,0,1,520,3,4,34,0,158,820,30,1037,473,776,604,160,121,209,184,194,271,334,227,0,0,0.0,0.0
BEAUFORT,WASH2,WASHINGTON WARD 2,1204,316,0.0,1520.0,573,2,231,397,1,2,691,0,3,37,0,161,626,31,1027,462,794,560,166,123,253,198,162,268,270,246,0,0,0.0,0.0
BEAUFORT,WASH4,WASHINGTON WARD 4,1916,218,0.0,2134.0,555,10,671,679,1,7,399,1,5,77,0,169,1476,78,1544,512,1105,844,185,200,242,237,265,331,391,468,0,0,0.0,0.0
BEAUFORT,WASHP,WASHINGTON PARK,1087,108,0.0,1195.0,253,4,413,417,0,0,175,1,2,39,0,69,909,36,919,240,611,512,72,114,123,145,158,192,228,235,0,0,0.0,0.0
BEAUFORT,WDPD,WOODARDS POND,1453,125,0.0,1578.0,196,5,710,542,0,2,78,4,2,44,0,114,1334,43,1165,370,750,701,127,150,177,198,227,245,311,270,0,0,0.0,0.0
BERTIE,C1,COLERAIN 1,735,112,0.0,847.0,320,2,169,244,0,0,311,1,1,8,0,71,455,7,553,287,420,348,79,61,111,103,99,169,167,137,0,0,0.0,0.0
BERTIE,C2,COLERAIN 2,1066,174,0.0,1240.0,703,0,95,268,0,1,787,0,1,4,0,115,332,2,835,403,648,472,120,75,158,161,154,223,247,222,0,0,0.0,0.0
BERTIE,IW,INDIAN WOODS,286,41,0.0,327.0,210,1,18,57,0,1,266,0,2,1,0,30,27,1,241,85,164,130,33,39,29,38,31,63,76,51,0,0,0.0,0.0
BERTIE,M1,MITCHELLS 1,614,96,0.0,710.0,295,0,129,190,0,1,317,0,1,3,0,64,324,2,466,242,367,280,63,54,89,113,105,123,139,87,0,0,0.0,0.0
BERTIE,M2,MITCHELLS 2,648,120,0.0,768.0,347,6,107,188,0,0,417,1,0,12,0,83,255,10,462,296,388,308,72,71,95,95,112,116,168,111,0,0,0.0,0.0
BERTIE,MH,MERRY HILL,707,94,0.0,801.0,336,4,155,210,2,1,368,1,0,3,0,55,373,0,551,250,379,356,66,60,95,68,93,137,190,158,0,0,0.0,0.0
BERTIE,RX,ROXOBEL,918,173,0.0,1091.0,574,2,79,263,0,1,730,1,2,5,0,114,238,3,670,418,526,452,113,104,157,117,167,184,209,153,0,0,0.0,0.0
BERTIE,SN,SNAKEBITE,699,106,0.0,805.0,473,3,57,166,0,3,566,2,2,8,0,86,138,5,541,259,397,325,83,71,116,100,116,140,168,94,0,0,0.0,0.0
BERTIE,W1,WINDSOR 1,3169,442,0.0,3611.0,1825,13,377,954,0,18,1995,6,5,19,0,400,1168,16,2492,1103,1815,1406,390,340,488,447,452,606,718,560,0,0,0.0,0.0
BERTIE,W2,WINDSOR 2,610,43,0.0,653.0,171,0,159,280,0,2,9,2,0,1,0,39,600,3,501,149,340,273,40,62,79,79,99,97,119,118,0,0,0.0,0.0
BERTIE,WD,WOODVILLE,663,120,0.0,783.0,464,0,39,160,0,0,596,1,1,8,0,96,81,7,475,301,388,306,89,71,94,121,100,145,145,107,0,0,0.0,0.0
BERTIE,WH,WHITES,926,103,0.0,1029.0,369,3,226,328,0,1,312,2,1,9,0,88,616,2,686,341,500,425,104,66,103,133,126,173,239,189,0,0,0.0,0.0
BLADEN,P10,ABBOTTS,568,93,0.0,661.0,157,1,170,240,0,0,165,6,3,15,0,50,422,12,451,198,346,278,37,78,91,87,98,105,118,84,0,0,0.0,0.0
BLADEN,P15,BETHEL,2454,384,0.0,2838.0,574,1,781,1098,0,5,518,27,11,126,0,242,1909,157,1808,873,1388,1256,194,326,486,397,390,462,405,372,0,0,0.0,0.0
BLADEN,P201,BLADENBORO #1,1290,161,0.0,1451.0,277,5,437,570,1,1,175,11,5,18,0,99,1142,13,1045,393,764,601,86,118,189,161,213,260,241,269,0,0,0.0,0.0
BLADEN,P202,BLADENBORO #2,2093,315,0.0,2408.0,530,8,640,914,1,0,493,45,11,61,0,202,1596,65,1556,787,1214,1019,175,273,349,331,366,375,405,309,0,0,0.0,0.0
BLADEN,P25,BROWN MARSH,893,152,0.0,1045.0,379,3,185,326,0,1,422,10,4,11,0,102,495,12,665,368,535,421,89,109,122,126,159,163,226,140,0,0,0.0,0.0
BLADEN,P30,CARVERS CREEK,1088,155,0.0,1243.0,685,0,142,261,0,1,745,141,8,11,3,129,205,12,815,416,640,490,113,93,162,152,176,200,239,221,0,0,0.0,0.0
BLADEN,P35,CENTRAL,568,98,0.0,666.0,244,3,111,209,1,0,272,5,3,32,0,78,276,35,388,243,317,282,67,85,100,86,93,113,113,76,0,0,0.0,0.0
BLADEN,P40,COLLY,1500,229,0.0,1729.0,327,7,576,590,0,0,278,14,6,33,0,124,1274,34,1076,619,859,743,127,135,202,188,253,313,367,271,0,0,0.0,0.0
BLADEN,P45,CYPRESS CREEK,457,65,0.0,522.0,134,2,174,147,0,0,85,6,2,30,1,47,351,39,315,168,253,226,43,59,95,63,82,78,80,65,0,0,0.0,0.0
BLADEN,P501,ELIZABETHTOWN #1,2509,341,0.0,2850.0,1066,7,479,956,1,7,1186,17,12,60,1,307,1260,60,1786,1004,1420,1146,284,297,396,426,433,435,476,387,0,0,0.0,0.0
BLADEN,P502,ELIZABETHTOWN #2,1668,217,0.0,1885.0,739,3,318,607,1,6,810,17,6,27,1,233,785,37,1132,716,956,721,208,179,257,253,254,321,335,286,0,0,0.0,0.0
BLADEN,P55,FRENCHES CREEK,536,74,0.0,610.0,197,1,180,156,2,0,195,7,2,17,0,45,344,17,384,209,286,275,49,52,87,63,104,102,102,100,0,0,0.0,0.0
BLADEN,P60,HOLLOW,1375,159,0.0,1534.0,510,2,345,517,1,3,542,37,5,77,0,153,717,77,913,544,758,642,134,144,190,223,238,274,251,214,0,0,0.0,0.0
BLADEN,P65,LAKE CREEK,554,46,0.0,600.0,125,3,238,188,0,0,102,3,1,16,0,53,425,16,384,200,298,262,40,43,56,56,64,102,173,106,0,0,0.0,0.0
BLADEN,P70,TURNBULL,443,43,0.0,486.0,178,1,130,133,1,1,151,5,1,23,0,35,270,25,293,168,229,221,36,50,69,57,74,75,95,66,0,0,0.0,0.0
BLADEN,P75,WHITES CREEK,1014,130,0.0,1144.0,517,2,180,315,0,3,623,26,6,15,1,128,342,9,722,413,564,467,113,101,151,176,149,213,202,152,0,0,0.0,0.0
BLADEN,P80,WHITE OAK,1063,150,0.0,1213.0,294,4,318,446,1,0,291,20,1,58,0,140,703,72,678,463,565,531,117,140,182,156,182,205,187,161,0,0,0.0,0.0
BRUNSWICK,CB01,SUPPLY,2254,383,0.0,2637.0,471,17,939,827,0,5,431,13,5,66,0,200,1917,53,1378,1206,1272,1131,234,266,374,429,420,447,426,275,0,0,0.0,0.0
BRUNSWICK,CB02,SHALLOTTE,6541,1109,0.0,7650.0,1075,38,2847,2580,1,43,732,35,11,232,0,566,6031,201,4028,3421,3823,3212,615,676,970,948,1007,1282,1504,1263,0,0,0.0,0.0
BRUNSWICK,CB03,FRYING PAN,2706,333,0.0,3039.0,429,13,1222,1038,4,13,84,15,6,56,1,232,2632,57,1639,1343,1512,1280,247,203,273,305,335,518,730,675,0,0,0.0,0.0
BRUNSWICK,CB04,SECESSION 2,4065,676,0.0,4741.0,585,18,1943,1515,4,16,100,27,4,107,2,452,4033,93,2263,2385,2228,2022,491,276,431,421,523,1046,1158,886,0,0,0.0,0.0
BRUNSWICK,CB05,SECESSION 1,3590,535,0.0,4125.0,568,11,1639,1371,1,6,307,16,3,63,0,304,3426,49,2214,1862,2003,1784,338,245,435,329,432,771,980,933,0,0,0.0,0.0
BRUNSWICK,CB06,MOSQUITO 1,7247,692,0.0,7939.0,1122,33,3233,2855,4,29,331,26,9,158,0,473,6913,134,3861,3944,3965,3408,566,430,854,861,767,1385,2184,1458,0,0,0.0,0.0
BRUNSWICK,NB01,HOOD CREEK,2100,344,0.0,2444.0,642,8,733,717,0,5,525,25,11,91,0,243,1544,89,1315,1040,1195,977,272,224,437,375,347,393,366,302,0,0,0.0,0.0
BRUNSWICK,NB02,LELAND,8681,993,0.0,9674.0,2010,43,3091,3534,3,52,1153,38,22,313,1,788,7307,331,4891,4452,4692,4055,927,563,1283,1169,929,1704,2735,1291,0,0,0.0,0.0
BRUNSWICK,NB03,TOWN CREEK,5678,838,0.0,6516.0,1048,42,2367,2217,4,35,670,26,16,239,2,580,4948,228,3419,2869,3119,2711,686,562,1200,1234,1009,1095,856,560,0,0,0.0,0.0
BRUNSWICK,NB04,BELVILLE 2,6518,794,0.0,7312.0,1403,24,2309,2779,3,53,538,18,18,185,0,575,5925,179,4137,2996,3625,3051,636,411,672,780,858,1046,1658,1887,0,0,0.0,0.0
BRUNSWICK,NB05,WOODBURN,3341,713,0.0,4054.0,1028,24,943,1343,3,28,902,12,18,164,0,432,2498,185,2058,1811,1937,1617,500,359,875,748,580,566,528,398,0,0,0.0,0.0
BRUNSWICK,NB06,BRUNSWICK FOREST,6755,376,0.0,7131.0,1467,18,2358,2909,3,49,165,7,6,123,1,285,6495,90,3713,3328,3674,3068,389,186,479,304,324,1153,2687,1998,0,0,0.0,0.0
BRUNSWICK,NB07,BELVILLE 1,8797,1415,0.0,10212.0,1921,66,3107,3696,7,90,999,25,24,338,1,868,7867,289,5277,4646,4987,4139,1086,875,1936,1736,1476,1479,1477,1233,0,0,0.0,0.0
BRUNSWICK,SB01,BOLIVIA,2714,330,0.0,3044.0,630,16,1080,987,1,11,631,17,7,82,0,188,2108,67,1586,1391,1519,1302,223,219,509,445,416,547,533,375,0,0,0.0,0.0
BRUNSWICK,SB02,BOILING SPRING LAKES,5194,748,0.0,5942.0,673,35,2344,2140,2,27,180,22,15,120,0,428,5150,91,3364,2487,2860,2591,491,520,865,802,923,1083,1056,693,0,0,0.0,0.0
BRUNSWICK,SB03,MOSQUITO 2,8819,696,0.0,9515.0,1423,24,3720,3651,1,48,84,5,5,74,0,379,8920,56,5298,4161,4785,4302,428,185,344,234,278,1467,3674,3333,0,0,0.0,0.0
BRUNSWICK,SB04,SOUTHPORT 1,3531,480,0.0,4011.0,705,12,1441,1371,2,18,145,6,5,53,0,298,3486,35,2296,1680,2024,1669,318,226,280,311,358,753,1090,993,0,0,0.0,0.0
BRUNSWICK,SB05,SOUTHPORT 2,3280,452,0.0,3732.0,668,14,1337,1260,1,20,211,8,7,47,0,280,3159,34,2074,1624,1864,1548,320,239,307,327,418,718,912,811,0,0,0.0,0.0
BRUNSWICK,SB06,OAK ISLAND 3,3333,369,0.0,3702.0,520,14,1462,1337,0,12,16,8,1,32,1,360,3272,20,1988,1694,1711,1542,449,167,241,206,433,846,1065,744,0,0,0.0,0.0
BRUNSWICK,SB07,OAK ISLAND 2,3143,375,0.0,3518.0,512,21,1368,1241,1,8,18,7,1,32,1,360,3091,20,1785,1713,1648,1458,412,172,235,237,337,910,1030,597,0,0,0.0,0.0
BRUNSWICK,SB08,OAK ISLAND 1,2032,220,0.0,2252.0,340,6,871,815,0,11,7,3,2,20,0,172,2037,8,1290,954,1113,925,214,111,144,116,201,400,615,665,0,0,0.0,0.0
BRUNSWICK,WB01,WACCAMAW,1847,324,0.0,2171.0,270,7,920,650,0,1,125,11,3,90,0,222,1719,105,1258,808,1023,950,198,248,363,312,284,388,325,251,0,0,0.0,0.0
BRUNSWICK,WB02,HICKMANS CROSSROADS,7434,596,0.0,8030.0,1229,16,3518,2670,1,32,312,15,5,122,0,345,7199,96,4078,3856,4039,3559,432,207,387,419,455,1456,2742,2364,0,0,0.0,0.0
BRUNSWICK,WB03,LONGWOOD,1450,202,0.0,1652.0,345,4,567,534,0,1,459,4,3,29,0,131,1025,33,917,702,794,728,130,150,192,215,220,324,316,235,0,0,0.0,0.0
BRUNSWICK,WB04,SHINGLETREE 2,7462,1033,0.0,8495.0,1240,17,3458,2744,3,20,169,16,15,154,0,505,7616,138,4270,4087,4285,3650,560,311,554,533,660,1510,2592,2335,0,0,0.0,0.0
BRUNSWICK,WB05,SHINGLETREE 1,4939,456,0.0,5395.0,806,20,2176,1937,0,22,80,6,3,66,0,329,4889,50,2834,2511,2694,2311,390,154,243,219,317,982,1746,1734,0,0,0.0,0.0
BRUNSWICK,WB06,GRISSETTOWN,7454,778,0.0,8232.0,1086,18,3624,2725,1,25,143,23,11,149,0,552,7329,138,4245,3849,4015,3570,647,371,526,451,584,1559,2649,2092,0,0,0.0,0.0
BUNCOMBE,01.1,01.1,1858,514,0.0,2372.0,865,18,116,857,2,22,328,9,15,77,1,237,1683,62,1293,1017,1114,1029,229,92,521,476,270,282,356,375,0,0,0.0,0.0
BUNCOMBE,02.1,02.1,2798,602,0.0,3400.0,1400,11,87,1292,8,21,475,4,30,89,2,391,2388,62,1792,1546,1698,1343,359,317,719,736,545,449,348,286,0,0,0.0,0.0
BUNCOMBE,03.1,03.1,1946,442,0.0,2388.0,986,11,75,870,4,13,135,2,16,55,0,214,1953,51,1385,952,1161,1018,209,157,539,465,387,321,278,241,0,0,0.0,0.0
BUNCOMBE,04.1,04.1,1310,169,0.0,1479.0,641,6,82,581,0,14,39,2,8,25,0,119,1272,22,944,513,727,644,108,110,190,218,219,260,262,220,0,0,0.0,0.0
BUNCOMBE,05.1,05.1,2504,262,0.0,2766.0,1100,12,248,1142,2,21,20,2,15,53,1,152,2502,48,1772,946,1404,1229,133,274,279,313,424,451,504,521,0,0,0.0,0.0
BUNCOMBE,06.1,06.1,1299,187,0.0,1486.0,606,3,142,548,0,8,67,2,12,56,0,102,1239,44,957,485,801,591,94,85,174,290,215,191,244,287,0,0,0.0,0.0
BUNCOMBE,07.1,07.1,1731,272,0.0,2003.0,856,4,98,771,2,9,125,4,16,52,1,173,1623,43,1180,780,967,890,146,131,288,381,377,307,300,219,0,0,0.0,0.0
BUNCOMBE,08.2,08.2,2277,612,0.0,2889.0,1028,15,250,983,1,26,574,15,24,143,1,293,1813,151,1586,1152,1485,1128,276,241,694,566,391,353,341,303,0,0,0.0,0.0
BUNCOMBE,08.3,08.3,2342,444,0.0,2786.0,1019,20,315,985,3,20,515,6,17,106,0,261,1861,107,1599,1080,1391,1151,244,174,461,649,470,347,373,312,0,0,0.0,0.0
BUNCOMBE,09.1,09.1,3430,1056,0.0,4486.0,1418,22,381,1602,7,57,440,7,39,179,1,452,3311,155,2390,1941,2226,1807,453,307,1046,1119,684,509,470,351,0,0,0.0,0.0
BUNCOMBE,10.1,10.1,1442,243,0.0,1685.0,786,9,77,570,0,6,673,4,16,51,0,214,721,49,909,727,861,632,192,148,281,359,263,265,217,152,0,0,0.0,0.0
BUNCOMBE,11.1,11.1,2292,450,0.0,2742.0,797,27,154,1294,20,12,365,19,43,61,0,588,1654,58,1171,1513,993,1240,509,93,604,682,494,432,284,153,0,0,0.0,0.0
BUNCOMBE,12.1,12.1,2256,418,0.0,2674.0,1088,13,96,1053,6,23,95,6,16,75,0,246,2213,72,1529,1073,1295,1133,246,124,456,797,592,334,230,141,0,0,0.0,0.0
BUNCOMBE,13.1,13.1,2131,441,0.0,2572.0,978,16,120,1013,4,20,236,5,21,74,0,325,1891,77,1372,1123,1242,1024,306,163,592,697,469,317,188,146,0,0,0.0,0.0
BUNCOMBE,14.2,14.2,2190,508,0.0,2698.0,963,8,187,1029,3,21,318,2,19,106,2,263,1967,134,1486,1078,1331,1140,227,181,580,756,446,303,262,170,0,0,0.0,0.0
BUNCOMBE,14.3,14.3,1019,381,0.0,1400.0,385,10,133,488,3,13,143,3,13,69,2,138,1019,75,703,622,680,584,136,138,444,349,160,118,105,86,0,0,0.0,0.0
BUNCOMBE,15.1,15.1,2017,340,0.0,2357.0,983,10,141,880,3,15,33,1,13,56,0,213,2026,51,1402,904,1162,981,214,135,348,611,510,293,251,209,0,0,0.0,0.0
BUNCOMBE,16.2,16.2,2792,591,0.0,3383.0,1286,23,201,1276,6,43,198,6,33,140,2,320,2641,129,1864,1390,1654,1432,297,215,687,897,657,374,322,231,0,0,0.0,0.0
BUNCOMBE,17.1,17.1,1401,262,0.0,1663.0,642,6,95,654,4,13,39,3,5,37,0,156,1410,32,978,653,806,725,132,94,313,243,231,273,252,257,0,0,0.0,0.0
BUNCOMBE,18.2,18.2,4669,1047,0.0,5716.0,1509,27,890,2241,2,109,207,14,17,181,1,446,4741,129,3279,2308,2958,2298,460,430,901,739,662,753,745,1486,0,0,0.0,0.0
BUNCOMBE,19.1,19.1,1376,544,0.0,1920.0,516,15,218,625,2,31,213,3,9,98,0,187,1379,85,963,872,1009,715,196,119,554,291,172,156,222,406,0,0,0.0,0.0
BUNCOMBE,20.1,20.1,969,220,0.0,1189.0,426,5,70,466,2,13,100,2,10,35,0,112,917,35,702,452,590,507,92,55,226,256,175,146,194,137,0,0,0.0,0.0
BUNCOMBE,21.1,21.1,2426,443,0.0,2869.0,1014,12,334,1066,0,31,313,7,17,77,0,216,2208,55,1724,1090,1459,1201,209,170,362,496,441,364,540,496,0,0,0.0,0.0
BUNCOMBE,22.2,22.2,2198,228,0.0,2426.0,1015,6,232,942,3,7,25,1,10,40,1,153,2189,39,1497,890,1268,1024,134,139,174,305,318,320,533,637,0,0,0.0,0.0
BUNCOMBE,23.2,23.2,652,126,0.0,778.0,271,4,93,283,1,10,10,0,0,19,0,65,674,16,459,303,414,317,47,28,123,80,77,102,157,211,0,0,0.0,0.0
BUNCOMBE,23.3,23.3,811,58,0.0,869.0,341,1,112,356,1,2,13,0,2,12,0,48,792,11,554,304,452,379,38,63,70,137,142,128,171,158,0,0,0.0,0.0
BUNCOMBE,24.1,24.1,2279,492,0.0,2771.0,757,13,459,1048,2,15,131,4,12,136,2,222,2249,139,1646,986,1367,1174,230,190,485,656,446,357,318,319,0,0,0.0,0.0
BUNCOMBE,25.1,25.1,2118,465,0.0,2583.0,823,14,262,1013,6,16,166,5,16,71,0,244,2065,69,1462,1052,1215,1133,235,144,472,492,405,359,417,294,0,0,0.0,0.0
BUNCOMBE,26.1,26.1,1782,426,0.0,2208.0,735,17,175,850,5,15,117,5,12,91,0,211,1757,84,1192,932,1071,946,191,183,518,542,403,217,202,143,0,0,0.0,0.0
BUNCOMBE,27.2,27.2,758,94,0.0,852.0,306,2,77,373,0,5,6,0,4,14,0,52,771,11,556,285,399,401,52,48,68,97,89,153,235,162,0,0,0.0,0.0
BUNCOMBE,28.1,28.1,1867,528,0.0,2395.0,862,12,83,906,4,25,65,7,34,54,1,420,1789,72,1275,1048,1115,881,399,573,586,304,261,225,253,193,0,0,0.0,0.0
BUNCOMBE,29.2,29.2,2904,576,0.0,3480.0,1118,10,459,1313,4,36,227,10,9,120,1,265,2812,101,1983,1396,1897,1329,254,185,577,531,372,397,417,1001,0,0,0.0,0.0
BUNCOMBE,30.2,30.2,3040,780,0.0,3820.0,782,22,799,1435,2,57,194,6,10,150,1,307,3095,136,1980,1704,1869,1629,322,302,910,613,480,557,581,377,0,0,0.0,0.0
BUNCOMBE,30.3,30.3,3336,501,0.0,3837.0,851,24,906,1553,2,75,144,7,14,142,0,267,3188,105,2170,1562,1974,1591,272,312,571,577,568,558,597,654,0,0,0.0,0.0
BUNCOMBE,31.1,31.1,1225,107,0.0,1332.0,326,3,368,527,1,8,2,1,1,19,0,68,1233,14,927,391,651,619,62,126,123,112,142,255,260,314,0,0,0.0,0.0
BUNCOMBE,32.1,32.1,2031,283,0.0,2314.0,581,10,552,885,3,8,52,2,6,54,0,167,2025,65,1479,770,1132,1032,150,181,258,304,278,358,464,471,0,0,0.0,0.0
BUNCOMBE,33.2,33.2,1326,205,0.0,1531.0,439,8,294,584,1,9,34,1,3,37,0,78,1369,26,1005,500,764,675,92,119,168,232,195,250,282,285,0,0,0.0,0.0
BUNCOMBE,33.3,33.3,1801,292,0.0,2093.0,582,19,420,777,3,8,67,3,11,40,0,156,1808,40,1325,728,1100,836,157,145,273,350,291,317,382,335,0,0,0.0,0.0
BUNCOMBE,34.1,34.1,1063,169,0.0,1232.0,387,10,193,473,0,4,13,0,2,14,0,80,1119,17,785,430,644,515,73,84,116,172,160,201,276,223,0,0,0.0,0.0
BUNCOMBE,35.1,35.1,1702,200,0.0,1902.0,720,8,284,690,0,11,99,5,6,32,0,124,1625,30,1243,629,1034,745,123,88,171,225,196,229,333,660,0,0,0.0,0.0
BUNCOMBE,36.1,36.1,1822,354,0.0,2176.0,491,14,489,828,0,10,33,3,7,36,3,175,1909,47,1325,804,1066,964,146,187,287,351,321,271,411,348,0,0,0.0,0.0
BUNCOMBE,37.1,37.1,1404,211,0.0,1615.0,302,11,433,658,0,5,5,2,4,26,0,122,1451,22,988,605,743,761,111,127,171,238,233,272,364,210,0,0,0.0,0.0
BUNCOMBE,38.2,38.2,1850,219,0.0,2069.0,366,7,681,795,1,21,17,0,10,32,1,151,1837,29,1315,725,991,939,139,180,227,281,317,386,396,282,0,0,0.0,0.0
BUNCOMBE,38.3,38.3,3154,400,0.0,3554.0,720,20,1035,1378,1,36,79,7,5,96,0,263,3068,82,2224,1248,1761,1557,236,310,466,531,556,628,594,469,0,0,0.0,0.0
BUNCOMBE,39.2,39.2,1564,214,0.0,1778.0,413,11,411,728,1,2,27,2,5,52,0,145,1545,33,1122,623,866,779,133,124,230,318,313,267,300,226,0,0,0.0,0.0
BUNCOMBE,39.3,39.3,2629,354,0.0,2983.0,697,20,684,1225,3,11,34,4,8,63,0,195,2668,57,1849,1077,1449,1346,188,225,333,448,421,484,587,485,0,0,0.0,0.0
BUNCOMBE,40.2,40.2,3632,498,0.0,4130.0,836,21,1201,1573,1,7,45,4,5,95,1,272,3701,84,2343,1703,2050,1830,250,400,545,612,695,701,658,519,0,0,0.0,0.0
BUNCOMBE,41.1,41.1,3096,485,0.0,3581.0,697,15,1066,1313,5,11,41,7,16,126,0,264,3116,133,2013,1435,1750,1585,246,334,520,571,576,601,567,412,0,0,0.0,0.0
BUNCOMBE,42.1,42.1,1945,432,0.0,2377.0,601,14,441,883,6,17,144,4,16,185,4,303,1704,238,1234,905,1169,1001,207,253,408,425,319,363,345,264,0,0,0.0,0.0
BUNCOMBE,43.2,43.2,1533,352,0.0,1885.0,490,10,293,737,3,9,136,2,15,123,0,240,1360,136,1020,729,872,822,191,176,332,411,343,264,208,151,0,0,0.0,0.0
BUNCOMBE,44.1,44.1,5694,1059,0.0,6753.0,1664,26,1360,2639,5,83,208,7,25,248,0,537,5645,251,3817,2685,3403,2823,527,439,1273,1104,888,951,1097,1001,0,0,0.0,0.0
BUNCOMBE,45.1,45.1,4249,836,0.0,5085.0,1240,28,1078,1899,4,42,199,6,24,208,0,467,4139,209,2956,1920,2512,2130,443,434,917,1050,806,639,625,614,0,0,0.0,0.0
BUNCOMBE,46.1,46.1,1344,217,0.0,1561.0,438,4,310,591,1,12,27,3,4,41,0,121,1353,40,973,548,745,698,118,128,231,261,308,240,218,175,0,0,0.0,0.0
BUNCOMBE,47.1,47.1,3886,626,0.0,4512.0,796,31,1409,1648,2,17,56,7,6,107,0,377,3942,104,2784,1624,2147,1990,375,382,604,805,744,791,686,500,0,0,0.0,0.0
BUNCOMBE,48.1,48.1,3607,588,0.0,4195.0,889,19,1161,1535,3,25,100,7,12,159,4,347,3541,170,2518,1507,2058,1798,339,344,593,783,578,652,648,597,0,0,0.0,0.0
BUNCOMBE,49.1,49.1,3883,627,0.0,4510.0,811,28,1349,1692,3,17,79,13,12,141,0,384,3864,133,2807,1570,2178,1948,384,365,663,812,738,796,641,495,0,0,0.0,0.0
BUNCOMBE,50.1,50.1,1352,187,0.0,1539.0,371,10,420,550,1,6,7,2,4,30,1,126,1363,7,874,658,748,685,106,103,207,275,229,264,278,183,0,0,0.0,0.0
BUNCOMBE,51.2,51.2,1908,295,0.0,2203.0,468,12,596,828,4,1,18,4,6,23,0,178,1973,23,1244,936,1062,983,158,218,265,383,312,323,377,325,0,0,0.0,0.0
BUNCOMBE,52.1,52.1,3860,637,0.0,4497.0,772,21,1405,1659,3,20,53,11,16,124,0,374,3899,123,2610,1764,2181,1961,355,337,666,797,720,750,744,483,0,0,0.0,0.0
BUNCOMBE,53.1,53.1,2942,450,0.0,3392.0,607,16,1052,1266,1,9,49,6,15,76,0,268,2969,69,2031,1292,1640,1501,251,264,445,538,461,566,648,470,0,0,0.0,0.0
BUNCOMBE,54.2,54.2,4008,973,0.0,4981.0,1235,18,871,1877,7,68,575,13,28,322,1,488,3486,333,2596,2052,2502,2010,469,526,990,821,716,721,663,544,0,0,0.0,0.0
BUNCOMBE,55.1,55.1,2911,441,0.0,3352.0,743,13,802,1350,3,41,172,4,13,93,0,261,2768,73,2044,1235,1634,1463,255,252,422,605,547,544,549,433,0,0,0.0,0.0
BUNCOMBE,56.2,56.2,1859,301,0.0,2160.0,577,16,375,888,3,22,94,4,4,57,1,130,1848,48,1393,719,1069,965,126,138,273,438,325,315,373,298,0,0,0.0,0.0
BUNCOMBE,57.1,57.1,2810,363,0.0,3173.0,710,10,769,1320,1,30,97,2,10,104,0,235,2695,64,1991,1118,1498,1458,217,289,363,441,507,538,574,461,0,0,0.0,0.0
BUNCOMBE,58.1,58.1,2498,364,0.0,2862.0,768,12,563,1155,0,10,36,2,5,95,0,186,2528,78,1529,1255,1467,1202,193,210,446,420,332,421,510,523,0,0,0.0,0.0
BUNCOMBE,59.1,59.1,3799,432,0.0,4231.0,1228,22,858,1690,1,36,61,3,12,70,0,236,3813,57,2523,1651,2130,1865,236,249,484,587,570,601,891,849,0,0,0.0,0.0
BUNCOMBE,60.2,60.2,1140,334,0.0,1474.0,392,6,176,565,1,10,54,1,4,68,0,135,1202,54,811,609,730,598,146,127,337,241,185,191,215,178,0,0,0.0,0.0
BUNCOMBE,60.4,60.4,1648,210,0.0,1858.0,571,6,303,765,3,10,49,0,4,49,0,138,1608,49,1129,680,946,782,130,112,275,279,244,284,345,319,0,0,0.0,0.0
BUNCOMBE,61.1,61.1,2292,286,0.0,2578.0,754,11,519,1005,3,13,28,2,9,56,1,177,2292,29,1646,903,1288,1123,167,177,297,408,400,402,491,403,0,0,0.0,0.0
BUNCOMBE,62.1,62.1,2293,343,0.0,2636.0,828,11,455,996,3,25,77,5,10,89,0,208,2222,77,1623,936,1300,1141,195,160,273,401,368,442,525,467,0,0,0.0,0.0
BUNCOMBE,63.1,63.1,572,81,0.0,653.0,133,5,185,248,1,2,12,1,4,10,0,53,571,8,397,248,310,293,50,60,86,89,123,99,106,90,0,0,0.0,0.0
BUNCOMBE,64.1,64.1,1794,346,0.0,2140.0,474,10,515,792,3,11,107,6,6,51,0,178,1781,46,1292,802,1068,901,171,142,303,380,329,389,351,246,0,0,0.0,0.0
BUNCOMBE,65.1,65.1,2766,500,0.0,3266.0,947,9,636,1168,6,15,57,0,14,80,0,282,2818,98,2047,1121,1654,1364,248,348,479,550,441,469,537,442,0,0,0.0,0.0
BUNCOMBE,66.1,66.1,1578,318,0.0,1896.0,544,11,337,681,5,14,97,4,8,70,1,198,1504,76,1137,683,973,735,188,243,302,266,257,274,254,300,0,0,0.0,0.0
BUNCOMBE,67.1,67.1,2357,212,0.0,2569.0,893,9,419,1034,2,15,38,5,6,50,0,169,2286,34,1560,975,1354,1070,145,125,258,323,329,331,564,639,0,0,0.0,0.0
BUNCOMBE,68.1,68.1,4099,858,0.0,4957.0,1088,26,1169,1810,6,27,216,9,25,245,2,466,3967,257,2852,1848,2404,2121,432,492,935,891,727,682,677,553,0,0,0.0,0.0
BUNCOMBE,681,681,363,53,0.0,416.0,66,2,149,145,1,1,0,5,1,7,0,37,365,7,261,148,207,180,29,34,50,59,64,89,72,48,0,0,0.0,0.0
BUNCOMBE,69.1,69.1,2980,446,0.0,3426.0,892,11,753,1322,2,20,99,5,13,130,1,285,2873,139,2077,1210,1706,1476,244,266,484,645,515,555,557,404,0,0,0.0,0.0
BUNCOMBE,70.1,70.1,2862,637,0.0,3499.0,1054,20,492,1293,3,57,109,6,23,140,0,367,2797,117,1876,1506,1696,1483,320,251,818,673,470,413,410,464,0,0,0.0,0.0
BUNCOMBE,71.1,71.1,3858,580,0.0,4438.0,1382,20,790,1663,3,42,63,4,11,125,1,304,3888,115,2557,1766,2239,1901,298,263,609,750,607,623,830,756,0,0,0.0,0.0
BURKE,0001,DREXEL 01,2788,437,0.0,3225.0,532,25,1228,999,4,76,182,3,3,80,0,243,2638,72,2321,832,1598,1367,260,303,486,418,422,560,558,478,0,0,0.0,0.0
BURKE,0003,DREXEL 03,1083,140,0.0,1223.0,161,5,548,369,0,29,30,3,2,38,0,65,1056,33,915,275,590,558,75,101,150,185,164,218,193,212,0,0,0.0,0.0
BURKE,0011,ICARD 01,2666,471,0.0,3137.0,296,19,1366,984,1,78,40,3,9,73,0,231,2703,70,2340,727,1521,1325,291,326,400,462,450,639,518,342,0,0,0.0,0.0
BURKE,0012,ICARD 02,1673,173,0.0,1846.0,131,9,937,596,0,17,10,4,2,13,1,99,1700,16,1493,337,882,840,124,160,269,245,275,336,310,251,0,0,0.0,0.0
BURKE,0013,ICARD 03,2521,372,0.0,2893.0,278,6,1376,858,3,75,72,6,4,71,0,181,2484,52,2227,614,1394,1296,203,263,405,446,421,516,401,441,0,0,0.0,0.0
BURKE,0014,ICARD 04,1785,283,0.0,2068.0,169,6,1005,605,0,61,11,2,2,51,0,162,1779,53,1577,438,961,932,175,202,306,283,288,382,340,267,0,0,0.0,0.0
BURKE,0015,ICARD 05,1301,206,0.0,1507.0,167,5,643,485,1,58,30,2,1,44,0,138,1234,55,1115,337,724,625,158,126,253,246,189,266,242,185,0,0,0.0,0.0
BURKE,0018,JONAS RIDGE,510,43,0.0,553.0,86,2,239,183,0,5,1,1,1,6,0,22,517,1,361,191,270,256,27,30,64,54,69,117,111,108,0,0,0.0,0.0
BURKE,0019,LINVILLE 01,599,65,0.0,664.0,97,8,277,217,0,1,16,0,1,7,0,40,599,8,476,180,314,304,46,36,59,65,75,140,177,112,0,0,0.0,0.0
BURKE,0020,LINVILLE 02,900,101,0.0,1001.0,192,4,350,354,0,2,78,3,1,5,0,49,863,10,743,248,477,465,59,57,86,104,122,189,266,177,0,0,0.0,0.0
BURKE,0021,LOVELADY 01,1314,228,0.0,1542.0,226,6,602,480,0,13,33,2,2,33,0,111,1348,29,1108,405,787,627,128,124,198,200,194,281,293,252,0,0,0.0,0.0
BURKE,0022,LOVELADY 02,1759,227,0.0,1986.0,286,7,825,640,1,55,36,4,2,26,0,97,1766,34,1511,441,990,876,120,181,253,238,290,364,353,307,0,0,0.0,0.0
BURKE,0024,LOVELADY 04,2200,373,0.0,2573.0,335,12,1008,843,2,35,26,0,7,46,0,160,2299,39,1968,566,1290,1119,164,237,330,359,364,472,441,370,0,0,0.0,0.0
BURKE,0031,MORGANTON 01,1683,344,0.0,2027.0,606,14,374,687,2,15,287,3,14,120,0,208,1380,161,1338,528,993,828,206,172,356,316,226,307,338,312,0,0,0.0,0.0
BURKE,0034,MORGANTON 04,1653,282,0.0,1935.0,446,10,475,721,1,11,144,4,7,80,0,150,1539,93,1354,488,962,832,141,174,339,300,240,329,287,266,0,0,0.0,0.0
BURKE,0035,MORGANTON 05,1248,256,0.0,1504.0,408,2,333,505,0,8,173,3,6,106,0,164,1044,161,973,370,802,573,129,145,224,190,149,220,222,354,0,0,0.0,0.0
BURKE,0036,MORGANTON 06,1674,217,0.0,1891.0,246,6,744,678,0,25,46,2,0,52,0,141,1625,51,1339,501,899,841,151,170,284,267,259,358,289,264,0,0,0.0,0.0
BURKE,0038,MORGANTON 08,1926,368,0.0,2294.0,464,10,710,742,0,33,188,7,4,148,0,180,1734,146,1583,565,1118,989,187,227,348,307,322,404,361,325,0,0,0.0,0.0
BURKE,0039,MORGANTON 09,1658,336,0.0,1994.0,472,10,527,647,2,31,205,9,9,122,0,174,1444,107,1331,556,1004,819,171,164,319,275,262,353,324,297,0,0,0.0,0.0
BURKE,0040,MORGANTON 10,1589,251,0.0,1840.0,306,8,637,637,1,32,109,2,3,72,0,120,1502,71,1353,416,908,791,141,184,295,263,253,306,293,246,0,0,0.0,0.0
BURKE,0047-A,QUAKER MEADOWS #1-A,1755,225,0.0,1980.0,508,5,570,672,0,17,344,6,7,42,0,108,1456,35,1480,465,984,881,115,163,227,257,250,359,397,327,0,0,0.0,0.0
BURKE,0047-B,QUAKER MEADOWS #1-B,1244,162,0.0,1406.0,248,9,484,503,0,9,134,1,5,44,0,91,1122,36,996,374,681,624,101,180,174,208,218,236,208,182,0,0,0.0,0.0
BURKE,0048,QUAKER MEADOWS 02,1847,211,0.0,2058.0,411,6,727,700,3,16,110,3,4,76,0,108,1741,61,1532,465,1005,933,120,184,266,262,285,344,353,364,0,0,0.0,0.0
BURKE,0051,SILVER CREEK 01,3054,441,0.0,3495.0,587,9,1258,1199,1,85,253,3,8,104,0,240,2802,95,2541,859,1702,1511,282,298,503,473,514,581,589,537,0,0,0.0,0.0
BURKE,0052,SILVER CREEK 02,1218,216,0.0,1434.0,247,10,537,421,3,73,127,3,3,41,0,92,1095,19,1021,394,647,672,115,158,209,168,191,256,269,183,0,0,0.0,0.0
BURKE,0062,UPPER CREEK,786,84,0.0,870.0,132,2,349,303,0,3,18,2,0,16,0,38,793,12,658,200,431,395,44,72,102,111,126,191,148,120,0,0,0.0,0.0
BURKE,0064,UPPER FORK,740,75,0.0,815.0,104,6,331,299,0,5,8,2,2,5,0,40,753,4,621,190,391,373,51,54,124,103,118,141,154,121,0,0,0.0,0.0
BURKE,0066,CHESTERFIELD,1855,333,0.0,2188.0,340,6,865,644,0,23,208,3,5,61,0,165,1723,56,1546,586,1022,976,190,190,308,295,337,413,367,278,0,0,0.0,0.0
BURKE,0070,SALEM,2310,308,0.0,2618.0,422,8,973,907,0,23,64,6,7,98,0,147,2273,91,1940,587,1295,1156,167,268,381,362,377,445,372,413,0,0,0.0,0.0
BURKE,0071,LOWER FORK,2073,334,0.0,2407.0,260,10,974,827,2,34,49,2,3,34,0,149,2136,27,1819,561,1137,1087,183,247,352,309,340,477,413,269,0,0,0.0,0.0
BURKE,0072,PILOT MOUNTAIN,3025,518,0.0,3543.0,417,25,1433,1148,2,48,48,6,3,63,1,255,3119,74,2571,898,1680,1583,280,324,553,518,531,624,569,424,0,0,0.0,0.0
CABARRUS,01-02,01-02,3052,352,0.0,3404.0,615,20,1241,1173,3,92,437,7,7,162,0,312,2387,177,2099,1128,1611,1483,310,420,433,539,641,628,441,302,0,0,0.0,0.0
CABARRUS,01-04,01-04,5986,676,0.0,6662.0,1739,30,1599,2610,8,447,1559,30,26,365,0,633,3602,221,3989,2452,3131,2897,634,905,808,1016,1461,1149,766,557,0,0,0.0,0.0
CABARRUS,01-07,01-07,2769,215,0.0,2984.0,583,10,1039,1133,4,182,418,8,15,136,0,229,1996,99,1887,998,1435,1333,216,359,344,403,546,552,465,315,0,0,0.0,0.0
CABARRUS,01-08,01-08,5203,785,0.0,5988.0,1680,43,1377,2102,1,140,1836,20,30,391,0,652,2919,374,3257,2357,2876,2472,640,751,905,1316,1223,931,535,327,0,0,0.0,0.0
CABARRUS,01-10,01-10,3021,371,0.0,3392.0,804,14,906,1293,4,107,638,10,16,216,0,300,2105,172,1984,1236,1701,1357,334,382,551,545,552,624,396,342,0,0,0.0,0.0
CABARRUS,01-11,01-11,4570,477,0.0,5047.0,1223,16,1361,1969,1,289,975,15,19,246,1,474,3028,201,3049,1797,2419,2208,420,603,675,753,940,893,671,512,0,0,0.0,0.0
CABARRUS,02-01,02-01,3446,593,0.0,4039.0,944,17,1159,1322,4,95,881,4,15,246,0,406,2392,280,2245,1514,2033,1597,409,319,687,740,528,711,557,497,0,0,0.0,0.0
CABARRUS,02-02,02-02,4227,690,0.0,4917.0,1216,18,1285,1701,7,108,1150,9,26,386,0,519,2719,425,2679,1813,2464,1991,462,617,863,763,720,777,558,619,0,0,0.0,0.0
CABARRUS,02-03,02-03,6206,1002,0.0,7208.0,1797,30,1947,2427,5,145,1801,12,23,440,0,667,4120,407,4028,2773,3474,3047,687,843,1314,1169,1202,1195,847,638,0,0,0.0,0.0
CABARRUS,02-05,02-05,4180,601,0.0,4781.0,1070,21,1468,1618,3,106,911,12,21,216,1,404,3110,209,2876,1696,2338,2032,411,531,673,686,766,873,705,547,0,0,0.0,0.0
CABARRUS,02-06,02-06,3275,734,0.0,4009.0,1152,19,807,1295,2,60,1379,8,20,270,0,423,1849,305,2159,1545,2050,1565,394,460,864,701,584,607,447,346,0,0,0.0,0.0
CABARRUS,02-07,02-07,3230,621,0.0,3851.0,760,16,1132,1319,3,79,656,10,12,133,1,307,2653,135,2366,1350,1958,1585,308,357,681,628,573,651,546,415,0,0,0.0,0.0
CABARRUS,02-08,02-08,7487,1097,0.0,8584.0,2141,45,1895,3398,8,671,1913,43,47,608,1,884,4417,460,4534,3590,4124,3601,859,1272,1260,1590,2028,1243,687,504,0,0,0.0,0.0
CABARRUS,02-09,02-09,7544,1099,0.0,8643.0,2221,32,1592,3693,6,986,1933,77,47,566,0,980,4054,351,4482,3810,4037,3688,918,1307,1253,1427,2261,1491,525,379,0,0,0.0,0.0
CABARRUS,03-00,03-00,5720,625,0.0,6345.0,1186,30,2213,2288,3,196,778,14,24,239,0,543,4551,212,3721,2412,2992,2785,568,767,736,1152,1360,1061,728,541,0,0,0.0,0.0
CABARRUS,04-01,04-01,2911,579,0.0,3490.0,930,22,812,1143,4,36,1066,8,18,169,0,362,1831,205,1899,1386,1767,1341,382,346,720,647,498,494,439,346,0,0,0.0,0.0
CABARRUS,04-03,04-03,2626,425,0.0,3051.0,893,18,863,848,4,16,859,5,18,181,0,279,1693,204,1775,1072,1521,1252,278,287,566,492,409,499,437,361,0,0,0.0,0.0
CABARRUS,04-08,04-08,2090,347,0.0,2437.0,620,11,616,841,2,52,669,7,5,150,0,244,1310,144,1205,1088,1220,987,230,246,559,491,383,328,262,168,0,0,0.0,0.0
CABARRUS,04-09,04-09,4302,465,0.0,4767.0,1069,33,1636,1561,3,97,945,6,12,187,3,415,3102,192,2753,1822,2334,1989,444,479,830,768,781,851,573,485,0,0,0.0,0.0
CABARRUS,04-11,04-11,3148,668,0.0,3816.0,965,31,985,1166,1,30,863,5,15,278,1,378,2246,310,2042,1464,1886,1518,412,364,917,630,492,597,476,340,0,0,0.0,0.0
CABARRUS,04-12,04-12,4205,871,0.0,5076.0,1562,30,1061,1546,6,38,1693,6,29,389,3,593,2325,474,2704,1898,2602,1925,549,622,1077,887,713,770,586,421,0,0,0.0,0.0
CABARRUS,04-13,04-13,4928,731,0.0,5659.0,1224,32,1860,1811,1,53,989,9,22,337,2,514,3733,390,3364,1905,2783,2408,468,602,993,925,777,976,801,585,0,0,0.0,0.0
CABARRUS,05-00,05-00,2647,304,0.0,2951.0,378,16,1367,883,3,27,183,9,10,87,0,212,2423,84,1994,873,1435,1307,209,264,440,425,433,541,436,412,0,0,0.0,0.0
CABARRUS,06-00,06-00,2078,192,0.0,2270.0,181,6,1206,685,0,16,36,4,2,46,0,131,2035,55,1684,531,1073,1054,143,247,283,332,362,429,353,264,0,0,0.0,0.0
CABARRUS,07-00,07-00,1260,111,0.0,1371.0,95,10,779,376,0,4,6,2,1,14,2,95,1247,12,1007,352,636,630,105,146,212,213,226,237,220,117,0,0,0.0,0.0
CABARRUS,08-00,08-00,3959,387,0.0,4346.0,431,20,2107,1401,0,15,180,8,8,90,0,289,3756,79,3114,1153,2119,1910,317,423,637,659,632,761,637,597,0,0,0.0,0.0
CABARRUS,09-00,09-00,2749,244,0.0,2993.0,296,11,1495,945,2,21,119,6,8,73,1,200,2565,90,2100,803,1402,1358,233,271,381,464,444,564,529,340,0,0,0.0,0.0
CABARRUS,10-00,10-00,5916,673,0.0,6589.0,1048,31,2838,1998,1,39,756,16,18,263,3,629,4865,271,4060,2258,3100,2825,664,714,1006,1101,1019,1145,921,683,0,0,0.0,0.0
CABARRUS,11-01,11-01,5216,1125,0.0,6341.0,1754,30,1303,2120,9,67,2101,20,39,566,1,812,2735,631,3181,2529,3083,2526,732,900,1237,1297,1086,915,545,361,0,0,0.0,0.0
CABARRUS,11-02,11-02,3337,417,0.0,3754.0,632,17,1376,1309,3,37,438,2,16,164,0,285,2812,160,2390,1204,1815,1635,304,367,541,608,596,691,540,411,0,0,0.0,0.0
CABARRUS,12-03,12-03,1882,267,0.0,2149.0,495,6,641,738,2,41,404,7,5,101,0,189,1402,111,1350,688,1081,894,174,212,294,272,289,378,340,364,0,0,0.0,0.0
CABARRUS,12-04,12-04,2417,511,0.0,2928.0,740,23,674,976,4,15,683,5,14,177,0,317,1717,193,1565,1170,1517,1102,309,242,558,543,409,369,357,450,0,0,0.0,0.0
CABARRUS,12-05,12-05,1987,186,0.0,2173.0,406,15,738,825,3,11,154,3,5,61,0,141,1798,59,1464,650,1045,970,158,190,313,334,334,369,349,284,0,0,0.0,0.0
CABARRUS,12-08,12-08,1328,335,0.0,1663.0,426,8,389,504,1,4,362,6,17,243,0,206,825,285,802,576,805,692,166,244,355,240,198,251,214,161,0,0,0.0,0.0
CABARRUS,12-09,12-09,2670,397,0.0,3067.0,709,13,894,1052,2,45,730,2,15,195,0,320,1760,193,1768,1106,1530,1227,310,289,538,605,503,492,373,267,0,0,0.0,0.0
CABARRUS,12-11,12-11,1509,311,0.0,1820.0,421,12,437,639,0,11,419,6,14,108,0,180,1082,130,988,702,921,724,175,169,384,337,248,277,217,188,0,0,0.0,0.0
CABARRUS,12-12,12-12,1926,306,0.0,2232.0,495,9,627,793,2,23,446,4,14,139,0,254,1352,165,1258,809,1074,922,236,249,448,413,332,309,285,196,0,0,0.0,0.0
CABARRUS,12-13,12-13,3442,899,0.0,4341.0,1536,28,575,1294,9,21,1781,4,28,412,0,548,1547,520,2119,1702,2220,1633,488,545,948,798,584,591,505,370,0,0,0.0,0.0
CABARRUS,12-14,12-14,2680,324,0.0,3004.0,749,20,788,1122,1,21,534,5,13,161,1,282,1987,179,1806,1019,1508,1215,281,253,527,546,437,504,425,312,0,0,0.0,0.0
CALDWELL,1,GAMEWELL,4243,868,0.0,5111.0,696,24,2180,1341,2,11,346,8,21,127,0,545,4053,135,3811,1165,2495,2208,408,493,791,685,733,928,823,658,0,0,0.0,0.0
CALDWELL,10,CAJAHS MOUNTAIN,2957,360,0.0,3317.0,337,14,1625,980,1,11,75,1,15,64,0,352,2799,71,2491,755,1608,1448,261,314,475,455,498,615,546,414,0,0,0.0,0.0
CALDWELL,11,SAWMILLS,3171,514,0.0,3685.0,374,14,1769,1014,0,13,60,11,5,66,0,356,3174,81,2829,775,1769,1632,284,306,551,486,547,678,621,496,0,0,0.0,0.0
CALDWELL,12,PATTERSON,2301,279,0.0,2580.0,260,16,1271,753,1,7,36,4,6,29,0,235,2263,20,1939,621,1250,1150,180,207,309,280,361,493,507,423,0,0,0.0,0.0
CALDWELL,13,HUDSON,5183,647,0.0,5830.0,638,23,2815,1706,1,20,113,8,12,138,0,583,4956,196,4416,1218,2895,2526,409,521,897,799,839,1121,871,782,0,0,0.0,0.0
CALDWELL,14,GRACE CHAPEL,4527,491,0.0,5018.0,534,25,2407,1561,0,40,65,6,8,85,0,541,4273,85,3773,1160,2347,2258,413,444,639,704,735,1033,826,637,0,0,0.0,0.0
CALDWELL,15,DUDLEY SHOALS,2428,295,0.0,2723.0,229,10,1457,732,0,11,26,1,4,37,0,247,2397,40,2114,569,1321,1226,176,259,386,417,339,537,424,361,0,0,0.0,0.0
CALDWELL,2,COLLETTSVILLE,2022,213,0.0,2235.0,286,7,1084,643,2,2,44,1,3,15,0,202,1968,22,1684,529,1061,1014,160,127,257,206,226,483,592,344,0,0,0.0,0.0
CALDWELL,3,KINGS CREEK,1148,81,0.0,1229.0,161,9,604,374,0,2,47,1,2,11,0,113,1053,7,940,282,594,549,86,109,144,146,166,253,243,168,0,0,0.0,0.0
CALDWELL,4,OAK HILL,2742,338,0.0,3080.0,272,17,1588,865,0,9,15,8,4,27,0,260,2757,29,2349,702,1475,1425,180,267,392,387,456,592,588,398,0,0,0.0,0.0
CALDWELL,5,GRANITE FALLS,2720,430,0.0,3150.0,380,21,1339,978,2,17,71,5,4,87,0,310,2656,98,2365,687,1549,1365,236,294,504,480,397,570,502,403,0,0,0.0,0.0
CALDWELL,6,FREEDMAN,4858,1130,0.0,5988.0,1300,21,1941,1594,2,25,1098,8,27,258,0,662,3910,310,4122,1556,3007,2517,464,566,973,841,838,1010,964,796,0,0,0.0,0.0
CALDWELL,7,LENOIR,4090,867,0.0,4957.0,788,21,1803,1476,2,31,417,7,14,191,0,572,3725,211,3585,1161,2457,2131,369,462,798,690,679,893,787,648,0,0,0.0,0.0
CALDWELL,8,HIBRITEN,3661,408,0.0,4069.0,579,12,1759,1308,3,21,112,3,11,64,0,327,3531,66,3230,773,2001,1823,245,337,470,507,581,711,660,803,0,0,0.0,0.0
CALDWELL,9,BATON,2669,334,0.0,3003.0,297,18,1557,797,0,4,25,6,6,50,0,322,2590,63,2258,682,1442,1313,248,257,404,390,441,571,518,422,0,0,0.0,0.0
CAMDEN,CH,COURTHOUSE,2838,331,0.0,3169.0,432,20,1096,1290,0,17,399,7,5,56,0,244,2441,36,1383,1750,1528,1366,275,340,434,487,501,555,485,367,0,0,0.0,0.0
CAMDEN,SH,SHILOH,1950,260,0.0,2210.0,249,10,773,915,3,10,155,1,3,50,0,188,1803,17,924,1269,1022,974,214,217,326,337,339,375,346,270,0,0,0.0,0.0
CAMDEN,SM,SOUTH MILLS,2788,446,0.0,3234.0,352,21,1225,1187,3,17,313,1,7,75,2,218,2601,39,1415,1780,1518,1492,224,323,447,619,548,574,437,286,0,0,0.0,0.0
CARTERET,ABCH,ATLANTIC BEACH,1269,112,0.0,1381.0,181,1,634,453,0,5,10,4,1,12,0,101,1248,7,843,531,658,603,120,56,125,117,123,263,399,298,0,0,0.0,0.0
CARTERET,ASCI,ATLANTIC/SEA LEVEL/CEDAR ISLAND,724,92,0.0,816.0,105,5,364,250,0,1,4,1,2,8,0,45,755,5,575,236,374,389,53,61,67,81,110,169,193,135,0,0,0.0,0.0
CARTERET,BCRK,BROAD CREEK,1976,206,0.0,2182.0,225,14,978,759,0,8,57,7,9,45,0,144,1912,42,1388,752,1049,990,143,219,246,285,304,390,450,288,0,0,0.0,0.0
CARTERET,BFT1,BEAUFORT 1,1284,145,0.0,1429.0,365,3,391,525,0,8,165,1,6,15,0,118,1116,20,914,495,700,611,118,71,150,125,142,267,380,294,0,0,0.0,0.0
CARTERET,BFT2,BEAUFORT 2,3577,399,0.0,3976.0,729,18,1421,1408,1,21,194,7,10,50,0,321,3373,49,2542,1385,2047,1605,324,239,412,523,483,713,895,711,0,0,0.0,0.0
CARTERET,BOGE,BOGUE,3133,296,0.0,3429.0,289,15,1695,1132,2,15,94,6,3,65,2,250,2994,40,2100,1289,1587,1544,298,337,317,438,565,679,648,445,0,0,0.0,0.0
CARTERET,CAPE,CAPE CARTERET/CEDAR POINT,3623,368,0.0,3991.0,351,11,1919,1342,0,33,27,3,7,61,0,289,3571,64,2415,1512,1947,1716,328,356,357,495,615,706,789,673,0,0,0.0,0.0
CARTERET,DASW,DAVIS/STACY/WILLISTON,585,46,0.0,631.0,63,3,333,186,0,2,2,3,0,7,0,34,583,1,461,169,300,285,46,53,56,73,87,126,142,94,0,0,0.0,0.0
CARTERET,HAIS,HARKERS ISLAND,962,70,0.0,1032.0,129,2,547,284,0,0,4,1,1,7,0,73,946,5,728,299,498,467,67,61,74,91,111,204,285,206,0,0,0.0,0.0
CARTERET,IBPK,INDIAN BEACH/SALTER PATH/PINE KNOLL,1720,127,0.0,1847.0,289,9,761,661,0,4,10,0,1,15,0,122,1695,14,1166,667,915,788,144,87,104,119,171,364,532,470,0,0,0.0,0.0
CARTERET,ISLE,EMERALD ISLE,3838,330,0.0,4168.0,530,14,1762,1530,2,19,10,4,10,45,0,336,3744,42,2569,1557,2009,1823,336,243,315,316,410,926,1147,811,0,0,0.0,0.0
CARTERET,MASM,MARSHALLBERG/SMYRNA,611,75,0.0,686.0,89,3,293,226,0,3,2,0,1,5,0,37,638,4,473,209,338,306,42,57,79,76,89,125,156,104,0,0,0.0,0.0
CARTERET,MCRK,MILL CREEK,458,35,0.0,493.0,31,1,282,144,0,0,5,2,0,5,0,29,452,5,346,142,236,222,35,36,69,59,61,100,97,71,0,0,0.0,0.0
CARTERET,MERR,MERRIMON,495,48,0.0,543.0,111,3,231,149,1,1,35,0,0,13,0,42,452,14,330,199,256,246,41,19,34,42,70,106,138,134,0,0,0.0,0.0
CARTERET,MHD1,MOREHEAD 1,2287,233,0.0,2520.0,358,15,1024,889,1,26,152,1,4,43,0,187,2107,50,1623,847,1207,1114,199,224,251,369,414,459,463,340,0,0,0.0,0.0
CARTERET,MHD2,MOREHEAD 2,2586,451,0.0,3037.0,472,20,1059,1033,2,17,203,7,11,75,0,294,2430,76,1811,1150,1562,1179,296,236,520,407,339,451,568,516,0,0,0.0,0.0
CARTERET,MHD3,MOREHEAD 3,3024,277,0.0,3301.0,470,17,1395,1140,2,17,122,2,6,56,0,200,2898,33,2266,1002,1695,1401,205,251,388,461,436,501,643,621,0,0,0.0,0.0
CARTERET,MHD4,MOREHEAD 4,2748,174,0.0,2922.0,340,11,1369,1028,0,26,15,7,2,39,0,209,2624,33,1984,905,1441,1263,218,218,233,338,370,484,655,624,0,0,0.0,0.0
CARTERET,NPT1,NEWPORT 1,3030,528,0.0,3558.0,431,17,1368,1212,2,39,224,9,12,84,3,227,2960,76,2423,1059,1750,1557,251,319,528,525,542,615,597,432,0,0,0.0,0.0
CARTERET,NPT2,NEWPORT 2,2878,529,0.0,3407.0,306,13,1452,1106,1,25,136,11,8,82,2,262,2881,74,2171,1162,1603,1518,286,329,555,532,482,560,583,366,0,0,0.0,0.0
CARTERET,NRIV,NORTH RIVER,621,88,0.0,709.0,252,2,192,175,0,0,278,2,1,13,0,53,362,8,473,228,337,317,55,59,83,83,84,124,162,114,0,0,0.0,0.0
CARTERET,OTBEG,OTWAY/STRAITS/BETTIE/GLOUCESTER,1839,197,0.0,2036.0,229,12,916,680,2,2,14,5,5,13,0,150,1847,9,1400,627,971,916,149,145,233,267,266,422,423,280,0,0,0.0,0.0
CARTERET,PELE,PELETIER,1607,201,0.0,1808.0,163,7,836,601,0,12,19,3,2,39,0,135,1598,40,1092,676,847,815,146,153,225,265,255,324,339,247,0,0,0.0,0.0
CARTERET,STEL,STELLA,1896,193,0.0,2089.0,189,15,991,698,3,9,51,2,5,42,0,151,1829,38,1206,845,984,948,157,210,230,318,346,388,349,248,0,0,0.0,0.0
CARTERET,WIHA,WIREGRASS/HARLOWE,1846,197,0.0,2043.0,249,10,928,658,1,9,86,11,7,30,1,143,1756,30,1344,669,975,920,148,189,209,249,241,380,443,332,0,0,0.0,0.0
CARTERET,WILD,WILDWOOD,3089,471,0.0,3560.0,441,17,1448,1180,3,28,181,8,8,103,0,266,2966,107,2257,1196,1794,1510,256,304,476,447,398,625,692,618,0,0,0.0,0.0
CASWELL,ANDE,ANDERSON,830,89,0.0,919.0,185,0,326,319,0,1,141,5,2,23,0,77,670,25,595,299,433,404,82,70,135,133,138,171,152,120,0,0,0.0,0.0
CASWELL,LEAS,LEASBURG,558,78,0.0,636.0,229,1,114,214,0,2,215,0,2,13,0,48,356,11,469,156,313,272,51,46,79,69,83,123,125,111,0,0,0.0,0.0
CASWELL,LOCU,LOCUST HILL,1808,247,0.0,2055.0,782,9,530,485,2,3,859,3,6,41,1,160,982,45,1327,683,1014,875,166,164,297,269,265,371,392,297,0,0,0.0,0.0
CASWELL,MILT,MILTON,1689,274,0.0,1963.0,823,6,362,497,1,1,846,3,4,18,0,120,971,12,1454,497,1008,841,114,132,253,242,242,353,409,332,0,0,0.0,0.0
CASWELL,PELH,PELHAM,2590,394,0.0,2984.0,630,7,1001,952,0,11,505,3,11,51,0,168,2235,54,2096,834,1487,1306,191,251,393,350,416,549,539,486,0,0,0.0,0.0
CASWELL,PH,PROSPECT HILL,1657,142,0.0,1799.0,478,5,518,656,0,6,367,1,1,47,0,120,1257,44,1272,483,841,839,119,137,242,218,246,329,347,280,0,0,0.0,0.0
CASWELL,PROVI,PROVIDENCE,711,79,0.0,790.0,229,4,223,255,0,2,188,2,2,11,0,43,542,9,573,208,405,339,46,50,80,104,109,131,165,151,0,0,0.0,0.0
CASWELL,STON,STONEY CREEK,2090,243,0.0,2333.0,516,6,882,686,0,0,404,3,14,50,0,202,1660,66,1508,759,1082,1036,215,183,352,303,317,473,401,304,0,0,0.0,0.0
CASWELL,YANC,YANCEYVILLE,1821,325,0.0,2146.0,778,7,404,632,0,10,829,4,8,40,0,163,1092,43,1476,627,1122,863,161,163,281,283,259,377,444,339,0,0,0.0,0.0
CATAWBA,01,BALLS CREEK,3308,386,0.0,3694.0,287,9,1901,1107,4,36,72,4,4,64,0,254,3260,66,2692,936,1737,1636,321,361,515,544,538,658,622,456,0,0,0.0,0.0
CATAWBA,02,BANOAK,2206,223,0.0,2429.0,212,9,1253,732,0,22,41,2,2,33,0,177,2152,33,1878,518,1132,1086,211,219,337,308,382,441,432,310,0,0,0.0,0.0
CATAWBA,03,BLACKBURN,2240,322,0.0,2562.0,281,10,1209,739,1,70,111,4,0,79,0,193,2105,69,1892,601,1215,1135,212,280,365,339,382,488,415,293,0,0,0.0,0.0
CATAWBA,04,BROOKFORD,810,158,0.0,968.0,222,6,255,327,0,38,200,1,6,68,0,103,552,61,664,243,469,395,104,117,140,133,156,183,141,98,0,0,0.0,0.0
CATAWBA,05,CATAWBA,3254,444,0.0,3698.0,453,15,1670,1115,1,45,351,13,6,146,0,251,2886,144,2592,962,1748,1665,285,385,590,581,568,629,555,390,0,0,0.0,0.0
CATAWBA,06,CLAREMONT,2264,240,0.0,2504.0,330,14,1138,781,1,64,138,4,3,64,0,163,2068,55,1898,551,1223,1095,186,216,311,317,313,451,459,437,0,0,0.0,0.0
CATAWBA,07,CONOVER WEST,2724,506,0.0,3230.0,580,17,1063,1061,3,108,400,3,17,234,0,298,2170,273,2240,717,1560,1400,270,379,563,471,461,534,440,382,0,0,0.0,0.0
CATAWBA,08,CONOVER EAST,2439,258,0.0,2697.0,379,10,1110,939,1,78,150,2,8,102,0,149,2208,94,2065,538,1403,1118,176,255,333,310,340,443,499,517,0,0,0.0,0.0
CATAWBA,09,EAST MAIDEN,2376,295,0.0,2671.0,217,8,1367,783,1,24,90,2,8,68,1,210,2268,85,1923,663,1266,1169,236,261,400,387,417,471,398,337,0,0,0.0,0.0
CATAWBA,10,EAST NEWTON,515,134,0.0,649.0,169,5,156,184,1,6,188,1,5,46,0,77,326,59,391,199,298,284,67,75,123,81,94,116,104,56,0,0,0.0,0.0
CATAWBA,11,COLLEGE PARK,936,164,0.0,1100.0,212,4,295,424,1,14,102,3,9,43,0,103,826,47,787,266,556,438,106,173,213,108,105,159,142,200,0,0,0.0,0.0
CATAWBA,12,KENWORTH,1321,401,0.0,1722.0,551,10,216,543,1,33,693,3,8,129,0,221,635,125,1122,475,840,678,204,178,320,288,241,276,237,182,0,0,0.0,0.0
CATAWBA,13,GREENMONT,1256,411,0.0,1667.0,369,9,326,549,3,29,409,4,9,150,0,203,863,169,1070,428,808,668,191,215,333,265,224,286,189,155,0,0,0.0,0.0
CATAWBA,14,OAKWOOD,1392,152,0.0,1544.0,268,5,506,612,1,18,44,1,4,21,0,83,1373,20,1249,275,789,668,87,124,207,258,194,291,224,246,0,0,0.0,0.0
CATAWBA,15,RIDGEVIEW,549,186,0.0,735.0,301,6,42,199,1,8,452,0,6,41,0,114,114,55,439,241,335,298,102,75,124,110,119,140,105,62,0,0,0.0,0.0
CATAWBA,16,HIGHLAND,2297,498,0.0,2795.0,511,15,835,934,2,38,335,3,6,185,0,244,1984,198,1951,646,1426,1117,252,246,624,425,360,433,367,340,0,0,0.0,0.0
CATAWBA,17,LONGVIEW NORTH,1422,399,0.0,1821.0,320,11,504,586,1,55,218,3,8,177,1,206,1153,197,1195,429,875,762,184,212,343,259,242,298,292,175,0,0,0.0,0.0
CATAWBA,19,LONGVIEW SOUTH,1052,188,0.0,1240.0,228,8,413,403,0,47,155,1,2,103,0,121,811,103,844,293,573,549,118,138,201,170,164,201,200,166,0,0,0.0,0.0
CATAWBA,20,MAIDEN,3305,431,0.0,3736.0,437,18,1637,1211,2,52,282,3,17,164,0,247,2971,155,2594,987,1836,1602,298,405,653,525,561,633,510,449,0,0,0.0,0.0
CATAWBA,21,MONOGRAM,2128,240,0.0,2368.0,198,11,1150,768,1,14,74,2,4,60,0,163,2051,54,1562,752,1100,1064,204,197,335,320,292,468,485,271,0,0,0.0,0.0
CATAWBA,22,MOUNT OLIVE,3261,570,0.0,3831.0,574,15,1468,1203,1,172,284,8,9,245,1,316,2796,247,2628,956,1866,1638,327,364,618,568,548,626,482,625,0,0,0.0,0.0
CATAWBA,23,MOUNTAIN VIEW #1,3909,426,0.0,4335.0,517,11,1846,1533,2,95,215,6,9,155,0,319,3536,127,3351,857,2122,1881,332,463,553,619,696,797,688,519,0,0,0.0,0.0
CATAWBA,24,MOUNTAIN VIEW #2,3671,512,0.0,4183.0,474,18,1907,1272,0,86,173,5,4,133,0,324,3458,118,3201,864,1991,1863,329,469,561,583,600,756,710,504,0,0,0.0,0.0
CATAWBA,25,NORTH NEWTON,1873,450,0.0,2323.0,384,13,694,781,1,75,283,6,13,235,1,269,1441,266,1436,621,1127,945,251,290,472,337,324,340,320,240,0,0,0.0,0.0
CATAWBA,26,OAKLAND HEIGHTS,1633,275,0.0,1908.0,309,12,631,680,1,23,78,2,7,61,0,121,1616,60,1459,389,969,801,138,156,296,234,259,321,350,292,0,0,0.0,0.0
CATAWBA,27,OXFORD,3649,507,0.0,4156.0,451,13,1929,1256,0,179,137,3,13,143,0,322,3359,130,3082,944,1927,1888,341,402,645,576,571,818,632,512,0,0,0.0,0.0
CATAWBA,28,ST STEPHENS #1,2875,657,0.0,3532.0,500,12,1247,1115,1,118,303,3,14,409,0,375,2310,483,2351,698,1672,1545,315,435,600,528,504,527,519,419,0,0,0.0,0.0
CATAWBA,29,ST STEPHENS #2,4244,532,0.0,4776.0,534,22,2046,1639,3,89,172,5,9,257,0,355,3889,260,3610,906,2251,2173,352,570,680,612,687,825,794,608,0,0,0.0,0.0
CATAWBA,30,SANDY RIDGE,3456,768,0.0,4224.0,733,17,1331,1372,3,145,449,5,15,345,0,354,2911,355,2964,905,2112,1760,352,487,803,603,545,629,558,599,0,0,0.0,0.0
CATAWBA,31,SHERRILLS FORD,5759,625,0.0,6384.0,736,34,2904,2083,2,46,318,9,4,175,0,463,5369,177,4011,2196,2967,2808,609,526,1000,855,852,1317,1108,726,0,0,0.0,0.0
CATAWBA,32,SOUTH NEWTON,2819,433,0.0,3252.0,525,16,1071,1205,2,110,287,4,7,208,1,304,2331,228,2182,842,1524,1407,321,373,563,539,423,549,451,354,0,0,0.0,0.0
CATAWBA,33,SPRINGS,4443,717,0.0,5160.0,607,26,2168,1641,1,301,243,3,8,313,1,410,3881,306,3677,1177,2508,2205,447,581,877,740,779,864,761,558,0,0,0.0,0.0
CATAWBA,34,STARTOWN,4160,488,0.0,4648.0,555,24,2029,1550,2,143,216,8,19,175,1,324,3762,160,3427,1061,2218,2074,356,492,623,630,709,824,771,599,0,0,0.0,0.0
CATAWBA,35,SWEETWATER,3192,693,0.0,3885.0,539,20,1346,1286,1,130,325,8,8,279,0,277,2858,278,2725,882,1847,1724,314,473,810,544,518,602,504,434,0,0,0.0,0.0
CATAWBA,36,VIEWMONT #1,2256,274,0.0,2530.0,415,9,934,898,0,30,122,2,4,102,0,148,2122,112,1977,441,1259,1128,143,255,333,297,375,453,431,386,0,0,0.0,0.0
CATAWBA,37,VIEWMONT #2,2280,506,0.0,2786.0,463,14,834,968,1,43,326,6,15,178,0,229,1989,201,1995,590,1441,1100,245,269,477,412,329,378,384,537,0,0,0.0,0.0
CATAWBA,38,FALLING CREEK,3033,396,0.0,3429.0,500,14,1273,1246,0,73,138,0,9,143,0,205,2861,131,2647,651,1753,1440,236,302,488,497,448,580,557,557,0,0,0.0,0.0
CATAWBA,39,NORTHWEST,2284,267,0.0,2551.0,284,12,1124,864,0,48,52,6,2,88,1,117,2237,70,2053,428,1238,1167,146,265,304,298,400,448,455,381,0,0,0.0,0.0
CATAWBA,40,WEST NEWTON,1454,231,0.0,1685.0,275,7,524,646,2,56,193,0,5,87,0,157,1187,94,1162,429,818,722,145,179,257,241,228,284,253,243,0,0,0.0,0.0
CATAWBA,41,LAKE NORMAN,4502,504,0.0,5006.0,534,26,2304,1633,5,39,209,7,10,136,1,459,4145,121,2949,1936,2258,2171,577,416,670,624,704,1085,924,583,0,0,0.0,0.0
CHATHAM,15,BYNUM,2274,194,0.0,2468.0,821,10,416,1024,3,51,231,3,5,84,0,252,1842,76,1540,852,1142,1060,266,209,303,298,383,492,512,271,0,0,0.0,0.0
CHATHAM,21,HADLEY,1552,114,0.0,1666.0,400,9,438,704,1,5,28,1,3,37,1,139,1452,30,1103,533,784,725,157,112,181,222,233,375,322,221,0,0,0.0,0.0
CHATHAM,3,ALBRIGHT,1652,212,0.0,1864.0,335,6,691,617,3,14,138,7,1,69,0,191,1444,82,1105,677,858,818,188,181,215,247,233,364,335,289,0,0,0.0,0.0
CHATHAM,30,HICKORY MOUNTAIN,1748,157,0.0,1905.0,472,5,561,709,1,14,210,4,7,52,2,155,1461,62,1176,667,900,832,173,178,214,262,257,373,364,257,0,0,0.0,0.0
CHATHAM,42,JORDAN LAKE,2442,185,0.0,2627.0,503,7,760,1171,1,126,115,8,11,97,0,337,1933,56,1498,1073,1153,1109,365,219,278,284,417,579,544,306,0,0,0.0,0.0
CHATHAM,75,EAST WILLIAMS,4695,366,0.0,5061.0,1273,21,1169,2232,0,288,254,11,16,175,0,618,3699,96,2821,2144,2417,1995,649,258,337,364,468,790,1032,1812,0,0,0.0,0.0
CHATHAM,78,WEST WILLIAMS,5724,469,0.0,6193.0,2072,27,1091,2532,2,180,204,17,20,182,0,630,4960,146,3680,2367,3040,2474,679,397,405,515,670,944,1171,2091,0,0,0.0,0.0
CHATHAM,85,WEST SILER CITY,2309,523,0.0,2832.0,839,14,641,812,3,13,576,8,18,353,0,391,1473,468,1363,1001,1387,1161,284,367,469,382,333,407,485,389,0,0,0.0,0.0
CHATHAM,9,BONLEE,1312,179,0.0,1491.0,294,5,519,494,0,0,132,2,4,48,0,137,1168,60,955,476,717,644,130,141,198,215,204,254,260,219,0,0,0.0,0.0
CHATHAM,CRD118,CROSSROADS,1473,142,0.0,1615.0,198,3,715,557,0,2,42,1,0,28,0,129,1413,27,1077,511,781,706,128,169,208,222,280,282,230,224,0,0,0.0,0.0
CHATHAM,ECL109,EAST CHAPEL,5716,593,0.0,6309.0,2262,23,800,2628,3,210,218,15,33,218,1,726,4888,167,3574,2568,3057,2441,811,415,718,1255,1211,865,962,883,0,0,0.0,0.0
CHATHAM,EPP112,EAST PITTSBORO,3964,352,0.0,4316.0,1397,22,778,1765,2,88,502,8,18,188,1,446,3065,195,2099,2022,2114,1676,526,330,595,702,620,723,738,608,0,0,0.0,0.0
CHATHAM,ESC114,EAST SILER CITY,3364,713,0.0,4077.0,1317,10,859,1175,3,20,964,6,29,576,0,594,1888,758,1963,1356,2025,1692,360,630,637,488,445,614,657,606,0,0,0.0,0.0
CHATHAM,GLD118,GOLDSTON,2812,346,0.0,3158.0,804,16,874,1118,0,12,459,6,4,71,0,283,2323,67,2021,1070,1483,1370,305,247,432,411,411,601,576,480,0,0,0.0,0.0
CHATHAM,MON113,MONCURE,2028,254,0.0,2282.0,450,15,678,884,1,16,284,9,5,55,0,287,1626,74,1337,871,990,983,309,219,275,289,346,473,389,291,0,0,0.0,0.0
CHATHAM,NWM117,NORTH WILLIAMS,5943,632,0.0,6575.0,2382,13,960,2586,2,197,423,12,27,265,2,828,4821,286,3954,2335,3098,2682,795,471,689,628,714,929,1157,1987,0,0,0.0,0.0
CHATHAM,WCL108,WEST CHAPEL,3601,350,0.0,3951.0,1367,20,539,1674,1,69,204,6,14,119,1,395,3143,94,2456,1401,1831,1665,455,345,400,549,629,765,787,476,0,0,0.0,0.0
CHATHAM,WPP114,WEST PITTSBORO,5293,503,0.0,5796.0,1793,23,1106,2368,3,73,832,10,25,166,1,603,4086,143,3197,2456,2806,2311,679,450,695,778,819,1064,1114,876,0,0,0.0,0.0
CHEROKEE,ANNW,ANDREWS NORTH WARD,1426,249,0.0,1675.0,178,9,723,515,1,7,9,15,2,34,0,69,1539,23,1115,537,863,761,51,147,216,194,229,294,292,303,0,0,0.0,0.0
CHEROKEE,ANSW,ANDREWS SOUTH WARD,1376,270,0.0,1646.0,185,7,703,481,0,7,32,7,4,25,1,65,1505,26,1054,566,835,766,45,162,241,208,202,228,306,299,0,0,0.0,0.0
CHEROKEE,BELL,BELLVIEW,1282,216,0.0,1498.0,144,3,683,452,0,4,6,2,2,20,0,64,1400,23,927,548,773,693,32,83,135,138,138,273,344,387,0,0,0.0,0.0
CHEROKEE,BRAS,BRASSTOWN,912,113,0.0,1025.0,116,6,497,292,1,2,1,6,1,9,0,30,976,11,671,343,514,491,20,56,94,79,112,171,275,238,0,0,0.0,0.0
CHEROKEE,CSON,CULBERSON,939,165,0.0,1104.0,119,1,530,289,0,2,15,5,2,9,0,40,1031,12,703,389,574,515,15,58,124,112,126,194,276,214,0,0,0.0,0.0
CHEROKEE,GCRK,GRAPE CREEK,447,85,0.0,532.0,28,2,276,141,0,0,1,9,1,4,0,23,494,5,352,175,266,257,9,37,48,59,66,95,136,91,0,0,0.0,0.0
CHEROKEE,HANG,HANGING DOG,730,116,0.0,846.0,53,3,448,226,0,6,1,1,0,11,0,28,799,11,585,250,426,403,17,49,91,70,108,142,206,180,0,0,0.0,0.0
CHEROKEE,HIWA,HIWASSEE DAM,2178,358,0.0,2536.0,197,11,1355,615,0,7,13,10,0,33,0,89,2384,30,1590,916,1255,1225,56,155,209,206,285,517,687,477,0,0,0.0,0.0
CHEROKEE,HOTH,HOT HOUSE,1497,318,0.0,1815.0,166,9,869,453,0,4,11,5,2,14,0,55,1724,18,1139,658,911,879,25,93,151,150,178,377,468,398,0,0,0.0,0.0
CHEROKEE,MARB,MARBLE,1293,222,0.0,1515.0,131,8,722,430,2,6,8,11,0,16,0,65,1409,15,957,543,732,735,48,115,184,191,193,288,289,255,0,0,0.0,0.0
CHEROKEE,MURN,MURPHY NORTH,1896,354,0.0,2250.0,276,12,889,717,2,20,104,11,6,42,0,100,1967,24,1466,760,1163,1030,57,162,285,235,326,394,414,434,0,0,0.0,0.0
CHEROKEE,MURS,MURPHY SOUTH,2279,413,0.0,2692.0,274,17,1130,857,1,29,22,14,3,51,0,111,2462,39,1733,920,1358,1279,55,181,307,321,359,465,563,496,0,0,0.0,0.0
CHEROKEE,PCHT,PEACHTREE,2121,380,0.0,2501.0,254,7,1191,669,0,8,15,8,4,29,0,108,2329,30,1634,837,1247,1193,61,169,303,275,303,409,552,490,0,0,0.0,0.0
CHEROKEE,RGER,RANGER,1837,311,0.0,2148.0,188,13,1023,612,1,4,14,8,1,19,1,72,2029,18,1371,759,1090,1011,47,114,181,200,222,358,593,480,0,0,0.0,0.0
CHEROKEE,TOPT,TOPTON,321,66,0.0,387.0,36,1,192,92,0,1,2,1,0,2,0,19,362,2,285,100,194,188,5,34,39,33,44,53,83,101,0,0,0.0,0.0
CHEROKEE,UNKA,UNAKA,595,74,0.0,669.0,61,5,358,171,0,1,2,4,1,2,0,23,636,2,404,263,330,327,12,53,50,69,82,131,173,111,0,0,0.0,0.0
CHOWAN,1,EAST EDENTON,1712,273,0.0,1985.0,742,8,354,608,0,6,817,4,2,34,1,180,941,27,1331,627,1056,809,120,174,229,222,231,318,450,361,0,0,0.0,0.0
CHOWAN,2,WEST EDENTON,2872,327,0.0,3199.0,968,10,896,996,2,8,891,3,9,35,4,298,1951,32,2165,1002,1664,1341,194,281,383,429,429,493,615,569,0,0,0.0,0.0
CHOWAN,3,ROCKY HOCK,1505,186,0.0,1691.0,246,7,643,609,0,1,72,3,3,31,1,110,1470,19,1204,468,853,769,69,148,227,195,207,287,349,278,0,0,0.0,0.0
CHOWAN,4,CENTER HILL,776,81,0.0,857.0,277,5,245,249,0,3,296,2,1,13,0,61,481,11,587,259,434,378,45,75,106,107,121,151,167,130,0,0,0.0,0.0
CHOWAN,5,WARDVILLE,842,74,0.0,916.0,167,1,364,310,0,0,123,1,2,9,0,63,718,9,623,284,432,441,43,82,137,104,128,167,159,139,0,0,0.0,0.0
CHOWAN,6,YEOPIM,1395,157,0.0,1552.0,373,8,506,508,0,1,328,3,6,27,0,95,1092,11,1081,460,797,690,65,115,149,174,176,278,362,298,0,0,0.0,0.0
CLAY,BRAS,BRASSTOWN,832,95,0.0,927.0,108,4,416,304,0,0,6,3,1,6,0,39,872,5,570,352,452,430,45,71,88,114,99,169,205,181,0,0,0.0,0.0
CLAY,HAY1,HAYESVILLE ONE,1166,172,0.0,1338.0,162,7,572,425,0,4,9,2,2,14,0,57,1250,14,873,451,689,604,45,82,155,165,155,213,296,272,0,0,0.0,0.0
CLAY,HAY2,HAYESVILLE TWO,1536,203,0.0,1739.0,185,6,764,581,0,2,7,6,1,22,0,79,1622,24,1059,656,889,773,77,129,154,164,171,301,404,416,0,0,0.0,0.0
CLAY,HAYC,HAYESVILLE CENTRAL,414,67,0.0,481.0,61,2,215,136,0,1,3,0,0,8,0,30,439,7,309,165,247,205,29,32,45,55,70,65,111,103,0,0,0.0,0.0
CLAY,HIAW,HIAWASSEE,1513,228,0.0,1741.0,188,7,817,500,1,3,5,2,1,12,0,97,1621,14,1006,721,865,782,94,101,151,144,190,320,454,381,0,0,0.0,0.0
CLAY,SHCR,SHOOTING CREEK,1280,185,0.0,1465.0,128,1,735,416,0,6,4,0,0,10,0,72,1373,17,913,535,726,679,60,97,135,126,142,264,388,313,0,0,0.0,0.0
CLAY,SWEE,SWEETWATER,754,97,0.0,851.0,94,3,357,300,0,2,6,1,1,9,0,31,801,10,540,301,410,404,37,52,87,100,111,153,188,160,0,0,0.0,0.0
CLAY,TUSQ,TUSQUITTEE,688,76,0.0,764.0,72,3,338,275,0,0,0,0,2,3,0,36,723,8,470,286,374,358,32,53,58,70,86,122,183,192,0,0,0.0,0.0
CLAY,WARN,WARNE,771,122,0.0,893.0,93,6,384,287,1,1,3,2,1,7,0,52,827,10,563,320,434,413,46,57,78,96,117,135,215,195,0,0,0.0,0.0
CLEVELAND,BETHWR,BETHWARE,1657,242,0.0,1899.0,264,11,830,550,2,16,236,1,4,43,0,159,1440,29,1381,489,883,848,168,195,290,273,284,382,284,191,0,0,0.0,0.0
CLEVELAND,BR,BROAD RIVER,4329,603,0.0,4932.0,843,19,1958,1508,1,20,517,6,19,90,0,414,3866,68,3669,1195,2366,2155,411,532,847,693,695,915,720,530,0,0,0.0,0.0
CLEVELAND,CASAR,CASAR,1361,122,0.0,1483.0,143,5,795,418,0,6,3,3,1,12,0,109,1349,10,1181,292,696,679,108,138,197,186,211,281,244,226,0,0,0.0,0.0
CLEVELAND,FALSTN,FALLSTON,1506,172,0.0,1678.0,212,6,746,542,0,5,70,1,4,19,0,127,1452,13,1294,371,813,734,131,145,254,239,244,326,249,221,0,0,0.0,0.0
CLEVELAND,GROVER,GROVER,2933,485,0.0,3418.0,542,16,1514,861,0,42,455,3,6,69,0,315,2528,55,2459,904,1655,1434,329,324,542,515,529,677,484,347,0,0,0.0,0.0
CLEVELAND,KINGST,KINGSTOWN,739,113,0.0,852.0,364,1,167,206,1,0,422,0,3,14,0,57,356,12,658,182,426,367,59,63,104,129,103,151,168,134,0,0,0.0,0.0
CLEVELAND,KM N,KINGS MOUNTAIN NORTH,4467,702,0.0,5169.0,1110,39,1904,1413,1,27,1126,14,5,113,1,500,3383,105,3715,1349,2540,2114,515,470,831,735,786,909,772,666,0,0,0.0,0.0
CLEVELAND,KM S,KINGS MOUNTAIN SOUTH,4128,679,0.0,4807.0,1096,26,1665,1340,1,71,1118,6,9,144,1,454,3004,118,3425,1264,2371,1964,472,470,764,731,758,806,711,567,0,0,0.0,0.0
CLEVELAND,LATT,LATTIMORE,2502,345,0.0,2847.0,473,7,1162,858,2,10,241,3,10,82,1,249,2251,77,2075,695,1389,1242,216,306,448,377,412,477,438,389,0,0,0.0,0.0
CLEVELAND,LAWNDL,LAWNDALE,1541,193,0.0,1734.0,509,8,530,494,0,3,425,1,9,17,0,154,1125,16,1313,405,845,734,155,154,254,242,243,337,255,249,0,0,0.0,0.0
CLEVELAND,MRB-YO,MOORESBORO-YOUNG,1479,176,0.0,1655.0,239,16,733,491,0,0,117,1,1,19,0,142,1375,18,1228,409,800,701,154,147,237,238,251,322,264,196,0,0,0.0,0.0
CLEVELAND,MULLS,MULLS,1857,220,0.0,2077.0,287,6,986,578,0,4,47,3,4,28,0,206,1785,30,1541,506,976,893,208,182,269,292,327,409,335,263,0,0,0.0,0.0
CLEVELAND,OAKGRV,OAK GROVE,3334,410,0.0,3744.0,446,26,1780,1081,1,14,259,9,5,76,0,384,2997,66,2705,973,1724,1638,382,335,563,550,534,725,597,440,0,0,0.0,0.0
CLEVELAND,POLKVL,POLKVILLE,2284,266,0.0,2550.0,387,16,1063,818,0,16,94,0,5,33,0,212,2190,25,1913,612,1226,1123,201,229,348,360,382,486,420,325,0,0,0.0,0.0
CLEVELAND,RIPPY,RIPPY,3339,546,0.0,3885.0,866,18,1399,1054,2,7,743,8,15,86,1,334,2691,93,2787,1005,1915,1647,323,416,568,599,577,710,596,419,0,0,0.0,0.0
CLEVELAND,S C,SHELBY CENTRAL,5744,1174,0.0,6918.0,2095,25,1603,2018,3,48,2025,13,32,202,1,665,3932,183,4922,1813,3518,2790,610,594,1068,1041,918,1154,1171,972,0,0,0.0,0.0
CLEVELAND,S E,SHELBY EAST,2330,309,0.0,2639.0,838,8,763,720,1,18,758,1,12,38,0,246,1566,31,1917,691,1316,1095,228,210,359,353,325,466,491,435,0,0,0.0,0.0
CLEVELAND,S N,SHELBY NORTH,3977,684,0.0,4661.0,1435,14,1268,1258,2,15,1492,10,17,100,1,349,2677,102,3426,1133,2418,1920,323,395,685,591,606,814,812,758,0,0,0.0,0.0
CLEVELAND,S S,SHELBY SOUTH,5420,1024,0.0,6444.0,1921,22,1736,1739,2,42,2025,5,29,214,1,582,3546,182,4527,1735,3298,2557,589,613,1157,1015,896,1000,908,855,0,0,0.0,0.0
CLEVELAND,SHANGI,SHANGHAI,2380,361,0.0,2741.0,555,9,1033,783,0,12,391,6,10,39,1,207,2075,44,2091,606,1299,1238,204,248,375,344,409,492,461,412,0,0,0.0,0.0
CLEVELAND,WACO,WACO,2971,398,0.0,3369.0,704,9,1277,981,0,16,575,2,11,100,0,335,2330,81,2403,885,1610,1424,335,303,429,466,501,605,602,463,0,0,0.0,0.0
COLUMBUS,P02B,BOLTON,894,143,0.0,1037.0,416,6,185,287,0,4,412,242,7,18,1,68,285,11,783,243,513,454,70,102,173,130,120,199,165,148,0,0,0.0,0.0
COLUMBUS,P06,CERRO GORDO,775,108,0.0,883.0,182,0,284,309,0,2,163,9,1,13,0,61,634,14,708,161,443,382,58,62,142,128,136,149,145,121,0,0,0.0,0.0
COLUMBUS,P07,CHADBOURN,2698,435,0.0,3133.0,982,7,628,1079,2,2,1227,49,9,62,0,298,1486,53,2388,692,1568,1277,288,302,488,411,455,515,542,420,0,0,0.0,0.0
COLUMBUS,P117,BOGUE CREEK,2350,436,0.0,2786.0,904,5,602,839,0,0,946,99,8,86,1,199,1447,81,2118,587,1407,1173,206,283,423,362,346,511,433,428,0,0,0.0,0.0
COLUMBUS,P121,LEES,1672,266,0.0,1938.0,280,5,750,637,0,3,104,18,1,36,0,139,1637,43,1481,414,932,870,136,194,284,237,303,375,286,259,0,0,0.0,0.0
COLUMBUS,P14,RANSOM,3031,398,0.0,3429.0,1073,8,1088,861,1,7,1071,63,9,79,0,293,1907,80,2312,1037,1631,1479,319,323,542,493,485,558,556,472,0,0,0.0,0.0
COLUMBUS,P15,TATUM,2002,268,0.0,2270.0,625,5,653,717,2,0,734,28,3,23,1,184,1297,27,1743,500,1129,967,174,216,300,317,309,386,423,319,0,0,0.0,0.0
COLUMBUS,P16B,WACCAMAW,1573,212,0.0,1785.0,372,3,548,650,0,4,173,311,6,17,0,134,1140,21,1404,360,874,767,144,148,216,185,252,331,325,328,0,0,0.0,0.0
COLUMBUS,P19,WHITEVILLE 1,2177,347,0.0,2524.0,815,5,600,754,3,12,904,27,10,58,0,200,1313,61,1933,530,1318,995,211,232,343,335,348,412,418,436,0,0,0.0,0.0
COLUMBUS,P223,WHITEVILLE MID,2580,582,0.0,3162.0,939,5,689,947,0,6,1233,31,8,89,0,267,1528,66,2433,663,1617,1278,267,340,519,436,470,505,491,401,0,0,0.0,0.0
COLUMBUS,P22A,SOUTH WHITEVILLE,1781,260,0.0,2041.0,509,6,617,648,1,2,442,27,4,58,0,157,1351,51,1571,419,1033,861,147,198,283,284,284,357,327,308,0,0,0.0,0.0
COLUMBUS,P245,WILLIAMS,3008,457,0.0,3465.0,403,8,1401,1195,1,2,225,18,3,45,0,221,2951,48,2777,640,1698,1537,230,386,508,547,527,601,481,415,0,0,0.0,0.0
COLUMBUS,P26B,SOUTH WILLIAMS,2791,619,0.0,3410.0,964,12,912,903,0,6,1135,12,2,40,0,311,1904,39,2627,744,1713,1392,305,289,518,471,488,562,578,504,0,0,0.0,0.0
COLUMBUS,P534,NAKINA HILL,1870,309,0.0,2179.0,395,9,741,725,0,3,296,14,0,77,0,194,1595,83,1629,467,1072,946,161,223,367,285,321,400,324,259,0,0,0.0,0.0
COLUMBUS,P82,NW WHITEVILLE,1484,180,0.0,1664.0,409,7,501,567,0,6,425,20,7,25,1,121,1059,21,1293,350,830,716,118,150,250,236,229,301,273,225,0,0,0.0,0.0
COLUMBUS,P89,CHERRY BLUFF,1338,205,0.0,1543.0,375,4,447,512,0,2,448,8,2,19,0,111,953,19,1226,298,752,689,102,167,201,200,209,253,275,238,0,0,0.0,0.0
CRAVEN,02,HAVELOCK,8823,2236,0.0,11059.0,1672,94,3455,3593,9,239,1948,54,75,990,2,813,6938,898,6505,3656,5378,4925,756,1661,2549,1815,1391,1454,1399,790,0,0,0.0,0.0
CRAVEN,03,TRENT WOODS,3385,199,0.0,3584.0,518,20,1659,1187,1,26,46,4,5,51,0,143,3309,24,2576,984,1839,1580,165,261,368,474,454,549,762,716,0,0,0.0,0.0
CRAVEN,05,RIVER BEND,2318,235,0.0,2553.0,407,16,957,938,0,20,164,1,3,38,0,137,2190,38,1547,968,1302,1110,141,134,235,263,243,426,579,673,0,0,0.0,0.0
CRAVEN,07,JASPER,2095,229,0.0,2324.0,657,6,876,556,0,10,656,4,5,43,0,139,1467,35,1567,722,1181,997,146,215,316,320,305,405,444,319,0,0,0.0,0.0
CRAVEN,11,BRIDGETON,2543,355,0.0,2898.0,372,12,1263,894,2,5,219,10,7,70,0,179,2408,56,1886,956,1422,1306,170,237,384,338,450,560,535,394,0,0,0.0,0.0
CRAVEN,16,GRANTHAM 1A,3973,541,0.0,4514.0,690,42,1751,1489,1,51,427,3,18,148,2,287,3578,118,2850,1546,2245,1970,299,450,710,715,634,734,712,559,0,0,0.0,0.0
CRAVEN,17,CROATAN,2344,340,0.0,2684.0,314,24,1116,890,0,45,208,9,10,106,0,150,2156,99,1733,852,1342,1205,137,265,417,454,361,371,449,367,0,0,0.0,0.0
CRAVEN,19,HARLOWE,2960,370,0.0,3330.0,870,14,1114,960,2,18,1013,8,13,103,0,179,1996,85,2173,1072,1598,1541,191,274,461,439,490,641,598,427,0,0,0.0,0.0
CRAVEN,20,FAIRFIELD HARBOUR,3321,326,0.0,3647.0,560,13,1471,1276,1,24,147,5,8,79,1,158,3225,59,2109,1479,1832,1655,160,163,275,267,336,634,964,1008,0,0,0.0,0.0
CRAVEN,21,BRICES CREEK,3557,304,0.0,3861.0,526,21,1703,1303,4,48,290,7,10,110,1,183,3212,86,2346,1429,1893,1759,209,380,432,603,587,641,720,498,0,0,0.0,0.0
CRAVEN,23,GRANTHAM 2B,5645,864,0.0,6509.0,1064,35,2378,2164,4,86,642,8,14,192,0,383,5184,183,3878,2448,3288,2818,403,569,735,900,766,926,1331,1282,0,0,0.0,0.0
CRAVEN,CFB8,COVE-FORT BARNWELL,1358,159,0.0,1517.0,354,1,618,385,0,0,350,1,2,31,0,95,1038,35,1018,464,774,647,96,140,219,188,230,245,264,231,0,0,0.0,0.0
CRAVEN,CLR4,CLARKS-RHEMS,2735,375,0.0,3110.0,780,18,956,979,2,94,722,10,14,123,0,190,1957,102,1684,1324,1559,1335,216,274,542,447,430,450,553,414,0,0,0.0,0.0
CRAVEN,DFB9,DOVER-FORT BARNWELL,769,86,0.0,855.0,295,0,259,215,0,4,316,5,3,9,0,72,446,10,527,318,443,339,73,83,89,114,133,152,167,117,0,0,0.0,0.0
CRAVEN,N1,GEORGE STREET,1903,306,0.0,2209.0,661,9,454,779,0,22,516,8,5,44,0,224,1390,34,1247,928,1084,906,219,151,233,244,248,424,495,414,0,0,0.0,0.0
CRAVEN,N2,FORT TOTTEN,2097,438,0.0,2535.0,1032,9,290,763,3,49,1244,3,8,65,0,380,786,50,1345,1140,1289,881,365,261,419,375,294,393,473,320,0,0,0.0,0.0
CRAVEN,N3N5,GLENBURNIE-GROVER C,3290,576,0.0,3866.0,1264,20,827,1177,2,164,1095,8,18,155,1,363,2062,144,2164,1558,2013,1511,342,340,598,580,556,586,684,522,0,0,0.0,0.0
CRAVEN,N4,H.J. MACDONALD,4347,889,0.0,5236.0,1579,32,1164,1565,7,256,1527,8,20,264,1,427,2733,247,2799,2190,2814,1997,425,550,1099,803,554,656,861,713,0,0,0.0,0.0
CRAVEN,N6,WEST NEW BERN,4439,601,0.0,5040.0,1202,26,1506,1703,2,155,854,12,16,142,0,332,3529,104,3098,1838,2656,2035,349,415,734,583,502,652,920,1234,0,0,0.0,0.0
CRAVEN,TE13,TRUITT-ERNUL,1280,133,0.0,1413.0,191,8,687,391,3,3,102,2,2,20,0,82,1202,23,1004,386,665,654,94,121,191,215,212,248,244,182,0,0,0.0,0.0
CRAVEN,VE14,VAN-EP,3856,526,0.0,4382.0,1093,16,1644,1101,2,5,1115,11,6,106,0,280,2859,101,3041,1240,2203,1867,312,412,727,611,604,741,723,564,0,0,0.0,0.0
CUMBERLAND,AH49,ARRAN HILLS,2697,771,0.0,3468.0,1222,20,464,987,4,44,1676,22,21,282,1,458,964,292,1914,1262,1743,1301,424,304,771,629,484,482,481,317,0,0,0.0,0.0
CUMBERLAND,AL51-1,ALDERMAN1,1664,222,0.0,1886.0,387,9,653,615,0,24,365,38,13,122,0,151,1173,119,1111,656,918,808,160,205,283,382,319,319,224,154,0,0,0.0,0.0
CUMBERLAND,AL51-2,ALDERMAN2,2194,302,0.0,2496.0,631,16,745,798,4,15,731,52,7,133,1,232,1325,121,1496,879,1157,1097,242,298,310,440,467,448,329,204,0,0,0.0,0.0
CUMBERLAND,AL51-3,ALDERMAN3,1496,200,0.0,1696.0,263,8,683,542,0,12,236,39,6,76,0,126,1201,60,1097,539,782,786,128,170,243,250,280,315,275,163,0,0,0.0,0.0
CUMBERLAND,CC01,CROSS CREEK 01,1905,549,0.0,2454.0,1108,10,142,641,4,22,1610,22,25,91,0,387,297,74,1241,1139,1283,780,391,238,442,426,315,344,390,299,0,0,0.0,0.0
CUMBERLAND,CC03,CROSS CREEK 03,1512,621,0.0,2133.0,529,13,316,653,1,53,806,9,28,201,3,341,692,206,996,931,983,824,326,227,703,432,250,248,178,95,0,0,0.0,0.0
CUMBERLAND,CC04,CROSS CREEK 04,1010,294,0.0,1304.0,304,8,264,434,0,24,250,13,12,85,1,134,785,73,736,495,650,526,128,117,264,228,192,193,175,135,0,0,0.0,0.0
CUMBERLAND,CC06,CROSS CREEK 06,1019,254,0.0,1273.0,299,11,273,433,3,11,294,16,8,52,2,144,746,51,726,496,624,496,153,99,229,229,169,200,202,145,0,0,0.0,0.0
CUMBERLAND,CC07,CROSS CREEK 07,906,186,0.0,1092.0,241,5,263,395,2,13,103,10,12,50,1,86,817,58,664,370,556,444,92,72,217,212,142,151,158,140,0,0,0.0,0.0
CUMBERLAND,CC08,CROSS CREEK 08,1261,195,0.0,1456.0,354,10,459,438,0,25,197,5,9,52,1,101,1066,49,898,509,706,637,113,129,189,255,194,218,233,238,0,0,0.0,0.0
CUMBERLAND,CC10,CROSS CREEK 10,938,202,0.0,1140.0,395,5,210,325,3,14,456,8,13,66,0,132,451,49,667,424,569,433,138,113,178,193,165,163,165,163,0,0,0.0,0.0
CUMBERLAND,CC12,CROSS CREEK 12,1557,191,0.0,1748.0,334,14,652,556,1,34,101,6,7,80,0,124,1396,71,1123,554,835,786,127,150,236,326,265,294,245,232,0,0,0.0,0.0
CUMBERLAND,CC13,CROSS CREEK 13,1621,615,0.0,2236.0,756,7,77,780,1,11,1251,11,24,86,0,715,138,80,952,1204,931,589,716,833,534,201,154,197,199,118,0,0,0.0,0.0
CUMBERLAND,CC14,CROSS CREEK 14,2316,581,0.0,2897.0,611,18,727,958,2,83,629,28,24,187,1,320,1625,139,1656,1102,1413,1169,315,262,572,478,419,456,403,307,0,0,0.0,0.0
CUMBERLAND,CC15,CROSS CREEK 15,2201,473,0.0,2674.0,668,13,726,794,0,77,564,21,13,142,1,211,1645,126,1662,886,1435,1023,216,210,477,393,312,390,427,465,0,0,0.0,0.0
CUMBERLAND,CC16,CROSS CREEK 16,1550,311,0.0,1861.0,1046,4,57,440,3,3,1502,6,13,50,0,211,76,46,1107,708,944,692,225,171,281,260,230,290,248,381,0,0,0.0,0.0
CUMBERLAND,CC17,CROSS CREEK 17,1995,493,0.0,2488.0,1133,9,169,683,1,8,1619,8,18,128,0,357,350,115,1334,1039,1231,903,354,250,418,391,339,394,413,283,0,0,0.0,0.0
CUMBERLAND,CC18,CROSS CREEK 18,1395,252,0.0,1647.0,346,7,513,529,0,37,278,19,8,81,1,138,1085,75,1029,543,837,678,132,146,215,237,221,271,280,277,0,0,0.0,0.0
CUMBERLAND,CC21,CROSS CREEK 21,2901,846,0.0,3747.0,1285,22,443,1146,5,48,1851,32,38,216,1,524,1037,211,1978,1558,1878,1316,553,392,815,663,497,514,496,370,0,0,0.0,0.0
CUMBERLAND,CC22A,CROSS CREEK 22,3660,1109,0.0,4769.0,1555,39,705,1357,4,71,2095,30,56,305,2,587,1623,333,2532,1904,2409,1769,591,526,1126,783,598,635,659,442,0,0,0.0,0.0
CUMBERLAND,CC23-2,CROSS CREEK 23-2,2503,579,0.0,3082.0,886,18,613,982,4,92,1182,16,28,216,2,316,1230,206,1683,1193,1510,1218,354,361,595,581,496,452,361,236,0,0,0.0,0.0
CUMBERLAND,CC24,CROSS CREEK 24,1261,480,0.0,1741.0,483,8,243,526,1,32,720,17,14,159,0,267,532,154,845,742,879,607,255,193,484,323,189,228,194,130,0,0,0.0,0.0
CUMBERLAND,CC25,CROSS CREEK 25,1605,504,0.0,2109.0,600,13,325,665,2,66,801,6,29,162,3,271,771,172,1096,841,1037,820,252,190,509,393,251,266,265,235,0,0,0.0,0.0
CUMBERLAND,CC26,CROSS CREEK 26,2869,838,0.0,3707.0,1389,20,393,1065,2,104,1822,20,40,305,2,549,865,275,1900,1532,1791,1404,512,378,878,619,435,494,497,406,0,0,0.0,0.0
CUMBERLAND,CC27,CROSS CREEK 27,3285,1366,0.0,4651.0,1467,25,422,1365,6,74,2299,26,52,399,3,730,1068,425,2271,1955,2247,1689,715,489,1298,947,615,606,474,222,0,0,0.0,0.0
CUMBERLAND,CC29,CROSS CREEK 29,1738,616,0.0,2354.0,758,8,295,674,3,39,1070,19,20,222,1,308,675,220,1210,924,1200,871,283,248,594,396,278,312,296,230,0,0,0.0,0.0
CUMBERLAND,CC31,CROSS CREEK 31,1700,442,0.0,2142.0,593,19,388,699,1,16,708,39,23,181,1,281,893,201,1116,825,1063,825,254,219,409,341,290,323,329,231,0,0,0.0,0.0
CUMBERLAND,CC32,CROSS CREEK 32,1136,381,0.0,1517.0,519,6,162,448,1,31,822,7,13,121,0,242,281,105,772,640,728,560,229,196,377,282,196,165,154,147,0,0,0.0,0.0
CUMBERLAND,CC33,CROSS CREEK 33,2037,507,0.0,2544.0,864,17,400,756,0,74,1090,12,24,216,1,353,774,215,1364,965,1251,985,308,236,432,399,339,375,384,379,0,0,0.0,0.0
CUMBERLAND,CC34,CROSS CREEK 34,1804,323,0.0,2127.0,518,5,582,697,2,164,451,21,25,197,0,166,1103,136,1320,671,1099,864,164,193,380,318,284,354,326,272,0,0,0.0,0.0
CUMBERLAND,CC519,CROSS CREEK 519,2371,738,0.0,3109.0,1319,13,177,857,5,16,2053,18,37,146,4,466,369,135,1598,1376,1564,1064,481,310,647,571,420,485,406,270,0,0,0.0,0.0
CUMBERLAND,CL57-1,CLIFFDALE WEST-1-CL57,2730,666,0.0,3396.0,1269,21,410,1027,3,73,1695,23,39,312,1,417,836,303,1816,1277,1748,1277,371,280,778,640,442,484,530,242,0,0,0.0,0.0
CUMBERLAND,CL57-2,CLIFFDALE WEST-2-CL57,2727,623,0.0,3350.0,1380,20,333,993,1,34,1899,16,45,246,4,392,714,255,1867,1228,1612,1378,360,358,616,608,467,540,502,259,0,0,0.0,0.0
CUMBERLAND,CU02,CUMBERLAND 2,1576,357,0.0,1933.0,576,9,362,629,0,18,682,26,30,188,0,219,770,182,1085,666,944,764,225,177,355,323,273,299,306,200,0,0,0.0,0.0
CUMBERLAND,EO01,EASTOVER 1,2892,406,0.0,3298.0,817,16,1030,1026,3,28,808,44,22,154,1,241,2000,106,2074,1118,1620,1407,271,352,442,497,509,540,515,443,0,0,0.0,0.0
CUMBERLAND,EO02,EASTOVER 2,2089,283,0.0,2372.0,629,11,824,625,0,9,679,30,13,100,0,153,1388,80,1436,856,1174,1025,173,290,282,380,387,413,361,259,0,0,0.0,0.0
CUMBERLAND,G10A,STONEY POINT 2-G10,4706,991,0.0,5697.0,1429,37,1347,1889,4,248,1626,75,35,474,1,631,2607,423,3205,2069,2766,2383,548,748,821,878,1021,1140,681,408,0,0,0.0,0.0
CUMBERLAND,G10B,HOPE MILLS 4-G10,2573,504,0.0,3077.0,906,15,666,986,0,31,1020,45,25,218,1,344,1393,196,1771,1110,1557,1206,314,301,543,551,455,496,449,282,0,0,0.0,0.0
CUMBERLAND,G10C,STONEY POINT 1-G10,3812,778,0.0,4590.0,1044,19,1168,1577,4,144,1125,85,34,377,2,508,2315,364,2552,1674,2183,1943,464,677,640,811,955,740,468,299,0,0,0.0,0.0
CUMBERLAND,G11B,MANCHESTER-G11,4006,2086,0.0,6092.0,787,70,1181,1964,4,169,1090,32,66,873,18,1245,2599,1029,2330,2733,2128,3017,947,1193,3007,1157,374,177,132,52,0,0,0.0,0.0
CUMBERLAND,G1A,CROSS CREEK 02-G1,1932,475,0.0,2407.0,870,11,334,715,2,28,1196,74,19,126,2,342,620,126,1234,1047,1141,927,339,260,436,430,339,373,343,226,0,0,0.0,0.0
CUMBERLAND,G1B,JUDSON-VANDER-G1,3739,543,0.0,4282.0,1053,22,1401,1258,5,32,1130,66,28,221,5,296,2504,189,2567,1526,2157,1808,317,468,562,638,650,806,705,453,0,0,0.0,0.0
CUMBERLAND,G2A,CROSS CREEK 09-G2,3801,860,0.0,4661.0,1812,20,636,1327,6,68,2404,29,44,282,2,425,1407,238,2805,1618,2347,1878,436,446,873,749,565,703,736,589,0,0,0.0,0.0
CUMBERLAND,G2C-1,CROSS CREEK 23-1-G2,2644,624,0.0,3268.0,1053,21,536,1031,3,38,1351,23,24,229,1,381,1221,222,1852,1194,1693,1211,364,337,651,606,455,459,458,302,0,0,0.0,0.0
CUMBERLAND,G2E-1,WESTAREA-1-G2,1806,501,0.0,2307.0,915,12,249,630,0,22,1342,15,19,132,1,283,493,139,1221,947,1169,843,295,268,466,434,313,305,335,186,0,0,0.0,0.0
CUMBERLAND,G2E-2,WESTAREA-2-G2,2161,796,0.0,2957.0,1080,13,221,845,2,23,1747,23,28,189,3,440,504,174,1570,1213,1461,1026,470,322,777,514,396,361,357,230,0,0,0.0,0.0
CUMBERLAND,G3A-1,PEARCES MILL 2A-G3,3262,945,0.0,4207.0,1455,17,527,1261,2,39,2126,70,35,328,2,525,1082,340,2275,1592,2150,1533,524,519,858,823,696,617,446,248,0,0,0.0,0.0
CUMBERLAND,G3A-2C,PEARCES MILL 2C,2416,631,0.0,3047.0,942,9,531,932,2,28,1237,52,29,245,0,408,1048,281,1605,1161,1542,1106,399,337,624,520,440,463,405,258,0,0,0.0,0.0
CUMBERLAND,G3B,CROSS CREEK 11-G3,1109,320,0.0,1429.0,426,4,256,420,3,14,573,21,18,85,0,243,475,96,717,616,667,555,207,137,275,268,205,224,190,130,0,0,0.0,0.0
CUMBERLAND,G3C,PEARCES MILL 3-G3,1239,268,0.0,1507.0,412,8,343,475,1,17,473,34,14,73,1,162,733,75,911,521,707,635,165,135,240,246,203,267,235,181,0,0,0.0,0.0
CUMBERLAND,G4A,CROSS CREEK 30-G4,1317,351,0.0,1668.0,489,12,294,521,1,24,568,19,20,143,1,207,686,116,903,649,814,626,228,166,305,292,229,256,251,169,0,0,0.0,0.0
CUMBERLAND,G4B,CROSS CREEK 20-G4,1499,323,0.0,1822.0,495,8,396,599,1,24,560,35,12,115,0,251,825,139,992,691,896,693,233,161,292,286,241,309,328,205,0,0,0.0,0.0
CUMBERLAND,G4C,PEARCES MILL 4-G4,1670,539,0.0,2209.0,691,7,274,697,1,49,1015,39,22,175,0,353,556,209,1091,909,1046,847,316,223,494,458,380,306,239,109,0,0,0.0,0.0
CUMBERLAND,G5A-1,AUMAN-1-G5,2283,491,0.0,2774.0,1121,13,289,860,0,49,1493,20,31,204,2,332,643,163,1562,1049,1399,1073,302,337,481,482,388,410,394,282,0,0,0.0,0.0
CUMBERLAND,G5A-2,AUMAN-2-G5,2029,354,0.0,2383.0,882,9,443,694,1,47,1107,21,26,188,1,228,765,178,1427,778,1247,922,214,213,383,388,312,413,410,264,0,0,0.0,0.0
CUMBERLAND,G5B-1,CROSS CREEK 28-1-G5,2652,811,0.0,3463.0,1496,10,229,913,4,58,2172,17,42,212,1,502,459,217,1820,1426,1812,1189,462,402,752,612,428,447,448,374,0,0,0.0,0.0
CUMBERLAND,G5B-2,CROSS CREEK 28-2-G5,1974,525,0.0,2499.0,1054,8,248,664,0,56,1452,16,25,187,3,297,463,183,1399,917,1232,967,300,249,541,433,288,410,383,195,0,0,0.0,0.0
CUMBERLAND,G5C,BRENTWOOD-G5,1841,587,0.0,2428.0,794,15,284,744,4,24,1132,23,21,198,1,336,693,203,1288,937,1175,934,319,254,541,450,327,323,315,218,0,0,0.0,0.0
CUMBERLAND,G6A,STEDMAN-G6,4501,599,0.0,5100.0,971,22,2007,1498,3,36,916,87,18,205,3,374,3461,175,3088,1837,2476,2199,425,543,686,878,759,912,806,516,0,0,0.0,0.0
CUMBERLAND,G6B,BEAVER DAM-G6,1071,108,0.0,1179.0,257,6,512,296,0,0,166,13,2,25,2,76,895,27,801,351,560,534,85,112,145,149,175,218,212,168,0,0,0.0,0.0
CUMBERLAND,G6C,CEDAR CREEK-G6,1764,258,0.0,2022.0,470,17,667,607,3,5,485,56,10,82,0,168,1216,66,1222,734,974,863,185,194,263,285,311,354,355,260,0,0,0.0,0.0
CUMBERLAND,G7A,BLACK RIVER-G7,1182,209,0.0,1391.0,233,6,598,345,0,8,214,7,5,53,1,90,1013,39,942,410,659,624,108,145,191,186,188,243,241,197,0,0,0.0,0.0
CUMBERLAND,G7B,WADE-G7,1122,156,0.0,1278.0,236,5,503,378,0,6,183,18,4,39,0,89,939,25,822,431,621,553,104,150,139,213,209,226,196,145,0,0,0.0,0.0
CUMBERLAND,G8A,CUMBERLAND 4-G8,3184,813,0.0,3997.0,1240,21,649,1271,3,58,1643,57,37,318,3,477,1404,282,2251,1464,1941,1567,489,442,828,751,591,622,496,267,0,0,0.0,0.0
CUMBERLAND,G8B,CUMBERLAND 1A-G8,2634,594,0.0,3228.0,773,24,669,1166,2,134,971,22,25,377,2,390,1307,337,1704,1187,1589,1301,338,502,476,720,603,497,285,145,0,0,0.0,0.0
CUMBERLAND,G8C,CUMBERLAND 3-G8,2035,525,0.0,2560.0,756,13,459,805,2,31,1006,45,20,199,1,330,928,236,1332,992,1253,979,328,261,477,429,399,394,376,224,0,0,0.0,0.0
CUMBERLAND,G8D,HOPE MILLS 1A-G8,2567,571,0.0,3138.0,793,19,717,1034,4,32,883,34,33,291,0,354,1511,325,1756,1057,1582,1232,324,300,605,526,474,540,445,248,0,0,0.0,0.0
CUMBERLAND,G9A-3,HOPE MILLS 3A,2500,549,0.0,3049.0,872,16,632,978,2,37,1065,50,23,230,2,327,1315,216,1724,1109,1518,1196,335,339,578,491,486,532,373,250,0,0,0.0,0.0
CUMBERLAND,G9B-1,HOPE MILLS 2A-G9,4131,941,0.0,5072.0,1300,23,1184,1623,1,42,1606,119,38,360,2,573,2332,364,2872,1836,2373,2110,589,662,857,909,850,843,640,311,0,0,0.0,0.0
CUMBERLAND,G9B-2,HOPE MILLS 2B-G9,4458,852,0.0,5310.0,1402,34,1316,1702,4,89,1680,123,39,403,4,521,2451,378,3047,1885,2561,2226,523,742,854,1016,1007,879,512,300,0,0,0.0,0.0
CUMBERLAND,LI65,LINDEN,3384,443,0.0,3827.0,775,23,1409,1177,0,48,733,36,26,210,2,300,2472,178,2450,1199,1777,1719,331,400,537,575,600,682,656,377,0,0,0.0,0.0
CUMBERLAND,LO66A,LONGHILL,4088,790,0.0,4878.0,1471,22,1057,1537,1,143,1752,23,31,370,0,467,2092,298,2852,1728,2407,1990,481,526,769,808,724,823,798,430,0,0,0.0,0.0
CUMBERLAND,LR63,LAKE RIM,4315,1187,0.0,5502.0,2053,32,549,1678,3,89,2925,36,54,551,5,696,1146,518,2849,2135,2731,2147,624,588,1252,1125,791,687,744,315,0,0,0.0,0.0
CUMBERLAND,MB62,MONTIBELLO,2501,803,0.0,3304.0,1172,14,322,990,3,59,1755,22,38,269,3,501,657,293,1596,1415,1579,1251,474,345,832,701,470,435,372,149,0,0,0.0,0.0
CUMBERLAND,MR02,MORGANTON RD 2,2488,812,0.0,3300.0,998,21,435,1033,1,104,1409,22,40,343,1,479,902,307,1665,1328,1590,1268,442,327,833,556,437,388,367,392,0,0,0.0,0.0
CUMBERLAND,SH77,SHERWOOD,2713,470,0.0,3183.0,823,13,909,966,2,25,907,58,22,138,1,296,1736,158,1927,1098,1580,1313,290,404,441,516,594,544,409,275,0,0,0.0,0.0
CUMBERLAND,SL78-3,SPRING LAKE 3,4089,1452,0.0,5541.0,1869,29,620,1566,5,87,2738,37,53,511,5,680,1430,499,2801,2241,2761,2115,665,649,1502,975,680,680,636,419,0,0,0.0,0.0
CURRITUCK,CB,CAROVA BEACH,266,25,0.0,291.0,38,2,108,118,0,0,0,0,1,5,0,17,268,2,104,185,137,144,10,14,17,19,34,80,78,49,0,0,0.0,0.0
CURRITUCK,CH,COURTHOUSE,3843,748,0.0,4591.0,331,31,1852,1627,2,21,137,12,8,89,1,233,4090,43,1925,2623,2225,2135,231,434,556,763,678,837,817,506,0,0,0.0,0.0
CURRITUCK,CO,COINJOCK,968,171,0.0,1139.0,120,3,372,472,1,6,95,0,2,21,0,105,910,16,460,663,532,502,105,100,167,146,160,212,207,147,0,0,0.0,0.0
CURRITUCK,EM,EAST MOYOCK,3294,482,0.0,3776.0,352,24,1570,1348,0,23,228,3,6,117,1,198,3200,63,1497,2216,1801,1791,184,311,472,836,620,644,585,308,0,0,0.0,0.0
CURRITUCK,GW,GIBBS WOODS,307,50,0.0,357.0,33,6,156,112,0,3,3,0,1,5,0,12,333,2,190,165,174,171,12,23,57,51,52,62,70,42,0,0,0.0,0.0
CURRITUCK,IR,INDIAN RIDGE,1225,167,0.0,1392.0,172,7,566,479,1,3,118,4,4,23,0,79,1161,10,596,786,696,617,79,120,190,195,231,281,213,162,0,0,0.0,0.0
CURRITUCK,KI,KNOTTS ISLAND,972,160,0.0,1132.0,72,7,480,412,1,5,2,1,0,13,0,61,1050,11,479,642,549,523,60,85,137,190,133,223,240,124,0,0,0.0,0.0
CURRITUCK,PB,POPLAR BRANCH,3767,593,0.0,4360.0,500,18,1537,1712,0,15,156,7,12,97,0,368,3705,67,1637,2656,2067,1891,402,395,511,570,654,780,863,587,0,0,0.0,0.0
CURRITUCK,PP,POWELLS POINT,1718,255,0.0,1973.0,267,12,655,784,0,5,73,3,4,43,0,163,1682,28,696,1249,936,863,174,162,207,255,273,374,389,313,0,0,0.0,0.0
CURRITUCK,WH,WHALEHEAD,989,155,0.0,1144.0,181,2,351,455,0,11,14,0,3,21,0,54,1041,12,343,789,536,561,47,48,103,103,111,230,348,201,0,0,0.0,0.0
CURRITUCK,WM,WEST MOYOCK,3929,627,0.0,4556.0,469,37,1791,1631,1,50,385,11,22,118,1,286,3683,73,1799,2684,2239,2029,288,466,678,901,770,796,630,315,0,0,0.0,0.0
DARE,AVON,AVON,818,122,0.0,940.0,154,6,300,358,0,2,2,1,0,13,0,54,868,7,396,537,433,455,52,54,79,113,140,192,239,123,0,0,0.0,0.0
DARE,BUX,BUXTON,1124,130,0.0,1254.0,198,5,445,475,1,4,4,2,3,36,0,82,1123,28,588,638,602,583,69,124,146,177,185,220,253,149,0,0,0.0,0.0
DARE,CHCA,CHICAMACOMICO,726,137,0.0,863.0,162,7,236,321,0,4,4,2,1,7,0,63,782,4,317,542,390,418,55,57,79,122,129,187,180,109,0,0,0.0,0.0
DARE,COL,COLINGTON,3496,433,0.0,3929.0,609,30,1276,1579,2,17,31,4,8,89,0,209,3571,49,1566,2314,1907,1801,221,327,395,525,549,714,929,490,0,0,0.0,0.0
DARE,DUCK,DUCK,701,81,0.0,782.0,146,7,237,311,0,7,5,0,1,10,0,30,729,3,283,496,406,344,32,29,62,51,57,178,210,195,0,0,0.0,0.0
DARE,EL,EAST LAKE,93,6,0.0,99.0,12,1,33,47,0,0,2,0,0,2,0,6,89,2,45,52,52,40,7,7,13,19,13,18,19,10,0,0,0.0,0.0
DARE,FRCO,FRISCO,746,67,0.0,813.0,133,4,288,321,0,1,1,2,2,14,0,41,752,12,402,399,404,372,37,52,75,94,101,168,221,102,0,0,0.0,0.0
DARE,HAT,HATTERAS,501,79,0.0,580.0,101,3,215,182,0,0,2,0,0,4,0,38,536,1,324,255,287,258,35,37,53,59,73,112,158,88,0,0,0.0,0.0
DARE,KDH,KILL DEVIL HILLS,5751,777,0.0,6528.0,1047,47,1895,2756,6,35,83,10,10,197,0,364,5829,114,2422,3992,3196,2960,372,489,839,1015,1022,1245,1136,782,0,0,0.0,0.0
DARE,KTHK,KITTY HAWK,3021,379,0.0,3400.0,481,15,1124,1398,3,13,20,1,9,63,1,182,3111,30,1402,1968,1695,1525,180,316,376,431,508,598,682,489,0,0,0.0,0.0
DARE,MATO,MANTEO,4799,459,0.0,5258.0,1053,23,1632,2090,1,13,340,6,12,175,0,253,4459,125,2421,2712,2675,2308,275,496,570,657,733,907,1027,868,0,0,0.0,0.0
DARE,MH,MANNS HARBOR,454,54,0.0,508.0,74,3,154,223,0,2,4,1,1,15,0,35,450,11,255,242,259,218,31,43,62,80,65,82,110,66,0,0,0.0,0.0
DARE,NGHD,NAGS HEAD,2598,223,0.0,2821.0,498,11,864,1225,0,11,20,3,5,40,0,114,2628,24,1149,1648,1354,1338,129,189,295,325,352,557,664,439,0,0,0.0,0.0
DARE,SOSH,SOUTHERN SHORES,3390,236,0.0,3626.0,617,11,1151,1608,3,18,14,3,6,36,0,160,3389,25,1493,2108,1813,1643,170,251,285,318,412,688,858,814,0,0,0.0,0.0
DARE,STPT,STUMPY POINT,150,11,0.0,161.0,22,0,75,53,0,0,1,0,0,2,0,5,153,1,71,89,74,81,6,11,16,23,23,28,30,30,0,0,0.0,0.0
DARE,WAN,WANCHESE,1018,134,0.0,1152.0,135,2,504,377,0,0,5,0,2,25,0,75,1045,19,602,531,559,514,79,105,152,174,191,202,182,146,0,0,0.0,0.0
DAVIDSON,04,ARCADIA #04,5996,558,0.0,6554.0,959,33,2944,2056,4,45,529,13,13,179,0,391,5384,159,4636,1759,3227,2877,450,564,785,996,1000,1124,1146,939,0,0,0.0,0.0
DAVIDSON,06,BOONE #06,3116,426,0.0,3542.0,384,8,1632,1091,1,10,154,5,1,106,0,345,2921,125,2376,1041,1660,1522,360,411,608,582,507,612,495,327,0,0,0.0,0.0
DAVIDSON,08,CENTRAL #08,993,117,0.0,1110.0,172,4,442,375,0,3,73,3,3,41,0,75,912,37,814,259,553,466,91,104,174,161,137,182,180,172,0,0,0.0,0.0
DAVIDSON,10,COTTON GROVE  #10,2508,340,0.0,2848.0,368,14,1259,867,0,30,166,3,8,91,0,223,2327,76,1945,827,1332,1253,263,294,401,402,408,530,461,352,0,0,0.0,0.0
DAVIDSON,12,DENTON #12,873,141,0.0,1014.0,66,4,495,308,0,4,25,3,1,24,0,68,889,20,621,373,520,433,61,102,206,127,151,163,157,108,0,0,0.0,0.0
DAVIDSON,14,EMMONS # 14,1834,221,0.0,2055.0,114,11,1167,542,0,6,9,4,5,33,0,154,1844,31,1351,673,982,932,141,178,266,291,298,378,324,320,0,0,0.0,0.0
DAVIDSON,16,GUMTREE # 16,2974,334,0.0,3308.0,344,17,1689,924,0,28,85,8,3,95,0,241,2848,109,2277,922,1584,1445,279,328,474,483,464,624,524,411,0,0,0.0,0.0
DAVIDSON,18,HEALING SPRINGS #18,2149,190,0.0,2339.0,176,9,1261,703,0,8,18,9,0,18,0,166,2120,18,1600,721,1085,1073,181,145,287,265,319,523,457,343,0,0,0.0,0.0
DAVIDSON,20,HOLLY GROVE #20,2635,291,0.0,2926.0,254,15,1514,852,0,6,48,4,3,56,0,219,2590,55,2052,819,1392,1281,253,275,425,415,451,537,465,358,0,0,0.0,0.0
DAVIDSON,22,LEXINGTON 1 #22,946,163,0.0,1109.0,134,9,468,335,0,10,62,2,4,43,0,116,872,48,714,347,508,487,114,130,182,165,158,194,135,145,0,0,0.0,0.0
DAVIDSON,24,LEXINGTON 2 #24,1741,238,0.0,1979.0,322,3,764,652,0,47,207,6,5,109,0,198,1407,118,1286,575,957,823,199,212,352,325,299,340,239,212,0,0,0.0,0.0
DAVIDSON,26,LEXINGTON 3 #26,1187,183,0.0,1370.0,250,6,551,380,0,28,194,7,7,48,0,101,985,36,924,410,681,569,120,140,214,214,202,224,207,169,0,0,0.0,0.0
DAVIDSON,28,LEXINGTON 4 #28,2654,390,0.0,3044.0,414,14,1298,928,0,41,306,6,6,109,0,238,2338,96,2127,821,1477,1334,233,284,515,500,409,514,456,366,0,0,0.0,0.0
DAVIDSON,30,DUNBAR #30,1540,427,0.0,1967.0,829,4,226,480,1,18,1023,4,12,128,0,201,581,162,1189,616,1082,724,161,221,352,304,211,301,340,238,0,0,0.0,0.0
DAVIDSON,32,ROBBINS #32,1286,298,0.0,1584.0,447,7,336,495,1,19,422,3,7,163,0,203,767,178,892,514,793,621,170,207,313,224,231,255,193,161,0,0,0.0,0.0
DAVIDSON,34,WESLEY HEIGHTS #34,1612,345,0.0,1957.0,530,9,467,606,0,81,466,4,5,197,0,194,1010,187,1175,595,1005,788,164,219,314,285,250,336,311,242,0,0,0.0,0.0
DAVIDSON,36,GRIMES #36,1093,240,0.0,1333.0,357,11,281,443,1,12,244,1,5,81,0,131,859,92,851,390,653,571,109,126,235,175,167,224,210,196,0,0,0.0,0.0
DAVIDSON,38,EASTSIDE #38,1045,312,0.0,1357.0,524,7,181,331,2,14,679,7,11,121,0,141,384,136,757,464,711,541,105,177,281,194,176,222,194,113,0,0,0.0,0.0
DAVIDSON,40,MUNICIPAL #40,1832,268,0.0,2100.0,548,7,623,652,2,23,366,3,10,119,0,145,1434,105,1427,568,1070,877,153,174,321,257,262,327,393,366,0,0,0.0,0.0
DAVIDSON,42,LIBERTY #42,2459,306,0.0,2765.0,155,16,1548,740,0,5,36,4,3,50,0,210,2457,45,1848,872,1303,1240,222,294,437,346,436,533,419,300,0,0,0.0,0.0
DAVIDSON,44,MIDWAY #44,3650,386,0.0,4036.0,562,12,2018,1057,1,21,418,3,6,59,1,222,3306,55,2882,1099,1962,1821,253,380,483,645,587,719,677,545,0,0,0.0,0.0
DAVIDSON,46,NORTH DAVIDSON # 46,2442,280,0.0,2722.0,274,15,1373,780,0,9,120,4,4,54,1,162,2368,48,1999,675,1315,1220,187,253,388,404,355,548,456,318,0,0,0.0,0.0
DAVIDSON,48,REEDS/YADKIN COLLEGE #48,2339,348,0.0,2687.0,264,10,1333,731,1,12,65,6,1,43,0,164,2396,47,1978,662,1305,1219,163,256,391,360,365,524,436,355,0,0,0.0,0.0
DAVIDSON,50,REEDY CREEK #50,3480,401,0.0,3881.0,330,24,2084,1042,0,13,64,9,8,60,1,259,3467,68,2790,1023,1895,1712,274,355,598,540,629,749,573,437,0,0,0.0,0.0
DAVIDSON,52,SILVER HILL #52,4333,565,0.0,4898.0,492,18,2375,1447,1,21,114,6,6,85,0,327,4339,88,3550,1260,2337,2199,362,465,721,657,715,925,808,607,0,0,0.0,0.0
DAVIDSON,54,SILVER VALLEY #54,1779,221,0.0,2000.0,109,4,1113,553,0,4,13,3,2,18,0,175,1785,23,1310,667,950,897,153,184,276,299,277,401,314,249,0,0,0.0,0.0
DAVIDSON,56,SOUTH DAVIDSON #56,1273,164,0.0,1437.0,83,5,798,387,0,3,4,3,1,17,0,122,1287,20,905,512,643,671,123,121,186,194,212,276,247,201,0,0,0.0,0.0
DAVIDSON,58,SOUTHMONT #58,3232,517,0.0,3749.0,372,24,1775,1060,1,11,134,9,2,62,0,274,3257,55,2607,1087,1779,1672,298,302,454,424,515,782,759,513,0,0,0.0,0.0
DAVIDSON,60,THOMASVILLE 1 #60,3940,722,0.0,4662.0,938,29,1553,1418,2,54,727,12,24,354,1,545,2945,428,2754,1480,2268,1906,488,551,782,742,687,821,608,471,0,0,0.0,0.0
DAVIDSON,62,THOMASVILLE 2 #62,1448,405,0.0,1853.0,611,4,323,508,2,15,735,3,8,161,0,303,628,184,980,689,865,719,269,268,394,240,261,299,240,151,0,0,0.0,0.0
DAVIDSON,64,THOMASVILLE 3 #64,1349,322,0.0,1671.0,662,5,228,452,2,2,859,5,5,98,0,248,454,116,921,634,861,595,215,186,333,243,221,254,236,198,0,0,0.0,0.0
DAVIDSON,66,THOMASVILLE 4 #66,1553,301,0.0,1854.0,408,12,590,543,0,12,378,2,13,134,0,224,1091,163,1046,645,883,748,223,207,352,249,256,311,295,184,0,0,0.0,0.0
DAVIDSON,68,THOMASVILLE 5 #68,1881,412,0.0,2293.0,544,11,736,590,0,23,512,6,14,168,0,280,1290,191,1303,799,1166,864,263,232,431,322,298,355,335,320,0,0,0.0,0.0
DAVIDSON,70,THOMASVILLE 7 #70,2244,246,0.0,2490.0,240,11,1314,678,1,25,116,6,2,69,0,212,2060,71,1700,719,1190,1090,210,230,378,370,364,454,377,317,0,0,0.0,0.0
DAVIDSON,72,THOMASVILLE 8 #72,2942,317,0.0,3259.0,355,14,1595,978,0,29,177,15,5,157,0,258,2618,146,2176,937,1521,1456,282,417,455,465,570,573,416,363,0,0,0.0,0.0
DAVIDSON,74,THOMASVILLE 9 #74,3618,420,0.0,4038.0,433,16,2093,1074,2,13,121,14,7,93,0,340,3450,100,2731,1207,1981,1708,349,380,554,518,553,747,632,654,0,0,0.0,0.0
DAVIDSON,76,THOMASVILLE 10 #76,2985,346,0.0,3331.0,347,11,1657,970,0,24,134,10,2,91,0,283,2787,90,2186,1055,1594,1445,292,301,502,483,521,578,533,413,0,0,0.0,0.0
DAVIDSON,78,TYRO #78,3357,400,0.0,3757.0,411,19,1809,1115,3,11,154,8,6,89,2,269,3218,88,2672,997,1819,1647,291,369,629,567,538,693,572,389,0,0,0.0,0.0
DAVIDSON,80A,WALLBURG #80A,5322,499,0.0,5821.0,504,25,3157,1635,1,44,137,7,4,101,0,412,5116,92,4095,1634,2775,2577,469,580,654,858,941,1046,1017,725,0,0,0.0,0.0
DAVIDSON,82,WELCOME #82,2824,316,0.0,3140.0,293,11,1587,933,0,39,108,5,3,50,0,224,2711,41,2253,846,1510,1373,257,304,484,491,461,582,455,363,0,0,0.0,0.0
DAVIDSON,84,WEST ARCADIA #84,5637,570,0.0,6207.0,906,24,2786,1918,3,43,373,8,9,146,0,483,5145,155,4270,1782,3031,2643,533,483,732,864,822,1139,1175,992,0,0,0.0,0.0
DAVIDSON,86A,ABBOTTS CREEK 1 #86A,3334,554,0.0,3888.0,779,20,1271,1259,5,95,669,9,14,218,0,393,2490,154,2417,1317,1920,1545,423,419,653,645,620,655,501,395,0,0,0.0,0.0
DAVIDSON,88,ABBOTTS CREEK 2 #88,2451,306,0.0,2757.0,381,8,1240,822,0,63,213,5,4,127,1,254,2090,92,1789,876,1278,1225,254,255,329,369,368,519,471,446,0,0,0.0,0.0
DAVIE,01,NORTH CALAHALN,1169,141,0.0,1310.0,156,4,637,372,0,8,123,1,1,32,0,106,1039,38,891,381,619,608,83,95,199,199,188,271,172,186,0,0,0.0,0.0
DAVIE,02,SOUTH CALAHALN,1084,120,0.0,1204.0,126,4,604,350,0,1,56,2,5,24,0,81,1035,37,848,319,589,541,74,107,183,196,160,217,207,134,0,0,0.0,0.0
DAVIE,03,CLARKSVILLE,2621,238,0.0,2859.0,216,13,1529,862,1,2,93,1,5,74,0,202,2482,96,1967,796,1348,1348,163,279,409,364,431,552,469,355,0,0,0.0,0.0
DAVIE,04,COOLEEMEE,1669,310,0.0,1979.0,240,13,837,577,2,5,178,3,2,103,0,151,1537,123,1286,570,967,868,144,214,345,308,268,361,281,202,0,0,0.0,0.0
DAVIE,05,FARMINGTON,2595,217,0.0,2812.0,266,14,1454,861,0,10,80,3,7,57,0,165,2490,50,1997,765,1372,1254,186,265,378,287,381,520,538,443,0,0,0.0,0.0
DAVIE,06,FULTON,1634,144,0.0,1778.0,191,5,934,504,0,4,80,1,5,33,0,118,1537,37,1258,483,865,800,113,158,206,268,271,285,335,255,0,0,0.0,0.0
DAVIE,07,JERUSALEM,1645,214,0.0,1859.0,222,10,894,518,1,5,147,1,2,52,0,140,1512,56,1317,486,913,818,128,179,292,246,251,348,292,251,0,0,0.0,0.0
DAVIE,08,NORTH MOCKS-CITY,2096,357,0.0,2453.0,493,10,821,771,1,15,425,6,13,168,0,224,1602,200,1514,739,1329,961,163,241,412,364,327,362,395,352,0,0,0.0,0.0
DAVIE,09,SOUTH MOCKSVILLE,2298,328,0.0,2626.0,351,7,1106,833,1,16,247,3,11,117,0,192,2040,146,1730,750,1275,1171,180,293,459,354,388,449,388,295,0,0,0.0,0.0
DAVIE,10,EAST SHADY GROVE,2672,241,0.0,2913.0,270,7,1390,1003,2,9,73,5,6,55,0,190,2575,59,2055,799,1362,1329,222,277,349,482,447,571,455,332,0,0,0.0,0.0
DAVIE,11,WEST SHADY GROVE,1619,168,0.0,1787.0,147,6,947,518,1,1,40,1,3,34,0,113,1595,47,1301,439,871,800,116,135,239,229,251,364,329,240,0,0,0.0,0.0
DAVIE,12,SMITH GROVE,3588,347,0.0,3935.0,389,12,1927,1259,1,29,146,8,7,84,0,237,3424,94,2831,1010,1914,1774,247,382,477,484,606,746,626,614,0,0,0.0,0.0
DAVIE,13,HILLSDALE,3276,289,0.0,3565.0,493,20,1572,1190,1,47,137,2,11,72,0,274,3022,70,2332,1163,1820,1485,260,207,372,345,392,556,640,1053,0,0,0.0,0.0
DAVIE,14,NORTH MOCKS-COUNTY,2377,242,0.0,2619.0,293,8,1194,879,3,13,137,4,4,79,0,185,2197,89,1837,693,1282,1169,168,245,337,393,332,492,492,328,0,0,0.0,0.0
DUPLIN,ALBE,ALBERTSON,1245,240,0.0,1485.0,234,9,531,471,0,3,89,2,6,220,1,188,976,289,726,470,697,672,116,241,304,196,202,205,199,138,0,0,0.0,0.0
DUPLIN,BEUL,BEULAVILLE,2699,360,0.0,3059.0,413,9,1298,979,0,9,286,3,11,91,0,257,2402,102,1804,1153,1491,1290,278,300,430,477,421,488,510,433,0,0,0.0,0.0
DUPLIN,CALY,CALYPSO,657,74,0.0,731.0,124,0,238,295,0,5,79,1,3,51,0,60,532,60,446,225,352,330,49,86,86,93,118,117,135,96,0,0,0.0,0.0
DUPLIN,CFRK,CEDAR FORK,665,109,0.0,774.0,57,3,334,271,0,1,18,4,1,17,0,73,660,24,455,295,365,345,64,83,121,96,104,128,126,116,0,0,0.0,0.0
DUPLIN,CHAR,CHARITY,1197,167,0.0,1364.0,498,1,323,374,1,0,538,4,1,84,1,183,553,104,785,475,647,556,161,156,193,200,175,240,221,179,0,0,0.0,0.0
DUPLIN,CHIN,CHINQUAPIN,829,102,0.0,931.0,159,7,362,301,0,3,143,3,8,22,0,69,683,18,578,335,457,402,72,73,157,118,125,167,141,150,0,0,0.0,0.0
DUPLIN,CYCK,CYPRESS CREEK,1204,126,0.0,1330.0,162,4,563,474,1,2,133,1,1,19,0,96,1078,20,856,454,641,578,111,140,200,172,189,263,208,158,0,0,0.0,0.0
DUPLIN,FAIS,FAISON,1196,197,0.0,1393.0,412,3,331,449,1,2,387,6,6,152,0,162,678,204,751,438,679,574,140,192,233,157,189,224,222,176,0,0,0.0,0.0
DUPLIN,GLIS,GLISSON,673,90,0.0,763.0,117,3,244,309,0,1,40,3,2,72,0,90,555,96,439,228,362,332,69,102,136,115,92,122,110,86,0,0,0.0,0.0
DUPLIN,HALL,HALLSVILLE,1294,208,0.0,1502.0,351,1,461,481,0,1,371,2,7,71,0,150,900,82,837,583,707,645,150,188,223,235,206,225,246,179,0,0,0.0,0.0
DUPLIN,KENA,KENANSVILLE,2743,481,0.0,3224.0,1080,8,695,957,3,10,1192,5,18,147,0,334,1518,197,1844,1183,1603,1334,287,342,444,449,423,580,553,433,0,0,0.0,0.0
DUPLIN,MAGN,MAGNOLIA,1196,261,0.0,1457.0,469,6,344,376,1,0,477,4,3,179,0,226,568,268,721,468,716,609,132,223,264,179,193,168,268,162,0,0,0.0,0.0
DUPLIN,ROSE,ROSE HILL,1433,260,0.0,1693.0,517,3,454,458,1,5,552,5,2,133,0,194,802,172,963,558,837,712,144,219,278,200,204,253,300,239,0,0,0.0,0.0
DUPLIN,SMCA,SMITH/CABIN,1168,158,0.0,1326.0,198,3,476,491,0,0,137,2,5,44,0,114,1024,52,797,477,645,561,120,152,217,205,190,215,212,135,0,0,0.0,0.0
DUPLIN,WARS,WARSAW,2716,604,0.0,3320.0,1276,7,556,876,1,8,1589,5,10,236,0,492,980,311,1725,1284,1652,1239,429,381,579,460,427,539,508,426,0,0,0.0,0.0
DUPLIN,WLLC,WALLACE,5506,872,0.0,6378.0,1710,20,1969,1806,1,14,1691,9,24,361,1,654,3624,426,3740,2212,3126,2633,619,658,851,801,785,1016,1113,1154,0,0,0.0,0.0
DUPLIN,WOLF,WOLFSCRAPE,1390,234,0.0,1624.0,251,5,544,590,0,1,89,3,10,210,0,174,1137,298,894,432,774,748,102,230,268,249,212,256,226,183,0,0,0.0,0.0
DURHAM,01,01,1004,249,0.0,1253.0,594,4,51,354,1,26,300,4,8,61,0,195,659,89,731,433,563,545,145,114,284,243,179,178,180,75,0,0,0.0,0.0
DURHAM,02,02,3602,790,0.0,4392.0,1510,9,106,1973,4,337,530,7,124,123,1,1472,1798,268,1945,2179,1651,1393,1348,1907,1117,525,256,271,199,117,0,0,0.0,0.0
DURHAM,03,03,2185,1190,0.0,3375.0,1264,6,73,841,1,235,150,9,71,97,1,616,2196,183,1925,1267,1683,1154,538,350,1737,541,220,193,207,127,0,0,0.0,0.0
DURHAM,04,04,1498,238,0.0,1736.0,905,3,55,534,1,49,98,2,14,60,0,175,1338,55,1189,492,887,721,128,113,285,387,289,234,249,179,0,0,0.0,0.0
DURHAM,05,05,5049,2009,0.0,7058.0,2279,15,203,2548,4,1008,1303,13,240,243,3,2040,2208,574,3406,3078,2985,2280,1793,2784,2932,499,235,241,215,152,0,0,0.0,0.0
DURHAM,06,06,1695,356,0.0,2051.0,1025,4,66,599,1,55,427,5,25,104,1,249,1185,120,1258,673,982,848,221,180,503,404,247,252,270,195,0,0,0.0,0.0
DURHAM,07,07,2400,870,0.0,3270.0,1365,8,77,948,2,126,302,4,66,131,1,502,2138,177,1836,1257,1472,1353,445,302,1475,588,309,260,208,128,0,0,0.0,0.0
DURHAM,08,08,2659,731,0.0,3390.0,1606,10,74,965,4,154,1116,13,56,140,0,399,1512,162,1978,1250,1671,1332,387,207,1143,680,380,345,402,233,0,0,0.0,0.0
DURHAM,09,09,2395,279,0.0,2674.0,1416,2,109,867,1,61,605,13,18,94,0,200,1683,83,1863,728,1363,1110,201,216,394,506,437,380,402,339,0,0,0.0,0.0
DURHAM,10,10,2396,659,0.0,3055.0,1307,10,92,986,1,151,1024,10,47,149,1,435,1238,160,1603,1292,1446,1194,415,200,1293,633,282,262,252,133,0,0,0.0,0.0
DURHAM,12,12,647,143,0.0,790.0,367,4,23,251,2,10,474,4,8,40,0,127,127,46,391,353,333,333,124,75,196,149,129,121,77,43,0,0,0.0,0.0
DURHAM,13,13,957,239,0.0,1196.0,501,4,28,424,0,6,804,2,12,44,0,262,66,61,562,573,553,401,242,177,258,243,175,160,126,57,0,0,0.0,0.0
DURHAM,14,14,2298,438,0.0,2736.0,1177,3,129,986,3,50,1354,11,35,175,0,653,458,226,1277,1233,1135,1041,560,392,541,593,419,382,271,138,0,0,0.0,0.0
DURHAM,15,15,1297,310,0.0,1607.0,722,5,47,521,2,29,712,2,13,112,0,324,415,147,779,681,738,584,285,163,429,340,210,215,158,92,0,0,0.0,0.0
DURHAM,17,17,3634,866,0.0,4500.0,1971,10,135,1515,3,142,1397,11,53,220,2,756,1919,224,2410,1866,2061,1731,708,305,1370,1124,558,516,391,236,0,0,0.0,0.0
DURHAM,18,18,1976,526,0.0,2502.0,1112,14,79,770,1,19,1250,6,31,265,2,527,402,347,1153,1002,1106,944,452,379,595,454,330,325,251,168,0,0,0.0,0.0
DURHAM,19,19,2979,508,0.0,3487.0,1720,6,161,1088,4,51,1532,3,31,238,3,511,1118,294,1861,1332,1739,1291,457,355,798,777,495,494,369,199,0,0,0.0,0.0
DURHAM,20,20,1891,372,0.0,2263.0,1159,6,43,681,2,43,271,3,26,100,0,244,1576,123,1425,715,1122,921,220,170,628,578,306,240,219,122,0,0,0.0,0.0
DURHAM,21,21,1567,268,0.0,1835.0,924,3,61,577,2,23,269,3,21,71,0,200,1248,84,1149,602,960,677,198,82,365,541,295,208,204,140,0,0,0.0,0.0
DURHAM,22,22,3949,911,0.0,4860.0,2444,13,171,1317,4,31,2805,5,50,292,0,747,930,374,2548,1938,2484,1705,671,593,949,964,636,649,631,438,0,0,0.0,0.0
DURHAM,23,23,6165,997,0.0,7162.0,3724,13,339,2080,9,171,3986,20,70,434,0,998,1483,494,4021,2647,3694,2562,906,794,1491,1372,1029,955,818,703,0,0,0.0,0.0
DURHAM,24,24,3570,581,0.0,4151.0,1789,16,458,1304,3,78,1018,4,31,238,0,407,2375,251,2613,1287,2179,1585,387,288,689,667,468,464,548,1027,0,0,0.0,0.0
DURHAM,25,25,3031,295,0.0,3326.0,1095,16,713,1203,4,39,485,4,26,167,1,295,2309,177,2298,851,1638,1419,269,285,431,512,428,514,610,546,0,0,0.0,0.0
DURHAM,26,26,1337,118,0.0,1455.0,384,8,446,499,0,2,198,2,5,32,0,103,1113,28,1036,391,729,617,109,97,158,204,185,252,300,259,0,0,0.0,0.0
DURHAM,27,27,3094,419,0.0,3513.0,1409,12,354,1317,2,159,275,1,17,134,0,350,2577,112,2180,1221,1817,1384,312,192,617,587,411,377,472,857,0,0,0.0,0.0
DURHAM,28,28,3434,371,0.0,3805.0,1070,21,907,1436,0,58,594,7,16,100,1,326,2703,93,2658,1054,1831,1656,318,295,385,480,561,640,820,624,0,0,0.0,0.0
DURHAM,29,29,3948,609,0.0,4557.0,1876,15,620,1435,2,44,1735,6,46,385,1,603,1737,518,2517,1522,2182,1899,476,551,813,749,699,699,576,470,0,0,0.0,0.0
DURHAM,30-2,30-2,7047,1052,0.0,8099.0,4097,25,493,2426,6,111,4376,12,74,516,0,1026,1984,646,4577,2876,4043,3167,889,802,1702,1629,1268,1277,916,505,0,0,0.0,0.0
DURHAM,30-3,30-3,4867,784,0.0,5651.0,2474,24,507,1859,3,170,2323,13,55,458,3,764,1865,567,3141,1943,2777,2235,639,578,1206,1221,873,776,587,410,0,0,0.0,0.0
DURHAM,30-4,30-4,4982,665,0.0,5647.0,2400,23,530,2027,2,299,2038,17,43,294,1,633,2322,289,3281,2077,2713,2295,639,378,1048,1434,1080,868,566,273,0,0,0.0,0.0
DURHAM,31,31,7023,1247,0.0,8270.0,3276,27,722,2990,8,435,2773,22,69,551,2,975,3443,540,4596,3134,4110,3147,1013,663,2490,1966,1071,969,668,443,0,0,0.0,0.0
DURHAM,32,32,7660,573,0.0,8233.0,2467,32,1592,3565,4,433,810,22,32,426,1,851,5658,314,4776,3143,4098,3228,907,300,1191,1053,669,1153,1867,2000,0,0,0.0,0.0
DURHAM,33-1,33-1,5735,975,0.0,6710.0,2427,33,750,2519,6,261,1971,20,46,407,2,860,3143,346,3714,2650,3262,2532,916,369,1923,1290,773,782,874,699,0,0,0.0,0.0
DURHAM,33-2,33-2,5246,1546,0.0,6792.0,2307,26,455,2446,12,493,2367,31,54,468,1,913,2465,356,3554,2882,3236,2559,997,490,2745,1431,783,722,423,198,0,0,0.0,0.0
DURHAM,34-1,34-1,3215,484,0.0,3699.0,1827,12,187,1186,3,128,1543,9,31,221,0,420,1347,249,2192,1258,1881,1416,402,312,957,775,456,472,425,302,0,0,0.0,0.0
DURHAM,34-2,34-2,5136,1050,0.0,6186.0,2936,25,246,1920,9,318,2991,10,54,351,1,810,1651,387,3462,2337,3159,2269,758,678,1624,1361,781,762,562,418,0,0,0.0,0.0
DURHAM,35-4,35-4,4590,363,0.0,4953.0,2083,16,477,2012,2,398,996,19,39,285,0,390,2826,158,3188,1607,2388,2198,367,416,564,924,900,851,761,537,0,0,0.0,0.0
DURHAM,35-5,35-5,4286,546,0.0,4832.0,2142,11,381,1749,3,236,1215,13,56,247,0,494,2571,247,3093,1492,2404,1961,467,367,831,1007,673,751,636,567,0,0,0.0,0.0
DURHAM,36,36,2396,596,0.0,2992.0,1341,5,144,901,5,77,852,4,30,196,1,404,1428,266,1721,1005,1483,1188,321,315,789,708,365,315,315,185,0,0,0.0,0.0
DURHAM,37,37,5890,707,0.0,6597.0,2590,11,898,2387,4,252,816,16,48,279,2,564,4620,259,4368,1970,3396,2678,523,464,1027,1171,889,952,1072,1022,0,0,0.0,0.0
DURHAM,38,38,6607,1688,0.0,8295.0,3179,20,592,2808,8,374,2106,14,80,480,1,915,4325,502,4738,3055,4348,3095,852,707,2859,1479,913,725,835,777,0,0,0.0,0.0
DURHAM,40,40,1905,432,0.0,2337.0,1118,9,118,660,0,36,604,10,29,93,1,244,1320,117,1402,818,1078,1058,201,138,485,613,428,291,240,142,0,0,0.0,0.0
DURHAM,41,41,1191,177,0.0,1368.0,845,4,15,326,1,8,977,3,5,78,1,183,113,87,800,481,708,498,162,119,244,211,146,201,212,235,0,0,0.0,0.0
DURHAM,42,42,1107,213,0.0,1320.0,747,3,19,336,2,5,924,1,14,58,1,196,121,69,778,473,631,523,166,160,226,195,166,162,223,188,0,0,0.0,0.0
DURHAM,43,43,6554,881,0.0,7435.0,3250,15,630,2658,1,335,755,23,60,308,1,628,5325,224,4909,2302,3748,3092,595,625,1451,1104,1044,893,1010,1308,0,0,0.0,0.0
DURHAM,44,44,6339,586,0.0,6925.0,2676,29,1039,2592,3,183,1382,16,57,303,1,525,4458,252,4725,1948,3461,2955,509,560,885,1147,1017,1149,1149,1018,0,0,0.0,0.0
DURHAM,45,45,4911,485,0.0,5396.0,2210,19,834,1841,7,132,1014,15,34,232,0,438,3531,239,3674,1483,2812,2213,371,434,735,907,700,875,925,820,0,0,0.0,0.0
DURHAM,46,46,2829,656,0.0,3485.0,1535,14,237,1039,4,74,1241,8,36,277,0,479,1370,343,1931,1211,1772,1316,397,326,829,746,464,423,394,303,0,0,0.0,0.0
DURHAM,47,47,1687,315,0.0,2002.0,1138,2,62,485,0,33,1310,2,16,137,0,248,256,161,1161,680,1006,781,215,202,446,371,213,268,250,252,0,0,0.0,0.0
DURHAM,50,50,3592,875,0.0,4467.0,1719,10,366,1494,3,223,883,9,43,231,1,504,2573,235,2684,1548,2197,1817,453,346,1350,897,550,509,502,313,0,0,0.0,0.0
DURHAM,51,51,5170,637,0.0,5807.0,2658,19,370,2119,4,301,971,14,52,231,1,468,3769,217,3851,1739,3008,2306,493,336,1244,1380,877,758,754,458,0,0,0.0,0.0
DURHAM,52,52,3084,662,0.0,3746.0,1893,7,132,1045,7,41,2101,8,41,340,1,662,552,457,1896,1393,1846,1400,500,533,833,646,521,488,463,262,0,0,0.0,0.0
DURHAM,53-2,53-2,4547,771,0.0,5318.0,2068,15,410,2049,5,299,600,15,35,245,2,534,3588,225,3143,1950,2711,2073,534,415,1434,941,652,630,607,639,0,0,0.0,0.0
DURHAM,54,54,6744,1640,0.0,8384.0,3523,26,455,2736,4,358,2831,23,87,443,1,988,3653,457,4720,3207,4331,3087,966,644,2736,1912,996,795,666,635,0,0,0.0,0.0
DURHAM,55-11,55-11,1498,289,0.0,1787.0,919,2,29,546,2,12,1165,3,23,67,0,314,203,67,964,756,855,635,297,198,387,369,215,243,205,170,0,0,0.0,0.0
DURHAM,55-49,55-49,1671,1373,0.0,3044.0,524,5,5,1136,1,6,1331,2,35,19,0,1622,29,48,754,2242,1021,468,1555,2268,652,35,28,26,17,18,0,0,0.0,0.0
DURHAM,56,56,4651,632,0.0,5283.0,2275,11,488,1876,1,134,970,8,38,159,1,417,3556,161,3615,1507,2665,2249,369,503,745,888,796,834,762,755,0,0,0.0,0.0
DURHAM,57,57,4627,997,0.0,5624.0,2220,12,370,2016,9,245,1066,8,47,300,0,558,3400,270,3473,1881,2846,2203,575,402,1351,1284,869,678,600,440,0,0,0.0,0.0
EDGECOMBE,0101,TARBORO 1,1669,312,0.0,1981.0,1196,7,133,332,1,0,1464,1,2,40,0,195,279,36,1274,671,1022,763,196,187,295,286,272,333,375,233,0,0,0.0,0.0
EDGECOMBE,0102,TARBORO 2,2621,452,0.0,3073.0,1458,10,523,629,1,5,1480,10,12,64,1,268,1233,73,2024,976,1649,1134,290,247,423,410,363,489,549,592,0,0,0.0,0.0
EDGECOMBE,0103,TARBORO 3,1923,299,0.0,2222.0,928,4,529,462,0,7,867,0,4,54,0,154,1136,45,1545,632,1187,867,168,204,299,321,291,361,396,350,0,0,0.0,0.0
EDGECOMBE,0104,TARBORO 4,1897,304,0.0,2201.0,981,9,404,501,2,5,1016,5,6,38,0,171,960,45,1517,639,1174,846,181,217,319,328,305,316,413,303,0,0,0.0,0.0
EDGECOMBE,0201,CONETOE,994,157,0.0,1151.0,480,2,298,213,1,0,491,3,3,30,0,87,537,44,775,332,564,495,92,97,129,171,161,215,235,143,0,0,0.0,0.0
EDGECOMBE,0301,SPEED,360,47,0.0,407.0,193,1,94,72,0,2,167,0,0,9,0,23,206,10,292,105,216,173,18,35,39,56,56,79,80,62,0,0,0.0,0.0
EDGECOMBE,0401,LAWRENCE,557,62,0.0,619.0,310,2,139,106,0,0,312,1,1,6,0,38,261,9,423,187,320,259,40,47,88,77,94,120,123,70,0,0,0.0,0.0
EDGECOMBE,0501,LEGGETT,509,114,0.0,623.0,260,6,127,116,0,2,256,1,0,35,0,72,257,47,379,197,302,261,60,79,95,107,74,93,101,74,0,0,0.0,0.0
EDGECOMBE,0601,WHITAKERS,789,121,0.0,910.0,485,2,134,167,1,1,558,2,4,10,0,80,255,9,617,284,452,376,82,59,107,108,128,187,200,121,0,0,0.0,0.0
EDGECOMBE,0701,BATTLEBORO,1313,291,0.0,1604.0,815,5,205,288,0,1,1012,5,2,39,0,175,370,43,1062,499,764,658,182,149,222,216,242,265,305,205,0,0,0.0,0.0
EDGECOMBE,0801,OLD SPARTA,1308,209,0.0,1517.0,490,5,483,328,2,0,425,0,2,50,0,125,915,52,1043,422,771,625,121,176,213,234,194,285,242,173,0,0,0.0,0.0
EDGECOMBE,0901,MACCLESFIELD,1009,161,0.0,1170.0,315,4,407,282,1,8,206,1,3,31,0,69,852,31,807,332,577,511,82,114,178,143,180,186,207,162,0,0,0.0,0.0
EDGECOMBE,1001,PINETOPS,1791,306,0.0,2097.0,804,8,543,435,1,0,833,3,7,53,0,136,1065,62,1481,554,1091,859,147,198,324,304,284,361,340,286,0,0,0.0,0.0
EDGECOMBE,1101,LEWIS,845,135,0.0,980.0,353,1,302,188,1,1,305,2,1,31,0,75,565,31,681,268,463,447,70,95,150,129,142,149,190,125,0,0,0.0,0.0
EDGECOMBE,1201,ROCKY MOUNT 1,3776,642,0.0,4418.0,2318,10,103,1343,2,3,3115,6,15,71,1,1039,168,63,2473,1882,1992,1428,998,439,839,766,578,646,702,448,0,0,0.0,0.0
EDGECOMBE,1202,ROCKY MOUNT 2,1930,378,0.0,2308.0,1121,4,52,752,1,11,1574,3,9,30,0,597,84,26,1209,1073,1010,732,566,224,424,426,291,374,362,207,0,0,0.0,0.0
EDGECOMBE,1203,WEST EDGECOMBE,2848,430,0.0,3278.0,1302,3,752,789,2,7,1521,6,7,102,0,376,1259,99,2175,1004,1641,1243,394,353,506,452,505,546,527,389,0,0,0.0,0.0
EDGECOMBE,1204,ROCKY MOUNT 4,1514,240,0.0,1754.0,1012,0,58,444,0,1,1327,2,4,14,0,322,84,18,1067,669,874,571,309,157,322,284,212,252,262,265,0,0,0.0,0.0
EDGECOMBE,1205,ROCKY MOUNT 5,1065,231,0.0,1296.0,644,0,34,387,0,1,937,4,2,15,0,304,33,14,718,564,570,439,287,107,210,221,182,232,202,142,0,0,0.0,0.0
EDGECOMBE,1301,TEMPERANCE HALL,1075,135,0.0,1210.0,303,6,459,307,0,2,259,1,2,22,0,79,845,19,874,317,597,520,93,133,177,151,185,201,207,156,0,0,0.0,0.0
EDGECOMBE,1401,SHARPSBURG,904,123,0.0,1027.0,193,3,430,278,0,1,167,2,1,26,0,113,717,27,675,325,490,424,113,109,169,129,177,172,153,118,0,0,0.0,0.0
FORSYTH,012,012,2840,266,0.0,3106.0,555,15,1264,1005,1,37,249,6,11,175,0,267,2361,180,2054,872,1484,1349,273,325,449,417,456,572,498,389,0,0,0.0,0.0
FORSYTH,013,013,3745,480,0.0,4225.0,973,26,1394,1349,3,61,723,6,17,157,0,337,2924,190,2884,1151,2100,1791,334,436,705,595,653,748,573,515,0,0,0.0,0.0
FORSYTH,014,014,2087,271,0.0,2358.0,452,7,836,791,1,30,275,5,9,70,0,175,1794,90,1639,629,1185,987,186,194,345,265,300,407,407,440,0,0,0.0,0.0
FORSYTH,015,015,4279,490,0.0,4769.0,1153,24,1477,1622,3,77,914,6,13,201,1,397,3160,191,3126,1452,2363,1929,477,390,930,819,703,823,663,441,0,0,0.0,0.0
FORSYTH,016,016,2605,392,0.0,2997.0,723,17,841,1022,2,49,591,6,11,143,0,234,1963,167,1985,845,1511,1238,248,274,506,495,485,519,387,331,0,0,0.0,0.0
FORSYTH,017,017,1931,230,0.0,2161.0,538,6,667,717,3,15,393,7,10,97,0,197,1442,117,1428,616,1058,905,198,229,359,348,299,404,317,205,0,0,0.0,0.0
FORSYTH,021,021,3702,287,0.0,3989.0,533,23,1880,1266,0,14,205,5,9,86,1,310,3359,107,2774,1108,1838,1795,356,324,494,529,583,817,740,502,0,0,0.0,0.0
FORSYTH,031,031,1859,221,0.0,2080.0,508,10,751,590,0,9,423,5,7,66,0,197,1373,79,1389,612,1007,874,199,171,285,307,277,357,387,296,0,0,0.0,0.0
FORSYTH,032,032,3016,399,0.0,3415.0,889,21,1107,998,1,29,739,3,10,167,1,294,2172,156,2358,901,1744,1385,286,278,530,551,501,566,536,453,0,0,0.0,0.0
FORSYTH,033,033,2250,395,0.0,2645.0,883,20,576,771,0,9,973,9,16,178,0,303,1157,239,1591,815,1367,996,282,286,481,431,322,453,396,276,0,0,0.0,0.0
FORSYTH,034,034,2124,359,0.0,2483.0,599,19,804,702,0,17,501,8,6,137,0,256,1558,173,1626,684,1231,998,254,240,458,371,362,379,350,323,0,0,0.0,0.0
FORSYTH,042,042,3368,625,0.0,3993.0,1291,19,873,1183,2,42,1335,12,34,280,0,461,1829,362,2459,1172,2020,1528,445,394,820,733,557,597,529,363,0,0,0.0,0.0
FORSYTH,043,043,2677,515,0.0,3192.0,787,14,835,1038,3,14,735,14,16,359,1,406,1647,481,1790,921,1529,1319,344,408,671,464,418,480,444,307,0,0,0.0,0.0
FORSYTH,051,051,3037,411,0.0,3448.0,721,18,1093,1202,3,87,371,9,16,180,0,236,2549,162,2374,912,1746,1447,255,303,506,594,458,562,510,515,0,0,0.0,0.0
FORSYTH,052,052,1152,97,0.0,1249.0,247,6,425,474,0,15,50,1,5,33,0,73,1072,30,910,309,666,496,87,93,127,158,176,213,231,251,0,0,0.0,0.0
FORSYTH,053,053,2756,274,0.0,3030.0,512,18,1217,1008,1,66,239,9,6,99,0,224,2387,89,2111,830,1452,1339,239,252,374,469,449,524,562,400,0,0,0.0,0.0
FORSYTH,054,054,2523,186,0.0,2709.0,535,10,965,1011,2,38,142,4,2,83,0,151,2289,62,2042,605,1346,1202,161,251,278,365,392,474,520,429,0,0,0.0,0.0
FORSYTH,055,055,3696,400,0.0,4096.0,782,20,1384,1510,0,164,284,10,20,212,0,284,3122,165,2855,1076,2024,1820,252,419,498,564,600,742,637,636,0,0,0.0,0.0
FORSYTH,061,061,2133,339,0.0,2472.0,575,9,766,783,0,19,405,9,13,132,0,198,1696,163,1616,693,1295,984,193,198,401,370,316,402,404,381,0,0,0.0,0.0
FORSYTH,062,062,1820,181,0.0,2001.0,371,8,776,665,0,15,199,3,7,47,0,139,1591,59,1426,516,940,904,157,187,255,286,272,394,337,270,0,0,0.0,0.0
FORSYTH,063,063,3625,443,0.0,4068.0,766,19,1524,1311,5,26,563,8,16,144,0,307,3004,138,2863,1067,2016,1731,321,401,574,610,581,719,673,510,0,0,0.0,0.0
FORSYTH,064,064,1203,171,0.0,1374.0,287,13,409,491,3,15,164,1,14,68,0,106,1006,85,954,335,675,587,112,96,269,205,177,200,236,191,0,0,0.0,0.0
FORSYTH,065,065,4074,384,0.0,4458.0,940,20,1578,1534,2,63,585,10,14,163,1,283,3339,159,3145,1154,2320,1824,314,386,577,551,556,807,808,773,0,0,0.0,0.0
FORSYTH,066,066,2440,330,0.0,2770.0,488,11,1057,882,2,23,273,6,12,197,0,246,2013,238,1774,758,1394,1139,237,290,425,369,386,515,412,373,0,0,0.0,0.0
FORSYTH,067,067,1686,391,0.0,2077.0,461,10,580,635,0,11,392,2,7,109,1,190,1365,112,1395,570,1080,796,201,165,378,320,257,326,308,323,0,0,0.0,0.0
FORSYTH,068,068,2573,320,0.0,2893.0,532,16,1048,975,2,15,369,6,8,71,0,207,2217,72,2105,716,1362,1285,246,285,482,450,443,590,413,230,0,0,0.0,0.0
FORSYTH,071,071,3508,367,0.0,3875.0,798,16,1267,1425,2,84,310,0,14,131,0,275,3061,138,2715,1022,1954,1654,267,376,537,584,515,692,642,529,0,0,0.0,0.0
FORSYTH,073,073,3399,238,0.0,3637.0,572,26,1522,1279,0,46,140,4,6,82,0,199,3160,62,2584,991,1750,1669,218,394,406,553,558,635,601,490,0,0,0.0,0.0
FORSYTH,074,074,3417,467,0.0,3884.0,957,15,1025,1414,6,170,448,6,23,204,0,307,2726,178,2625,1081,2042,1543,299,361,670,582,577,614,544,536,0,0,0.0,0.0
FORSYTH,075,075,765,71,0.0,836.0,124,7,345,289,0,9,25,0,4,11,0,51,736,16,597,223,415,370,51,82,101,109,130,161,141,112,0,0,0.0,0.0
FORSYTH,076,076,2811,369,0.0,3180.0,624,14,1055,1115,3,53,353,4,10,131,0,254,2375,127,2177,876,1574,1366,240,302,450,505,471,540,498,414,0,0,0.0,0.0
FORSYTH,077,077,2639,382,0.0,3021.0,693,12,854,1076,4,77,284,3,10,259,1,284,2103,254,1916,851,1524,1248,249,404,519,437,465,476,374,346,0,0,0.0,0.0
FORSYTH,081,081,3148,734,0.0,3882.0,1320,15,668,1143,2,22,1452,12,26,346,0,510,1514,426,2333,1123,1880,1572,430,479,703,611,525,612,538,414,0,0,0.0,0.0
FORSYTH,083,083,1917,314,0.0,2231.0,859,8,490,560,0,6,943,4,15,138,1,246,878,158,1417,656,1123,879,229,251,357,352,296,361,327,287,0,0,0.0,0.0
FORSYTH,084,084,2127,287,0.0,2414.0,1102,6,398,621,0,15,1215,6,11,88,0,215,864,115,1589,710,1198,1015,201,216,382,369,369,423,318,337,0,0,0.0,0.0
FORSYTH,085,085,2121,292,0.0,2413.0,570,11,824,715,1,28,495,5,6,89,4,207,1579,102,1661,650,1173,1025,215,225,360,348,371,433,372,304,0,0,0.0,0.0
FORSYTH,091,091,2067,252,0.0,2319.0,348,19,981,718,1,6,209,4,4,50,1,201,1844,60,1587,672,1103,1017,199,190,329,341,325,435,417,282,0,0,0.0,0.0
FORSYTH,092,092,1710,152,0.0,1862.0,247,10,848,605,0,9,103,5,4,37,0,139,1565,45,1315,502,903,803,156,167,233,250,261,323,365,263,0,0,0.0,0.0
FORSYTH,101,101,1901,270,0.0,2171.0,719,9,490,680,3,17,537,3,6,137,1,193,1277,173,1481,517,1093,912,166,203,326,292,276,344,419,311,0,0,0.0,0.0
FORSYTH,111,111,1711,170,0.0,1881.0,281,4,873,549,4,5,126,7,5,48,1,154,1535,60,1341,480,878,834,169,132,284,257,238,339,388,243,0,0,0.0,0.0
FORSYTH,112,112,2943,376,0.0,3319.0,619,17,1330,976,1,11,470,6,18,78,1,283,2452,104,2318,897,1581,1441,297,297,515,477,443,659,525,403,0,0,0.0,0.0
FORSYTH,121,121,2950,478,0.0,3428.0,1120,10,706,1112,2,56,1078,9,21,195,0,330,1739,211,2219,998,1765,1324,339,302,660,610,541,556,474,285,0,0,0.0,0.0
FORSYTH,123,123,2789,485,0.0,3274.0,946,16,816,1011,0,73,659,2,16,186,1,263,2074,189,2184,901,1740,1271,263,229,703,513,429,446,498,456,0,0,0.0,0.0
FORSYTH,124,124,2940,556,0.0,3496.0,1360,11,513,1055,1,103,1414,8,26,249,1,362,1333,279,2189,1028,1819,1352,325,414,647,678,536,531,419,271,0,0,0.0,0.0
FORSYTH,131,131,3592,361,0.0,3953.0,937,22,1174,1457,2,81,457,14,16,158,0,253,2974,154,2790,1009,1968,1719,266,366,541,650,649,612,648,487,0,0,0.0,0.0
FORSYTH,132,132,4327,466,0.0,4793.0,1193,25,1392,1717,0,108,735,12,24,202,0,357,3355,186,3361,1246,2353,2070,370,517,642,811,808,834,659,522,0,0,0.0,0.0
FORSYTH,134,134,3185,258,0.0,3443.0,583,11,1231,1359,1,37,149,6,10,106,0,222,2913,87,2495,861,1674,1548,221,371,349,509,582,620,580,432,0,0,0.0,0.0
FORSYTH,135,135,3404,417,0.0,3821.0,756,16,1163,1464,5,120,250,10,8,170,0,264,2999,141,2691,989,1920,1650,251,436,531,594,700,654,490,416,0,0,0.0,0.0
FORSYTH,202,202,1787,462,0.0,2249.0,987,4,192,604,0,5,1142,4,6,84,0,275,733,96,1444,709,1249,737,263,221,521,334,235,233,218,487,0,0,0.0,0.0
FORSYTH,203,203,1421,332,0.0,1753.0,924,5,49,442,1,1,1331,4,12,73,0,255,77,107,987,659,986,562,205,213,311,350,226,230,272,151,0,0,0.0,0.0
FORSYTH,204,204,1365,360,0.0,1725.0,780,3,95,485,2,10,897,2,16,113,0,261,426,141,977,607,873,611,241,322,448,225,191,213,181,145,0,0,0.0,0.0
FORSYTH,205,205,649,181,0.0,830.0,407,2,20,218,2,0,567,0,6,47,0,138,72,56,444,330,384,312,134,101,141,130,104,140,132,82,0,0,0.0,0.0
FORSYTH,206,206,1349,274,0.0,1623.0,864,9,87,389,0,9,1007,3,15,154,0,208,227,208,935,480,800,645,178,197,301,236,209,241,210,229,0,0,0.0,0.0
FORSYTH,207,207,1976,546,0.0,2522.0,1088,11,213,663,1,23,1301,3,18,258,1,363,555,337,1389,796,1341,895,286,330,541,443,362,369,301,176,0,0,0.0,0.0
FORSYTH,208,208,1714,674,0.0,2388.0,830,6,188,688,2,21,975,4,21,127,1,382,857,153,1375,860,1226,789,373,524,785,292,229,224,199,135,0,0,0.0,0.0
FORSYTH,301,301,664,248,0.0,912.0,395,4,31,232,2,1,635,1,3,70,0,157,45,86,465,361,434,324,154,133,178,162,117,139,119,64,0,0,0.0,0.0
FORSYTH,302,302,813,273,0.0,1086.0,495,5,44,269,0,1,734,2,3,85,0,158,103,109,570,407,508,433,145,143,201,174,136,163,170,99,0,0,0.0,0.0
FORSYTH,303,303,622,193,0.0,815.0,367,0,17,238,0,0,558,1,7,42,0,167,40,59,395,361,392,272,151,124,179,167,107,106,65,67,0,0,0.0,0.0
FORSYTH,304,304,1522,292,0.0,1814.0,1062,1,43,414,2,5,1444,2,9,50,1,242,61,68,1110,636,948,646,220,186,276,246,229,269,303,305,0,0,0.0,0.0
FORSYTH,305,305,1276,191,0.0,1467.0,890,5,42,338,1,9,1145,4,6,60,0,156,87,70,914,483,761,555,151,155,233,209,204,239,225,202,0,0,0.0,0.0
FORSYTH,306,306,1295,376,0.0,1671.0,620,11,129,534,1,3,829,4,18,230,0,327,260,315,781,575,800,612,259,321,338,255,204,232,208,113,0,0,0.0,0.0
FORSYTH,401,401,1403,414,0.0,1817.0,818,8,104,469,4,2,1197,0,7,114,0,285,212,142,1036,639,866,682,269,270,341,261,233,263,240,209,0,0,0.0,0.0
FORSYTH,402,402,1021,283,0.0,1304.0,651,3,35,331,1,1,956,5,10,64,0,204,64,77,724,503,662,461,181,175,225,204,171,196,219,114,0,0,0.0,0.0
FORSYTH,403,403,1774,552,0.0,2326.0,923,8,123,717,3,22,1287,12,16,91,0,426,472,96,1240,990,1058,865,403,219,576,367,301,365,336,162,0,0,0.0,0.0
FORSYTH,404,404,2118,732,0.0,2850.0,1100,8,159,849,2,50,1157,5,21,111,0,433,1073,127,1634,1089,1276,1153,421,243,942,488,302,338,345,192,0,0,0.0,0.0
FORSYTH,405,405,1767,677,0.0,2444.0,914,3,40,809,1,5,1393,3,29,75,2,868,69,134,1019,1291,1166,463,815,1541,434,122,92,101,87,67,0,0,0.0,0.0
FORSYTH,501,501,1659,292,0.0,1951.0,1081,4,105,467,2,8,1316,3,9,157,1,225,232,206,1153,592,1008,756,187,242,328,265,255,286,307,268,0,0,0.0,0.0
FORSYTH,502,502,1147,290,0.0,1437.0,717,4,63,361,2,2,915,3,5,149,1,246,116,195,758,484,693,543,201,222,270,211,158,187,203,186,0,0,0.0,0.0
FORSYTH,503,503,1219,368,0.0,1587.0,655,9,101,453,1,18,515,0,21,154,0,307,572,215,858,514,736,584,267,402,334,217,187,191,136,120,0,0,0.0,0.0
FORSYTH,504,504,1035,311,0.0,1346.0,518,2,116,398,1,4,616,3,2,195,0,295,231,279,610,457,630,503,213,252,285,182,165,174,171,117,0,0,0.0,0.0
FORSYTH,505,505,1571,439,0.0,2010.0,779,6,214,570,2,11,951,3,9,244,0,303,489,318,1056,636,1006,776,228,337,439,280,231,279,254,190,0,0,0.0,0.0
FORSYTH,506,506,1713,294,0.0,2007.0,702,8,317,685,1,22,645,6,9,233,2,260,830,286,1189,532,1003,779,225,267,425,361,266,290,256,142,0,0,0.0,0.0
FORSYTH,508,508,2579,527,0.0,3106.0,1169,19,489,899,3,36,1256,7,27,273,0,410,1097,362,1844,900,1567,1187,352,407,650,537,503,450,346,213,0,0,0.0,0.0
FORSYTH,509,509,2211,351,0.0,2562.0,891,14,504,800,2,29,932,3,20,184,0,264,1130,221,1559,782,1292,1014,256,316,492,452,473,395,270,164,0,0,0.0,0.0
FORSYTH,601,601,1378,314,0.0,1692.0,596,13,140,626,3,28,329,3,23,79,0,155,1075,82,1122,488,795,728,169,135,414,318,211,244,211,159,0,0,0.0,0.0
FORSYTH,602,602,3899,631,0.0,4530.0,1695,22,793,1385,4,74,1500,8,25,305,0,453,2165,381,2953,1196,2410,1698,422,405,846,809,597,727,655,491,0,0,0.0,0.0
FORSYTH,603,603,1890,349,0.0,2239.0,917,11,221,736,5,15,483,6,13,113,0,223,1386,135,1472,632,1075,945,219,183,432,446,318,286,349,225,0,0,0.0,0.0
FORSYTH,604,604,1532,437,0.0,1969.0,728,7,180,614,3,20,709,3,15,140,2,223,857,176,1191,602,1029,739,201,224,534,386,253,259,202,111,0,0,0.0,0.0
FORSYTH,605,605,3044,736,0.0,3780.0,1362,18,546,1115,3,83,1488,5,15,343,1,399,1446,401,2303,1076,1994,1424,362,378,858,637,502,549,524,332,0,0,0.0,0.0
FORSYTH,606,606,1530,314,0.0,1844.0,643,13,263,610,1,17,542,3,5,222,0,294,761,317,1001,526,899,725,220,274,376,281,224,267,262,160,0,0,0.0,0.0
FORSYTH,607,607,2029,385,0.0,2414.0,839,17,441,731,1,31,511,3,8,151,0,192,1518,154,1658,602,1320,891,203,169,424,398,326,368,369,360,0,0,0.0,0.0
FORSYTH,701,701,1318,216,0.0,1534.0,407,8,379,523,1,26,139,4,9,28,0,115,1213,30,1138,366,740,690,104,125,271,248,189,268,248,185,0,0,0.0,0.0
FORSYTH,702,702,1497,270,0.0,1767.0,571,8,256,661,1,31,112,3,20,65,0,126,1410,58,1278,431,888,740,139,99,450,360,197,227,260,174,0,0,0.0,0.0
FORSYTH,703,703,1106,191,0.0,1297.0,453,8,167,476,2,19,60,0,9,38,0,90,1081,43,943,311,632,563,102,78,322,296,175,183,149,94,0,0,0.0,0.0
FORSYTH,704,704,1695,305,0.0,2000.0,700,5,270,719,1,34,214,0,15,74,0,158,1505,75,1395,530,1003,828,169,102,507,490,243,254,214,190,0,0,0.0,0.0
FORSYTH,705,705,2212,417,0.0,2629.0,897,15,435,863,2,53,625,3,11,137,2,287,1511,163,1676,790,1333,1015,281,197,534,424,292,376,355,451,0,0,0.0,0.0
FORSYTH,706,706,1075,240,0.0,1315.0,418,9,239,409,0,31,325,2,5,75,0,147,730,95,831,389,653,525,137,122,218,222,177,201,181,194,0,0,0.0,0.0
FORSYTH,707,707,1221,214,0.0,1435.0,437,9,275,498,2,11,304,4,13,59,0,123,921,75,1000,360,759,562,114,117,311,222,177,190,189,229,0,0,0.0,0.0
FORSYTH,708,708,3854,585,0.0,4439.0,1410,19,1013,1412,0,151,1128,8,23,315,0,448,2366,346,2869,1224,2288,1733,418,464,783,724,615,691,594,568,0,0,0.0,0.0
FORSYTH,709,709,2853,424,0.0,3277.0,1106,19,649,1076,3,76,878,10,22,155,0,266,1870,150,2224,903,1775,1235,267,235,582,449,399,455,458,699,0,0,0.0,0.0
FORSYTH,801,801,1238,197,0.0,1435.0,462,3,231,541,1,17,179,0,11,42,0,136,1050,42,1017,376,733,563,139,185,242,233,168,155,204,248,0,0,0.0,0.0
FORSYTH,802,802,1574,113,0.0,1687.0,446,3,498,626,1,8,18,1,3,22,0,79,1556,23,1327,337,844,760,83,166,200,298,237,260,245,281,0,0,0.0,0.0
FORSYTH,803,803,1615,116,0.0,1731.0,375,5,567,667,1,18,8,5,3,11,0,82,1604,9,1313,409,845,794,92,159,223,270,231,280,298,270,0,0,0.0,0.0
FORSYTH,804,804,1205,98,0.0,1303.0,383,5,316,500,1,14,40,1,7,19,0,57,1165,22,1022,259,641,603,59,126,139,215,218,215,225,165,0,0,0.0,0.0
FORSYTH,805,805,2295,167,0.0,2462.0,703,6,636,950,0,25,95,3,14,59,0,132,2134,58,1869,535,1226,1104,132,215,274,385,311,406,439,432,0,0,0.0,0.0
FORSYTH,806,806,1810,231,0.0,2041.0,523,11,593,682,1,52,183,0,13,79,0,130,1584,67,1459,515,1104,804,133,147,278,254,201,285,393,483,0,0,0.0,0.0
FORSYTH,807,807,1762,184,0.0,1946.0,464,5,541,751,1,95,150,3,6,96,1,138,1457,66,1360,520,1021,794,131,179,284,268,283,313,297,322,0,0,0.0,0.0
FORSYTH,808,808,2817,700,0.0,3517.0,1097,23,506,1188,3,98,991,12,20,236,1,336,1823,246,2239,1032,1792,1394,331,333,1017,678,409,421,385,274,0,0,0.0,0.0
FORSYTH,809,809,2664,203,0.0,2867.0,732,17,775,1139,1,53,115,2,9,80,0,147,2461,68,2193,606,1434,1253,180,255,285,439,392,460,492,544,0,0,0.0,0.0
FORSYTH,901,901,1669,214,0.0,1883.0,613,6,326,723,1,22,50,2,10,38,0,114,1647,30,1412,441,945,832,106,155,322,309,245,317,304,231,0,0,0.0,0.0
FORSYTH,902,902,2068,604,0.0,2672.0,925,14,228,897,4,42,576,5,17,120,0,300,1612,113,1653,906,1216,1131,325,136,900,522,318,371,281,144,0,0,0.0,0.0
FORSYTH,903,903,2881,996,0.0,3877.0,956,8,476,1440,1,77,442,2,58,63,1,998,2236,163,2142,1572,1702,1270,905,1990,456,155,168,221,239,648,0,0,0.0,0.0
FORSYTH,904,904,1934,452,0.0,2386.0,989,11,241,692,1,9,1080,1,14,185,0,319,778,248,1422,716,1241,897,248,287,495,351,284,351,304,314,0,0,0.0,0.0
FORSYTH,905,905,2239,913,0.0,3152.0,930,9,352,943,5,74,614,4,47,112,0,497,1804,167,1948,1037,1563,1120,469,832,946,297,215,215,233,414,0,0,0.0,0.0
FORSYTH,906,906,2994,425,0.0,3419.0,1059,8,680,1242,5,54,575,3,24,146,0,249,2368,156,2447,816,1781,1388,250,301,539,583,467,481,602,446,0,0,0.0,0.0
FORSYTH,907,907,1762,255,0.0,2017.0,686,6,386,681,3,23,321,3,6,116,1,163,1384,98,1405,514,1020,834,163,160,315,347,270,277,323,325,0,0,0.0,0.0
FORSYTH,908,908,2593,212,0.0,2805.0,732,12,745,1104,0,53,288,5,5,97,1,185,2171,87,2031,687,1362,1263,180,280,312,413,437,510,521,332,0,0,0.0,0.0
FORSYTH,909,909,1256,178,0.0,1434.0,418,7,341,487,3,21,306,3,6,99,0,127,872,114,963,357,708,617,109,147,204,219,198,249,235,182,0,0,0.0,0.0
FRANKLIN,01,LOUISBURG CITY,1555,360,0.0,1915.0,826,11,264,452,2,10,813,6,8,84,0,226,768,77,1136,702,971,705,239,190,297,278,222,294,326,308,0,0,0.0,0.0
FRANKLIN,02,WEST LOUISBURG COUNTRY,1470,218,0.0,1688.0,610,4,373,483,0,1,623,6,8,68,1,141,840,68,1072,548,841,708,139,146,252,251,198,304,304,233,0,0,0.0,0.0
FRANKLIN,03,WEST FRANKLINTON,3980,702,0.0,4682.0,1273,26,1210,1469,2,30,1202,8,10,194,0,468,2770,181,2561,1940,2221,1920,541,439,818,830,694,771,657,473,0,0,0.0,0.0
FRANKLIN,05,EAST HARRIS,2259,358,0.0,2617.0,602,9,844,804,0,4,487,5,10,149,0,210,1752,149,1613,855,1290,1083,244,315,422,417,394,441,362,266,0,0,0.0,0.0
FRANKLIN,06,BUNN,1625,223,0.0,1848.0,596,16,470,542,1,13,593,5,4,68,0,140,1025,78,1159,611,897,796,155,166,302,269,258,345,294,214,0,0,0.0,0.0
FRANKLIN,07,PEARCES,1855,241,0.0,2096.0,344,15,801,695,0,3,216,5,10,89,0,204,1569,110,1341,645,974,887,235,237,348,340,304,402,295,170,0,0,0.0,0.0
FRANKLIN,08,CYPRESS CREEK,3693,471,0.0,4164.0,828,27,1328,1507,3,18,564,14,11,190,0,299,3068,190,2304,1670,1996,1815,353,347,483,438,581,824,934,557,0,0,0.0,0.0
FRANKLIN,09,CEDAR ROCK,1405,167,0.0,1572.0,447,6,489,463,0,1,333,9,4,29,0,105,1091,35,1084,453,749,699,124,102,267,200,211,312,275,205,0,0,0.0,0.0
FRANKLIN,10,GOLD MINE,910,110,0.0,1020.0,235,6,340,329,0,3,182,3,3,25,0,70,734,19,703,298,496,451,73,87,136,140,155,170,198,134,0,0,0.0,0.0
FRANKLIN,11,SANDY CREEK,1499,200,0.0,1699.0,676,8,332,483,0,0,668,3,5,51,0,140,832,53,1106,540,845,711,143,158,236,201,238,317,309,240,0,0,0.0,0.0
FRANKLIN,12,HAYESVILLE,1272,176,0.0,1448.0,425,3,456,388,0,0,393,2,3,33,0,122,895,50,937,461,692,612,144,138,218,189,210,246,258,189,0,0,0.0,0.0
FRANKLIN,13,PILOT,2058,266,0.0,2324.0,484,10,791,772,1,15,282,6,10,146,0,199,1666,182,1503,639,1066,1044,214,246,368,329,322,430,383,246,0,0,0.0,0.0
FRANKLIN,14,EAST YOUNGSVILLE,4910,607,0.0,5517.0,1115,34,1846,1914,1,47,839,14,21,227,0,512,3857,241,3237,2039,2630,2275,612,559,832,917,882,943,839,545,0,0,0.0,0.0
FRANKLIN,15,EAST FRANKLINTON,3850,513,0.0,4363.0,1594,21,815,1419,1,37,1768,7,14,235,0,467,1835,249,2309,1805,2058,1766,539,441,733,915,681,682,560,351,0,0,0.0,0.0
FRANKLIN,16,EAST  LOUISBURG COUNTRY,1733,254,0.0,1987.0,763,2,414,554,0,3,785,6,5,79,1,131,977,81,1283,623,1012,830,145,197,297,273,254,308,358,300,0,0,0.0,0.0
FRANKLIN,17,WEST HARRIS,4088,476,0.0,4564.0,780,25,1586,1697,0,36,496,11,14,206,0,436,3365,211,2656,1697,2094,1941,529,478,660,764,713,856,617,476,0,0,0.0,0.0
FRANKLIN,18,WEST YOUNGSVILLE 1,3967,526,0.0,4493.0,893,34,1355,1685,0,44,676,11,11,192,1,450,3108,181,2438,1874,2124,1808,561,404,699,753,616,783,717,521,0,0,0.0,0.0
FRANKLIN,19,WEST YOUNGSVILLE 2,7789,899,0.0,8688.0,2000,35,2521,3225,8,157,1633,15,32,555,2,844,5450,505,4646,3537,4020,3596,1072,820,1244,1518,1436,1524,1257,889,0,0,0.0,0.0
GASTON,10A,SOUTH CHERRYVILLE,2920,490,0.0,3410.0,563,19,1397,940,1,11,324,5,9,79,0,269,2713,89,2563,758,1738,1418,254,296,532,484,475,621,526,476,0,0,0.0,0.0
GASTON,11A,NORTH CHERRYVILLE,2867,372,0.0,3239.0,440,16,1433,978,0,8,226,8,5,81,0,268,2643,91,2433,715,1595,1383,261,285,484,468,506,581,477,438,0,0,0.0,0.0
GASTON,12A,LANDERS CHAPEL,2141,281,0.0,2422.0,281,10,1180,670,0,8,105,1,7,60,0,193,2048,63,1830,529,1160,1067,195,216,336,359,377,473,377,284,0,0,0.0,0.0
GASTON,13A,HIGH SHOALS,2807,306,0.0,3113.0,314,13,1621,859,0,9,108,3,5,62,0,198,2728,68,2428,617,1532,1390,191,294,458,433,475,620,452,381,0,0,0.0,0.0
GASTON,14A,DALLAS SW,4838,773,0.0,5611.0,1152,35,1997,1652,2,35,1288,11,20,244,0,486,3527,283,3980,1348,2811,2364,436,541,984,992,919,962,687,526,0,0,0.0,0.0
GASTON,15A,MYRTLE,3473,1268,0.0,4741.0,1613,16,719,1121,4,10,2272,10,36,321,1,544,1547,376,2984,1381,2424,1859,458,528,816,913,713,746,606,419,0,0,0.0,0.0
GASTON,16A,HIGHLAND HILL,2394,737,0.0,3131.0,1228,10,377,777,2,11,1785,7,23,178,1,363,763,234,1993,904,1574,1286,271,350,553,607,470,504,411,236,0,0,0.0,0.0
GASTON,17A,FLINT GROVES,2428,589,0.0,3017.0,626,20,973,807,2,26,593,7,21,188,1,294,1887,238,2011,768,1542,1224,251,264,517,481,377,539,434,405,0,0,0.0,0.0
GASTON,18A,DALLAS NE,3480,634,0.0,4114.0,752,21,1512,1192,3,30,771,11,14,190,0,352,2746,210,2927,977,2079,1727,308,416,712,822,694,656,442,372,0,0,0.0,0.0
GASTON,19A,ALEXIS,3358,464,0.0,3822.0,315,23,1959,1059,2,7,119,9,6,91,0,334,3256,70,2879,873,1807,1693,322,354,596,590,572,737,564,409,0,0,0.0,0.0
GASTON,1A,YORK CHESTER,2459,863,0.0,3322.0,892,18,640,907,2,21,1023,2,13,180,0,298,1785,185,2258,879,1732,1311,279,239,636,563,475,540,464,405,0,0,0.0,0.0
GASTON,20A,STANLEY CREEK,5051,595,0.0,5646.0,1156,49,1967,1878,1,65,1080,7,21,237,1,409,3826,249,3934,1463,2789,2429,428,553,946,1016,952,975,640,564,0,0,0.0,0.0
GASTON,21A,LUCIA,3203,317,0.0,3520.0,596,23,1386,1197,1,36,220,6,8,78,0,258,2914,81,2485,954,1685,1582,253,240,382,364,489,711,829,505,0,0,0.0,0.0
GASTON,22A,EAST MOUNT HOLLY,3637,678,0.0,4315.0,1059,28,1159,1391,0,67,988,5,14,213,1,377,2650,203,2964,1148,2150,1788,377,393,756,892,714,694,506,360,0,0,0.0,0.0
GASTON,23A,WEST MOUNT HOLLY,4717,750,0.0,5467.0,925,39,2070,1679,4,35,619,6,19,189,1,451,4147,162,3963,1342,2678,2348,441,482,895,901,850,965,810,564,0,0,0.0,0.0
GASTON,24A,SPRINGFIELD,4565,618,0.0,5183.0,835,28,2223,1477,2,31,565,16,14,139,0,393,4025,152,3896,1135,2568,2258,357,471,804,806,805,917,786,594,0,0,0.0,0.0
GASTON,25A,RANLO,2539,645,0.0,3184.0,707,18,928,885,1,29,787,8,13,215,1,286,1845,232,2151,801,1581,1346,257,308,625,600,540,516,351,244,0,0,0.0,0.0
GASTON,26A,LOWELL,2199,365,0.0,2564.0,490,16,852,839,2,37,353,4,11,129,0,187,1843,138,1800,626,1305,1081,178,207,509,421,385,399,368,275,0,0,0.0,0.0
GASTON,27A,GARDNER PARK,2511,304,0.0,2815.0,678,22,895,915,1,30,489,4,15,170,0,191,1916,203,2036,576,1437,1213,165,225,431,454,393,464,428,420,0,0,0.0,0.0
GASTON,28A,GARRISON,3583,1019,0.0,4602.0,1193,17,1089,1279,5,35,1341,12,34,257,2,362,2559,306,3256,1040,2413,1863,326,396,746,741,612,746,617,744,0,0,0.0,0.0
GASTON,29A,ASHBROOK,3683,962,0.0,4645.0,1200,22,1121,1337,3,67,1286,11,29,339,1,413,2499,411,3127,1107,2438,1869,338,442,850,763,667,707,657,559,0,0,0.0,0.0
GASTON,2A,VICTORY RIDGE,3257,1144,0.0,4401.0,1371,17,720,1147,2,16,1817,7,26,275,1,466,1793,327,2853,1221,2253,1734,414,451,805,813,625,724,571,412,0,0,0.0,0.0
GASTON,30A,HOFFMAN,6290,904,0.0,7194.0,1647,32,2410,2200,1,152,1485,19,32,308,1,496,4701,361,5294,1539,3670,3089,435,747,1007,1172,1170,1222,1043,833,0,0,0.0,0.0
GASTON,31A,COUNTRY CLUB,4270,471,0.0,4741.0,841,22,1860,1545,2,101,656,7,10,166,0,311,3490,156,3651,934,2397,2060,284,477,594,713,771,840,734,612,0,0,0.0,0.0
GASTON,32A,UNION,3824,434,0.0,4258.0,760,23,1746,1294,1,42,596,10,11,175,0,289,3135,177,3191,890,2130,1842,286,333,596,773,631,782,682,461,0,0,0.0,0.0
GASTON,33A,NEW HOPE,5420,597,0.0,6017.0,1016,25,2337,2037,5,94,518,13,11,185,0,393,4803,176,4520,1321,2941,2709,367,516,781,984,983,1130,1023,600,0,0,0.0,0.0
GASTON,34A,CRAMERTON,4350,597,0.0,4947.0,862,43,1715,1726,4,84,539,7,14,197,0,304,3802,182,3598,1167,2529,2097,321,374,966,893,742,827,640,505,0,0,0.0,0.0
GASTON,35A,MCADENVILLE,1886,391,0.0,2277.0,351,12,830,693,0,17,186,8,11,101,0,212,1742,102,1646,529,1110,974,193,186,388,411,368,395,330,199,0,0,0.0,0.0
GASTON,36A,NORTH BELMONT,1688,279,0.0,1967.0,348,7,734,598,1,33,163,9,9,83,1,173,1496,82,1405,480,987,830,150,185,349,320,259,315,295,244,0,0,0.0,0.0
GASTON,37A,CATAWBA HEIGHTS,3269,679,0.0,3948.0,659,23,1207,1379,1,70,491,17,12,185,1,337,2835,192,2700,1056,1927,1700,321,303,822,842,599,628,485,269,0,0,0.0,0.0
GASTON,38A,WILKINSON,2982,613,0.0,3595.0,734,28,1074,1144,2,67,499,10,15,162,2,255,2585,149,2529,917,1829,1509,257,254,785,576,479,552,513,436,0,0,0.0,0.0
GASTON,39A,CENTRAL BELMONT,3669,517,0.0,4186.0,756,30,1339,1540,4,44,326,4,13,96,0,282,3421,94,3125,967,2109,1811,266,306,625,853,628,700,621,453,0,0,0.0,0.0
GASTON,3A,ROBINWOOD LAKE,4060,711,0.0,4771.0,1248,22,1412,1376,2,64,1325,11,16,294,1,343,2717,320,3405,1046,2559,1920,292,410,760,731,701,787,717,665,0,0,0.0,0.0
GASTON,40A,SOUTH POINT,5253,669,0.0,5922.0,905,32,2329,1984,3,126,386,11,18,172,1,351,4857,144,4436,1342,2906,2674,342,606,780,1114,1082,1031,826,483,0,0,0.0,0.0
GASTON,4A,SOUTH GASTONIA,4130,817,0.0,4947.0,970,26,1760,1371,3,17,875,6,18,331,0,474,3226,393,3395,1159,2445,2087,415,478,854,827,659,875,721,533,0,0,0.0,0.0
GASTON,5A,FOREST HEIGHTS,4585,995,0.0,5580.0,1436,23,1571,1553,2,28,1623,9,27,405,0,533,2955,492,3727,1361,2733,2404,443,584,995,937,826,934,791,513,0,0,0.0,0.0
GASTON,6A,CROWDERS MOUNTAIN,3790,615,0.0,4405.0,833,28,1736,1192,1,15,770,10,20,131,1,376,3082,167,3217,1021,2173,1895,337,364,721,629,674,818,658,541,0,0,0.0,0.0
GASTON,7A,SOUTH BESSEMER,1949,388,0.0,2337.0,541,8,752,648,0,5,609,6,16,78,0,237,1386,99,1623,615,1149,971,217,226,428,336,352,410,329,256,0,0,0.0,0.0
GASTON,8A,NORTH BESSEMER,3325,587,0.0,3912.0,616,20,1618,1068,3,18,490,5,14,124,0,336,2925,144,2798,970,1943,1682,287,334,664,617,563,719,583,432,0,0,0.0,0.0
GASTON,9A,TRYON,2105,336,0.0,2441.0,253,13,1147,691,1,5,169,9,2,59,0,207,1990,47,1814,580,1151,1092,198,204,431,362,349,476,368,251,0,0,0.0,0.0
GATES,1,PRECINCT #1,1226,294,0.0,1520.0,550,7,287,381,1,2,581,2,9,13,0,106,807,12,1008,500,731,670,119,125,211,205,186,265,267,261,0,0,0.0,0.0
GATES,2,PRECINCT #2,871,138,0.0,1009.0,238,3,265,365,0,0,123,2,4,10,0,57,813,3,717,289,511,435,63,94,127,162,147,181,164,134,0,0,0.0,0.0
GATES,3,PRECINCT #3,1767,354,0.0,2121.0,679,5,475,608,0,4,731,6,8,30,0,151,1191,20,1398,703,1039,932,150,202,281,330,284,420,355,249,0,0,0.0,0.0
GATES,4N,PRECINCT #4 NORTH,1324,270,0.0,1594.0,322,6,534,460,2,1,302,3,7,18,0,94,1169,14,934,646,779,696,119,129,230,225,169,337,277,227,0,0,0.0,0.0
GATES,4S,PRECINCT #4 SOUTH,793,156,0.0,949.0,358,1,187,247,0,1,354,3,7,11,0,75,498,10,590,349,472,397,80,67,154,145,109,178,184,112,0,0,0.0,0.0
GATES,5,PRECINCT #5,928,146,0.0,1074.0,313,1,300,314,0,2,233,1,3,8,0,55,772,3,675,396,518,493,63,91,148,154,148,179,205,149,0,0,0.0,0.0
GRAHAM,EAST,EAST WARD,2194,275,0.0,2469.0,302,9,1168,715,0,13,8,44,2,24,0,94,2284,19,1897,553,1230,1165,74,240,336,320,337,427,414,395,0,0,0.0,0.0
GRAHAM,STEC,STECOAH,1119,138,0.0,1257.0,145,4,638,332,0,0,0,17,0,6,0,51,1183,7,893,357,600,604,53,90,122,145,151,218,288,243,0,0,0.0,0.0
GRAHAM,TAPO,TAPOCO,417,48,0.0,465.0,27,2,252,136,0,0,1,6,0,2,0,20,436,6,342,117,219,229,17,39,44,50,57,100,94,81,0,0,0.0,0.0
GRAHAM,WEST,WEST WARD,1816,236,0.0,2052.0,300,6,911,599,0,1,2,205,3,20,1,64,1756,14,1575,463,1035,957,60,205,271,280,281,356,338,321,0,0,0.0,0.0
GRANVILLE,ANTI,ANTIOCH,934,109,0.0,1043.0,506,3,176,248,1,2,542,1,4,17,0,107,370,10,691,342,507,428,108,67,122,119,133,209,166,227,0,0,0.0,0.0
GRANVILLE,BERE,BEREA,1442,185,0.0,1627.0,525,3,437,476,1,4,427,0,10,27,0,197,962,25,1057,545,748,666,213,123,212,201,198,347,312,234,0,0,0.0,0.0
GRANVILLE,BTNR,BUTNER,2477,467,0.0,2944.0,1054,10,580,829,4,10,947,10,18,207,0,534,1218,238,1529,1177,1302,1117,525,331,469,411,369,476,469,419,0,0,0.0,0.0
GRANVILLE,CORI,CORINTH,2211,250,0.0,2461.0,827,9,589,785,1,6,668,2,10,92,0,376,1307,101,1480,880,1132,950,379,268,342,359,327,430,424,311,0,0,0.0,0.0
GRANVILLE,CRDL,CREDLE,1621,294,0.0,1915.0,899,3,249,470,0,8,892,3,2,52,0,296,662,35,1104,776,942,672,301,168,272,306,242,308,330,289,0,0,0.0,0.0
GRANVILLE,CRDM,CREEDMOOR,4197,786,0.0,4983.0,1518,23,1122,1533,1,37,1377,15,34,222,0,932,2366,232,2678,2073,2134,1857,992,487,815,815,779,879,694,514,0,0,0.0,0.0
GRANVILLE,EAOX,EAST OXFORD,1675,397,0.0,2072.0,863,1,275,536,0,5,901,4,7,48,0,320,787,31,1232,809,1005,726,341,205,285,346,243,302,352,339,0,0,0.0,0.0
GRANVILLE,MTEN,MT ENERGY,4805,561,0.0,5366.0,1250,32,1625,1897,1,37,933,12,22,200,1,1010,3151,217,2842,2307,2210,2080,1076,495,738,961,862,1092,736,482,0,0,0.0,0.0
GRANVILLE,OKHL,OAK HILL,1135,170,0.0,1305.0,444,3,313,375,0,2,406,2,4,21,0,145,725,17,874,414,591,559,155,116,171,165,201,245,224,183,0,0,0.0,0.0
GRANVILLE,SALM,SALEM,1698,193,0.0,1891.0,650,5,449,594,0,8,502,1,7,71,0,242,1060,53,1186,652,892,745,254,211,262,257,267,346,320,228,0,0,0.0,0.0
GRANVILLE,SASS,SASSAFRAS FORK,1753,235,0.0,1988.0,616,6,576,555,0,1,485,0,7,29,0,233,1233,33,1288,667,905,844,239,162,282,245,245,364,410,280,0,0,0.0,0.0
GRANVILLE,SOOX,SOUTH OXFORD,1374,249,0.0,1623.0,817,3,145,408,1,6,870,0,9,42,0,271,425,47,881,695,808,548,267,128,267,234,208,282,271,233,0,0,0.0,0.0
GRANVILLE,TYHO,TALLY HO,3942,621,0.0,4563.0,905,23,1459,1555,0,15,659,10,13,148,1,696,3021,133,2715,1715,1987,1819,757,376,727,729,652,900,707,472,0,0,0.0,0.0
GRANVILLE,WILT,WILTON,5840,680,0.0,6520.0,1062,41,2332,2405,0,44,537,8,27,172,0,1120,4612,180,3660,2680,2708,2602,1210,581,863,954,1043,1337,1088,654,0,0,0.0,0.0
GRANVILLE,WOEL,WEST OXFORD ELEM.,1305,176,0.0,1481.0,682,7,237,379,0,2,685,5,6,53,0,177,553,45,915,521,693,600,188,135,216,211,197,297,216,209,0,0,0.0,0.0
GREENE,ARBA,ARBA,811,89,0.0,900.0,365,2,181,263,0,0,372,1,1,39,0,71,416,38,618,244,470,361,69,92,134,122,129,148,173,102,0,0,0.0,0.0
GREENE,BEAR,BEAR GARDEN,742,73,0.0,815.0,239,3,221,279,0,0,205,0,2,36,0,56,516,38,595,182,405,357,53,62,125,111,117,142,140,118,0,0,0.0,0.0
GREENE,BULL,BULL HEAD,729,124,0.0,853.0,291,1,206,230,1,0,285,2,2,70,0,63,431,67,564,222,419,386,48,88,147,79,115,154,156,114,0,0,0.0,0.0
GREENE,CAST,CASTORIA,794,135,0.0,929.0,241,3,258,292,0,2,208,0,0,32,1,61,625,28,649,252,463,401,65,94,126,145,142,137,177,108,0,0,0.0,0.0
GREENE,HOOK,HOOKERTON,715,83,0.0,798.0,267,1,194,253,0,0,242,2,1,53,0,78,422,60,493,245,397,334,67,93,122,120,111,134,132,86,0,0,0.0,0.0
GREENE,MAUR,MAURY,1382,166,0.0,1548.0,521,2,343,516,0,3,530,1,1,52,0,125,836,55,1055,438,787,641,120,155,240,246,196,241,253,217,0,0,0.0,0.0
GREENE,SH#1,SNOW HILL 1,1410,209,0.0,1619.0,612,5,302,489,2,10,670,1,1,53,0,120,764,55,1091,473,853,661,105,147,230,182,249,225,309,277,0,0,0.0,0.0
GREENE,SHIN,SHINE,1376,162,0.0,1538.0,456,1,374,543,2,0,387,0,0,106,0,140,905,118,1028,392,775,650,113,179,246,202,208,244,265,194,0,0,0.0,0.0
GREENE,SUGG,SUGG,882,88,0.0,970.0,343,0,211,328,0,0,327,1,4,44,0,81,513,50,638,282,470,434,66,105,148,118,135,158,181,125,0,0,0.0,0.0
GREENE,WALS,WALSTONBURG,927,103,0.0,1030.0,388,1,227,310,1,0,315,1,2,95,0,87,530,105,656,269,522,428,80,114,163,146,120,176,196,115,0,0,0.0,0.0
GUILFORD,CG1,CG1,2557,527,0.0,3084.0,946,13,617,976,5,68,740,6,16,140,0,215,1899,112,2132,840,1621,1285,178,243,638,514,399,490,441,359,0,0,0.0,0.0
GUILFORD,CG2,CG2,2068,280,0.0,2348.0,624,11,600,832,1,76,309,2,15,113,0,148,1685,67,1754,527,1167,1080,101,201,305,385,329,453,386,289,0,0,0.0,0.0
GUILFORD,CG3A,CG3A,1593,213,0.0,1806.0,578,10,371,634,0,47,274,4,9,84,0,105,1283,57,1309,440,996,736,74,143,228,198,217,267,356,397,0,0,0.0,0.0
GUILFORD,CG3B,CG3B,2842,322,0.0,3164.0,943,8,726,1162,3,110,596,4,14,116,1,160,2163,83,2369,712,1595,1461,108,289,397,392,493,662,540,391,0,0,0.0,0.0
GUILFORD,FEN1,FEN1,3325,573,0.0,3898.0,1645,15,657,1004,4,65,2058,18,30,147,0,279,1301,146,2743,1009,2070,1618,210,401,797,619,546,618,508,409,0,0,0.0,0.0
GUILFORD,FEN2,FEN2,1973,158,0.0,2131.0,523,9,785,656,0,12,379,7,16,66,1,107,1543,57,1600,474,1099,949,83,213,233,266,315,356,361,387,0,0,0.0,0.0
GUILFORD,FR1,FR1,3860,961,0.0,4821.0,1695,12,760,1389,4,173,2050,12,32,296,0,397,1861,262,3135,1424,2647,1865,309,411,1296,861,597,651,495,510,0,0,0.0,0.0
GUILFORD,FR2,FR2,2206,308,0.0,2514.0,701,10,642,851,2,132,399,9,11,106,0,154,1703,82,1897,535,1270,1124,120,245,408,319,343,434,435,330,0,0,0.0,0.0
GUILFORD,FR3,FR3,1565,191,0.0,1756.0,529,6,404,625,1,75,328,3,12,104,0,122,1112,64,1282,410,922,741,93,192,255,341,297,319,206,146,0,0,0.0,0.0
GUILFORD,FR4,FR4,1372,220,0.0,1592.0,371,5,474,522,0,40,201,1,4,69,0,100,1177,55,1220,317,814,696,82,136,204,253,265,243,221,270,0,0,0.0,0.0
GUILFORD,FR5A,FR5A,1964,301,0.0,2265.0,551,11,522,879,1,74,360,6,13,100,0,146,1566,89,1667,509,1171,978,116,244,376,422,380,363,294,186,0,0,0.0,0.0
GUILFORD,FR5B,FR5B,1326,203,0.0,1529.0,332,8,425,559,2,31,253,9,7,72,0,83,1074,81,1073,375,792,666,71,147,331,249,232,247,196,127,0,0,0.0,0.0
GUILFORD,G01,G01,968,390,0.0,1358.0,501,4,34,428,1,7,634,2,18,32,0,281,384,37,735,586,639,498,221,385,421,147,91,116,133,65,0,0,0.0,0.0
GUILFORD,G02,G02,1371,315,0.0,1686.0,603,7,210,549,2,199,767,2,14,99,0,214,391,68,963,655,829,698,159,196,379,284,247,262,211,107,0,0,0.0,0.0
GUILFORD,G03,G03,1568,425,0.0,1993.0,978,10,89,490,1,16,1454,7,25,81,0,295,115,108,1177,708,1024,750,219,219,348,363,265,294,279,225,0,0,0.0,0.0
GUILFORD,G04,G04,1677,467,0.0,2144.0,1003,8,74,592,0,24,1495,8,27,120,1,313,156,146,1188,810,1107,801,236,339,413,390,282,273,272,175,0,0,0.0,0.0
GUILFORD,G05,G05,1234,239,0.0,1473.0,837,6,39,351,1,21,1200,1,15,30,0,159,47,43,989,441,807,536,130,180,224,255,174,222,188,230,0,0,0.0,0.0
GUILFORD,G06,G06,1321,260,0.0,1581.0,893,4,33,390,1,14,1261,0,9,55,0,181,61,56,1031,494,825,623,133,168,285,239,217,260,220,192,0,0,0.0,0.0
GUILFORD,G07,G07,1953,501,0.0,2454.0,946,13,278,715,1,150,1240,8,22,136,1,295,602,120,1408,926,1242,979,233,256,562,408,338,369,344,177,0,0,0.0,0.0
GUILFORD,G08,G08,2211,464,0.0,2675.0,1141,7,263,797,3,199,1472,9,28,185,1,330,451,173,1560,942,1409,1020,246,320,568,411,323,396,401,256,0,0,0.0,0.0
GUILFORD,G09,G09,2716,653,0.0,3369.0,1485,11,247,971,2,91,2118,11,34,176,2,389,548,182,1957,1230,1820,1248,301,451,819,670,540,473,275,141,0,0,0.0,0.0
GUILFORD,G10,G10,2598,608,0.0,3206.0,1416,14,277,888,3,87,1989,9,19,189,2,360,551,207,1970,1029,1696,1261,249,423,634,596,467,512,374,200,0,0,0.0,0.0
GUILFORD,G11,G11,1469,337,0.0,1806.0,661,14,175,619,0,19,220,5,12,64,0,144,1342,53,1214,539,806,892,108,89,532,333,215,280,212,145,0,0,0.0,0.0
GUILFORD,G12,G12,940,154,0.0,1094.0,453,6,85,395,1,9,90,1,13,28,0,89,864,29,789,276,553,470,71,76,267,224,136,162,140,89,0,0,0.0,0.0
GUILFORD,G13,G13,1234,170,0.0,1404.0,512,6,191,523,2,16,127,2,11,36,0,91,1121,30,1056,318,736,595,73,95,263,234,149,218,254,191,0,0,0.0,0.0
GUILFORD,G14,G14,1110,89,0.0,1199.0,494,6,152,458,0,7,20,1,7,24,0,62,1078,28,938,233,591,560,48,117,151,192,207,199,212,121,0,0,0.0,0.0
GUILFORD,G15,G15,1232,154,0.0,1386.0,501,10,198,520,3,9,61,1,5,45,0,86,1179,41,1038,307,709,600,77,86,253,248,211,195,232,161,0,0,0.0,0.0
GUILFORD,G16,G16,1424,105,0.0,1529.0,525,5,317,576,1,10,41,0,8,25,0,56,1389,23,1242,264,772,702,55,142,153,230,229,255,285,235,0,0,0.0,0.0
GUILFORD,G17,G17,1600,254,0.0,1854.0,564,8,361,665,2,40,142,2,13,45,0,101,1511,37,1393,424,985,795,74,121,280,316,242,290,311,294,0,0,0.0,0.0
GUILFORD,G18,G18,1233,116,0.0,1349.0,319,5,401,507,1,9,41,3,2,12,0,57,1225,13,1062,274,673,628,48,116,178,181,200,242,243,189,0,0,0.0,0.0
GUILFORD,G19,G19,1508,147,0.0,1655.0,457,9,469,573,0,18,124,3,6,32,0,97,1375,24,1238,393,824,755,76,155,264,177,226,319,284,230,0,0,0.0,0.0
GUILFORD,G20,G20,2262,327,0.0,2589.0,707,7,624,921,3,25,272,0,9,55,0,159,2069,57,1913,619,1397,1065,127,199,436,404,373,399,383,395,0,0,0.0,0.0
GUILFORD,G21,G21,3081,626,0.0,3707.0,1094,12,794,1178,3,84,995,8,22,110,2,327,2159,95,2545,1067,1981,1492,234,364,581,516,467,526,536,717,0,0,0.0,0.0
GUILFORD,G22,G22,1720,132,0.0,1852.0,451,7,620,642,0,35,102,0,10,37,0,88,1580,32,1443,377,938,849,65,180,194,307,298,280,237,356,0,0,0.0,0.0
GUILFORD,G23,G23,1264,286,0.0,1551.0,514,6,214,530,0,35,366,6,11,56,1,127,949,60,1064,427,804,635,112,124,324,320,214,194,194,181,0,0,1.0,0.0
GUILFORD,G24,G24,1310,347,0.0,1657.0,600,6,192,511,1,31,536,2,14,76,0,133,865,73,1070,514,961,613,83,147,481,259,207,186,197,180,0,0,0.0,0.0
GUILFORD,G25,G25,1585,235,0.0,1820.0,590,10,388,596,1,20,381,7,10,52,3,121,1226,63,1324,433,1008,725,87,120,256,274,253,228,304,385,0,0,0.0,0.0
GUILFORD,G26,G26,3008,542,0.0,3550.0,1456,15,410,1127,0,120,1638,9,29,192,1,253,1308,172,2317,1061,1919,1416,215,414,715,666,562,535,393,265,0,0,0.0,0.0
GUILFORD,G27,G27,2694,355,0.0,3049.0,896,7,760,1027,4,59,462,4,15,96,0,158,2255,63,2328,658,1597,1339,113,223,471,433,373,497,507,545,0,0,0.0,0.0
GUILFORD,G28,G28,982,147,0.0,1129.0,391,9,230,352,0,20,212,4,5,38,0,78,772,40,820,269,638,442,49,69,160,194,158,161,188,199,0,0,0.0,0.0
GUILFORD,G29,G29,1376,338,0.0,1714.0,565,8,254,546,3,14,550,2,10,71,0,130,937,70,1100,544,959,634,121,132,457,304,226,208,222,165,0,0,0.0,0.0
GUILFORD,G30,G30,1682,163,0.0,1845.0,553,8,511,610,0,54,116,2,6,67,0,81,1519,40,1462,343,975,810,60,127,193,260,266,273,336,390,0,0,0.0,0.0
GUILFORD,G31,G31,1345,136,0.0,1481.0,447,5,308,583,2,21,110,3,13,51,0,89,1194,41,1118,322,791,614,76,90,242,288,230,222,214,195,0,0,0.0,0.0
GUILFORD,G32,G32,2241,184,0.0,2425.0,738,8,602,892,1,77,192,4,10,84,0,112,1946,44,1986,395,1234,1106,85,215,225,335,340,395,467,448,0,0,0.0,0.0
GUILFORD,G33,G33,1615,112,0.0,1727.0,532,9,432,642,0,22,72,0,5,34,0,77,1517,22,1367,338,895,776,56,160,132,272,281,259,293,330,0,0,0.0,0.0
GUILFORD,G34,G34,1740,126,0.0,1866.0,539,9,476,715,1,26,90,1,6,45,0,69,1629,24,1522,320,972,838,56,174,157,269,255,287,358,366,0,0,0.0,0.0
GUILFORD,G35,G35,1120,115,0.0,1235.0,405,5,254,456,0,18,30,1,5,27,0,52,1102,19,1011,205,656,540,39,82,134,160,159,241,250,209,0,0,0.0,0.0
GUILFORD,G36,G36,1695,293,0.0,1988.0,649,6,331,708,1,35,420,3,10,81,1,175,1263,54,1453,481,986,875,127,191,284,346,313,314,285,255,0,0,0.0,0.0
GUILFORD,G37,G37,2177,684,0.0,2861.0,1005,11,299,858,4,37,1292,6,16,200,1,313,996,138,1803,920,1516,1112,233,265,700,547,401,369,308,271,0,0,0.0,0.0
GUILFORD,G38,G38,2179,411,0.0,2590.0,882,6,451,838,2,65,601,2,17,148,0,208,1549,108,1825,657,1374,1071,145,201,441,413,338,375,406,416,0,0,0.0,0.0
GUILFORD,G39,G39,1288,140,0.0,1428.0,477,7,255,548,1,38,167,2,32,63,0,162,964,76,957,395,747,573,108,279,245,169,164,175,186,210,0,0,0.0,0.0
GUILFORD,G40A1,G40A1,1580,176,0.0,1756.0,509,8,427,636,0,69,225,1,14,86,1,114,1246,56,1282,418,912,752,92,136,271,255,249,300,321,224,0,0,0.0,0.0
GUILFORD,G40A2,G40A2,1179,186,0.0,1365.0,466,2,271,438,2,14,239,0,6,62,0,70,974,45,1038,282,777,533,55,73,211,203,155,129,120,474,0,0,0.0,0.0
GUILFORD,G40B,G40B,1352,243,0.0,1595.0,422,9,371,549,1,59,272,0,10,69,0,85,1100,60,1154,381,829,689,77,140,346,213,206,247,254,189,0,0,0.0,0.0
GUILFORD,G41A,G41A,1300,316,0.0,1616.0,464,7,294,534,1,24,414,7,13,81,0,131,946,83,1057,476,916,584,116,86,474,219,183,215,211,228,0,0,0.0,0.0
GUILFORD,G41B,G41B,1836,245,0.0,2081.0,610,8,504,710,4,91,313,7,15,106,0,123,1426,94,1505,482,1111,869,101,148,307,298,275,288,383,382,0,0,0.0,0.0
GUILFORD,G42A,G42A,1417,162,0.0,1579.0,537,4,380,496,0,28,288,0,6,77,0,98,1082,56,1181,342,868,637,74,96,220,188,213,253,249,360,0,0,0.0,0.0
GUILFORD,G42B,G42B,1023,65,0.0,1088.0,427,1,298,297,0,9,60,0,2,18,1,35,963,13,915,160,683,376,29,12,58,54,43,73,105,743,0,0,0.0,0.0
GUILFORD,G43,G43,2277,824,0.0,3101.0,1017,15,373,866,6,33,1394,6,21,191,1,294,1161,194,1929,978,1630,1240,231,304,922,594,386,388,314,193,0,0,0.0,0.0
GUILFORD,G44,G44,1856,579,0.0,2435.0,850,16,112,874,4,28,760,11,31,69,2,458,1076,96,1343,996,1059,1046,330,637,783,323,168,163,232,129,0,0,0.0,0.0
GUILFORD,G45,G45,1969,604,0.0,2573.0,697,9,42,1219,2,36,777,6,91,69,1,1117,476,218,793,1562,1236,582,755,1940,503,54,22,23,18,13,0,0,0.0,0.0
GUILFORD,G46,G46,2257,823,0.0,3080.0,1363,8,79,807,0,6,2314,6,27,82,1,537,107,117,1786,1177,1612,1056,412,663,780,509,331,324,291,182,0,0,0.0,0.0
GUILFORD,G47,G47,2158,574,0.0,2732.0,1019,13,171,951,4,56,1104,11,40,154,2,436,929,198,1527,1007,1333,1087,312,597,678,449,322,282,253,151,0,0,0.0,0.0
GUILFORD,G48,G48,2888,880,0.0,3768.0,1306,12,288,1277,5,30,1250,7,58,120,0,532,1771,135,2329,1304,1887,1466,415,997,1131,447,301,294,207,391,0,0,0.0,0.0
GUILFORD,G49,G49,1007,364,0.0,1372.0,452,7,105,441,2,23,623,1,12,86,1,154,472,73,793,506,648,597,127,165,387,304,188,165,108,55,0,0,1.0,0.0
GUILFORD,G50,G50,2465,1105,0.0,3570.0,1231,13,244,974,3,75,1876,26,50,262,0,594,687,326,1963,1281,1812,1299,459,796,1167,533,357,333,245,139,0,0,0.0,0.0
GUILFORD,G51,G51,1589,386,0.0,1975.0,725,6,259,596,3,204,810,11,18,176,0,226,530,186,1222,567,989,823,163,252,363,347,234,290,279,210,0,0,0.0,0.0
GUILFORD,G52,G52,1506,525,0.0,2031.0,938,4,110,451,3,36,1372,6,16,108,0,254,239,144,1314,573,1010,844,177,217,383,316,286,325,270,234,0,0,0.0,0.0
GUILFORD,G53,G53,2274,579,0.0,2853.0,1470,5,128,671,0,19,2099,15,21,166,0,310,223,237,1820,796,1497,1153,203,350,605,475,396,401,353,273,0,0,0.0,0.0
GUILFORD,G54,G54,2024,615,0.0,2639.0,1217,7,146,650,4,22,1751,11,18,159,1,339,338,202,1552,885,1443,937,259,299,674,503,364,410,245,144,0,0,0.0,0.0
GUILFORD,G55,G55,2060,375,0.0,2435.0,1302,4,183,569,2,65,1667,8,11,130,0,223,331,124,1686,625,1303,969,163,280,429,394,334,382,360,256,0,0,0.0,0.0
GUILFORD,G56,G56,1448,311,0.0,1759.0,745,1,200,500,2,279,833,4,6,145,0,198,294,138,1095,526,899,713,147,216,329,270,229,256,267,192,0,0,0.0,0.0
GUILFORD,G57,G57,1607,305,0.0,1912.0,969,8,170,460,0,88,1145,9,21,122,0,190,337,128,1274,510,1001,774,137,207,362,284,252,306,289,212,0,0,0.0,0.0
GUILFORD,G58,G58,1501,495,0.0,1996.0,755,2,175,568,1,82,1052,4,19,149,1,271,418,143,1157,696,1026,754,216,266,534,338,253,253,206,146,0,0,0.0,0.0
GUILFORD,G59,G59,1230,272,0.0,1502.0,657,7,149,417,0,88,798,2,14,117,0,180,303,155,926,421,786,585,131,218,287,236,243,220,187,111,0,0,0.0,0.0
GUILFORD,G60,G60,1633,447,0.0,2080.0,836,7,227,563,0,145,963,11,28,224,1,234,474,242,1210,628,1096,799,185,268,364,340,267,293,288,260,0,0,0.0,0.0
GUILFORD,G61,G61,1627,419,0.0,2046.0,849,7,207,562,2,104,1118,5,20,159,0,229,411,171,1256,619,1077,811,158,272,395,402,303,278,206,190,0,0,0.0,0.0
GUILFORD,G62,G62,1335,258,0.0,1593.0,561,8,246,519,1,71,481,5,19,142,0,135,740,149,1048,396,840,663,90,159,346,264,215,224,231,154,0,0,0.0,0.0
GUILFORD,G63,G63,1587,300,0.0,1887.0,765,6,270,544,2,46,771,1,9,96,0,136,828,68,1324,495,1038,729,120,151,338,313,247,282,268,288,0,0,0.0,0.0
GUILFORD,G64,G64,2405,783,0.0,3188.0,1139,16,315,935,0,76,1546,16,22,217,1,342,968,187,1957,1044,1713,1220,255,318,929,648,404,389,305,195,0,0,0.0,0.0
GUILFORD,G65,G65,2118,475,0.0,2593.0,878,11,369,857,3,122,858,5,16,214,0,243,1135,165,1729,699,1374,1044,175,283,567,454,417,406,286,180,0,0,0.0,0.0
GUILFORD,G66,G66,2098,398,0.0,2496.0,805,11,432,850,0,146,713,8,14,200,0,190,1225,125,1758,613,1270,1075,151,306,467,434,380,411,330,168,0,0,0.0,0.0
GUILFORD,G67,G67,1714,797,0.0,2511.0,648,6,37,1019,4,9,1171,9,43,46,2,1104,127,55,899,1557,1059,655,797,1150,468,280,213,232,114,54,0,0,0.0,0.0
GUILFORD,G68,G68,1498,1025,0.0,2523.0,552,2,13,931,0,0,1245,3,29,21,1,1208,16,56,870,1597,1020,681,822,1783,515,62,43,55,45,20,0,0,0.0,0.0
GUILFORD,G69,G69,1793,602,0.0,2395.0,984,10,80,715,4,17,1496,2,27,76,1,334,442,85,1403,907,1229,894,272,338,681,419,283,317,236,121,0,0,0.0,0.0
GUILFORD,G70,G70,2191,822,0.0,3013.0,1301,4,49,837,0,14,2136,8,35,59,0,694,67,84,1633,1296,1566,905,542,1166,710,322,205,225,219,166,0,0,0.0,0.0
GUILFORD,G71,G71,2097,541,0.0,2639.0,1278,7,80,729,3,27,2017,7,22,82,1,397,86,79,1557,1003,1369,970,300,309,501,503,350,426,345,205,0,0,1.0,0.0
GUILFORD,G72,G72,2323,544,0.0,2867.0,1463,14,91,755,0,41,2070,8,34,161,0,378,175,165,1603,1099,1489,1098,280,360,677,523,421,426,307,153,0,0,0.0,0.0
GUILFORD,G73,G73,1280,266,0.0,1546.0,845,3,38,393,1,8,1223,7,16,55,1,169,67,61,987,498,803,610,133,164,251,234,205,261,251,180,0,0,0.0,0.0
GUILFORD,G74,G74,1735,332,0.0,2067.0,1221,5,51,457,1,9,1689,7,13,60,0,220,69,60,1389,618,1095,809,163,205,336,332,262,299,338,295,0,0,0.0,0.0
GUILFORD,G75,G75,1530,297,0.0,1827.0,1015,0,89,424,2,36,1396,5,7,71,1,167,144,72,1219,536,982,713,132,209,293,267,268,248,289,253,0,0,0.0,0.0
GUILFORD,GIB,GIB,2794,357,0.0,3151.0,845,10,938,998,3,18,768,10,15,107,0,264,1969,109,2004,1038,1640,1295,216,264,469,501,418,487,502,510,0,0,0.0,0.0
GUILFORD,GR,GR,2603,253,0.0,2856.0,278,9,1439,877,0,6,106,10,4,56,0,195,2479,48,2070,738,1389,1303,164,242,400,404,411,560,471,368,0,0,0.0,0.0
GUILFORD,H01,H01,1670,403,0.0,2073.0,764,4,293,607,2,78,889,9,16,213,0,273,595,268,1172,633,1067,817,189,291,365,355,310,321,279,152,0,0,0.0,0.0
GUILFORD,H02,H02,1477,266,0.0,1743.0,499,15,431,531,1,56,439,8,17,114,0,156,953,128,1155,460,920,702,121,168,247,210,210,239,309,360,0,0,0.0,0.0
GUILFORD,H03,H03,1493,468,0.0,1961.0,685,5,232,570,1,145,898,7,9,221,2,304,375,205,1074,682,946,814,201,263,370,339,292,308,249,140,0,0,0.0,0.0
GUILFORD,H04,H04,2372,536,0.0,2908.0,928,12,572,859,1,419,944,12,18,349,1,328,837,235,1792,881,1448,1212,248,331,599,493,392,478,348,267,0,0,0.0,0.0
GUILFORD,H05,H05,1812,458,0.0,2270.0,1022,6,220,560,4,120,1288,6,17,186,0,256,397,182,1391,697,1200,878,192,287,427,375,321,402,276,182,0,0,0.0,0.0
GUILFORD,H06,H06,2539,534,0.0,3073.0,1041,7,579,908,4,182,1073,10,18,225,0,268,1297,204,2092,777,1565,1308,200,390,495,535,501,492,396,264,0,0,0.0,0.0
GUILFORD,H07,H07,1217,398,0.0,1615.0,699,5,102,411,0,31,1033,4,13,129,0,218,187,162,927,526,823,654,138,206,289,286,213,244,223,154,0,0,0.0,0.0
GUILFORD,H08,H08,966,331,0.0,1297.0,561,6,82,317,0,26,904,4,8,77,0,160,118,91,781,425,712,477,108,146,258,217,203,185,188,100,0,0,0.0,0.0
GUILFORD,H09,H09,1264,408,0.0,1672.0,739,7,106,410,2,41,1208,4,8,101,1,203,106,92,989,591,893,613,166,227,312,304,237,253,224,115,0,0,0.0,0.0
GUILFORD,H10,H10,2123,399,0.0,2522.0,1289,10,190,632,2,131,1645,8,9,151,1,227,350,141,1690,691,1353,999,170,296,420,433,372,395,329,277,0,0,0.0,0.0
GUILFORD,H11,H11,1652,519,0.0,2171.0,829,4,292,527,0,24,1030,3,26,77,0,333,678,114,1328,729,1107,821,243,588,578,198,164,218,218,207,0,0,0.0,0.0
GUILFORD,H12,H12,1086,235,0.0,1321.0,502,6,168,409,1,19,502,7,7,86,0,156,544,92,864,365,661,546,114,131,210,217,184,242,198,139,0,0,0.0,0.0
GUILFORD,H13,H13,1578,236,0.0,1814.0,444,6,529,599,0,36,241,4,5,49,1,146,1332,41,1362,411,870,816,128,144,260,262,254,364,305,225,0,0,0.0,0.0
GUILFORD,H14,H14,1373,163,0.0,1536.0,343,9,545,473,3,48,140,1,4,42,0,73,1228,20,1247,269,775,693,68,127,181,197,205,274,257,295,0,0,0.0,0.0
GUILFORD,H15,H15,1706,373,0.0,2079.0,627,7,454,617,1,65,634,5,12,133,0,174,1056,139,1398,542,1096,847,136,217,385,321,305,286,307,258,0,0,0.0,0.0
GUILFORD,H16,H16,1151,174,0.0,1325.0,339,7,377,427,1,56,203,4,8,68,0,90,896,55,961,309,654,598,73,129,202,198,190,258,206,142,0,0,0.0,0.0
GUILFORD,H17,H17,1048,277,0.0,1325.0,509,6,171,361,1,33,622,3,12,109,0,151,395,137,823,365,701,526,98,170,263,215,191,203,144,139,0,0,0.0,0.0
GUILFORD,H18,H18,1554,331,0.0,1885.0,878,6,235,435,0,79,1068,4,10,85,1,165,473,72,1293,520,995,756,134,212,376,257,232,332,248,228,0,0,0.0,0.0
GUILFORD,H19A,H19A,990,260,0.0,1250.0,613,5,103,269,0,29,777,1,6,54,0,124,259,69,826,355,701,466,83,109,237,201,154,210,211,128,0,0,0.0,0.0
GUILFORD,H19B,H19B,967,156,0.0,1123.0,366,3,264,332,2,36,314,1,6,38,0,65,663,49,827,247,615,460,48,61,108,109,92,154,158,441,0,0,0.0,0.0
GUILFORD,H20A,H20A,1043,269,0.0,1312.0,377,10,278,378,0,40,396,1,12,80,0,98,685,82,891,339,692,533,87,101,235,235,170,203,205,163,0,0,0.0,0.0
GUILFORD,H20B,H20B,1329,155,0.0,1484.0,454,7,341,525,2,65,405,1,12,74,1,90,836,64,1079,341,759,646,79,149,214,241,241,253,214,172,0,0,0.0,0.0
GUILFORD,H21,H21,1272,223,0.0,1495.0,393,16,404,458,1,64,344,0,9,76,0,131,871,75,1045,375,782,601,112,120,278,214,185,247,225,226,0,0,0.0,0.0
GUILFORD,H22,H22,1254,277,0.0,1531.0,508,9,315,422,0,55,583,5,4,111,1,142,630,109,983,439,817,604,110,155,309,221,210,251,206,179,0,0,0.0,0.0
GUILFORD,H23,H23,1323,196,0.0,1519.0,359,9,476,478,1,50,241,2,3,71,0,120,1032,55,1128,336,787,619,113,113,212,230,180,217,287,280,0,0,0.0,0.0
GUILFORD,H24,H24,2240,269,0.0,2509.0,691,9,746,793,1,125,492,7,10,121,0,151,1603,122,1885,502,1297,1098,114,202,328,293,329,461,475,421,0,0,0.0,0.0
GUILFORD,H25,H25,3110,360,0.0,3470.0,888,16,1100,1105,1,142,682,2,23,187,0,206,2228,136,2666,668,1727,1602,141,373,409,396,518,707,621,446,0,0,0.0,0.0
GUILFORD,H26,H26,1862,243,0.0,2105.0,572,7,553,730,0,88,465,4,16,114,0,128,1290,71,1605,429,1070,926,109,196,306,314,310,378,333,268,0,0,0.0,0.0
GUILFORD,H27-A,H27-A,1965,245,0.0,2210.0,614,11,574,763,3,197,431,5,8,150,0,134,1285,93,1684,433,1069,1032,109,274,309,291,400,440,305,191,0,0,0.0,0.0
GUILFORD,H27-B,H27-B,1899,287,0.0,2186.0,610,7,515,764,3,195,468,7,8,186,0,181,1141,145,1513,528,1116,934,136,255,344,320,382,376,278,231,0,0,0.0,0.0
GUILFORD,H28,H28,2575,359,0.0,2934.0,981,9,652,931,2,111,958,9,6,161,0,194,1495,101,2171,662,1515,1248,171,227,437,445,450,532,482,361,0,0,0.0,0.0
GUILFORD,H29A,H29A,2181,378,0.0,2559.0,928,15,446,792,0,137,867,6,13,185,0,209,1142,147,1772,640,1362,1059,138,247,403,430,396,490,375,218,0,0,0.0,0.0
GUILFORD,H29B,H29B,2399,561,0.0,2960.0,1009,13,477,900,0,77,1050,6,19,170,1,223,1414,168,1983,809,1647,1123,190,226,723,504,379,398,362,368,0,0,0.0,0.0
GUILFORD,JAM1,JAM1,2616,295,0.0,2911.0,753,15,891,957,0,67,482,3,12,90,2,173,2082,74,2227,610,1511,1272,128,264,378,355,390,517,532,475,0,0,0.0,0.0
GUILFORD,JAM2,JAM2,1799,193,0.0,1992.0,547,8,515,727,2,74,385,1,8,96,0,132,1296,67,1506,419,1046,848,98,193,270,287,306,366,296,274,0,0,0.0,0.0
GUILFORD,JAM3,JAM3,2090,260,0.0,2350.0,656,6,698,730,0,145,470,4,12,139,0,134,1446,87,1767,496,1198,1055,97,213,377,253,298,412,411,386,0,0,0.0,0.0
GUILFORD,JAM4,JAM4,2799,341,0.0,3140.0,688,17,1109,985,0,99,439,16,15,125,2,173,2271,92,2347,701,1611,1407,122,233,488,371,344,543,583,578,0,0,0.0,0.0
GUILFORD,JAM5,JAM5,1415,218,0.0,1633.0,237,1,699,478,0,111,107,4,7,115,0,156,1133,89,1089,455,793,715,125,175,232,196,217,295,279,239,0,0,0.0,0.0
GUILFORD,JEF1,JEF1,3001,405,0.0,3406.0,1078,9,947,966,1,28,1240,14,16,108,1,288,1711,133,2317,956,1773,1479,154,378,519,576,568,529,497,339,0,0,0.0,0.0
GUILFORD,JEF2,JEF2,2584,493,0.0,3077.0,1175,8,501,900,0,27,1513,5,20,121,1,308,1082,150,1927,1000,1624,1250,203,388,590,566,546,432,301,254,0,0,0.0,0.0
GUILFORD,JEF3,JEF3,3652,530,0.0,4182.0,2223,8,386,1035,0,70,2789,14,30,161,0,307,811,169,2931,1082,2186,1785,211,527,681,629,681,776,463,425,0,0,0.0,0.0
GUILFORD,JEF4,JEF4,1842,247,0.0,2089.0,670,12,555,602,3,43,617,2,14,94,0,148,1171,88,1458,543,1090,919,80,230,278,301,329,415,303,233,0,0,0.0,0.0
GUILFORD,MON1,MON1,3299,551,0.0,3850.0,1627,14,503,1155,0,37,2167,10,20,190,0,400,1026,213,2348,1289,2059,1519,272,488,725,731,670,557,390,289,0,0,0.0,0.0
GUILFORD,MON2A,MON2A,3025,653,0.0,3678.0,1539,19,397,1069,1,31,2142,11,26,196,0,358,914,196,2277,1205,1887,1526,265,530,723,684,638,492,362,249,0,0,0.0,0.0
GUILFORD,MON2B,MON2B,1621,275,0.0,1896.0,806,5,288,521,1,20,1022,2,15,77,0,145,615,84,1271,541,1011,773,112,219,336,317,319,351,198,156,0,0,0.0,0.0
GUILFORD,MON3,MON3,4900,532,0.0,5432.0,1315,24,1855,1706,0,66,1121,11,26,192,0,324,3692,164,3859,1409,2712,2463,257,600,620,852,1036,989,769,566,0,0,0.0,0.0
GUILFORD,NCGR1,NCGR1,3469,348,0.0,3817.0,706,19,1262,1480,2,96,327,7,13,114,0,209,3051,72,2866,879,1864,1801,152,500,481,463,707,843,492,331,0,0,0.0,0.0
GUILFORD,NCGR2,NCGR2,2705,284,0.0,2989.0,475,15,1210,1005,0,64,218,6,10,108,0,149,2434,86,2204,699,1467,1399,123,388,308,402,575,628,448,240,0,0,0.0,0.0
GUILFORD,NCLAY1,NCLAY1,2405,201,0.0,2606.0,653,10,886,855,1,22,618,2,12,55,0,123,1774,60,1961,585,1327,1171,108,268,360,343,386,472,411,366,0,0,0.0,0.0
GUILFORD,NCLAY2,NCLAY2,1334,106,0.0,1440.0,243,6,647,438,0,15,99,8,2,33,0,74,1209,39,1115,286,719,667,54,97,181,187,195,264,267,249,0,0,0.0,0.0
GUILFORD,NDRI,NDRI,3031,333,0.0,3364.0,572,10,1259,1190,0,105,347,12,11,140,0,210,2539,132,2455,777,1679,1516,169,372,621,539,609,559,397,267,0,0,0.0,0.0
GUILFORD,NMAD,NMAD,3791,443,0.0,4234.0,1659,16,919,1194,3,52,1881,8,20,212,0,337,1724,198,2756,1280,2214,1792,228,387,702,899,686,667,536,357,0,0,0.0,0.0
GUILFORD,NWASH,NWASH,1168,128,0.0,1296.0,151,4,669,344,0,5,80,3,1,17,0,69,1121,21,1000,275,636,608,52,82,168,191,180,267,221,187,0,0,0.0,0.0
GUILFORD,OR1,OR1,4246,335,0.0,4581.0,706,25,1774,1740,1,189,239,14,13,181,0,270,3675,135,3522,924,2213,2123,245,528,501,621,930,927,670,404,0,0,0.0,0.0
GUILFORD,OR2,OR2,2879,236,0.0,3115.0,505,17,1154,1203,0,156,185,10,8,125,0,158,2473,76,2439,600,1507,1471,137,390,342,392,604,646,444,297,0,0,0.0,0.0
GUILFORD,PG1,PG1,1675,289,0.0,1964.0,447,10,652,564,2,12,398,5,10,86,0,148,1305,100,1378,486,1010,828,126,215,309,300,261,328,300,251,0,0,0.0,0.0
GUILFORD,PG2,PG2,2614,186,0.0,2800.0,437,7,1313,857,0,22,246,7,1,45,0,174,2305,54,2075,671,1387,1265,148,238,354,385,371,506,472,474,0,0,0.0,0.0
GUILFORD,RC1,RC1,4174,480,0.0,4654.0,1658,17,1028,1468,3,55,1789,14,19,177,0,297,2303,142,3037,1475,2438,1936,280,437,716,732,754,806,668,541,0,0,0.0,0.0
GUILFORD,RC2,RC2,5741,773,0.0,6514.0,2016,31,1559,2134,1,92,2262,14,35,295,0,585,3231,248,4097,2169,3365,2669,480,569,1096,1277,1043,1086,834,609,0,0,0.0,0.0
GUILFORD,SCLAY,SCLAY,1902,176,0.0,2078.0,296,11,1026,569,0,4,95,7,6,31,0,116,1819,43,1547,488,1021,958,99,176,267,270,297,359,393,316,0,0,0.0,0.0
GUILFORD,SDRI,SDRI,6573,760,0.0,7333.0,1802,36,2171,2561,3,471,1352,22,18,485,0,518,4467,309,5231,1793,3730,3179,424,763,945,1085,1242,1169,913,1216,0,0,0.0,0.0
GUILFORD,SF1,SF1,3420,399,0.0,3819.0,567,20,1382,1451,0,148,231,11,16,154,1,238,3020,95,2861,863,1861,1769,189,475,441,529,720,822,492,340,0,0,0.0,0.0
GUILFORD,SF2,SF2,1750,153,0.0,1903.0,285,8,815,641,1,15,67,3,4,31,0,114,1669,35,1472,396,931,869,103,192,220,290,280,351,338,232,0,0,0.0,0.0
GUILFORD,SF3,SF3,2671,367,0.0,3038.0,708,16,843,1103,1,179,433,8,18,146,0,181,2073,100,2186,752,1585,1298,155,303,522,394,485,506,442,386,0,0,0.0,0.0
GUILFORD,SF4,SF4,3568,371,0.0,3939.0,766,18,1280,1504,0,238,332,6,16,203,0,233,2911,139,3030,770,1974,1778,187,448,469,574,713,716,579,440,0,0,0.0,0.0
GUILFORD,SMAD,SMAD,2421,297,0.0,2718.0,785,11,846,779,0,9,740,16,12,91,0,185,1665,87,1919,712,1406,1197,115,233,418,383,381,485,462,356,0,0,0.0,0.0
GUILFORD,STOK,STOK,4951,405,0.0,5356.0,794,28,2224,1905,0,94,376,11,13,156,0,347,4359,170,3929,1257,2627,2429,300,598,648,858,1039,1060,702,451,0,0,0.0,0.0
GUILFORD,SUM1,SUM1,2065,339,0.0,2404.0,1029,6,397,632,1,90,1173,11,11,132,1,207,779,131,1617,656,1286,975,143,255,491,364,358,383,332,221,0,0,0.0,0.0
GUILFORD,SUM2,SUM2,2423,414,0.0,2837.0,1214,5,445,757,2,37,1550,17,17,129,0,222,865,139,1904,794,1527,1128,182,334,626,481,407,458,321,210,0,0,0.0,0.0
GUILFORD,SUM3,SUM3,1058,149,0.0,1207.0,185,3,506,364,0,18,92,4,7,74,0,95,917,84,886,237,623,523,61,120,157,159,157,182,227,205,0,0,0.0,0.0
GUILFORD,SUM4,SUM4,1865,165,0.0,2030.0,215,11,1062,577,0,9,85,6,3,53,0,98,1776,53,1532,445,1006,935,89,150,258,277,283,346,384,332,0,0,0.0,0.0
GUILFORD,SWASH,SWASH,982,97,0.0,1079.0,143,3,516,319,1,5,76,2,2,22,0,65,907,20,767,292,531,496,52,92,153,166,126,224,179,139,0,0,0.0,0.0
HALIFAX,BUTWD,BUTTERWOOD,303,52,0.0,355.0,148,1,47,107,0,0,148,10,1,5,0,25,166,1,263,91,180,148,27,17,45,34,58,67,77,57,0,0,0.0,0.0
HALIFAX,CONC,CONOCONNARA,273,43,0.0,316.0,172,1,32,68,0,0,187,1,1,9,0,18,100,10,237,69,146,153,17,21,34,30,36,41,85,69,0,0,0.0,0.0
HALIFAX,ENF 2,ENFIELD 2,1029,214,0.0,1243.0,770,4,70,185,0,1,987,3,4,8,0,99,141,9,895,339,630,516,97,123,138,206,170,165,256,185,0,0,0.0,0.0
HALIFAX,ENF1,ENFIELD 1,1766,264,0.0,2030.0,1281,6,136,341,2,1,1524,5,4,19,0,129,348,21,1541,468,1033,866,131,146,270,308,284,360,386,276,0,0,0.0,0.0
HALIFAX,FAUCT,FAUCETT,1002,132,0.0,1134.0,444,2,195,361,0,3,424,6,5,10,0,54,632,10,888,236,570,496,68,76,136,132,152,244,209,185,0,0,0.0,0.0
HALIFAX,HAL,HALIFAX,1027,195,0.0,1222.0,648,0,105,274,0,3,788,5,1,10,0,71,344,17,943,262,643,510,69,72,160,151,158,249,228,204,0,0,0.0,0.0
HALIFAX,HOL,HOLLISTER,1675,347,0.0,2022.0,1285,1,86,303,0,29,873,800,13,34,4,132,137,16,1453,553,1033,860,129,210,258,299,298,338,356,263,0,0,0.0,0.0
HALIFAX,HPR,HOBGOOD,832,112,0.0,944.0,473,2,170,187,0,0,477,3,3,19,0,70,372,21,699,224,478,396,70,74,105,94,113,176,207,175,0,0,0.0,0.0
HALIFAX,LIT,LITTLETON,2558,380,0.0,2938.0,1123,5,520,909,1,6,1177,12,11,25,0,146,1561,17,2232,689,1484,1322,132,179,310,287,343,552,674,593,0,0,0.0,0.0
HALIFAX,RINGW,RINGWOOD,1066,164,0.0,1230.0,826,1,80,159,0,8,968,28,4,19,0,65,138,7,882,341,638,521,71,105,185,168,180,222,192,178,0,0,0.0,0.0
HALIFAX,RR 10,ROANOKE RAPIDS 10,2120,448,0.0,2568.0,802,1,343,973,1,54,786,14,13,51,0,168,1482,28,1945,595,1324,1073,171,225,377,354,341,408,465,398,0,0,0.0,0.0
HALIFAX,RR 11,ROANOKE RAPIDS 11,2143,393,0.0,2536.0,785,3,410,944,1,13,835,11,5,48,0,152,1472,29,1930,577,1273,1107,156,223,351,354,337,485,446,340,0,0,0.0,0.0
HALIFAX,RR1-2,ROANOKE RAPIDS 1-2,1021,306,0.0,1327.0,369,3,174,475,0,7,486,7,6,32,0,92,697,20,1001,306,681,556,90,169,231,245,167,197,190,128,0,0,0.0,0.0
HALIFAX,RR3-4,ROANOKE RAPIDS 3-4,1738,339,0.0,2077.0,456,7,400,874,1,15,351,9,7,25,0,139,1531,28,1612,437,1054,882,141,222,344,308,335,302,303,263,0,0,0.0,0.0
HALIFAX,RR7-9,ROANOKE RAPIDS 7-9,3141,757,0.0,3898.0,1870,11,323,937,0,9,2487,10,12,41,0,333,1006,40,2788,1070,2041,1544,313,374,539,602,528,669,678,508,0,0,0.0,0.0
HALIFAX,RRCE,ROANOKE RAPIDS CENTRAL,2455,617,0.0,3072.0,912,9,510,1023,1,24,971,11,12,54,0,228,1772,48,2226,798,1594,1244,234,308,540,485,437,467,434,401,0,0,0.0,0.0
HALIFAX,SN,SCOTLAND NECK,1649,446,0.0,2095.0,1086,6,207,350,0,8,1373,1,5,18,0,171,519,15,1512,568,1090,848,157,131,259,275,275,324,441,390,0,0,0.0,0.0
HALIFAX,WEL 3,WELDON 3,1747,382,0.0,2129.0,1009,3,197,538,0,4,1282,13,6,22,0,190,612,18,1551,560,1112,835,182,199,275,268,298,384,382,323,0,0,0.0,0.0
HALIFAX,WEL1-2,WELDON 1-2,1102,354,0.0,1456.0,674,2,80,345,1,3,1026,3,7,12,0,154,251,12,997,447,751,559,146,162,213,231,183,233,233,201,0,0,0.0,0.0
HARNETT,PR08,BLACK RIVER,9388,1163,0.0,10551.0,2148,79,3386,3763,12,109,1533,27,37,853,1,984,7007,964,5828,3759,5050,4382,1119,990,2032,1718,1534,1671,1490,1116,0,0,0.0,0.0
HARNETT,PR23,BOONE TRAIL,5963,939,0.0,6902.0,1470,33,2447,2012,1,33,935,21,36,459,2,635,4781,510,4180,2212,3331,2944,627,736,1187,1065,1042,1191,971,710,0,0,0.0,0.0
HARNETT,PR24,COATS/GROVE,6383,941,0.0,7324.0,1206,32,3192,1948,5,20,822,41,21,525,2,626,5267,610,4825,1889,3575,3117,632,790,1294,1056,1041,1268,1063,812,0,0,0.0,0.0
HARNETT,PR25,EAST AVERASBORO,2943,618,0.0,3561.0,1024,18,1111,788,2,11,1281,25,18,129,0,407,1690,132,2383,1046,1782,1386,393,337,579,473,501,576,561,534,0,0,0.0,0.0
HARNETT,PR26,ERWIN/DUKE,3653,683,0.0,4336.0,883,27,1707,1034,2,12,726,44,22,181,0,397,2954,208,2996,1132,2134,1779,423,418,704,652,585,747,658,572,0,0,0.0,0.0
HARNETT,PR28,NORTHWEST HARNETT,8392,848,0.0,9240.0,1580,67,3495,3245,5,138,850,27,30,462,1,901,6831,490,5320,3430,4334,3855,1051,796,1503,1659,1424,1653,1343,862,0,0,0.0,0.0
HARNETT,PR29,WEST AVERASBORO,4240,751,0.0,4991.0,1222,25,1836,1156,1,15,1185,36,17,206,1,449,3082,228,3394,1369,2505,2007,479,437,764,688,660,840,789,813,0,0,0.0,0.0
HARNETT,PR32,CENTRAL HARNETT NEILLS CREEK,4603,813,0.0,5416.0,1051,25,1942,1580,5,61,778,18,26,316,1,465,3751,334,3471,1611,2631,2267,518,564,1161,842,775,827,737,510,0,0,0.0,0.0
HARNETT,PR33,BARBECUE/BENHAVEN,6260,1828,0.0,8088.0,1552,53,2187,2460,8,71,1615,34,47,627,3,963,4728,691,4404,2993,3858,3375,855,936,1583,1640,1333,1210,886,500,0,0,0.0,0.0
HARNETT,PR34,BARBECUE/SPOUT SPRINGS,6094,2088,0.0,8182.0,1438,54,2077,2516,9,152,1802,36,50,711,6,974,4451,745,4224,3213,3916,3452,814,887,1483,1855,1483,1189,842,443,0,0,0.0,0.0
HARNETT,PR35,ANDERSON CREEK/FLATBRANCH,3297,732,0.0,4029.0,732,25,1274,1264,2,36,773,25,37,228,1,453,2476,254,2332,1443,1898,1708,423,397,772,821,638,615,484,302,0,0,0.0,0.0
HARNETT,PR36,ANDERSON CREEK/OVERHILLS,5774,2371,0.0,8145.0,1691,38,1702,2339,4,137,2375,47,74,652,9,1042,3809,653,4146,3346,3908,3366,871,911,1612,1733,1470,1195,832,392,0,0,0.0,0.0
HARNETT,PR37,JOHNSONVILLE,6069,2018,0.0,8087.0,1521,69,2085,2382,12,71,1761,36,62,739,5,1210,4203,795,3888,3404,3924,3303,860,914,1716,1947,1147,1048,823,492,0,0,0.0,0.0
HARNETT,PR38,STEWARTS CREEK,2785,513,0.0,3298.0,1071,16,854,842,2,18,1324,43,9,141,0,345,1418,159,2012,1127,1573,1414,311,308,603,516,535,587,447,302,0,0,0.0,0.0
HARNETT,PR39,CENTRAL HARNETT LILLINGTON,2765,632,0.0,3397.0,996,22,824,922,1,16,1002,25,14,154,2,373,1811,190,2055,1152,1704,1339,354,343,617,600,497,485,481,374,0,0,0.0,0.0
HAYWOOD,AC,ALLENS CREEK,2008,247,0.0,2255.0,492,10,710,795,1,12,19,11,5,36,0,111,2061,52,1616,587,1177,1010,68,145,335,327,293,375,395,385,0,0,0.0,0.0
HAYWOOD,BC,BIG CREEK,16,4,0.0,20.0,5,0,7,4,0,0,0,0,0,0,0,0,20,0,19,1,10,10,0,1,0,0,6,3,3,7,0,0,0.0,0.0
HAYWOOD,BE1,BEAVERDAM 1,1317,150,0.0,1467.0,251,7,551,507,1,7,16,6,1,26,0,74,1337,26,1055,386,733,661,73,129,253,245,200,276,192,172,0,0,0.0,0.0
HAYWOOD,BE2,BEAVERDAM 2,1134,138,0.0,1272.0,243,3,446,440,2,6,14,7,2,31,0,73,1139,30,922,320,639,578,55,106,222,162,185,225,205,167,0,0,0.0,0.0
HAYWOOD,BE3,BEAVERDAM 3,1804,206,0.0,2010.0,388,8,679,728,1,10,5,9,8,31,0,89,1858,28,1477,505,1021,906,83,157,321,373,292,338,303,226,0,0,0.0,0.0
HAYWOOD,BE4,BEAVERDAM 4,1612,174,0.0,1786.0,342,5,587,676,2,8,18,2,3,33,0,90,1632,35,1308,443,897,809,80,132,292,324,282,315,242,199,0,0,0.0,0.0
HAYWOOD,BE5-6,BEAVERDAM 5/6,1670,200,0.0,1870.0,437,10,547,674,2,3,126,4,0,36,0,89,1612,37,1338,495,955,830,85,159,298,333,256,301,259,264,0,0,0.0,0.0
HAYWOOD,BE7,BEAVERDAM 7,1156,97,0.0,1253.0,204,10,490,452,0,0,8,6,2,16,0,50,1171,19,949,285,633,580,40,109,200,190,193,228,196,137,0,0,0.0,0.0
HAYWOOD,CE,CECIL,363,35,0.0,398.0,54,3,192,114,0,1,0,0,2,4,0,32,359,6,294,98,190,186,22,18,48,52,73,75,72,60,0,0,0.0,0.0
HAYWOOD,CLN,CLYDE NORTH,1969,267,0.0,2236.0,432,9,706,821,1,1,28,6,9,48,0,152,1992,62,1568,606,1114,1003,119,223,346,390,296,350,338,293,0,0,0.0,0.0
HAYWOOD,CLS,CLYDE SOUTH,2237,309,0.0,2546.0,485,18,845,886,3,10,27,5,7,44,0,146,2307,64,1832,650,1302,1130,114,220,355,404,395,446,363,363,0,0,0.0,0.0
HAYWOOD,CR,CRABTREE,1569,112,0.0,1681.0,389,11,585,583,1,2,2,2,0,10,0,61,1604,10,1242,429,860,783,38,123,183,230,240,266,350,289,0,0,0.0,0.0
HAYWOOD,EF,EAST FORK,1123,103,0.0,1226.0,168,6,541,408,0,4,3,1,2,13,0,58,1145,9,918,299,573,606,47,100,161,170,150,254,221,170,0,0,0.0,0.0
HAYWOOD,FC-1,FINES CREEK 1,719,79,0.0,798.0,145,4,269,301,0,0,4,0,3,7,0,32,752,3,572,223,404,369,25,46,94,132,86,156,163,121,0,0,0.0,0.0
HAYWOOD,FC-2,FINES CREEK 2,165,10,0.0,175.0,28,0,55,82,0,1,0,2,0,0,0,9,163,0,136,39,87,86,2,9,17,18,33,31,31,36,0,0,0.0,0.0
HAYWOOD,HA,HAZELWOOD,1021,185,0.0,1206.0,292,6,320,401,2,4,26,9,4,35,0,67,1061,27,831,348,647,509,50,73,235,222,138,192,171,175,0,0,0.0,0.0
HAYWOOD,ID,IRON DUFF,976,82,0.0,1058.0,219,5,338,414,0,1,2,0,0,15,0,49,991,22,781,255,538,495,25,64,120,127,116,196,230,205,0,0,0.0,0.0
HAYWOOD,IH,IVY HILL,3882,473,0.0,4355.0,837,24,1480,1538,3,31,19,20,6,88,0,200,3991,73,2998,1284,2193,2036,126,220,396,466,448,801,1034,990,0,0,0.0,0.0
HAYWOOD,JC,JONATHAN CREEK,3308,425,0.0,3733.0,712,27,1207,1361,1,8,16,5,7,52,0,199,3446,62,2595,1076,1892,1726,115,242,456,413,456,666,866,634,0,0,0.0,0.0
HAYWOOD,LJ,LAKE JUNALUSKA,1851,196,0.0,2047.0,557,4,550,736,4,7,10,5,3,16,0,66,1940,21,1505,521,1114,890,43,116,206,214,217,301,446,547,0,0,0.0,0.0
HAYWOOD,P,PIGEON,2500,237,0.0,2737.0,439,13,1140,908,0,6,19,7,6,29,0,114,2556,31,2079,627,1397,1243,97,232,381,352,408,482,440,442,0,0,0.0,0.0
HAYWOOD,PC,PIGEON CENTER,1101,130,0.0,1231.0,165,3,498,434,1,2,4,2,1,18,0,56,1148,20,943,268,611,572,48,111,204,192,167,236,174,147,0,0,0.0,0.0
HAYWOOD,SA,SAUNOOK,2014,188,0.0,2202.0,425,10,720,858,1,10,9,4,5,22,0,117,2035,23,1583,596,1119,1004,79,124,250,310,263,390,491,374,0,0,0.0,0.0
HAYWOOD,WC,WAYNESVILLE CENTER,785,96,0.0,881.0,214,4,192,374,1,6,20,4,2,19,0,42,788,24,623,234,447,402,32,70,175,130,137,122,122,125,0,0,0.0,0.0
HAYWOOD,WE,WAYNESVILLE EAST,1538,139,0.0,1677.0,440,15,458,625,0,6,8,7,2,27,0,66,1561,23,1251,403,869,761,47,93,201,226,201,290,384,282,0,0,0.0,0.0
HAYWOOD,WO,WHITE OAK,322,33,0.0,355.0,57,5,130,130,0,0,2,4,1,4,0,15,329,6,259,90,183,166,6,27,46,45,58,62,70,47,0,0,0.0,0.0
HAYWOOD,WS-1,WAYNESVILLE SOUTH 1,1953,236,0.0,2189.0,556,12,572,812,1,16,27,7,2,28,0,96,2013,32,1609,548,1165,965,59,125,209,272,244,329,445,565,0,0,0.0,0.0
HAYWOOD,WS-2,WAYNESVILLE SOUTH 2,1648,193,0.0,1841.0,440,8,473,727,0,11,44,2,8,31,0,87,1658,36,1337,468,982,807,52,141,203,246,214,302,380,355,0,0,0.0,0.0
HAYWOOD,WW,WAYNESVILLE WEST,1515,193,0.0,1708.0,373,11,488,643,0,6,20,5,6,32,0,102,1537,40,1185,483,939,700,69,103,226,251,207,261,318,342,0,0,0.0,0.0
HENDERSON,AR,ARMORY,1381,232,0.0,1613.0,290,7,483,598,3,4,18,3,2,82,0,121,1383,102,925,586,833,664,116,135,203,205,172,241,309,348,0,0,0.0,0.0
HENDERSON,AT,ATKINSON,3302,369,0.0,3671.0,531,9,1242,1518,2,13,30,3,11,82,1,186,3345,65,2115,1491,1808,1674,189,227,308,382,392,613,885,864,0,0,0.0,0.0
HENDERSON,BC,BAT CAVE,859,163,0.0,1022.0,170,14,307,367,1,9,16,1,3,25,0,62,906,26,588,408,489,473,60,63,116,128,134,185,234,162,0,0,0.0,0.0
HENDERSON,BK,BRICKTON,1543,256,0.0,1799.0,334,15,524,668,2,37,174,4,7,96,0,155,1326,86,942,771,903,731,165,193,268,452,374,226,161,125,0,0,0.0,0.0
HENDERSON,CB,CRAB CREEK,1207,137,0.0,1344.0,166,8,504,529,0,8,9,2,3,25,0,65,1232,25,801,518,660,605,79,87,137,198,196,246,265,215,0,0,0.0,0.0
HENDERSON,CC,CLEAR CREEK,3653,672,0.0,4325.0,620,23,1417,1589,4,25,120,9,18,172,2,268,3711,175,2385,1765,2214,1821,290,310,634,592,482,683,733,891,0,0,0.0,0.0
HENDERSON,CV,CAROLINA VILLAGE,506,20,0.0,526.0,116,0,161,229,0,1,0,0,1,4,0,13,507,0,354,172,357,161,8,0,3,0,1,1,24,497,0,0,0.0,0.0
HENDERSON,ED,EDNEYVILLE,2977,421,0.0,3398.0,422,21,1283,1251,0,18,61,6,6,151,1,247,2908,194,1945,1259,1674,1526,198,299,431,415,413,635,721,484,0,0,0.0,0.0
HENDERSON,EF,EAST FLAT ROCK,2378,494,0.0,2872.0,405,22,913,1037,1,15,148,2,24,233,1,248,2201,301,1569,1002,1444,1232,196,309,461,455,368,431,437,411,0,0,0.0,0.0
HENDERSON,ES,ETOWAH SOUTH,2189,305,0.0,2494.0,400,13,756,1020,0,14,43,5,9,60,0,149,2214,60,1420,1014,1288,1033,173,168,263,311,296,400,538,518,0,0,0.0,0.0
HENDERSON,EV,ETOWAH VALLEY,2551,278,0.0,2829.0,416,11,992,1132,0,15,39,4,9,50,0,157,2555,46,1596,1187,1412,1248,169,203,275,354,347,475,562,613,0,0,0.0,0.0
HENDERSON,FL,FLETCHER,4030,677,0.0,4707.0,900,33,1273,1821,3,75,181,10,19,177,1,415,3829,162,2562,1983,2386,1890,431,328,695,848,683,792,718,643,0,0,0.0,0.0
HENDERSON,FR,FLAT ROCK,3014,303,0.0,3317.0,522,11,1029,1452,0,19,17,2,4,42,0,152,3081,29,2043,1245,1701,1471,145,145,176,188,228,419,893,1268,0,0,0.0,0.0
HENDERSON,GM,GRIMESDALE,1377,196,0.0,1573.0,278,8,435,656,0,18,79,3,7,61,1,94,1310,81,900,592,766,699,108,133,185,265,241,254,274,221,0,0,0.0,0.0
HENDERSON,GR,GREEN RIVER,2446,341,0.0,2787.0,268,12,1255,908,3,10,18,2,6,50,0,118,2583,48,1675,1064,1357,1308,122,234,369,337,397,444,522,484,0,0,0.0,0.0
HENDERSON,HC,HOOPERS CREEK,3193,494,0.0,3687.0,594,16,1155,1426,2,36,93,7,16,92,1,250,3192,88,2104,1495,1832,1572,283,309,445,601,582,601,634,515,0,0,0.0,0.0
HENDERSON,HS,HORSE SHOE,2512,272,0.0,2784.0,417,15,950,1129,1,10,34,3,12,51,0,134,2540,55,1597,1132,1361,1268,155,164,214,307,285,421,685,708,0,0,0.0,0.0
HENDERSON,HV-1,HENDERSONVILLE-1,2161,291,0.0,2452.0,553,12,548,1047,1,13,88,7,7,64,0,153,2120,70,1464,918,1342,962,148,139,219,288,237,315,492,762,0,0,0.0,0.0
HENDERSON,HV-2,HENDERSONVILLE-2,2209,452,0.0,2661.0,612,10,541,1044,2,20,306,6,18,141,1,218,1951,171,1493,997,1442,1040,179,181,386,333,281,333,387,760,0,0,0.0,0.0
HENDERSON,HV-3,HENDERSONVILLE-3,2093,559,0.0,2652.0,557,19,501,1010,6,12,162,5,26,106,0,159,2182,117,1528,1007,1439,1066,147,164,370,377,311,432,524,474,0,0,0.0,0.0
HENDERSON,LJ,LONG JOHN MOUNTAIN,2018,183,0.0,2201.0,388,15,621,993,1,14,23,3,5,21,0,99,2036,22,1361,818,1113,981,107,141,167,227,254,347,478,587,0,0,0.0,0.0
HENDERSON,LP,LAUREL PARK,1766,146,0.0,1912.0,402,7,519,835,3,12,14,1,3,17,1,100,1764,17,1153,742,975,844,93,105,142,154,187,284,500,540,0,0,0.0,0.0
HENDERSON,MG,MOORES GROVE,1099,200,0.0,1299.0,218,13,420,446,2,10,44,2,13,69,0,93,1068,82,734,483,663,540,96,118,160,193,149,205,233,241,0,0,0.0,0.0
HENDERSON,NB,NORTH BLUE RIDGE,3842,725,0.0,4567.0,578,27,1606,1626,5,18,96,15,32,390,2,413,3601,514,2430,1623,2234,2003,330,554,730,660,562,753,687,621,0,0,0.0,0.0
HENDERSON,NE,NORTHEAST,2446,366,0.0,2812.0,512,25,840,1067,2,30,156,9,15,156,1,192,2253,184,1470,1158,1508,1117,187,250,514,427,347,396,448,430,0,0,0.0,0.0
HENDERSON,NM,NORTH MILLS RIVER,3092,371,0.0,3463.0,520,15,1150,1406,1,15,60,3,6,75,0,201,3103,68,1951,1444,1714,1525,224,261,359,537,569,579,612,546,0,0,0.0,0.0
HENDERSON,NW,NORTHWEST,1863,310,0.0,2173.0,406,7,592,856,2,9,47,1,8,69,3,163,1873,92,1263,818,1087,934,152,172,273,348,277,322,354,427,0,0,0.0,0.0
HENDERSON,PR,PARK RIDGE,2649,381,0.0,3030.0,487,12,962,1185,3,24,89,6,10,115,0,226,2560,130,1766,1134,1528,1277,225,223,404,433,397,488,512,573,0,0,0.0,0.0
HENDERSON,PV,PISGAH VIEW,1935,235,0.0,2170.0,387,13,564,969,2,17,28,3,9,40,0,109,1964,41,1336,793,1130,933,107,109,189,290,253,332,442,555,0,0,0.0,0.0
HENDERSON,RG,RUGBY,2244,308,0.0,2552.0,380,3,841,1019,1,25,32,5,10,78,0,138,2264,80,1503,969,1258,1153,141,251,284,378,373,430,446,390,0,0,0.0,0.0
HENDERSON,RR,RAVEN ROCK,1000,115,0.0,1115.0,168,5,380,447,0,2,5,1,8,14,0,66,1019,20,640,455,553,500,62,72,101,122,159,211,250,200,0,0,0.0,0.0
HENDERSON,SB,SOUTH BLUE RIDGE,3131,486,0.0,3617.0,459,19,1340,1310,3,15,45,5,16,130,0,240,3166,165,2136,1316,1879,1530,208,303,432,395,421,605,705,756,0,0,0.0,0.0
HENDERSON,SE,SOUTHEAST,1464,241,0.0,1705.0,277,12,534,639,2,13,68,5,9,137,1,134,1338,144,895,666,917,688,100,179,307,213,218,247,259,282,0,0,0.0,0.0
HENDERSON,SM,SOUTH MILLS RIVER,3805,435,0.0,4240.0,537,15,1506,1747,0,16,40,8,10,87,0,240,3839,93,2410,1737,2073,1921,246,358,524,588,629,777,764,600,0,0,0.0,0.0
HENDERSON,SW,SOUTHWEST,2374,273,0.0,2647.0,434,19,822,1098,1,8,43,2,10,76,0,143,2365,82,1607,958,1376,1130,141,174,310,359,311,466,517,510,0,0,0.0,0.0
HERTFORD,A1,AHOSKIE 1,1640,292,0.0,1932.0,1019,8,173,440,0,16,1174,19,7,31,0,150,535,10,1239,683,1047,737,148,159,261,281,285,302,398,246,0,0,0.0,0.0
HERTFORD,A2,AHOSKIE 2,1599,276,0.0,1875.0,817,5,250,527,0,5,926,4,8,16,1,168,747,20,1224,631,992,729,154,144,260,253,248,313,351,306,0,0,0.0,0.0
HERTFORD,A3,AHOSKIE 3,916,235,0.0,1151.0,671,1,41,201,2,3,965,10,1,12,0,110,50,2,742,407,607,445,99,95,161,164,171,175,227,158,0,0,0.0,0.0
HERTFORD,BR,BRYANTVILLE,324,50,0.0,374.0,223,0,24,77,0,0,258,0,0,3,0,22,91,4,252,118,198,157,19,22,43,41,43,69,80,76,0,0,0.0,0.0
HERTFORD,CM,COMO,420,55,0.0,475.0,179,2,112,127,0,2,162,3,1,2,0,26,279,2,344,129,237,218,20,37,54,57,64,78,111,74,0,0,0.0,0.0
HERTFORD,CO,COFIELD,422,75,0.0,497.0,286,0,43,92,1,1,333,5,3,3,0,30,122,3,337,157,260,210,27,39,58,47,62,86,116,89,0,0,0.0,0.0
HERTFORD,HV,HARRELLSVILLE,677,108,0.0,785.0,323,1,146,207,0,0,338,2,1,5,0,43,396,3,524,258,399,339,47,59,82,106,101,145,155,137,0,0,0.0,0.0
HERTFORD,M1,MURFREESBORO 1,1820,465,0.0,2285.0,1097,7,225,491,0,9,1336,4,7,45,1,142,741,37,1428,820,1223,928,134,237,348,330,282,347,379,362,0,0,0.0,0.0
HERTFORD,M2,MURFREESBORO 2,897,149,0.0,1046.0,567,4,106,220,0,1,631,1,7,8,0,64,334,7,718,321,531,467,48,67,124,114,165,188,217,171,0,0,0.0,0.0
HERTFORD,ML,MILLENNIUM,472,56,0.0,528.0,130,1,119,221,1,0,106,1,3,6,0,47,365,10,346,172,242,244,42,47,76,68,79,94,92,72,0,0,0.0,0.0
HERTFORD,SJ,ST JOHN,581,97,0.0,678.0,327,0,87,167,0,1,404,1,2,3,0,41,226,3,461,214,356,275,47,53,77,99,102,94,152,101,0,0,0.0,0.0
HERTFORD,UN,UNION,713,98,0.0,811.0,415,3,102,193,0,2,455,6,2,9,0,49,288,2,534,275,409,351,51,59,96,132,102,133,152,137,0,0,0.0,0.0
HERTFORD,WN,WINTON,1012,144,0.0,1156.0,659,2,98,252,1,1,689,33,6,13,1,89,324,11,781,364,610,469,77,100,142,157,170,173,228,186,0,0,0.0,0.0
HOKE,01,ALLENDALE,352,55,0.0,407.0,120,2,78,152,0,1,96,177,2,24,0,51,56,20,275,112,187,171,49,56,75,45,77,57,55,42,0,0,0.0,0.0
HOKE,02,ANTIOCH,1899,339,0.0,2238.0,714,7,316,860,2,7,545,805,14,112,0,346,409,107,1470,661,1078,872,288,266,402,343,351,340,339,197,0,0,0.0,0.0
HOKE,03,BLUE SPRINGS,851,151,0.0,1002.0,367,2,161,321,0,4,375,183,3,55,0,138,244,47,668,287,469,419,114,125,160,147,159,158,167,86,0,0,0.0,0.0
HOKE,04,BUCHAN,1095,149,0.0,1244.0,297,6,411,380,1,8,301,54,3,38,1,101,738,33,878,333,632,523,89,111,199,200,154,227,211,142,0,0,0.0,0.0
HOKE,05,MCCAIN,1749,268,0.0,2017.0,479,10,515,745,0,15,494,90,15,108,0,224,1071,94,1327,596,948,861,208,171,373,351,303,345,288,186,0,0,0.0,0.0
HOKE,06B,PUPPY CREEK,4028,1014,0.0,5042.0,1308,37,1017,1663,3,88,1647,70,35,456,3,607,2136,457,3218,1367,2414,2158,470,518,985,1191,854,706,558,230,0,0,0.0,0.0
HOKE,12,ROCKFISH,3772,745,0.0,4517.0,953,26,1159,1631,3,37,1154,92,41,405,4,482,2302,387,2902,1228,2167,1942,408,449,840,922,740,737,530,299,0,0,0.0,0.0
HOKE,13,STONEWALL,1356,211,0.0,1567.0,349,7,385,615,0,11,314,149,5,107,1,153,827,99,1058,410,739,687,141,181,259,224,226,276,228,173,0,0,0.0,0.0
HOKE,14,WAYSIDE,4682,1223,0.0,5905.0,1818,37,904,1918,5,90,2458,54,54,616,9,826,1798,643,3508,1754,2862,2404,639,710,1205,1295,957,937,576,225,0,0,0.0,0.0
HOKE,15,PHILIPPI,2983,618,0.0,3601.0,1128,16,569,1268,2,67,1467,40,17,365,1,446,1198,328,2210,1063,1765,1464,372,425,725,765,611,524,384,167,0,0,0.0,0.0
HOKE,61,RAEFORD #1,1326,192,0.0,1518.0,636,7,206,477,0,12,664,44,5,88,0,167,538,92,1046,380,779,599,140,151,245,214,197,254,264,193,0,0,0.0,0.0
HOKE,62,RAEFORD #2,868,156,0.0,1024.0,315,4,154,395,0,6,351,29,3,53,0,157,425,53,704,267,512,367,145,118,158,152,126,174,160,136,0,0,0.0,0.0
HOKE,63,RAEFORD #3,3086,731,0.0,3817.0,1313,21,491,1257,4,28,1650,71,18,353,1,599,1097,385,2351,1081,1863,1495,459,463,848,713,592,504,455,242,0,0,0.0,0.0
HOKE,64,RAEFORD #4,1967,347,0.0,2314.0,717,15,395,838,2,19,814,92,7,136,1,314,931,140,1536,638,1141,909,264,220,396,441,352,329,348,228,0,0,0.0,0.0
HOKE,65,RAEFORD #5,585,88,0.0,673.0,402,0,8,175,0,1,547,2,0,11,0,93,19,14,486,173,336,261,76,46,92,93,87,114,142,99,0,0,0.0,0.0
HYDE,BM,BURGESS MILL,301,27,0.0,328.0,34,1,163,103,0,1,2,0,0,10,0,13,302,9,260,59,151,158,19,31,49,26,31,62,80,49,0,0,0.0,0.0
HYDE,ENG,ENGELHARD,347,82,0.0,429.0,141,2,100,104,0,0,108,0,1,10,0,28,282,11,304,114,214,192,23,40,42,37,46,81,99,84,0,0,0.0,0.0
HYDE,FF,FAIRFIELD,256,30,0.0,286.0,112,0,56,88,0,0,70,0,0,2,0,12,202,4,230,52,139,134,13,19,21,30,50,59,66,41,0,0,0.0,0.0
HYDE,LL,LAKE LANDING,378,34,0.0,412.0,158,0,76,144,0,0,138,2,2,6,0,25,239,7,296,109,207,183,22,26,47,42,45,70,103,79,0,0,0.0,0.0
HYDE,OCK,OCRACOKE,719,89,0.0,808.0,309,6,131,273,0,1,2,0,2,35,0,49,719,31,475,302,408,351,49,72,72,91,115,150,172,136,0,0,0.0,0.0
HYDE,SLAD,SLADESVILLE,276,22,0.0,298.0,95,0,67,114,0,0,83,0,0,4,0,13,198,2,230,66,156,129,13,23,25,30,38,55,73,54,0,0,0.0,0.0
HYDE,SQ,SWAN QUARTER,432,43,0.0,475.0,175,0,81,176,0,0,109,0,0,5,0,25,336,11,358,106,250,208,17,38,47,70,65,77,101,77,0,0,0.0,0.0
IREDELL,BA-1,BARRINGER,6484,780,0.0,7264.0,996,30,2966,2490,2,57,627,7,26,297,0,517,5733,311,4715,2238,3471,3185,608,640,1310,1356,1079,1251,951,677,0,0,0.0,0.0
IREDELL,BE,BETHANY,5107,543,0.0,5650.0,887,19,2384,1816,1,64,667,7,21,250,1,356,4284,273,4313,1064,2860,2424,366,529,838,815,865,988,850,765,0,0,0.0,0.0
IREDELL,CC1,CODDLE CREEK #1,6412,1070,0.0,7482.0,1226,54,2398,2728,6,51,794,13,27,322,1,528,5746,313,4541,2628,3603,3308,571,946,1248,1417,1412,1141,754,564,0,0,0.0,0.0
IREDELL,CC2,CODDLE CREEK #2,6184,1142,0.0,7326.0,1386,32,2210,2556,0,98,1258,15,30,375,0,613,4937,368,4292,2666,3511,3180,635,785,1270,1377,1204,1166,902,622,0,0,0.0,0.0
IREDELL,CC3-1,CODDLE CREEK #3,10629,1570,0.0,12199.0,2059,66,3953,4547,4,160,1416,19,36,527,1,881,9159,542,7040,4617,6000,5226,973,1467,1888,2237,2093,1983,1449,1082,0,0,0.0,0.0
IREDELL,CC4-1,CODDLE CREEK #4,4960,522,0.0,5482.0,753,35,2070,2101,1,83,301,8,8,216,0,441,4425,180,3152,2150,2565,2397,520,597,778,951,927,961,733,535,0,0,0.0,0.0
IREDELL,CD,CONCORD,4602,603,0.0,5205.0,672,24,2283,1623,0,69,434,10,19,199,1,391,4082,236,3951,1018,2508,2321,376,492,806,777,687,949,827,667,0,0,0.0,0.0
IREDELL,CH-A,CHAMBERSBURG-A,2702,308,0.0,3010.0,621,10,1159,910,2,49,567,0,10,122,1,237,2024,138,2219,653,1462,1307,241,284,444,414,414,566,509,379,0,0,0.0,0.0
IREDELL,CH-B,CHAMBERSBURG-B,2875,410,0.0,3285.0,436,18,1335,1086,0,27,263,2,11,192,0,293,2497,250,2248,787,1561,1475,249,385,488,530,495,650,456,281,0,0,0.0,0.0
IREDELL,CS,COOL SPRINGS,2569,308,0.0,2877.0,442,10,1273,844,0,18,313,1,9,126,0,193,2217,143,2173,561,1412,1285,180,288,417,361,399,593,467,352,0,0,0.0,0.0
IREDELL,DV1A1A,DAVIDSON #1A,5880,776,0.0,6656.0,771,37,2596,2472,4,151,361,9,15,223,1,394,5502,222,4111,2323,3228,3008,420,805,956,905,1116,1306,940,628,0,0,0.0,0.0
IREDELL,DV1B-1,DAVIDSON #1B,10016,1026,0.0,11042.0,1084,48,4784,4098,2,156,194,18,25,274,1,622,9752,219,7372,3451,5263,5133,646,1386,1202,1029,1734,2593,1775,1323,0,0,0.0,0.0
IREDELL,DV2A-1,DAVIDSON #2A,5710,919,0.0,6629.0,901,31,2409,2367,2,109,434,8,14,326,1,485,5252,290,4102,2237,3244,2849,536,673,1168,956,980,1216,934,702,0,0,0.0,0.0
IREDELL,DV2B-1,DAVIDSON #2B,7307,1074,0.0,8381.0,1232,48,2874,3149,4,187,560,13,18,323,0,586,6694,270,4826,3285,3967,3712,702,819,1532,1246,1264,1522,1168,830,0,0,0.0,0.0
IREDELL,DV3A,DAVIDSON #3A,4998,1014,0.0,6012.0,784,32,2033,2144,5,138,454,19,18,331,0,406,4646,289,3479,2244,2856,2699,457,777,1140,940,1026,1099,609,421,0,0,0.0,0.0
IREDELL,EM,EAGLE MILLS,1212,136,0.0,1348.0,149,3,704,356,0,2,80,2,2,28,0,99,1135,36,967,345,641,615,92,118,199,176,205,253,213,184,0,0,0.0,0.0
IREDELL,FT,FALLSTOWN,9573,913,0.0,10486.0,1478,51,4343,3697,4,95,935,13,17,327,0,671,8428,340,7301,2845,5023,4700,763,944,1467,1569,1561,2089,1668,1188,0,0,0.0,0.0
IREDELL,NH,NEW HOPE,1225,106,0.0,1331.0,107,2,721,395,0,1,10,0,0,11,0,65,1244,14,1060,257,627,621,83,127,161,147,204,250,234,208,0,0,0.0,0.0
IREDELL,OL,OLIN,1234,125,0.0,1359.0,135,4,691,403,1,5,36,0,1,36,0,91,1190,41,1053,265,643,623,93,122,204,193,178,248,219,195,0,0,0.0,0.0
IREDELL,SB,SHARPESBURG,1829,195,0.0,2024.0,180,5,1044,600,0,3,63,1,3,26,1,119,1808,32,1629,363,974,924,126,199,285,264,301,375,324,276,0,0,0.0,0.0
IREDELL,SH-A,SHILOH-A,2905,355,0.0,3260.0,439,11,1484,969,2,44,182,6,7,75,0,225,2721,89,2570,601,1550,1483,227,306,425,444,451,613,565,456,0,0,0.0,0.0
IREDELL,SH-B,SHILOH-B,3005,345,0.0,3350.0,411,12,1594,988,0,22,224,6,2,78,0,207,2811,84,2615,651,1601,1516,233,310,458,449,491,628,604,410,0,0,0.0,0.0
IREDELL,ST1,STATESVILLE #1,3875,629,0.0,4504.0,905,26,1466,1477,1,94,742,5,13,275,0,385,2990,326,3218,960,2227,1919,358,407,773,681,603,692,711,637,0,0,0.0,0.0
IREDELL,ST2,STATESVILLE #2,2652,555,0.0,3207.0,753,13,863,1021,2,41,686,6,11,150,0,250,2063,213,2318,676,1646,1297,264,300,629,498,432,475,433,440,0,0,0.0,0.0
IREDELL,ST3,STATESVILLE #3,3619,769,0.0,4388.0,1192,23,1099,1304,1,22,1446,10,13,238,0,402,2257,300,3045,1043,2121,1856,411,442,786,777,736,754,578,315,0,0,0.0,0.0
IREDELL,ST4,STATESVILLE #4,2687,403,0.0,3090.0,751,18,978,938,2,12,604,3,11,105,0,209,2146,128,2385,577,1633,1257,200,244,419,445,392,507,521,562,0,0,0.0,0.0
IREDELL,ST5,STATESVILLE #5,2742,516,0.0,3258.0,886,15,871,968,2,31,888,4,10,152,3,240,1930,180,2388,690,1690,1347,221,312,506,476,446,575,536,407,0,0,0.0,0.0
IREDELL,ST6,STATESVILLE #6,4150,797,0.0,4947.0,1358,29,1363,1399,1,46,1634,8,16,259,0,392,2592,290,3419,1238,2463,2068,416,494,919,831,730,826,678,469,0,0,0.0,0.0
IREDELL,TB,TURNERSBURG,2433,305,0.0,2738.0,422,13,1166,830,2,5,302,4,7,125,0,190,2105,132,1986,620,1326,1215,197,281,442,395,393,502,395,330,0,0,0.0,0.0
IREDELL,UG,UNION GROVE,1426,140,0.0,1566.0,184,6,834,402,0,8,29,3,1,60,2,108,1355,67,1156,343,739,720,107,164,227,228,222,279,263,183,0,0,0.0,0.0
JACKSON,BCK,BARKERS CREEK,1284,214,0.0,1498.0,261,6,511,506,0,3,9,37,3,16,1,120,1309,17,999,482,700,685,113,115,181,194,218,271,276,243,0,0,0.0,0.0
JACKSON,CAN,CANADA,476,50,0.0,526.0,92,3,201,180,0,2,4,3,2,4,0,42,469,5,333,188,255,226,45,35,59,63,75,90,133,71,0,0,0.0,0.0
JACKSON,CAS,CASHIERS,1760,317,0.0,2077.0,298,6,681,774,1,14,7,3,2,29,0,145,1877,33,1294,750,1017,933,127,90,164,181,200,305,505,632,0,0,0.0,0.0
JACKSON,CFK,CANEY FORK,578,69,0.0,647.0,161,2,165,250,0,2,3,6,0,12,0,48,576,10,467,170,304,295,48,53,64,96,107,96,130,101,0,0,0.0,0.0
JACKSON,CUL,CULLOWHEE,5091,1460,0.0,6551.0,1316,50,936,2779,10,45,342,49,113,189,5,1133,4675,358,3935,2258,2916,2534,1101,2584,1909,486,372,428,408,364,0,0,0.0,0.0
JACKSON,GCK,GREENS CREEK,1055,136,0.0,1191.0,264,6,336,449,0,7,10,16,6,20,0,79,1053,22,843,326,564,536,91,98,162,166,165,192,218,190,0,0,0.0,0.0
JACKSON,GLV,GLENVILLE,1725,307,0.0,2032.0,271,6,732,714,2,2,1,3,2,54,0,150,1820,57,1234,741,959,926,147,148,226,225,219,353,465,396,0,0,0.0,0.0
JACKSON,QUA,QUALLA,3212,739,0.0,3951.0,823,23,986,1375,5,64,44,1283,18,141,2,357,2042,131,2396,1424,1929,1664,358,378,610,573,587,679,657,467,0,0,0.0,0.0
JACKSON,RIV,RIVER,741,109,0.0,850.0,186,5,214,336,0,3,4,4,1,21,0,48,769,25,609,216,411,387,52,84,119,103,120,166,133,125,0,0,0.0,0.0
JACKSON,SAV,SAVANNAH,1131,163,0.0,1294.0,254,8,385,484,0,9,10,24,0,21,0,99,1131,16,867,411,619,567,108,115,210,176,178,231,186,198,0,0,0.0,0.0
JACKSON,SCC,SCOTTS CREEK COMBINED,1687,242,0.0,1929.0,399,12,544,730,2,4,10,26,7,27,0,152,1703,26,1336,567,924,838,167,134,232,278,273,347,379,286,0,0,0.0,0.0
JACKSON,SDC,SYLVA DILLSBORO COMBINED,5196,858,0.0,6054.0,1506,27,1389,2272,2,64,108,74,19,203,0,486,5100,166,4272,1616,3007,2575,472,516,927,965,935,869,942,900,0,0,0.0,0.0
JACKSON,WEB,WEBSTER,1877,274,0.0,2151.0,620,5,477,774,1,16,17,26,4,51,1,142,1894,42,1559,550,1082,921,148,167,302,333,305,349,345,350,0,0,0.0,0.0
JOHNSTON,PR04,BENTONVILLE,1083,173,0.0,1256.0,264,3,469,347,0,0,198,4,1,78,0,123,852,93,842,321,637,526,93,144,209,177,178,187,209,152,0,0,0.0,0.0
JOHNSTON,PR07,NORTH BOON HILL,2931,436,0.0,3367.0,496,14,1483,937,1,16,371,5,17,149,1,290,2518,160,2254,953,1682,1452,233,417,569,529,523,531,448,350,0,0,0.0,0.0
JOHNSTON,PR08,SOUTH BOON HILL,2140,282,0.0,2422.0,284,11,1138,707,0,11,141,6,8,89,0,218,1949,104,1606,712,1160,1082,180,253,414,329,418,424,350,234,0,0,0.0,0.0
JOHNSTON,PR09,EAST CLAYTON,6314,739,0.0,7053.0,1560,41,2134,2577,2,80,1281,20,18,403,3,668,4580,419,4259,2375,3451,3062,540,798,1168,1210,1256,1175,855,591,0,0,0.0,0.0
JOHNSTON,PR10A,NORTH CLAYTON 1,3592,671,0.0,4263.0,1217,20,873,1478,4,27,1136,9,18,243,1,491,2338,282,2487,1494,2163,1654,446,364,937,789,537,535,602,499,0,0,0.0,0.0
JOHNSTON,PR10B,NORTH CLAYTON 2,3754,431,0.0,4185.0,992,14,1238,1508,2,43,712,8,15,206,0,362,2839,229,2488,1468,2086,1779,320,330,716,649,551,730,749,460,0,0,0.0,0.0
JOHNSTON,PR11A,WEST CLAYTON 1,2805,431,0.0,3236.0,772,21,953,1058,1,25,675,7,9,194,0,307,2019,227,2051,958,1549,1443,244,306,528,531,464,601,498,308,0,0,0.0,0.0
JOHNSTON,PR11B,WEST CLAYTON 2,5101,823,0.0,5924.0,1476,40,1500,2084,1,57,1226,12,25,344,2,582,3676,363,3611,1950,3004,2444,476,592,1059,1105,949,908,767,544,0,0,0.0,0.0
JOHNSTON,PR12A,NORTH CLEVELAND 1,5968,913,0.0,6881.0,1761,23,1722,2457,5,133,1678,24,32,410,0,772,3832,401,4052,2428,3340,2883,658,709,1213,1254,1112,1153,879,561,0,0,0.0,0.0
JOHNSTON,PR12B,NORTH CLEVELAND 2,5525,655,0.0,6180.0,1392,38,1912,2177,6,70,1142,19,24,305,0,531,4089,287,3842,2051,3048,2695,437,789,887,1087,1239,1120,654,404,0,0,0.0,0.0
JOHNSTON,PR13,NORTH ELEVATION,4345,471,0.0,4816.0,777,19,1970,1578,1,26,571,27,5,221,1,421,3544,230,2930,1656,2315,2113,388,458,816,903,775,887,601,376,0,0,0.0,0.0
JOHNSTON,PR14,SOUTH ELEVATION,2724,343,0.0,3067.0,338,22,1417,947,0,7,182,9,7,169,0,295,2398,220,1943,904,1484,1367,216,303,583,483,431,561,408,298,0,0,0.0,0.0
JOHNSTON,PR19,MICRO,2079,277,0.0,2356.0,423,7,1024,623,2,3,310,7,5,165,0,221,1645,210,1473,673,1172,1006,178,253,417,375,340,401,322,248,0,0,0.0,0.0
JOHNSTON,PR20,NORTH ONEALS,5021,619,0.0,5640.0,1205,37,1843,1932,4,22,1019,22,20,382,1,730,3444,487,3290,1863,2687,2372,581,623,1027,1023,850,976,669,472,0,0,0.0,0.0
JOHNSTON,PR21,SOUTH ONEALS,3149,388,0.0,3537.0,434,16,1630,1066,3,13,246,12,8,216,0,299,2743,244,2307,986,1701,1618,218,404,556,548,561,606,507,355,0,0,0.0,0.0
JOHNSTON,PR22,PINE LEVEL,3098,433,0.0,3531.0,578,14,1506,1000,0,8,416,7,11,216,0,337,2536,261,2332,938,1771,1515,245,411,597,497,543,532,524,427,0,0,0.0,0.0
JOHNSTON,PR23A,NORTH PLEASANT GROVE 1,4772,631,0.0,5403.0,899,37,1946,1888,2,31,560,18,19,335,0,561,3879,418,3231,1754,2599,2389,415,583,889,1003,842,976,722,388,0,0,0.0,0.0
JOHNSTON,PR23B,NORTH PLEASANT GROVE 2,3844,479,0.0,4323.0,721,24,1549,1549,1,36,456,9,20,266,1,444,3091,310,2536,1477,2006,1934,383,429,619,831,701,774,598,371,0,0,0.0,0.0
JOHNSTON,PR24,EAST SELMA,2321,498,0.0,2819.0,925,13,613,766,4,15,997,6,18,283,1,370,1129,389,1532,898,1460,1079,280,305,575,431,351,395,385,377,0,0,0.0,0.0
JOHNSTON,PR25,WEST SELMA,2342,480,0.0,2822.0,799,14,678,846,5,3,799,7,16,291,0,404,1302,404,1531,887,1410,1156,256,385,521,373,375,416,453,299,0,0,0.0,0.0
JOHNSTON,PR26,EAST SMITHFIELD,2141,504,0.0,2645.0,872,17,559,688,5,12,958,7,10,218,0,365,1075,271,1492,882,1288,1072,285,314,481,386,349,394,386,335,0,0,0.0,0.0
JOHNSTON,PR27A,NORTH SMITHFIELD 1,1627,309,0.0,1936.0,584,10,473,559,1,34,540,6,12,132,1,219,992,174,1144,618,1016,756,164,176,311,256,242,315,319,317,0,0,0.0,0.0
JOHNSTON,PR27B,NORTH SMITHFIELD 2,2762,504,0.0,3266.0,726,17,1021,997,1,10,633,9,11,225,1,385,1992,294,1892,1080,1646,1366,254,378,502,485,504,497,480,420,0,0,0.0,0.0
JOHNSTON,PR28,SOUTH SMITHFIELD,4509,225,0.0,4734.0,1063,34,1701,1709,2,25,689,12,9,301,1,474,3223,353,2931,1450,2349,2007,378,558,683,756,703,765,676,593,0,0,0.0,0.0
JOHNSTON,PR29A,ARCHERS LODGE,7164,1029,0.0,8193.0,1515,38,2585,3024,2,81,1035,30,29,378,2,820,5818,424,5093,2676,3936,3589,668,1062,1333,1546,1629,1335,780,508,0,0,0.0,0.0
JOHNSTON,PR29B,FLOWERS PLANTATION,14299,1554,0.0,15853.0,3637,112,4800,5740,10,198,2916,32,48,914,3,1542,10200,970,9386,5497,7944,6747,1162,1754,2182,2992,3029,2659,1938,1299,0,0,0.0,0.0
JOHNSTON,PR30,WILSONS MILLS,4694,757,0.0,5451.0,1345,28,1433,1885,3,40,1228,12,22,468,1,658,3022,575,3036,1840,2682,2317,452,637,951,1055,842,865,669,432,0,0,0.0,0.0
JOHNSTON,PR31A,SOUTHEAST CLEVELAND,3495,444,0.0,3939.0,764,30,1275,1426,0,30,564,6,17,209,1,386,2726,233,2443,1263,1882,1739,318,464,627,727,803,682,396,240,0,0,0.0,0.0
JOHNSTON,PR31B,SOUTHWEST CLEVELAND,6862,922,0.0,7784.0,1641,46,2287,2885,3,127,1276,23,24,431,1,790,5112,454,4615,2715,3780,3379,625,801,1130,1412,1381,1453,941,666,0,0,0.0,0.0
JOHNSTON,PR32,NORTH WILDERS,3760,482,0.0,4242.0,758,28,1498,1472,4,28,448,9,9,237,1,459,3051,289,2588,1365,2021,1862,359,458,695,758,686,765,538,342,0,0,0.0,0.0
JOHNSTON,PR33,SOUTH PLEASANT GROVE,4297,616,0.0,4913.0,669,33,2031,1564,0,21,436,17,22,326,1,538,3552,383,2915,1615,2435,2091,387,571,818,817,771,941,587,408,0,0,0.0,0.0
JOHNSTON,PR34,SOUTH CLAYTON,6467,1147,0.0,7614.0,2040,53,1841,2527,6,61,1941,20,28,611,4,858,4091,759,4405,2450,3762,3206,646,832,1403,1438,1169,1320,891,561,0,0,0.0,0.0
JOHNSTON,PR35,BANNER,5137,752,0.0,5889.0,1076,40,2502,1517,2,17,905,13,10,307,0,596,4041,332,3718,1839,2991,2404,494,550,1014,964,879,977,818,687,0,0,0.0,0.0
JOHNSTON,PR36,BEULAH,3000,472,0.0,3472.0,569,18,1415,997,1,11,463,7,6,183,1,293,2508,195,2246,1031,1670,1549,253,381,566,489,504,589,527,416,0,0,0.0,0.0
JOHNSTON,PR37,INGRAMS,4024,630,0.0,4654.0,834,25,1917,1245,3,11,511,13,19,282,0,388,3430,339,3053,1262,2291,2075,288,550,760,604,663,764,698,615,0,0,0.0,0.0
JOHNSTON,PR38,MEADOW,2052,308,0.0,2360.0,293,12,1179,568,0,5,111,2,4,123,1,241,1873,150,1559,651,1152,1020,188,294,372,340,369,446,304,235,0,0,0.0,0.0
JONES,P01,BEAVER CREEK,610,75,0.0,685.0,176,0,226,208,0,0,181,1,1,15,0,79,408,12,409,264,328,282,75,76,78,110,87,104,141,89,0,0,0.0,0.0
JONES,P02,CHINQUAPIN,414,46,0.0,460.0,65,1,204,144,0,0,39,1,1,11,0,49,359,17,279,164,214,202,44,36,60,57,69,94,86,58,0,0,0.0,0.0
JONES,P03,CYPRESS CREEK,548,60,0.0,608.0,96,1,241,210,0,1,69,1,3,9,0,53,472,18,362,228,280,269,59,55,82,93,86,116,103,73,0,0,0.0,0.0
JONES,P04,POLLOCKSVILLE,1787,169,0.0,1956.0,516,9,684,578,0,10,427,4,5,31,0,207,1272,30,1134,792,931,816,209,153,219,246,243,348,409,338,0,0,0.0,0.0
JONES,P05,TRENTON,1272,140,0.0,1412.0,513,3,340,416,0,3,565,2,5,27,0,143,667,31,845,536,689,582,141,119,192,186,177,273,277,188,0,0,0.0,0.0
JONES,P06,TUCKAHOE,514,54,0.0,568.0,95,2,200,217,0,1,65,1,1,13,0,62,425,12,364,192,278,236,54,52,65,80,88,83,119,81,0,0,0.0,0.0
JONES,P07,WHITE OAK,1171,174,0.0,1345.0,425,5,358,383,0,5,458,3,6,20,2,143,708,18,789,538,627,576,142,95,211,189,193,215,272,170,0,0,0.0,0.0
LEE,A1,PRECINCT A1,4216,980,0.0,5196.0,1538,26,1103,1544,5,45,1343,13,41,530,1,539,2684,688,2857,1651,2635,2116,445,605,935,879,741,766,717,553,0,0,0.0,0.0
LEE,A2,PRECINCT A2,4691,1072,0.0,5763.0,2002,37,973,1675,4,43,1951,21,47,815,1,745,2140,1123,2797,1843,2899,2309,555,705,1115,865,706,913,815,644,0,0,0.0,0.0
LEE,B1,PRECINCT B1,2219,222,0.0,2441.0,517,13,846,843,0,32,344,5,5,90,0,187,1778,91,1551,799,1183,1051,207,222,360,386,381,423,377,292,0,0,0.0,0.0
LEE,B2,PRECINCT B2,2245,532,0.0,2777.0,694,20,613,915,3,28,586,12,22,276,2,302,1549,335,1488,954,1373,1129,275,314,618,550,390,375,314,216,0,0,0.0,0.0
LEE,C1,PRECINCT C1,4065,713,0.0,4778.0,938,44,1569,1513,1,20,643,17,23,344,0,428,3303,439,2874,1465,2332,2028,418,530,759,701,695,834,741,518,0,0,0.0,0.0
LEE,C2,PRECINCT C2,3834,542,0.0,4376.0,832,15,1666,1321,0,17,481,15,25,231,3,344,3260,271,2822,1283,2156,1886,334,429,667,640,615,796,707,522,0,0,0.0,0.0
LEE,D1,PRECINCT D1,3947,479,0.0,4426.0,972,24,1397,1548,6,53,547,19,19,223,0,329,3236,258,2878,1290,2166,1925,335,435,617,666,670,825,701,512,0,0,0.0,0.0
LEE,D2,PRECINCT D2,3812,371,0.0,4183.0,1006,22,1280,1504,0,35,351,16,21,226,1,299,3234,278,2755,1150,2104,1775,304,336,637,621,530,683,709,667,0,0,0.0,0.0
LEE,E1,PRECINCT E1,2518,313,0.0,2831.0,556,18,1007,937,0,10,250,8,10,134,0,232,2187,147,1883,801,1382,1204,245,287,408,364,409,486,480,397,0,0,0.0,0.0
LEE,E2,PRECINCT E2,3926,834,0.0,4760.0,1132,24,1173,1594,3,58,876,12,30,473,0,467,2844,586,2617,1557,2346,1975,439,484,852,630,578,691,744,781,0,0,0.0,0.0
LENOIR,C,CONTENTNEA,1967,298,0.0,2265.0,683,8,715,561,0,7,752,4,4,64,0,237,1197,73,1395,797,1106,912,247,254,298,288,324,382,420,299,0,0,0.0,0.0
LENOIR,FC,FALLING CREEK,3578,456,0.0,4034.0,962,8,1354,1253,1,14,901,8,8,103,0,345,2655,84,2697,1253,2068,1606,360,426,476,539,566,670,694,663,0,0,0.0,0.0
LENOIR,I,INSTITUTE,1627,186,0.0,1813.0,429,8,634,555,1,3,413,1,4,60,0,168,1164,64,1180,569,900,748,165,197,265,277,253,340,314,167,0,0,0.0,0.0
LENOIR,K1,KINSTON -1,616,260,0.0,876.0,343,1,32,239,1,0,642,4,5,14,0,195,16,15,405,456,442,268,166,110,224,148,106,136,108,44,0,0,0.0,0.0
LENOIR,K2,KINSTON-2,760,225,0.0,985.0,492,1,40,227,0,3,716,3,5,11,1,180,66,10,501,474,435,376,174,64,149,135,130,153,227,127,0,0,0.0,0.0
LENOIR,K3,KINSTON-3,1129,232,0.0,1361.0,637,13,105,374,0,6,802,1,3,31,0,221,297,27,717,617,635,511,215,132,220,235,204,199,222,149,0,0,0.0,0.0
LENOIR,K4,KINSTON-4,2223,336,0.0,2559.0,922,11,502,784,4,26,938,2,7,67,0,213,1306,47,1616,896,1296,1029,234,220,370,339,283,424,477,446,0,0,0.0,0.0
LENOIR,K5,KINSTON-5,1271,221,0.0,1492.0,719,1,142,408,1,6,895,3,4,26,0,228,330,26,851,615,792,490,210,146,217,200,192,221,270,246,0,0,0.0,0.0
LENOIR,K6,KINSTON-6,1741,336,0.0,2077.0,1044,2,162,532,1,8,1431,3,9,39,1,318,268,33,1125,919,1087,695,295,233,348,334,302,291,319,250,0,0,0.0,0.0
LENOIR,K7,KINSTON-7,1455,269,0.0,1724.0,895,1,166,391,2,0,1156,3,1,29,1,242,292,31,996,697,866,612,246,136,238,254,210,272,355,259,0,0,0.0,0.0
LENOIR,K8,KINSTON-8,813,142,0.0,955.0,576,0,26,210,1,0,766,1,1,7,0,149,31,6,542,407,482,328,145,101,129,131,139,143,153,159,0,0,0.0,0.0
LENOIR,K9,KINSTON-9,1762,256,0.0,2018.0,1025,3,255,478,1,12,1166,1,10,57,0,193,579,41,1313,664,1059,764,195,185,303,234,262,287,401,346,0,0,0.0,0.0
LENOIR,MH,MOSELEY HALL,3172,461,0.0,3633.0,1259,14,1033,863,3,5,1298,3,9,130,0,395,1793,138,2267,1228,1794,1422,417,372,545,497,512,584,581,542,0,0,0.0,0.0
LENOIR,N,NEUSE,2691,417,0.0,3108.0,710,9,1079,892,1,2,677,6,12,94,0,358,1959,107,1874,1127,1527,1230,351,357,491,433,402,540,491,394,0,0,0.0,0.0
LENOIR,PH1,PINK HILL-1,569,77,0.0,646.0,109,1,283,176,0,0,31,2,2,48,0,68,495,63,405,178,314,281,51,71,117,66,73,132,106,81,0,0,0.0,0.0
LENOIR,PH2,PINK HILL-2,1038,119,0.0,1157.0,165,6,512,355,0,0,77,2,4,63,2,118,891,84,679,394,555,495,107,128,170,173,160,194,179,153,0,0,0.0,0.0
LENOIR,SH,SANDHILL,634,83,0.0,717.0,113,3,292,226,0,1,75,2,3,22,0,74,540,17,449,251,341,295,81,77,92,98,103,119,128,100,0,0,0.0,0.0
LENOIR,SW,SOUTHWEST,903,108,0.0,1011.0,168,1,429,305,0,7,94,2,2,24,0,77,805,21,693,297,473,445,93,105,160,126,125,190,176,129,0,0,0.0,0.0
LENOIR,T1,TRENT-1,1194,151,0.0,1345.0,232,2,578,380,2,1,128,1,7,68,0,109,1031,78,883,384,665,583,97,162,199,200,172,216,218,178,0,0,0.0,0.0
LENOIR,T2,TRENT-2,881,115,0.0,996.0,126,3,464,288,0,0,66,0,3,41,0,83,803,48,643,305,494,424,78,138,149,137,159,176,134,103,0,0,0.0,0.0
LENOIR,V,VANCE,1839,252,0.0,2091.0,759,9,494,577,0,6,867,0,9,37,0,215,957,46,1309,736,1014,861,216,219,296,271,269,331,420,285,0,0,0.0,0.0
LENOIR,W,WOODINGTON,989,94,0.0,1083.0,169,6,477,337,0,2,59,0,1,25,0,71,925,25,747,311,545,458,80,120,157,143,154,183,163,163,0,0,0.0,0.0
LINCOLN,AS25,ASBURY,2259,270,0.0,2529.0,391,15,1161,691,1,24,119,5,5,98,0,193,2085,134,1843,552,1251,1107,171,224,359,355,330,458,435,368,0,0,0.0,0.0
LINCOLN,BC13,BOGER CITY,1526,374,0.0,1900.0,337,11,596,581,1,8,234,5,9,173,0,222,1249,230,1186,484,946,776,178,210,420,337,259,283,212,179,0,0,0.0,0.0
LINCOLN,BS26,BUFFALO SHOALS,2055,331,0.0,2386.0,403,11,1010,629,2,12,266,0,3,85,1,214,1805,104,1713,569,1123,1049,214,202,330,385,345,430,383,311,0,0,0.0,0.0
LINCOLN,CF19,COWANS FORD,1796,216,0.0,2012.0,204,12,882,698,0,16,54,3,1,52,1,116,1769,45,1314,653,953,912,147,186,275,224,314,365,362,286,0,0,0.0,0.0
LINCOLN,DN29,DENVER,3281,378,0.0,3659.0,354,9,1711,1206,1,29,88,3,11,76,0,303,3149,85,2413,1161,1645,1669,345,350,376,507,618,825,640,343,0,0,0.0,0.0
LINCOLN,DV08,DANIELS/VALE,2800,269,0.0,3069.0,354,10,1563,872,1,5,41,0,4,61,0,210,2748,56,2311,702,1455,1396,218,276,433,455,466,580,507,352,0,0,0.0,0.0
LINCOLN,DW28,DENVER WEST,3119,304,0.0,3423.0,443,18,1564,1093,1,19,196,6,8,87,0,241,2866,83,2286,1054,1614,1510,299,337,385,540,630,627,494,410,0,0,0.0,0.0
LINCOLN,HC33,HOWARDS CREEK,3451,430,0.0,3881.0,485,20,1838,1108,0,12,93,1,10,142,0,310,3313,181,2814,886,1824,1781,276,380,539,594,606,741,573,448,0,0,0.0,0.0
LINCOLN,IS20,IRON STATION SOUTH,1612,181,0.0,1793.0,184,10,869,548,1,4,70,1,5,27,0,129,1557,25,1343,425,830,817,146,142,218,259,268,387,288,231,0,0,0.0,0.0
LINCOLN,IS23,IRON STATION,2572,280,0.0,2852.0,391,19,1342,820,0,12,224,3,9,66,0,204,2334,88,1971,793,1353,1291,208,339,392,383,429,556,452,301,0,0,0.0,0.0
LINCOLN,LB34,LABORATORY,2532,323,0.0,2855.0,418,9,1289,814,2,8,75,2,8,103,0,253,2406,109,2067,679,1373,1241,241,234,424,486,375,547,440,349,0,0,0.0,0.0
LINCOLN,LI14,LITHIA,1373,152,0.0,1525.0,259,5,651,457,1,8,84,0,6,50,0,94,1283,59,1125,341,756,669,100,122,197,211,210,246,261,278,0,0,0.0,0.0
LINCOLN,LN11,LINCOLNTON/NORTH,1428,209,0.0,1637.0,384,11,535,496,2,4,218,3,4,59,0,158,1191,81,1108,448,844,655,138,104,283,241,211,305,303,190,0,0,0.0,0.0
LINCOLN,LS12,LINCOLNTON/SOUTH,1498,289,0.0,1787.0,404,10,556,526,2,5,242,4,7,86,0,160,1283,113,1212,462,913,743,131,164,276,252,232,313,300,250,0,0,0.0,0.0
LINCOLN,LW18,LOWESVILLE WEST,1774,239,0.0,2013.0,338,6,868,562,0,13,268,3,6,54,0,137,1532,60,1346,607,962,887,164,150,251,315,270,380,379,268,0,0,0.0,0.0
LINCOLN,LW31,LOWESVILLE,4976,454,0.0,5430.0,847,27,2189,1913,0,26,211,6,7,102,0,318,4760,78,3560,1792,2696,2355,379,344,496,523,611,977,1418,1061,0,0,0.0,0.0
LINCOLN,NB35,NORTH BROOK 3A,3616,385,0.0,4001.0,407,18,2098,1093,0,7,63,5,6,70,0,272,3578,84,2981,936,1890,1842,269,376,575,590,543,753,658,506,0,0,0.0,0.0
LINCOLN,OB21,ORE BANK,2221,244,0.0,2465.0,222,9,1284,705,1,10,63,6,4,55,0,142,2185,63,1853,549,1198,1127,140,264,318,352,423,506,350,252,0,0,0.0,0.0
LINCOLN,PC22,PUMPKIN CENTER,2646,325,0.0,2971.0,321,23,1420,881,1,15,59,1,6,86,0,193,2611,96,2104,771,1397,1339,235,310,431,496,474,560,394,306,0,0,0.0,0.0
LINCOLN,SL24,SALEM,1605,249,0.0,1854.0,277,8,824,496,0,10,96,5,7,74,1,135,1526,103,1337,414,932,791,131,147,285,244,239,346,300,293,0,0,0.0,0.0
LINCOLN,ST36,STARTOWN,3333,490,0.0,3823.0,578,13,1628,1113,1,16,364,2,4,198,0,382,2857,284,2574,965,1862,1667,294,357,603,555,543,721,609,435,0,0,0.0,0.0
LINCOLN,TA37,TRIANGLE A,4807,486,0.0,5293.0,709,25,2214,1857,2,48,306,16,7,165,0,317,4434,157,3356,1780,2580,2272,441,365,741,765,747,931,929,815,0,0,0.0,0.0
LINCOLN,WP32,WESTPORT,6503,774,0.0,7277.0,934,33,3001,2534,1,63,407,7,13,214,0,476,6097,215,4768,2294,3514,3193,570,659,878,1210,1277,1341,1114,798,0,0,0.0,0.0
MACON,01,NORTH FRANKLIN,2242,342,0.0,2584.0,428,8,896,909,1,18,35,6,4,70,0,142,2309,75,1558,951,1365,1165,54,183,355,340,321,376,443,566,0,0,0.0,0.0
MACON,02,SOUTH FRANKLIN,1172,234,0.0,1406.0,210,6,466,489,1,13,30,7,6,79,1,100,1170,89,757,560,752,615,39,149,242,207,174,200,204,230,0,0,0.0,0.0
MACON,03,EAST FRANKLIN,2446,373,0.0,2819.0,360,18,1040,1026,2,14,40,8,2,117,0,140,2498,125,1577,1117,1470,1307,42,232,357,372,304,438,538,578,0,0,0.0,0.0
MACON,04,IOTLA,1488,192,0.0,1680.0,189,10,642,646,1,5,10,2,4,40,0,106,1513,45,972,663,904,746,30,165,200,222,208,255,312,318,0,0,0.0,0.0
MACON,05,UNION,2608,362,0.0,2970.0,384,12,1131,1078,3,16,9,9,5,104,0,138,2689,109,1663,1198,1554,1361,55,258,364,346,362,489,620,531,0,0,0.0,0.0
MACON,06,MILLSHOAL,2146,300,0.0,2446.0,277,6,943,920,0,9,13,8,5,50,0,129,2232,59,1396,991,1238,1167,41,182,281,324,313,419,471,456,0,0,0.0,0.0
MACON,07,ELLIJAY,2043,317,0.0,2360.0,289,14,952,788,0,8,11,9,3,42,0,112,2175,41,1408,911,1212,1112,36,159,254,257,297,403,505,485,0,0,0.0,0.0
MACON,08,SUGARFORK,470,52,0.0,522.0,61,5,223,180,1,1,2,1,1,4,0,26,487,6,299,217,260,254,8,27,44,52,75,81,115,128,0,0,0.0,0.0
MACON,09,HIGHLANDS,2314,430,0.0,2744.0,433,8,894,979,0,8,5,3,6,55,0,152,2515,56,1479,1209,1415,1277,52,147,228,268,248,420,613,820,0,0,0.0,0.0
MACON,10,FLATS,468,67,0.0,535.0,87,1,185,195,0,0,1,0,1,17,0,24,492,16,301,218,264,269,2,34,62,56,60,96,110,117,0,0,0.0,0.0
MACON,11,SMITHBRIDGE,2891,411,0.0,3302.0,403,13,1320,1155,0,9,9,4,7,80,0,166,3027,90,1837,1375,1710,1537,55,267,351,324,394,575,742,649,0,0,0.0,0.0
MACON,12,CARTOOGECHAYE,2021,263,0.0,2284.0,322,9,892,798,0,13,35,2,6,38,0,97,2093,30,1281,973,1145,1111,28,149,229,224,247,359,527,549,0,0,0.0,0.0
MACON,13,NANTAHALA,610,68,0.0,678.0,55,6,342,207,0,1,1,4,1,9,0,36,626,10,421,247,345,323,10,39,63,75,86,141,147,127,0,0,0.0,0.0
MACON,14,BURNINGTOWN,745,70,0.0,815.0,71,3,373,296,2,1,2,2,1,5,0,37,767,5,486,324,414,391,10,47,84,78,83,163,193,167,0,0,0.0,0.0
MACON,15,COWEE,2129,242,0.0,2371.0,287,15,952,875,0,7,8,3,4,43,0,98,2208,30,1364,977,1223,1106,42,163,249,293,262,428,543,433,0,0,0.0,0.0
MADISON,BEECH,BEECH GLEN,2600,286,0.0,2886.0,604,18,856,1119,3,23,12,10,6,41,1,173,2620,35,1487,1364,1386,1270,230,216,382,453,381,511,469,474,0,0,0.0,0.0
MADISON,EBBS C,EBBS CHAPEL,984,144,0.0,1128.0,233,7,341,403,0,1,5,0,2,12,1,70,1037,10,587,531,504,521,103,78,119,147,178,206,218,182,0,0,0.0,0.0
MADISON,GRAPEV,GRAPEVINE,1051,149,0.0,1200.0,258,5,319,468,1,6,3,3,1,5,0,104,1078,6,616,578,546,527,127,99,164,211,197,192,186,151,0,0,0.0,0.0
MADISON,HOT SP,HOT SPRINGS,758,148,0.0,906.0,237,2,176,342,1,0,1,1,2,3,0,65,834,4,459,443,433,404,69,82,110,138,153,168,131,124,0,0,0.0,0.0
MADISON,LAUREL,LAUREL,852,125,0.0,977.0,216,2,256,378,0,1,3,1,1,13,0,89,869,10,515,452,449,427,101,65,141,180,144,163,154,130,0,0,0.0,0.0
MADISON,MARS H,MARS HILL,3490,651,0.0,4141.0,858,15,1098,1517,2,13,71,5,15,64,1,493,3479,57,2038,2046,1918,1666,557,482,680,564,536,633,644,602,0,0,0.0,0.0
MADISON,NORTH,NORTH MARSHALL,2091,346,0.0,2437.0,578,12,513,985,3,8,10,2,7,44,1,242,2123,46,1198,1193,1133,1034,270,180,334,401,358,433,381,350,0,0,0.0,0.0
MADISON,REVERE,REVERE-RICE COVE,246,46,0.0,292.0,92,1,46,106,1,0,0,3,0,4,0,34,251,2,149,141,128,124,40,31,24,54,45,42,57,39,0,0,0.0,0.0
MADISON,SANDY,SANDY MUSH,478,63,0.0,541.0,101,3,157,215,2,1,6,1,1,11,0,52,469,6,279,256,246,234,61,48,70,73,82,103,90,75,0,0,0.0,0.0
MADISON,SOUTH,SOUTH MARSHALL,920,170,0.0,1090.0,253,7,229,431,0,3,0,2,2,20,0,95,968,13,534,543,505,485,100,84,143,161,198,165,189,150,0,0,0.0,0.0
MADISON,SPRING,SPRING CREEK,671,98,0.0,769.0,208,8,166,289,0,6,2,1,0,8,0,54,698,2,441,326,361,346,62,33,84,112,80,110,196,154,0,0,0.0,0.0
MADISON,WALNUT,WALNUT,1201,134,0.0,1335.0,313,7,360,520,1,5,1,1,2,17,0,120,1189,17,666,652,607,586,142,86,194,194,219,228,240,174,0,0,0.0,0.0
MARTIN,BG,BEAR GRASS,1463,143,0.0,1606.0,325,5,485,647,1,1,174,1,2,14,0,111,1303,11,1291,304,789,710,107,142,224,229,237,271,279,224,0,0,0.0,0.0
MARTIN,CR,CROSS ROADS,944,109,0.0,1053.0,361,3,249,331,0,0,329,2,4,22,0,99,597,16,796,241,547,413,93,126,143,141,165,170,173,135,0,0,0.0,0.0
MARTIN,GRF,GRIFFINS,1209,104,0.0,1313.0,337,0,397,475,0,0,198,0,2,6,0,55,1052,6,1105,202,657,592,64,109,167,175,178,222,245,217,0,0,0.0,0.0
MARTIN,GSN,GOOSE NEST,891,108,0.0,999.0,450,3,183,254,1,0,483,0,4,10,1,87,414,15,688,296,483,420,96,64,117,123,134,165,217,179,0,0,0.0,0.0
MARTIN,HMT,HAMILTON,943,103,0.0,1046.0,460,1,211,271,0,1,438,2,2,24,0,102,477,19,735,292,531,411,104,92,138,144,121,177,199,175,0,0,0.0,0.0
MARTIN,JMV,JAMESVILLE,1924,211,0.0,2135.0,649,8,577,689,1,2,478,7,6,30,0,155,1457,38,1612,485,1068,917,150,215,264,289,279,368,383,337,0,0,0.0,0.0
MARTIN,RBV,ROBERSONVILLE,1957,295,0.0,2252.0,1000,5,356,596,0,1,1157,1,4,55,0,277,757,45,1508,699,1107,877,268,195,295,293,297,349,452,371,0,0,0.0,0.0
MARTIN,WM1,WILLIAMSTON 1,2693,385,0.0,3078.0,1195,9,490,996,3,12,1257,6,8,57,0,396,1342,50,2098,930,1565,1129,384,329,417,376,380,529,559,488,0,0,0.0,0.0
MARTIN,WM2,WILLIAMSTON 2,2577,352,0.0,2929.0,1257,10,404,906,0,8,1316,6,16,51,0,369,1163,49,2038,842,1477,1082,370,310,452,384,375,469,506,433,0,0,0.0,0.0
MCDOWELL,CCREEK,CROOKED CREEK,1873,204,0.0,2077.0,242,9,837,783,2,4,14,7,6,19,0,82,1945,21,1463,593,981,988,108,151,264,277,306,368,398,313,0,0,0.0,0.0
MCDOWELL,DYSART,DYSARTSVILLE,2361,298,0.0,2659.0,298,6,1157,900,0,41,26,4,5,65,0,118,2400,42,1878,739,1263,1262,134,255,303,348,357,526,544,326,0,0,0.0,0.0
MCDOWELL,FORT 1,OLD FORT #1,1132,154,0.0,1286.0,182,11,510,428,1,4,56,1,9,18,0,50,1148,18,914,354,640,567,79,83,198,192,179,201,233,200,0,0,0.0,0.0
MCDOWELL,FORT 2,OLD FORT #2,1660,256,0.0,1916.0,305,3,687,664,1,7,72,2,11,37,0,67,1720,33,1346,537,951,871,94,135,265,269,282,326,345,294,0,0,0.0,0.0
MCDOWELL,GLENWD,GLENWOOD,1773,188,0.0,1961.0,236,10,857,670,0,12,21,1,2,21,0,69,1835,14,1440,507,977,892,92,169,244,262,301,359,360,266,0,0,0.0,0.0
MCDOWELL,HIGGIN,HIGGINS,1450,202,0.0,1652.0,194,4,744,508,0,5,18,3,6,28,0,62,1530,26,1202,424,823,759,70,129,227,243,262,315,280,196,0,0,0.0,0.0
MCDOWELL,M.COVE,MONTFORD COVE,1568,188,0.0,1756.0,166,12,806,583,1,4,20,2,4,29,0,68,1629,32,1241,483,864,811,81,165,224,256,282,289,320,220,0,0,0.0,0.0
MCDOWELL,MAR 1,MARION #1,2651,370,0.0,3021.0,449,16,1176,1007,3,15,97,3,7,74,0,104,2721,76,2201,744,1567,1329,125,268,415,373,456,509,553,447,0,0,0.0,0.0
MCDOWELL,MAR 2,MARION #2,1214,194,0.0,1408.0,357,5,374,478,0,8,191,3,11,58,0,71,1066,65,979,364,744,589,75,116,189,214,183,226,249,231,0,0,0.0,0.0
MCDOWELL,MAR 3,MARION #3,858,136,0.0,994.0,128,6,388,336,0,2,23,2,4,34,0,47,882,48,658,288,472,469,53,98,162,136,137,209,139,113,0,0,0.0,0.0
MCDOWELL,MAR 4,MARION #4,1009,200,0.0,1209.0,172,5,389,442,1,8,21,6,13,94,0,67,1000,118,764,327,592,547,70,143,228,208,195,180,144,111,0,0,0.0,0.0
MCDOWELL,MAR 5,MARION #5,943,172,0.0,1115.0,135,11,394,402,1,2,29,0,8,30,0,55,991,40,783,292,541,508,66,133,167,157,174,172,160,152,0,0,0.0,0.0
MCDOWELL,N.COVE,NORTH COVE,805,76,0.0,881.0,96,3,408,298,0,4,8,0,4,8,0,39,818,3,636,242,436,402,43,56,92,122,96,177,195,143,0,0,0.0,0.0
MCDOWELL,NEBO,NEBO,2419,300,0.0,2719.0,371,8,1147,893,0,20,84,3,3,49,0,96,2464,44,1990,685,1339,1251,129,238,369,288,390,500,538,396,0,0,0.0,0.0
MCDOWELL,PLEASA,PLEASANT GARDENS,1881,238,0.0,2119.0,274,12,957,638,0,7,25,1,4,48,0,85,1949,48,1555,516,1050,971,98,163,291,285,303,382,370,325,0,0,0.0,0.0
MCDOWELL,T.COVE,TURKEY COVE #17,636,84,0.0,720.0,67,5,331,233,0,1,5,1,3,9,0,29,672,8,503,209,330,357,33,54,99,102,81,139,125,120,0,0,0.0,0.0
MCDOWELL,WEST M,WEST MARION #7,3140,478,0.0,3618.0,485,20,1448,1186,1,17,132,3,14,107,0,191,3154,113,2530,975,1802,1610,206,377,536,525,538,619,527,496,0,0,0.0,0.0
MECKLENBURG,001,PCT 001,1534,211,0.0,1745.0,407,3,438,686,0,21,52,4,4,24,0,107,1533,32,1313,400,893,770,82,161,350,227,211,325,260,211,0,0,0.0,0.0
MECKLENBURG,002,PCT 002,2945,641,0.0,3586.0,1133,13,492,1306,1,69,519,5,17,123,0,281,2572,112,2458,1016,1836,1471,279,215,1056,843,512,483,324,153,0,0,0.0,0.0
MECKLENBURG,003,PCT 003,1894,454,0.0,2348.0,1016,7,113,756,2,60,1306,1,12,225,0,435,309,273,1196,879,1129,857,362,311,526,476,286,298,290,161,0,0,0.0,0.0
MECKLENBURG,004,PCT 004,1961,422,0.0,2383.0,936,10,234,779,2,97,938,7,13,261,0,343,724,295,1367,721,1225,898,260,277,469,452,343,341,284,217,0,0,0.0,0.0
MECKLENBURG,005,PCT 005,1336,362,0.0,1698.0,664,9,131,530,2,36,747,1,14,111,0,230,559,133,1014,551,787,707,204,123,373,355,251,284,228,84,0,0,0.0,0.0
MECKLENBURG,006,PCT 006,1845,530,0.0,2375.0,860,20,156,807,2,76,1149,1,26,184,0,394,545,208,1300,867,1128,916,331,251,571,502,357,327,231,136,0,0,0.0,0.0
MECKLENBURG,007,PCT 007,1830,341,0.0,2171.0,685,13,315,815,2,45,443,2,15,108,0,161,1397,98,1466,607,1107,896,168,132,465,555,398,254,203,164,0,0,0.0,0.0
MECKLENBURG,008,PCT 008,2264,335,0.0,2599.0,453,4,764,1043,0,25,44,2,7,46,0,213,2262,34,1967,598,1286,1120,193,343,422,272,348,477,405,332,0,0,0.0,0.0
MECKLENBURG,009,PCT 009,4489,1304,0.0,5793.0,1557,27,858,2047,0,163,658,17,19,218,3,432,4283,223,3792,1778,2858,2531,404,294,2480,1086,554,590,471,318,0,0,0.0,0.0
MECKLENBURG,010,PCT 010,2590,362,0.0,2952.0,812,11,549,1215,3,62,55,4,7,69,0,179,2576,67,2219,666,1419,1364,169,247,775,634,527,412,239,118,0,0,0.0,0.0
MECKLENBURG,011,PCT 011,8105,3002,0.0,11107.0,2944,65,1231,3861,4,337,2654,21,89,516,0,1477,6013,576,6496,4035,4511,5158,1438,1130,4372,2302,1201,1047,651,404,0,0,0.0,0.0
MECKLENBURG,012,PCT 012,3007,814,0.0,3821.0,1308,24,247,1427,1,64,1544,11,22,117,2,816,1245,128,2090,1603,1554,1506,761,726,1155,859,426,299,233,123,0,0,0.0,0.0
MECKLENBURG,013,PCT 013,4182,2008,0.0,6190.0,1832,34,494,1815,7,183,1971,20,57,321,2,899,2737,286,3398,2506,2559,2754,877,381,2668,1373,656,576,370,166,0,0,0.0,0.0
MECKLENBURG,014,PCT 014,4299,1033,0.0,5332.0,1960,40,438,1857,4,160,1424,7,28,236,1,567,2909,243,3135,1954,2463,2305,564,262,2213,1500,547,404,264,142,0,0,0.0,0.0
MECKLENBURG,015,PCT 015,3796,921,0.0,4717.0,1475,26,494,1800,1,93,326,10,30,147,0,277,3834,151,3206,1360,2308,2116,293,183,1770,1241,590,465,317,151,0,0,0.0,0.0
MECKLENBURG,016,PCT 016,2569,526,0.0,3095.0,1865,9,74,620,1,15,2490,5,15,91,2,344,133,110,2042,943,1622,1174,299,274,568,476,408,505,388,476,0,0,0.0,0.0
MECKLENBURG,017,PCT 017,1865,557,0.0,2422.0,917,10,126,811,1,33,1300,6,24,105,1,386,567,92,1408,922,1187,878,357,288,594,529,340,296,243,132,0,0,0.0,0.0
MECKLENBURG,018,PCT 018,1686,143,0.0,1829.0,326,10,562,788,0,7,9,0,4,15,0,55,1739,14,1497,318,944,827,58,193,218,253,273,336,290,266,0,0,0.0,0.0
MECKLENBURG,019,PCT 019,1759,167,0.0,1926.0,430,8,540,781,0,23,38,1,3,37,2,102,1720,28,1537,361,971,861,94,208,247,366,378,289,224,214,0,0,0.0,0.0
MECKLENBURG,020,PCT 020,2340,262,0.0,2602.0,656,14,504,1165,1,55,52,1,7,64,0,150,2273,43,2009,550,1319,1147,136,287,435,451,564,467,248,150,0,0,0.0,0.0
MECKLENBURG,021,PCT 021,2286,448,0.0,2734.0,760,10,479,1036,1,60,270,7,14,83,0,192,2108,86,1967,681,1361,1188,185,107,895,688,369,275,237,163,0,0,0.0,0.0
MECKLENBURG,022,PCT 022,9038,2927,0.0,11965.0,2836,82,2034,4083,3,338,1441,19,44,413,2,1040,8668,456,7251,4258,5434,5528,1003,1044,7591,1782,679,466,280,123,0,0,0.0,0.0
MECKLENBURG,023,PCT 023,2744,687,0.0,3431.0,1250,14,315,1163,2,54,1457,5,31,157,0,390,1337,153,2059,1219,1662,1377,392,252,1376,787,334,327,250,105,0,0,0.0,0.0
MECKLENBURG,024,PCT 024,2683,756,0.0,3439.0,1277,20,259,1126,1,37,1512,5,26,151,0,495,1213,148,2002,1289,1565,1389,485,259,1141,832,399,390,283,135,0,0,0.0,0.0
MECKLENBURG,025,PCT 025,1984,516,0.0,2500.0,1258,10,58,657,1,7,1867,2,12,58,0,422,132,65,1449,986,1220,893,387,248,475,509,353,360,343,212,0,0,0.0,0.0
MECKLENBURG,026,PCT 026,3355,657,0.0,4012.0,1975,13,216,1147,4,76,2512,15,24,297,0,514,574,313,2341,1358,2054,1503,455,430,931,690,544,554,521,342,0,0,0.0,0.0
MECKLENBURG,027,PCT 027,2695,723,0.0,3418.0,1417,12,193,1071,2,35,1897,9,27,202,1,505,742,237,1820,1361,1550,1410,458,339,1017,676,471,439,323,153,0,0,0.0,0.0
MECKLENBURG,028,PCT 028,1972,476,0.0,2448.0,966,13,159,834,0,49,958,7,16,122,0,288,1008,130,1479,839,1108,1065,275,139,588,631,321,311,267,191,0,0,0.0,0.0
MECKLENBURG,029,PCT 029,1874,365,0.0,2239.0,805,18,181,865,5,31,431,1,13,135,0,285,1343,156,1387,696,1099,888,252,137,557,627,339,248,176,155,0,0,0.0,0.0
MECKLENBURG,030,PCT 030,5015,1073,0.0,6088.0,2291,45,466,2205,8,172,844,11,44,290,4,516,4207,333,3636,2119,2834,2726,528,281,2879,1591,678,396,189,74,0,0,0.0,0.0
MECKLENBURG,031,PCT 031,2312,556,0.0,2868.0,1348,8,148,805,3,42,1904,4,16,86,0,401,415,101,1724,1043,1464,1017,387,256,758,581,323,386,334,230,0,0,0.0,0.0
MECKLENBURG,032,PCT 032,2056,177,0.0,2233.0,370,10,758,918,0,33,15,4,5,27,0,86,2063,17,1776,440,1104,1048,81,280,310,375,398,362,303,205,0,0,0.0,0.0
MECKLENBURG,033,PCT 033,1813,467,0.0,2280.0,765,7,241,795,5,46,618,9,20,177,0,319,1091,186,1364,730,1004,1021,255,163,534,506,357,334,241,145,0,0,0.0,0.0
MECKLENBURG,034,PCT 034,2735,601,0.0,3336.0,1064,18,421,1232,0,73,766,5,29,211,0,328,1924,214,2077,1045,1614,1425,297,196,878,886,515,434,283,144,0,0,0.0,0.0
MECKLENBURG,035,PCT 035,2085,277,0.0,2362.0,567,3,483,1030,2,79,265,3,14,87,0,192,1722,72,1667,623,1195,977,190,220,473,553,468,325,181,142,0,0,0.0,0.0
MECKLENBURG,036,PCT 036,2493,298,0.0,2791.0,690,15,731,1057,0,43,159,5,5,71,0,132,2376,65,2131,595,1461,1207,123,220,393,525,453,407,377,416,0,0,0.0,0.0
MECKLENBURG,037,PCT 037,2064,414,0.0,2479.0,590,7,560,905,2,56,102,4,9,87,0,157,2064,100,1740,639,1198,1122,159,84,942,636,241,203,230,143,0,0,1.0,0.0
MECKLENBURG,038,PCT 038,1869,694,0.0,2563.0,640,20,335,872,2,54,516,5,15,166,0,240,1567,191,1678,694,1182,1162,219,124,843,659,311,267,210,149,0,0,0.0,0.0
MECKLENBURG,039,PCT 039,2795,643,0.0,3438.0,1593,10,153,1036,3,75,2297,13,21,131,1,565,335,168,1955,1315,1772,1118,548,423,854,752,447,427,317,218,0,0,0.0,0.0
MECKLENBURG,040,PCT 040,2295,659,0.0,2954.0,1228,17,147,902,1,110,1810,12,21,153,1,506,341,169,1638,1147,1391,1113,450,320,590,596,466,453,354,175,0,0,0.0,0.0
MECKLENBURG,041,PCT 041,2271,608,0.0,2879.0,1315,4,156,795,1,116,1872,13,15,149,0,440,274,154,1636,1089,1379,1101,399,341,604,526,460,422,327,199,0,0,0.0,0.0
MECKLENBURG,042,PCT 042,2400,514,0.0,2914.0,1576,9,78,736,1,34,2141,5,13,161,0,419,141,197,1713,1004,1457,1079,378,339,555,494,382,412,354,378,0,0,0.0,0.0
MECKLENBURG,043,PCT 043,2564,657,0.0,3221.0,1380,14,214,954,2,100,1617,11,29,303,0,518,643,376,1720,1125,1535,1276,410,358,735,661,470,430,371,196,0,0,0.0,0.0
MECKLENBURG,044,PCT 044,1732,300,0.0,2032.0,674,13,269,774,2,46,192,4,9,68,1,147,1565,55,1451,526,934,950,148,78,390,664,328,258,196,118,0,0,0.0,0.0
MECKLENBURG,045,PCT 045,1724,382,0.0,2106.0,744,13,237,729,1,179,515,8,11,239,1,290,863,265,1224,617,996,887,223,201,442,494,283,276,236,174,0,0,0.0,0.0
MECKLENBURG,046,PCT 046,2424,663,0.0,3087.0,978,17,295,1131,3,55,766,5,22,169,0,349,1721,190,1918,979,1422,1339,326,195,871,879,490,337,204,111,0,0,0.0,0.0
MECKLENBURG,047,PCT 047,2844,391,0.0,3235.0,789,13,788,1251,3,64,341,8,12,103,0,158,2549,74,2418,743,1731,1367,137,362,476,479,555,500,353,510,0,0,0.0,0.0
MECKLENBURG,048,PCT 048,2053,162,0.0,2215.0,375,6,731,940,1,59,50,4,4,44,0,101,1953,25,1763,427,1084,1050,81,352,265,270,445,449,254,180,0,0,0.0,0.0
MECKLENBURG,049,PCT 049,2916,722,0.0,3638.0,840,18,702,1353,3,63,288,10,18,137,1,219,2902,133,2576,929,1870,1521,247,264,1333,784,456,416,211,174,0,0,0.0,0.0
MECKLENBURG,050,PCT 050,1730,392,0.0,2122.0,550,8,361,809,2,25,226,2,14,134,0,204,1517,174,1488,460,1009,943,170,104,599,555,271,254,209,130,0,0,0.0,0.0
MECKLENBURG,051,PCT 051,2775,427,0.0,3202.0,874,13,668,1219,1,74,286,12,8,133,0,212,2477,126,2291,785,1686,1291,225,170,864,725,388,331,320,404,0,0,0.0,0.0
MECKLENBURG,052,PCT 052,3630,806,0.0,4436.0,1759,24,484,1362,1,96,2009,11,23,202,0,419,1676,217,2774,1445,2144,1856,436,299,1912,799,388,425,325,288,0,0,0.0,0.0
MECKLENBURG,053,PCT 053,3557,947,0.0,4504.0,1952,15,181,1405,4,103,2847,9,35,253,0,835,422,295,2406,1803,2109,1620,775,549,1035,884,636,636,508,256,0,0,0.0,0.0
MECKLENBURG,054,PCT 054,2843,767,0.0,3610.0,1675,10,160,997,1,35,2136,8,34,120,3,514,760,130,2161,1319,1847,1290,473,246,880,863,490,467,389,275,0,0,0.0,0.0
MECKLENBURG,055,PCT 055,1496,334,0.0,1831.0,942,15,56,483,0,24,1302,4,12,72,1,291,125,76,1038,717,882,683,266,194,319,327,281,253,287,170,0,0,1.0,0.0
MECKLENBURG,056,PCT 056,1796,499,0.0,2295.0,1007,6,77,705,1,62,1456,9,17,77,1,434,239,84,1219,992,1001,898,396,224,492,441,326,343,291,178,0,0,0.0,0.0
MECKLENBURG,057,PCT 057,2528,280,0.0,2808.0,738,17,700,1072,1,44,201,4,14,95,0,146,2304,78,2102,628,1534,1140,134,116,412,458,324,297,345,856,0,0,0.0,0.0
MECKLENBURG,058,PCT 058,2102,422,0.0,2524.0,676,17,469,939,1,83,256,4,8,166,0,203,1804,161,1732,631,1289,1061,174,133,673,699,354,305,203,157,0,0,0.0,0.0
MECKLENBURG,059,PCT 059,1201,199,0.0,1400.0,402,8,304,487,0,41,79,0,6,85,0,100,1089,96,1030,274,697,617,86,74,355,377,150,158,161,125,0,0,0.0,0.0
MECKLENBURG,060,PCT 060,1781,336,0.0,2117.0,1181,4,79,517,0,26,1457,3,10,131,0,289,201,143,1280,694,1010,847,260,185,367,347,259,293,393,273,0,0,0.0,0.0
MECKLENBURG,061,PCT 061,2275,524,0.0,2799.0,1110,14,336,814,1,94,813,5,21,232,0,336,1298,269,1697,833,1416,1111,272,182,558,509,277,305,311,657,0,0,0.0,0.0
MECKLENBURG,062,PCT 062,1815,598,0.0,2413.0,846,11,194,760,4,211,1082,7,21,245,1,414,432,285,1247,881,1129,952,332,316,545,405,308,354,286,199,0,0,0.0,0.0
MECKLENBURG,063,PCT 063,1866,609,0.0,2475.0,853,13,234,765,1,142,935,11,25,356,0,373,633,428,1293,754,1139,1058,278,321,580,453,345,353,279,144,0,0,0.0,0.0
MECKLENBURG,064,PCT 064,1126,226,0.0,1352.0,436,13,192,485,0,74,294,7,7,91,0,129,750,72,905,375,639,588,125,91,325,337,188,167,135,109,0,0,0.0,0.0
MECKLENBURG,065,PCT 065,1422,161,0.0,1583.0,438,9,368,607,0,33,96,0,9,73,0,91,1281,65,1184,334,775,723,85,127,246,345,222,218,208,217,0,0,0.0,0.0
MECKLENBURG,066,PCT 066,1611,172,0.0,1783.0,502,8,361,740,0,39,120,6,6,46,1,107,1458,41,1348,394,881,795,107,141,326,410,262,275,191,178,0,0,0.0,0.0
MECKLENBURG,067,PCT 067,1516,156,0.0,1672.0,411,12,447,646,0,43,72,3,2,61,0,83,1408,32,1295,345,822,783,67,161,203,279,280,282,252,215,0,0,0.0,0.0
MECKLENBURG,068,PCT 068,1189,416,0.0,1605.0,394,4,279,511,1,39,403,2,9,110,0,164,878,120,1035,450,825,656,124,143,352,351,259,176,188,136,0,0,0.0,0.0
MECKLENBURG,069,PCT 069,4358,525,0.0,4883.0,1050,18,1399,1889,2,173,267,13,14,160,0,317,3939,127,3710,1046,2475,2166,242,504,733,770,816,846,633,581,0,0,0.0,0.0
MECKLENBURG,070,PCT 070,2240,205,0.0,2445.0,505,4,689,1041,1,35,41,4,6,47,0,108,2204,37,1994,414,1220,1124,101,267,272,393,434,426,354,299,0,0,0.0,0.0
MECKLENBURG,071,PCT 071,2295,399,0.0,2694.0,475,7,762,1049,2,64,244,6,7,85,0,135,2153,69,1995,630,1346,1216,132,332,533,443,436,487,283,180,0,0,0.0,0.0
MECKLENBURG,072,PCT 072,1502,213,0.0,1715.0,371,6,408,715,2,27,95,7,6,56,0,88,1436,63,1327,325,869,764,82,161,291,328,295,242,194,204,0,0,0.0,0.0
MECKLENBURG,073,PCT 073,1626,313,0.0,1939.0,449,13,454,710,0,22,228,2,7,91,0,129,1460,73,1446,420,1061,770,108,162,366,358,343,275,206,229,0,0,0.0,0.0
MECKLENBURG,074,PCT 074,3313,731,0.0,4044.0,886,24,987,1413,3,88,381,3,21,193,2,232,3124,171,2885,988,2070,1744,230,327,963,743,574,615,455,367,0,0,0.0,0.0
MECKLENBURG,075,PCT 075,3296,382,0.0,3678.0,739,19,1073,1463,2,53,147,9,12,108,0,204,3145,84,2890,704,1925,1571,182,274,517,673,524,539,382,769,0,0,0.0,0.0
MECKLENBURG,076,PCT 076,2765,367,0.0,3132.0,782,18,736,1226,3,60,195,6,13,99,1,199,2559,95,2423,614,1588,1371,173,189,542,606,426,473,520,376,0,0,0.0,0.0
MECKLENBURG,077,PCT 077,2894,699,0.0,3594.0,1683,22,222,965,2,42,2095,9,23,343,1,414,667,439,2129,1026,1886,1370,338,399,1004,721,460,436,337,237,0,0,1.0,0.0
MECKLENBURG,078.1,PCT 078,3082,950,0.0,4032.0,1329,21,411,1313,8,136,1519,11,26,358,0,456,1526,400,2388,1244,2005,1614,413,336,1593,881,417,377,274,154,0,0,0.0,0.0
MECKLENBURG,079,PCT 079,2008,452,0.0,2461.0,1006,12,284,705,1,166,1172,2,23,228,0,305,565,262,1433,766,1216,1011,234,245,504,416,319,374,379,224,0,0,1.0,0.0
MECKLENBURG,080,PCT 080,3728,758,0.0,4486.0,1907,29,407,1383,2,158,2363,4,36,415,0,558,952,460,2581,1445,2280,1737,469,514,1044,928,638,594,493,275,0,0,0.0,0.0
MECKLENBURG,081,PCT 081,4208,929,0.0,5137.0,2334,23,390,1458,3,174,2944,13,36,376,0,729,865,468,2960,1709,2549,1978,610,548,1162,978,723,802,611,313,0,0,0.0,0.0
MECKLENBURG,082,PCT 082,3127,961,0.0,4088.0,1757,11,131,1225,3,32,2612,7,27,393,2,761,254,506,2036,1546,1976,1490,622,580,1072,781,528,552,352,223,0,0,0.0,0.0
MECKLENBURG,083,PCT 083,2979,746,0.0,3725.0,1252,22,556,1149,0,174,1368,13,26,459,1,488,1196,532,2100,1093,1816,1527,382,460,778,614,525,573,428,347,0,0,0.0,0.0
MECKLENBURG,084,PCT 084,2072,605,0.0,2677.0,1008,13,232,816,3,99,1171,11,28,288,0,428,652,354,1405,918,1323,1015,339,302,594,532,321,346,307,275,0,0,0.0,0.0
MECKLENBURG,085,PCT 085,2253,462,0.0,2715.0,837,7,454,954,1,54,518,7,15,163,0,206,1752,155,1869,691,1400,1145,170,205,476,506,399,344,412,373,0,0,0.0,0.0
MECKLENBURG,086,PCT 086,2110,170,0.0,2280.0,406,6,807,891,0,34,37,2,4,51,0,90,2062,29,1893,358,1116,1089,75,295,268,300,371,410,339,297,0,0,0.0,0.0
MECKLENBURG,087,PCT 087,2438,528,0.0,2966.0,808,19,563,1044,4,79,440,16,20,281,1,274,1855,346,1945,675,1496,1248,222,227,557,584,415,495,419,269,0,0,0.0,0.0
MECKLENBURG,088,PCT 088,2394,559,0.0,2953.0,750,14,553,1075,2,68,413,5,11,250,0,309,1897,299,1957,697,1480,1214,259,186,677,583,382,456,367,302,0,0,0.0,0.0
MECKLENBURG,089,PCT 089,5900,1191,0.0,7091.0,2771,34,908,2182,5,138,3409,15,48,490,0,756,2235,570,4434,2087,3511,2933,647,790,1508,1448,1080,1067,770,428,0,0,0.0,0.0
MECKLENBURG,090,PCT 090,1525,240,0.0,1765.0,431,9,413,672,0,43,153,4,6,74,0,120,1365,84,1305,376,897,769,99,165,238,271,293,300,258,240,0,0,0.0,0.0
MECKLENBURG,091,PCT 091,4643,591,0.0,5234.0,1072,10,1407,2151,3,291,267,21,16,212,0,316,4111,141,3971,1122,2583,2376,275,717,642,781,1110,905,573,506,0,0,0.0,0.0
MECKLENBURG,092,PCT 092,2953,378,0.0,3331.0,732,5,921,1294,1,86,274,7,13,136,0,187,2628,112,2608,611,1690,1473,168,285,416,573,426,549,430,652,0,0,0.0,0.0
MECKLENBURG,093,PCT 093,1844,210,0.0,2054.0,368,13,691,772,0,47,122,6,4,106,0,147,1622,95,1609,350,1000,944,110,194,264,292,310,354,329,311,0,0,0.0,0.0
MECKLENBURG,094,PCT 094,1798,416,0.0,2214.0,787,9,363,638,1,154,766,11,24,249,0,301,709,312,1239,663,1123,876,215,217,392,356,293,304,317,335,0,0,0.0,0.0
MECKLENBURG,095,PCT 095,1736,459,0.0,2195.0,874,6,200,654,2,56,1091,3,13,242,1,331,458,276,1204,715,1108,834,253,266,529,414,292,330,220,144,0,0,0.0,0.0
MECKLENBURG,096,PCT 096,2031,379,0.0,2410.0,708,9,455,858,1,65,385,1,14,124,0,203,1618,115,1694,601,1259,974,177,124,449,479,328,336,339,355,0,0,0.0,0.0
MECKLENBURG,097,PCT 097,1115,449,0.0,1564.0,549,10,98,458,0,16,674,3,13,148,1,173,536,176,928,460,800,606,158,159,439,351,197,176,140,102,0,0,0.0,0.0
MECKLENBURG,098,PCT 098,2726,887,0.0,3613.0,1342,21,290,1071,2,88,1691,12,24,452,0,528,818,571,1956,1086,1740,1478,395,414,1167,690,424,384,317,217,0,0,0.0,0.0
MECKLENBURG,099,PCT 099,1621,798,0.0,2419.0,760,10,147,701,3,24,1220,9,11,238,1,349,567,251,1241,927,1188,892,339,255,814,531,350,259,136,74,0,0,0.0,0.0
MECKLENBURG,100,PCT 100,2841,456,0.0,3297.0,767,25,756,1291,2,110,275,9,17,193,0,210,2483,175,2424,698,1681,1416,200,327,493,599,551,534,445,348,0,0,0.0,0.0
MECKLENBURG,101,PCT 101,2146,510,0.0,2656.0,512,13,668,951,2,58,309,4,9,130,0,157,1989,131,2021,504,1358,1139,159,192,448,511,387,338,346,434,0,0,0.0,0.0
MECKLENBURG,102,PCT 102,4195,1061,0.0,5256.0,1787,23,691,1692,2,192,1807,15,28,617,1,700,1896,662,3034,1560,2630,2062,564,594,1236,1067,768,782,516,293,0,0,0.0,0.0
MECKLENBURG,103,PCT 103,3308,336,0.0,3644.0,803,23,976,1505,1,128,179,9,12,143,0,241,2932,149,2732,763,1793,1653,198,306,448,728,631,542,538,451,0,0,0.0,0.0
MECKLENBURG,104,PCT 104,2505,554,0.0,3059.0,1497,14,141,847,6,88,1858,8,25,272,0,476,332,304,1732,1023,1503,1169,387,353,595,525,372,394,445,375,0,0,0.0,0.0
MECKLENBURG,105,PCT 105,4154,1282,0.0,5436.0,1904,24,341,1878,7,182,2584,9,50,353,3,915,1340,372,2779,2285,2528,2047,861,1414,1734,815,526,469,329,149,0,0,0.0,0.0
MECKLENBURG,106,PCT 106,1629,165,0.0,1794.0,507,10,413,697,2,30,64,2,9,47,0,94,1548,44,1398,352,885,821,88,105,261,414,260,268,260,226,0,0,0.0,0.0
MECKLENBURG,107.1,PCT 107,3416,683,0.0,4099.0,1907,19,264,1223,3,104,2421,5,34,299,0,443,793,286,2431,1382,2152,1600,347,450,908,742,691,634,445,229,0,0,0.0,0.0
MECKLENBURG,108,PCT 108,2089,624,0.0,2713.0,1001,15,189,880,4,81,1336,5,21,349,0,527,394,427,1320,966,1284,1013,416,373,679,471,316,348,297,229,0,0,0.0,0.0
MECKLENBURG,109,PCT 109,2626,579,0.0,3205.0,995,19,404,1206,2,62,183,7,13,108,0,229,2603,92,2156,957,1611,1356,238,140,1201,858,443,313,173,77,0,0,0.0,0.0
MECKLENBURG,110,PCT 110,1349,192,0.0,1541.0,334,4,415,595,1,30,107,1,5,54,1,96,1247,47,1198,296,770,682,89,145,219,276,286,241,213,161,0,0,0.0,0.0
MECKLENBURG,111,PCT 111,2791,478,0.0,3269.0,726,12,818,1235,0,45,319,3,9,103,1,176,2613,91,2498,680,1718,1395,156,253,642,558,446,532,433,405,0,0,0.0,0.0
MECKLENBURG,112,PCT 112,2219,271,0.0,2490.0,497,19,698,1005,0,119,96,7,12,123,0,159,1974,97,1892,501,1213,1123,154,292,297,375,490,443,351,242,0,0,0.0,0.0
MECKLENBURG,113,PCT 113,3292,487,0.0,3779.0,791,10,1034,1454,3,146,232,9,25,169,0,219,2979,131,2862,786,1898,1693,188,440,459,605,754,666,446,409,0,0,0.0,0.0
MECKLENBURG,114,PCT 114,2762,344,0.0,3106.0,711,14,834,1202,1,24,156,1,11,109,0,182,2623,115,2409,582,1635,1324,147,283,496,511,466,531,482,337,0,0,0.0,0.0
MECKLENBURG,115,PCT 115,1421,351,0.0,1772.0,638,5,251,525,2,61,604,6,8,274,0,249,570,316,976,480,904,693,175,209,401,313,236,256,219,138,0,0,0.0,0.0
MECKLENBURG,116,PCT 116,1436,325,0.0,1761.0,708,11,180,537,0,43,862,5,13,206,0,294,338,248,969,544,876,667,218,235,370,290,222,266,222,156,0,0,0.0,0.0
MECKLENBURG,117,PCT 117,1969,560,0.0,2529.0,904,11,238,814,2,52,1134,4,19,162,0,325,833,198,1504,827,1230,1015,284,207,684,512,381,317,249,179,0,0,0.0,0.0
MECKLENBURG,118,PCT 118,2807,461,0.0,3268.0,778,19,725,1282,3,134,346,4,14,157,1,235,2377,128,2325,815,1686,1390,192,418,531,568,662,531,311,247,0,0,0.0,0.0
MECKLENBURG,119,PCT 119,1657,255,0.0,1912.0,441,2,454,759,1,50,161,6,2,75,1,127,1490,54,1419,439,1023,766,123,171,249,270,294,283,166,479,0,0,0.0,0.0
MECKLENBURG,120,PCT 120,1527,877,0.0,2404.0,664,14,145,696,8,65,1081,5,23,295,1,339,595,335,1299,770,1141,982,281,251,778,524,322,278,178,73,0,0,0.0,0.0
MECKLENBURG,121,PCT 121,3924,470,0.0,4394.0,821,17,1338,1745,3,145,244,20,16,178,4,241,3546,145,3402,847,2192,1997,205,425,552,601,683,803,773,557,0,0,0.0,0.0
MECKLENBURG,122,PCT 122,4728,1618,0.0,6346.0,1997,23,841,1862,5,253,2193,25,42,553,2,655,2623,688,4067,1591,3279,2569,498,497,1289,1288,1023,1064,726,459,0,0,0.0,0.0
MECKLENBURG,123,PCT 123,2314,387,0.0,2701.0,1232,17,207,856,2,95,1354,6,14,291,1,345,595,329,1554,818,1371,1083,247,340,509,460,428,385,355,224,0,0,0.0,0.0
MECKLENBURG,124,PCT 124,2320,544,0.0,2864.0,1311,17,167,823,2,67,1589,7,20,267,0,445,469,293,1582,989,1460,1036,368,274,666,608,422,430,318,146,0,0,0.0,0.0
MECKLENBURG,125,PCT 125,1207,255,0.0,1462.0,568,7,180,451,1,68,525,2,9,203,0,210,445,251,790,421,696,628,138,194,302,248,223,215,191,89,0,0,0.0,0.0
MECKLENBURG,126,PCT 126,4033,950,0.0,4983.0,2146,13,294,1572,8,105,2998,10,39,326,1,592,912,334,2766,1883,2530,1901,552,545,1640,904,671,592,403,228,0,0,0.0,0.0
MECKLENBURG,127,PCT 127,5888,540,0.0,6428.0,1261,23,1754,2849,1,132,207,7,16,166,0,347,5553,147,4162,2119,3222,2874,332,876,688,931,1319,1327,762,525,0,0,0.0,0.0
MECKLENBURG,128,PCT 128,2705,432,0.0,3137.0,1215,19,393,1076,2,82,1095,5,19,181,0,280,1475,154,2056,927,1616,1275,246,261,581,550,401,471,453,420,0,0,0.0,0.0
MECKLENBURG,129,PCT 129,1031,419,0.0,1450.0,410,9,186,426,0,34,481,2,9,154,0,151,619,168,907,375,757,553,140,119,388,279,178,157,159,170,0,0,0.0,0.0
MECKLENBURG,130,PCT 130,1614,450,0.0,2064.0,714,6,250,640,4,178,711,5,12,213,0,290,655,231,1171,662,977,856,231,204,469,465,280,279,218,149,0,0,0.0,0.0
MECKLENBURG,131,PCT 131,1747,159,0.0,1906.0,378,10,580,779,0,38,74,2,6,56,0,101,1629,47,1517,342,993,830,83,155,188,281,303,309,296,374,0,0,0.0,0.0
MECKLENBURG,132,PCT 132,2732,647,0.0,3379.0,1310,20,261,1138,3,103,1605,10,24,391,0,424,822,437,1769,1173,1675,1333,371,462,1150,586,387,345,273,176,0,0,0.0,0.0
MECKLENBURG,133,PCT 133,5290,707,0.0,5997.0,1182,30,1727,2346,5,135,424,10,21,242,0,353,4812,217,3719,2061,3051,2617,329,641,897,1076,1194,969,643,577,0,0,0.0,0.0
MECKLENBURG,134,PCT 134,6581,1251,0.0,7832.0,1928,47,1677,2926,3,117,1169,15,50,486,0,575,5420,502,4561,2769,3957,3364,511,661,1605,1668,1244,1143,898,613,0,0,0.0,0.0
MECKLENBURG,135,PCT 135,7228,1804,0.0,9032.0,4131,29,485,2574,9,162,5784,24,52,627,1,982,1400,725,4947,3360,4808,3387,837,1147,2305,1840,1466,1151,711,412,0,0,0.0,0.0
MECKLENBURG,136,PCT 136,3050,276,0.0,3326.0,776,10,1002,1262,0,48,149,8,4,92,0,222,2803,69,2461,796,1752,1355,219,211,317,418,344,324,441,1271,0,0,0.0,0.0
MECKLENBURG,137,PCT 137,6338,1139,0.0,7477.0,1366,24,1958,2986,4,878,591,51,18,519,0,600,4820,339,5321,1817,3709,3237,531,996,994,1031,1572,1415,858,611,0,0,0.0,0.0
MECKLENBURG,138,PCT 138,3075,1080,0.0,4155.0,1527,21,305,1218,4,139,1977,11,33,461,1,522,1011,574,2408,1173,2121,1602,432,389,1263,916,570,529,332,156,0,0,0.0,0.0
MECKLENBURG,139.1,PCT 139,3413,653,0.0,4066.0,888,16,913,1593,3,302,383,15,20,286,0,376,2684,247,2789,1030,2042,1692,332,468,586,627,823,759,462,341,0,0,0.0,0.0
MECKLENBURG,140,PCT 140,5342,1249,0.0,6591.0,1333,37,1493,2473,6,517,858,41,23,494,0,495,4163,386,4659,1546,3202,2973,416,782,1081,958,1212,1289,780,489,0,0,0.0,0.0
MECKLENBURG,141,PCT 141,2983,2195,0.0,5178.0,895,15,145,1920,8,238,1409,13,97,304,3,1971,1143,430,1770,2978,1891,1477,1810,3370,1286,248,110,98,51,15,0,0,0.0,0.0
MECKLENBURG,142,PCT 142,6568,1113,0.0,7682.0,1624,51,2201,2690,2,154,874,20,32,350,0,485,5767,298,4801,2583,3840,3378,464,609,1252,1584,1303,1275,898,761,0,0,1.0,0.0
MECKLENBURG,143,PCT 143,5869,709,0.0,6578.0,1320,35,1878,2632,4,155,537,8,16,283,0,373,5206,249,4224,2105,3234,2988,356,761,948,1232,1282,1186,706,463,0,0,0.0,0.0
MECKLENBURG,144,PCT 144,3705,631,0.0,4336.0,911,17,1038,1736,3,205,446,11,18,242,1,304,3109,207,3130,999,2190,1879,267,407,695,664,772,807,541,450,0,0,0.0,0.0
MECKLENBURG,145,PCT 145,10224,1695,0.0,11919.0,4323,38,1681,4174,8,369,4445,24,63,713,0,963,5342,595,7256,4068,6253,4805,861,1360,2345,2041,1978,1851,1216,1128,0,0,0.0,0.0
MECKLENBURG,146,PCT 146,3771,1086,0.0,4857.0,2122,22,231,1395,1,100,3044,9,34,327,3,512,828,325,2779,1753,2570,1824,463,533,1289,968,713,690,434,230,0,0,0.0,0.0
MECKLENBURG,147,PCT 147,3155,1060,0.0,4215.0,1615,22,346,1169,3,120,2060,11,28,513,0,523,960,656,2464,1095,2082,1737,396,409,1295,771,505,541,408,286,0,0,0.0,0.0
MECKLENBURG,148,PCT 148,10672,2315,0.0,12987.0,3082,53,2331,5198,8,1745,1811,146,68,1188,0,1227,6802,847,8844,3296,6517,5441,1029,1786,1877,1867,2944,2364,1178,971,0,0,0.0,0.0
MECKLENBURG,149,PCT 149,5515,1121,0.0,6636.0,3028,21,464,1995,7,251,3772,15,49,604,0,746,1199,602,3787,2247,3406,2611,619,727,1446,1333,1057,1018,717,338,0,0,0.0,0.0
MECKLENBURG,150,PCT 150,3483,803,0.0,4286.0,1640,15,531,1294,3,82,1912,16,30,281,0,429,1536,302,2697,1287,2225,1701,360,407,975,850,634,671,489,260,0,0,0.0,0.0
MECKLENBURG,151,PCT 151,5289,951,0.0,6240.0,2713,27,498,2048,3,173,3199,13,53,462,0,564,1776,429,3568,2243,3244,2514,482,626,1332,1309,1130,973,549,321,0,0,0.0,0.0
MECKLENBURG,200,PCT 200,3299,580,0.0,3879.0,1096,18,847,1336,2,122,848,16,18,359,1,396,2119,402,2400,1077,1921,1637,321,302,819,694,536,641,547,340,0,0,0.0,0.0
MECKLENBURG,201,PCT 201,9020,1491,0.0,10511.0,4184,57,1468,3300,11,218,4453,22,62,938,2,1074,3742,1029,6189,3293,5278,4348,885,1070,1975,1769,1501,1624,1605,967,0,0,0.0,0.0
MECKLENBURG,202,PCT 202,9291,1375,0.0,10667.0,2397,54,2800,4034,6,226,993,22,45,470,0,723,8188,442,6357,3868,5486,4466,715,1083,1553,1667,1855,1671,1401,1437,0,0,1.0,0.0
MECKLENBURG,203,PCT 203,8220,1698,0.0,9918.0,4291,38,811,3066,14,257,5364,21,61,987,0,1155,2073,1083,5610,3225,5044,3952,922,1106,2217,2145,1720,1453,850,427,0,0,0.0,0.0
MECKLENBURG,204.1,PCT 204,4890,982,0.0,5872.0,2736,24,412,1713,5,157,3531,13,46,467,0,635,1023,451,3442,1979,3040,2300,532,721,1164,1103,1087,954,539,304,0,0,0.0,0.0
MECKLENBURG,205,PCT 205,4441,658,0.0,5099.0,2098,20,642,1680,1,162,2384,16,31,441,0,526,1539,467,3053,1579,2525,2142,432,575,1026,908,882,769,563,376,0,0,0.0,0.0
MECKLENBURG,206,PCT 206,7690,1202,0.0,8892.0,2624,36,1449,3581,0,176,519,15,90,215,2,1163,6712,282,5280,3330,4390,3483,1019,1726,1883,904,1028,1231,929,1191,0,0,0.0,0.0
MECKLENBURG,207,PCT 207,5968,766,0.0,6734.0,1495,46,1785,2640,2,178,703,18,25,368,0,450,4992,334,4126,2274,3331,3009,394,779,897,1320,1378,1149,700,511,0,0,0.0,0.0
MECKLENBURG,208,PCT 208,4831,595,0.0,5426.0,767,31,1896,2134,3,78,147,1,13,124,0,292,4771,93,3651,1682,2645,2521,260,647,651,617,884,1195,795,637,0,0,0.0,0.0
MECKLENBURG,209,PCT 209,4964,659,0.0,5623.0,1367,43,1354,2197,3,95,889,14,26,290,0,398,3911,280,3552,1791,2727,2528,368,618,862,1039,944,1017,690,453,0,0,0.0,0.0
MECKLENBURG,210,PCT 210,5694,1141,0.0,6836.0,3546,21,359,1766,2,135,4674,8,40,402,1,771,805,465,4098,2273,3533,2634,669,735,1368,1190,1049,1092,804,598,0,0,1.0,0.0
MECKLENBURG,211,PCT 211,9777,2546,0.0,12323.0,5067,51,954,3698,7,216,6760,23,89,892,1,1171,3171,914,6749,4660,6514,4750,1059,1161,3598,2637,1894,1580,953,500,0,0,0.0,0.0
MECKLENBURG,212,PCT 212,12149,3102,0.0,15251.0,6258,67,957,4848,19,658,8502,51,120,1106,2,1701,3111,891,8549,5811,7742,5888,1621,1916,4791,2892,2254,1783,1026,589,0,0,0.0,0.0
MECKLENBURG,213,PCT 213,4794,1015,0.0,5809.0,2864,27,331,1564,8,103,3779,7,37,465,0,691,727,527,3286,1996,3026,2210,573,727,1277,1190,916,861,517,321,0,0,0.0,0.0
MECKLENBURG,214,PCT 214,3270,585,0.0,3855.0,1661,15,370,1223,1,66,1975,9,18,221,1,313,1252,174,2469,1212,2027,1576,252,415,685,666,650,652,503,284,0,0,0.0,0.0
MECKLENBURG,215,PCT 215,3667,568,0.0,4235.0,1006,29,1001,1629,2,159,531,7,25,222,1,310,2980,198,2977,1060,2136,1795,304,406,792,793,661,632,601,350,0,0,0.0,0.0
MECKLENBURG,216,PCT 216,4999,778,0.0,5777.0,1607,44,1339,2004,5,278,1044,16,31,449,1,525,3433,439,3798,1540,2879,2437,461,527,1120,929,783,925,812,681,0,0,0.0,0.0
MECKLENBURG,217,PCT 217,2566,641,0.0,3207.0,778,25,663,1097,3,60,562,6,13,195,0,270,2101,199,2150,858,1584,1372,251,295,770,618,468,437,383,236,0,0,0.0,0.0
MECKLENBURG,218,PCT 218,2875,392,0.0,3267.0,705,24,963,1179,4,70,333,12,11,165,1,269,2406,174,2259,834,1642,1384,241,308,520,520,480,477,474,488,0,0,0.0,0.0
MECKLENBURG,219,PCT 219,2818,367,0.0,3185.0,772,17,959,1070,0,138,551,20,8,184,0,243,2041,164,2143,878,1520,1419,246,293,528,485,457,563,469,390,0,0,0.0,0.0
MECKLENBURG,220,PCT 220,3104,327,0.0,3431.0,742,13,1114,1234,1,83,446,6,14,149,0,230,2503,147,2451,833,1706,1492,233,247,404,437,445,605,623,670,0,0,0.0,0.0
MECKLENBURG,221,PCT 221,4757,452,0.0,5209.0,984,36,1886,1849,2,108,501,14,12,220,0,336,4018,180,3813,1216,2549,2319,341,518,646,679,743,1039,850,734,0,0,0.0,0.0
MECKLENBURG,222,PCT 222,6968,1395,0.0,8363.0,3766,32,719,2442,9,236,4830,20,62,545,0,895,1775,602,5013,2748,4313,3272,778,940,1855,1813,1385,1196,756,418,0,0,0.0,0.0
MECKLENBURG,223.1,PCT 223,7432,1310,0.0,8742.0,3067,36,1308,3015,6,139,3607,16,45,507,1,806,3621,504,5567,2671,4464,3539,739,989,1654,1855,1603,1447,784,410,0,0,0.0,0.0
MECKLENBURG,224,PCT 224,3177,633,0.0,3810.0,1363,17,642,1154,1,147,1505,5,20,319,2,401,1411,362,2302,1146,1907,1583,320,383,776,759,596,590,426,280,0,0,0.0,0.0
MECKLENBURG,225,PCT 225,2837,511,0.0,3348.0,898,22,705,1211,1,126,513,7,12,217,0,270,2203,216,2370,762,1667,1440,241,200,678,755,543,519,365,288,0,0,0.0,0.0
MECKLENBURG,226,PCT 226,3388,844,0.0,4232.0,933,19,911,1522,3,132,593,8,17,281,0,327,2874,291,2961,980,2118,1835,279,293,916,789,575,684,582,393,0,0,0.0,0.0
MECKLENBURG,227,PCT 227,7018,1201,0.0,8219.0,1793,46,1921,3255,3,629,869,42,24,510,1,756,5388,437,5613,2169,4061,3502,656,972,1249,1297,1575,1405,909,812,0,0,0.0,0.0
MECKLENBURG,228,PCT 228,3931,1099,0.0,5030.0,1829,33,552,1512,5,214,2044,8,34,591,0,594,1545,718,2941,1371,2536,2048,446,417,1339,1037,707,658,526,346,0,0,0.0,0.0
MECKLENBURG,229,PCT 229,14531,2712,0.0,17243.0,5387,69,3157,5911,7,757,5275,43,102,1292,1,1429,8344,1345,11602,4296,8637,7438,1168,1437,2877,3726,3056,2838,2057,1252,0,0,0.0,0.0
MECKLENBURG,230,PCT 230,9554,2695,0.0,12249.0,4356,57,1320,3812,9,756,4813,56,88,1312,1,1354,3869,1483,7404,3362,6141,5076,1032,1164,2628,2715,2229,1798,1098,617,0,0,0.0,0.0
MECKLENBURG,231,PCT 231,4460,1182,0.0,5642.0,1526,29,1025,1878,2,288,1211,20,36,547,0,577,2963,603,3673,1366,2912,2272,458,526,1032,1126,876,851,637,594,0,0,0.0,0.0
MECKLENBURG,232,PCT 232,4616,799,0.0,5415.0,1158,22,1300,2134,2,366,530,27,22,353,1,409,3707,301,3917,1197,2769,2289,357,487,755,881,835,916,759,782,0,0,0.0,0.0
MECKLENBURG,233,PCT 233,4522,388,0.0,4910.0,977,18,1517,2007,3,150,139,4,16,144,0,271,4186,113,3789,1008,2555,2112,243,462,505,559,702,705,671,1306,0,0,0.0,0.0
MECKLENBURG,234,PCT 234,3318,630,0.0,3948.0,1084,25,875,1330,4,129,915,11,23,399,0,484,1987,458,2388,1102,1924,1608,416,470,716,660,560,662,511,369,0,0,0.0,0.0
MECKLENBURG,235,PCT 235,3034,708,0.0,3742.0,1094,16,778,1146,0,120,1089,13,25,284,1,403,1807,365,2366,1011,1846,1563,333,420,745,652,492,512,456,465,0,0,0.0,0.0
MECKLENBURG,236,PCT 236,5777,593,0.0,6370.0,1454,29,2102,2188,4,169,1017,16,19,347,0,473,4329,315,4336,1719,3022,2877,471,607,856,991,1081,1190,984,661,0,0,0.0,0.0
MECKLENBURG,237,PCT 237,4680,1097,0.0,5777.0,2317,29,483,1849,2,134,3094,9,52,536,2,670,1280,540,3054,2183,2965,2227,585,923,1440,1112,784,639,488,391,0,0,0.0,0.0
MECKLENBURG,238.1,PCT 238,2935,442,0.0,3377.0,1358,10,406,1159,2,94,1334,3,16,173,0,276,1481,177,2084,1116,1696,1455,226,354,623,686,533,539,434,208,0,0,0.0,0.0
MECKLENBURG,239,PCT 239,4270,806,0.0,5076.0,2124,27,452,1662,5,164,2638,13,29,325,1,455,1451,271,2884,1921,2649,1994,433,584,1244,915,746,764,495,328,0,0,0.0,0.0
MECKLENBURG,240,PCT 240,5721,1031,0.0,6752.0,1198,34,2001,2485,3,98,435,7,26,261,0,423,5502,260,4102,2390,3407,2897,448,524,1142,955,1072,1278,1006,775,0,0,0.0,0.0
MECKLENBURG,241,PCT 241,10205,1209,0.0,11414.0,3405,53,2482,4262,3,446,2788,26,58,609,2,820,6665,499,6702,4213,5746,4873,795,949,1908,2291,2041,1928,1341,956,0,0,0.0,0.0
MECKLENBURG,242,PCT 242,3177,345,0.0,3522.0,412,17,1400,1347,1,57,60,10,9,99,0,174,3113,72,2380,1070,1745,1622,155,425,364,265,508,824,666,470,0,0,0.0,0.0
MECKLENBURG,243,PCT 243,10150,2399,0.0,12549.0,4207,54,1788,4089,12,532,4352,41,66,1085,0,1200,5273,1169,8087,3293,6385,5209,955,1135,2369,2685,2209,2127,1293,731,0,0,0.0,0.0
MITCHELL,01-A,BAKERSVILLE,1489,145,0.0,1634.0,109,7,853,518,2,0,5,1,2,10,0,108,1508,12,1046,576,837,702,95,134,210,221,248,265,265,291,0,0,0.0,0.0
MITCHELL,02,BRADSHAW,253,30,0.0,283.0,10,0,191,52,0,0,7,0,1,1,0,15,259,3,196,84,134,135,14,15,34,37,19,67,46,65,0,0,0.0,0.0
MITCHELL,03,CANE CREEK,474,71,0.0,545.0,36,2,289,147,0,1,0,0,0,1,0,41,502,3,345,197,249,262,34,46,67,59,71,108,108,86,0,0,0.0,0.0
MITCHELL,04,GRASSY CREEK,5334,571,0.0,5905.0,451,25,3014,1843,1,12,28,8,7,94,1,654,5101,120,3605,2180,2827,2563,515,476,721,786,776,1053,1098,995,0,0,0.0,0.0
MITCHELL,05,HARRELL,764,75,0.0,839.0,38,3,488,235,0,1,1,0,2,5,0,71,759,7,523,309,390,387,62,76,74,111,113,146,185,134,0,0,0.0,0.0
MITCHELL,06,LITTLE ROCK CREEK,488,47,0.0,535.0,32,0,308,148,0,1,3,1,0,4,0,30,496,6,356,173,260,245,30,33,47,51,65,103,128,108,0,0,0.0,0.0
MITCHELL,07,POPLAR,147,21,0.0,168.0,7,1,102,37,0,0,0,0,0,0,0,12,156,0,121,47,75,85,8,6,20,26,25,19,33,39,0,0,0.0,0.0
MITCHELL,09,SNOW CREEK,1145,163,0.0,1308.0,115,8,610,411,1,4,6,2,2,11,0,112,1171,7,852,449,627,576,105,87,161,179,155,254,273,199,0,0,0.0,0.0
MONTGOMERY,BIS,BISCOE,1274,205,0.0,1479.0,478,11,345,440,0,4,384,6,9,179,0,164,733,218,862,399,732,634,113,228,233,184,183,240,216,195,0,0,0.0,0.0
MONTGOMERY,CAN,CANDOR,1201,214,0.0,1415.0,375,8,374,444,0,13,235,3,7,212,0,181,764,270,813,332,723,604,88,220,274,188,170,177,209,177,0,0,0.0,0.0
MONTGOMERY,CHE,CHEEKS CREEK,613,76,0.0,689.0,118,2,306,186,1,9,67,0,0,18,0,52,543,19,483,187,321,319,49,57,88,103,94,121,146,80,0,0,0.0,0.0
MONTGOMERY,ELD,ELDORADO,1639,166,0.0,1805.0,151,6,920,562,0,6,14,6,2,20,0,157,1600,17,1097,691,814,803,188,85,130,115,187,410,536,342,0,0,0.0,0.0
MONTGOMERY,LIT,LITTLE RIVER,526,58,0.0,584.0,67,2,247,210,0,0,20,4,1,6,0,40,513,9,399,176,264,272,48,61,84,81,87,103,99,69,0,0,0.0,0.0
MONTGOMERY,MTG,MT GILEAD,1353,252,0.0,1605.0,703,7,279,363,1,18,758,4,3,21,0,110,691,13,1118,474,810,675,120,131,214,209,254,255,290,252,0,0,0.0,0.0
MONTGOMERY,OPH,OPHIR,270,17,0.0,287.0,30,1,135,104,0,0,0,2,0,3,1,16,265,3,216,68,139,132,16,20,24,49,42,51,55,46,0,0,0.0,0.0
MONTGOMERY,PEE,PEE DEE,1493,143,0.0,1636.0,201,5,777,510,0,33,84,2,1,34,0,168,1314,20,1031,585,737,707,192,94,145,131,183,386,425,272,0,0,0.0,0.0
MONTGOMERY,ROC,ROCKY SPRINGS,676,117,0.0,793.0,279,0,195,201,1,3,291,2,2,101,0,91,303,123,454,216,410,320,63,111,139,100,101,123,120,99,0,0,0.0,0.0
MONTGOMERY,STA,STAR,1411,174,0.0,1585.0,255,2,664,487,3,5,70,4,4,84,0,149,1269,103,1009,473,767,685,133,165,255,203,237,255,243,227,0,0,0.0,0.0
MONTGOMERY,T1,TROY 1,1739,259,0.0,1998.0,486,1,638,613,1,25,432,4,10,74,0,133,1320,86,1417,495,1025,851,122,210,317,261,262,372,308,268,0,0,0.0,0.0
MONTGOMERY,T2,TROY 2,1247,154,0.0,1401.0,286,4,488,469,0,12,162,1,2,32,0,74,1118,45,1050,306,709,612,80,127,241,160,171,247,229,226,0,0,0.0,0.0
MONTGOMERY,UWH,UWHARRIE,1360,170,0.0,1530.0,170,7,665,518,0,12,33,5,1,23,0,97,1359,12,1113,405,732,687,111,128,155,121,230,338,334,224,0,0,0.0,0.0
MONTGOMERY,WAD,WADEVILLE,380,77,0.0,457.0,163,1,115,101,0,45,158,3,0,10,0,25,216,6,321,130,226,203,28,47,55,56,67,71,99,62,0,0,0.0,0.0
MOORE,BEN,BENSALEM,1943,193,0.0,2136.0,354,11,964,614,0,9,318,12,3,99,0,132,1563,108,1591,437,1033,990,113,181,319,296,293,364,415,268,0,0,0.0,0.0
MOORE,CAM,CAMERON,2662,442,0.0,3104.0,348,11,1312,990,1,7,252,20,17,111,0,231,2466,103,2124,877,1501,1378,225,306,532,502,466,575,446,277,0,0,0.0,0.0
MOORE,CAR,CARTHAGE,5479,650,0.0,6129.0,893,31,2598,1954,3,29,729,42,19,168,1,370,4771,138,4480,1511,3060,2716,353,636,850,1094,956,911,952,730,0,0,0.0,0.0
MOORE,DHR,DEEP RIVER/HIGH FALLS/RITTER,1590,137,0.0,1727.0,193,5,895,497,0,3,106,3,2,68,0,94,1451,70,1307,350,859,787,81,196,228,225,232,287,325,234,0,0,0.0,0.0
MOORE,EAB,EAST ABERDEEN,2890,677,0.0,3567.0,716,34,1010,1130,0,53,608,36,14,112,0,266,2478,118,2342,1107,1809,1525,233,304,697,745,488,490,453,390,0,0,0.0,0.0
MOORE,EKWD,EAST KNOLLWOOD,1444,198,0.0,1642.0,253,13,626,552,0,29,81,6,3,46,0,94,1383,39,1198,405,862,693,87,118,169,264,187,185,212,507,0,0,0.0,0.0
MOORE,EUR-WP,EUREKA/WHISPERING PINES,4524,472,0.0,4996.0,494,45,2069,1913,3,53,93,8,18,171,0,352,4301,139,3442,1415,2524,2221,251,564,486,1010,855,713,704,664,0,0,0.0,0.0
MOORE,EWD,EASTWOOD,1714,160,0.0,1874.0,289,15,755,654,1,13,203,11,4,61,0,102,1480,53,1384,437,928,858,88,190,250,304,283,305,302,240,0,0,0.0,0.0
MOORE,LTR,LITTLE RIVER,3182,480,0.0,3662.0,455,27,1380,1320,0,36,266,14,14,159,0,275,2898,148,2355,1159,1786,1626,250,425,497,747,543,540,502,408,0,0,0.0,0.0
MOORE,NSP,NORTH SOUTHERN PINES,2398,416,0.0,2814.0,572,19,687,1118,2,19,142,11,13,68,1,194,2366,65,1987,762,1542,1108,164,135,436,600,297,351,400,595,0,0,0.0,0.0
MOORE,PBF,PINEBLUFF,2141,411,0.0,2552.0,511,15,786,829,0,23,507,31,7,136,0,163,1685,116,1809,627,1276,1126,150,240,373,466,377,418,380,298,0,0,0.0,0.0
MOORE,PDN,PINEDENE,3269,417,0.0,3686.0,660,23,1160,1425,1,39,181,10,17,126,1,233,3079,84,2606,996,1914,1589,183,311,486,691,509,616,492,581,0,0,0.0,0.0
MOORE,PHA1,PINEHURST A1,3066,433,0.0,3499.0,513,26,1233,1294,0,52,129,12,11,96,0,221,2978,71,2472,956,1871,1467,161,271,444,571,456,513,596,648,0,0,0.0,0.0
MOORE,PHA2,PINEHURST A2,2197,131,0.0,2328.0,238,11,1028,920,0,26,41,8,4,44,0,88,2117,27,1765,536,1183,1069,76,135,117,144,195,325,586,826,0,0,0.0,0.0
MOORE,PHB1A,PINEHURST B1,2948,300,0.0,3248.0,507,13,1248,1180,0,42,117,8,3,80,0,167,2831,64,2389,795,1706,1412,130,154,248,323,367,455,705,996,0,0,0.0,0.0
MOORE,PHB2,PINEHURST B2,2277,176,0.0,2453.0,330,10,1068,869,0,33,33,9,5,38,1,126,2208,29,1795,629,1247,1098,108,127,163,203,239,348,611,762,0,0,0.0,0.0
MOORE,PHC,PINEHURST C,4077,460,0.0,4537.0,707,15,1594,1760,1,53,217,24,12,112,0,260,3859,83,3220,1234,2302,2007,228,285,409,528,494,682,951,1188,0,0,0.0,0.0
MOORE,RBN,ROBBINS,1165,204,0.0,1369.0,194,7,575,388,1,3,106,5,5,198,0,96,956,228,857,284,694,604,71,207,253,176,145,220,189,179,0,0,0.0,0.0
MOORE,SLS,SEVEN LAKES,4826,455,0.0,5281.0,665,29,2229,1901,2,26,125,17,13,129,2,227,4742,114,3928,1239,2717,2352,212,407,406,492,687,873,1237,1179,0,0,0.0,0.0
MOORE,SSP,SOUTH SOUTHERN PINES,3987,681,0.0,4668.0,1181,25,1316,1462,3,62,1200,20,13,147,0,280,2946,105,3134,1429,2490,1940,238,358,739,638,524,683,807,919,0,0,0.0,0.0
MOORE,TLT,TAYLORTOWN,451,74,0.0,525.0,240,2,68,141,0,1,302,2,1,10,0,29,180,9,382,134,277,230,18,35,87,78,52,100,103,70,0,0,0.0,0.0
MOORE,VSS,VASS,2220,315,0.0,2535.0,330,14,962,913,1,20,210,15,9,106,0,183,1992,102,1739,694,1249,1113,173,275,398,477,370,398,342,275,0,0,0.0,0.0
MOORE,WAB,WEST ABERDEEN,3665,653,0.0,4318.0,931,32,1291,1408,3,87,793,46,24,212,2,282,2872,171,2950,1197,2239,1833,246,366,732,932,576,634,601,477,0,0,0.0,0.0
MOORE,WEM,WESTMOORE,1909,141,0.0,2050.0,207,5,1200,497,0,11,101,1,3,42,0,92,1800,46,1511,493,1026,938,86,193,278,291,281,365,360,282,0,0,0.0,0.0
MOORE,WKWD1,WEST KNOLLWOOD,2664,283,0.0,2947.0,399,13,1137,1115,0,35,102,7,3,61,0,137,2602,51,2106,790,1538,1294,115,163,329,388,247,463,607,750,0,0,0.0,0.0
MOORE,WND,WEST END,3125,313,0.0,3438.0,508,17,1445,1154,1,22,346,23,5,116,0,178,2748,105,2463,870,1694,1571,173,306,395,451,476,577,701,532,0,0,0.0,0.0
NASH,P01A,BAILEY,3200,418,0.0,3618.0,824,11,1164,1201,0,12,813,12,12,250,0,313,2206,284,2269,1065,1706,1554,358,384,617,519,566,639,527,366,0,0,0.0,0.0
NASH,P02A,MIDDLESEX,2398,358,0.0,2756.0,589,7,903,899,0,9,569,6,9,231,0,289,1643,274,1628,854,1324,1162,270,314,489,409,378,456,407,303,0,0,0.0,0.0
NASH,P03A,SAMARIA,1790,246,0.0,2036.0,370,9,701,709,1,4,325,10,6,137,0,184,1370,160,1335,541,999,850,187,252,342,274,306,333,320,209,0,0,0.0,0.0
NASH,P04A,STANHOPE,1767,251,0.0,2018.0,471,8,711,577,0,5,380,4,8,236,0,199,1186,282,1220,516,965,879,174,272,332,248,292,322,310,242,0,0,0.0,0.0
NASH,P05A,COOPERS,2877,273,0.0,3150.0,446,12,1512,907,0,3,292,8,2,55,0,165,2625,71,2420,659,1545,1423,182,306,417,467,480,566,488,426,0,0,0.0,0.0
NASH,P06A,SPRING HOPE,2816,403,0.0,3219.0,1111,14,827,863,1,4,1181,19,15,113,1,228,1658,118,2241,860,1655,1317,247,305,483,435,440,562,533,461,0,0,0.0,0.0
NASH,P07A,MOMEYER,794,80,0.0,874.0,193,3,348,249,1,1,148,3,3,17,0,49,653,17,672,185,425,391,58,76,124,120,115,145,154,140,0,0,0.0,0.0
NASH,P08A,NASHVILLE,6398,840,0.0,7238.0,2372,20,2009,1996,1,25,2730,41,21,146,0,458,3817,122,5468,1648,3753,2993,492,660,991,1111,1043,1233,1201,999,0,0,0.0,0.0
NASH,P09A,CASTALIA,1280,178,0.0,1458.0,451,2,432,395,0,3,452,5,4,30,0,107,857,30,1042,386,707,631,120,145,224,203,217,254,243,172,0,0,0.0,0.0
NASH,P10A,GRIFFINS,1799,252,0.0,2051.0,865,3,440,490,1,3,1065,34,7,46,1,140,755,46,1490,515,1026,882,143,186,313,299,307,365,336,245,0,0,0.0,0.0
NASH,P11A,RED OAK,3016,256,0.0,3272.0,589,21,1455,951,0,5,495,32,7,51,0,144,2538,53,2623,596,1593,1505,174,328,380,416,507,621,578,442,0,0,0.0,0.0
NASH,P12A,SALEM,949,109,0.0,1058.0,402,3,273,271,0,4,495,11,3,20,0,65,460,15,816,227,541,440,77,81,193,143,132,209,174,126,0,0,0.0,0.0
NASH,P13A,WHITAKERS,650,131,0.0,781.0,352,2,122,174,0,0,477,2,1,8,0,52,241,6,571,204,405,324,52,66,115,104,109,144,123,120,0,0,0.0,0.0
NASH,P14A,DORTCHES,1602,164,0.0,1766.0,504,7,569,522,0,16,575,15,6,47,0,113,994,46,1288,432,863,787,116,192,207,257,293,327,288,202,0,0,0.0,0.0
NASH,P15A,OAK LEVEL,4044,471,0.0,4515.0,1279,13,1465,1286,1,25,1408,22,14,107,1,313,2625,111,3299,1105,2343,1848,324,452,660,643,731,766,705,558,0,0,0.0,0.0
NASH,P16A,ROCKY MOUNT BATTLEBORO,2081,375,0.0,2456.0,852,1,476,750,2,29,1133,16,7,103,0,286,882,84,1676,696,1219,957,280,290,423,352,310,426,381,274,0,0,0.0,0.0
NASH,P17A,ROCKY MOUNT BENVENUE,3614,760,0.0,4374.0,1721,13,587,1287,6,44,2286,20,24,163,1,482,1354,140,2957,1277,2220,1694,460,405,755,658,607,741,662,546,0,0,0.0,0.0
NASH,P18A,ROCKY MOUNT HUNTER HILL,2553,495,0.0,3048.0,1253,14,403,882,1,42,1688,25,16,92,0,331,854,66,2051,931,1592,1132,324,246,515,434,388,502,472,491,0,0,0.0,0.0
NASH,P19A,ROCKY MOUNT WINSTEAD,5071,645,0.0,5716.0,1854,13,1393,1808,3,54,2062,16,21,207,0,483,2873,153,4184,1379,2940,2276,500,531,796,714,730,909,1073,963,0,0,0.0,0.0
NASH,P20A,ROCKY MOUNT SUNSET,2449,404,0.0,2853.0,1030,9,590,820,0,17,1229,11,13,69,0,274,1240,40,2052,761,1437,1148,268,245,398,370,399,446,477,518,0,0,0.0,0.0
NASH,P21A,ROCKY MOUNT DOWNTOWN,2718,515,0.0,3233.0,1104,6,330,1277,1,42,1654,21,21,96,2,547,850,59,1959,1215,1478,1196,559,301,549,552,426,568,521,316,0,0,0.0,0.0
NASH,P22A,ROCKY MOUNT EDWARDS,2063,482,0.0,2545.0,779,3,108,1170,3,6,1520,7,17,30,0,753,212,33,1299,1213,1062,770,713,226,500,481,316,415,370,237,0,0,0.0,0.0
NASH,P23A,ROCKY MOUNT SOUTH,3025,757,0.0,3782.0,1315,2,227,1480,1,13,2452,17,9,66,0,786,439,56,2220,1506,1741,1274,767,365,743,664,559,556,551,344,0,0,0.0,0.0
NASH,P24A,SHARPSBURG,2987,388,0.0,3375.0,751,12,1249,975,0,19,863,9,11,102,0,260,2111,94,2456,825,1650,1460,265,313,451,437,530,619,571,454,0,0,0.0,0.0
NEW HANOVER,CF01,CF01,5215,702,0.0,5917.0,1534,37,1570,2072,2,30,1089,18,26,188,1,612,3953,198,3632,2087,2853,2418,646,444,846,926,773,1043,1135,750,0,0,0.0,0.0
NEW HANOVER,CF02,CF02,2868,441,0.0,3309.0,623,17,1141,1087,0,17,334,8,6,123,0,300,2521,112,2175,1022,1550,1453,306,317,484,561,486,530,541,390,0,0,0.0,0.0
NEW HANOVER,CF05,CF05,3225,687,0.0,3912.0,763,19,1095,1345,3,43,443,11,17,158,0,403,2837,154,2467,1291,1898,1557,457,347,833,675,589,595,491,382,0,0,0.0,0.0
NEW HANOVER,CF06,CF06,2718,450,0.0,3168.0,667,27,903,1119,2,23,387,17,14,125,0,307,2295,111,2084,973,1508,1337,323,320,475,556,491,475,445,406,0,0,0.0,0.0
NEW HANOVER,FP03,FP03,1756,261,0.0,2017.0,365,4,641,745,1,10,13,0,4,20,0,206,1764,18,1171,828,925,864,228,111,157,144,226,442,545,392,0,0,0.0,0.0
NEW HANOVER,FP04,FP04,5936,767,0.0,6703.0,1170,38,2236,2490,2,49,250,13,17,130,1,577,5666,104,3843,2756,3199,2839,665,636,733,1098,1222,1171,1051,792,0,0,0.0,0.0
NEW HANOVER,FP06,FP06,3964,692,0.0,4656.0,854,33,1371,1704,2,53,195,10,15,127,0,421,3835,117,2707,1832,2280,1929,447,460,675,685,787,779,704,566,0,0,0.0,0.0
NEW HANOVER,FP07,FP07,5240,775,0.0,6015.0,1046,21,1965,2206,2,40,221,24,18,128,0,492,5092,111,3535,2369,2925,2536,554,557,627,757,1081,1096,972,925,0,0,0.0,0.0
NEW HANOVER,FP08,FP08,5329,809,0.0,6138.0,1110,29,1936,2251,3,24,51,4,9,107,2,612,5329,81,3435,2622,2832,2647,659,405,551,714,1069,1375,1217,807,0,0,0.0,0.0
NEW HANOVER,H01,H01,1505,235,0.0,1740.0,393,18,455,637,2,18,225,6,14,82,1,187,1207,90,1138,512,847,702,191,157,323,332,216,249,239,224,0,0,0.0,0.0
NEW HANOVER,H02,H02,4339,503,0.0,4842.0,750,17,1819,1753,0,40,50,2,8,95,0,303,4344,77,3440,1325,2416,2102,324,345,643,420,541,789,932,1172,0,0,0.0,0.0
NEW HANOVER,H04,H04,3891,670,0.0,4561.0,952,22,1276,1640,1,27,165,5,13,94,0,500,3757,80,2981,1500,2229,1827,505,448,983,557,488,667,624,794,0,0,0.0,0.0
NEW HANOVER,H05,H05,3616,695,0.0,4311.0,800,17,1334,1465,0,19,97,8,6,85,0,343,3753,78,3001,1232,2185,1757,369,250,785,556,408,586,708,1018,0,0,0.0,0.0
NEW HANOVER,H06,H06,3090,509,0.0,3599.0,778,37,990,1282,3,56,331,10,10,157,1,377,2657,155,2309,1135,1691,1504,404,294,814,652,482,532,488,337,0,0,0.0,0.0
NEW HANOVER,H08,H08,6169,604,0.0,6773.0,1207,33,2321,2607,1,42,105,13,16,100,1,460,6036,88,4972,1713,3253,2992,528,633,739,1182,1207,1098,1037,877,0,0,0.0,0.0
NEW HANOVER,H10,H10,3913,881,0.0,4794.0,1196,25,1046,1640,6,75,789,10,26,220,0,482,3192,219,3038,1537,2402,1883,509,487,1180,872,707,642,478,428,0,0,0.0,0.0
NEW HANOVER,H11,H11,6411,1115,0.0,7526.0,1526,40,2061,2780,4,127,665,11,31,360,0,718,5614,360,4888,2278,3654,3097,775,724,1548,1449,1169,1098,927,611,0,0,0.0,0.0
NEW HANOVER,H12,H12,3840,560,0.0,4400.0,731,21,1421,1665,2,38,110,4,8,119,0,342,3779,117,3040,1243,2192,1808,400,436,700,700,698,698,596,572,0,0,0.0,0.0
NEW HANOVER,H13,H13,5213,441,0.0,5654.0,993,24,1984,2210,2,58,172,5,10,102,0,434,4873,90,3958,1606,2810,2352,492,414,558,682,775,757,899,1569,0,0,0.0,0.0
NEW HANOVER,M02,M02,6253,687,0.0,6940.0,1418,33,2026,2772,4,110,196,12,20,154,0,501,5947,110,4488,2342,3347,3020,573,728,861,1224,1276,1137,941,773,0,0,0.0,0.0
NEW HANOVER,M03,M03,6976,920,0.0,7896.0,1602,46,2352,2972,4,59,374,13,24,250,0,724,6452,217,4071,3608,3882,3188,826,540,1111,978,1001,1384,1593,1289,0,0,0.0,0.0
NEW HANOVER,M04,M04,6321,1028,0.0,7349.0,1589,26,1978,2726,2,104,494,30,18,239,1,672,5791,189,4418,2742,3731,2925,693,702,1192,1159,1121,1096,1127,952,0,0,0.0,0.0
NEW HANOVER,M06,M06,2708,344,0.0,3052.0,631,18,1006,1051,2,34,106,2,11,77,0,232,2590,52,1903,1097,1512,1290,250,206,363,492,459,499,526,507,0,0,0.0,0.0
NEW HANOVER,M07,M07,2546,236,0.0,2782.0,527,8,983,1026,2,21,26,4,4,29,0,209,2489,32,1818,932,1350,1192,240,178,283,324,347,471,506,673,0,0,0.0,0.0
NEW HANOVER,W03,W03,1929,566,0.0,2495.0,895,10,179,841,4,17,709,6,16,60,0,354,1333,48,1244,1203,1091,1029,375,149,592,468,354,376,347,209,0,0,0.0,0.0
NEW HANOVER,W08,W08,1472,406,0.0,1878.0,513,11,334,613,1,7,584,4,13,49,2,291,928,40,1003,835,928,664,286,141,263,292,257,295,305,325,0,0,0.0,0.0
NEW HANOVER,W12,W12,1727,279,0.0,2006.0,610,12,400,705,0,17,126,2,6,52,0,179,1624,46,1277,683,965,850,191,199,419,316,286,318,263,205,0,0,0.0,0.0
NEW HANOVER,W15,W15,4970,1524,0.0,6494.0,2125,29,624,2186,6,57,2528,31,58,290,1,1079,2450,299,3149,3046,3092,2341,1061,852,2120,1165,770,661,541,385,0,0,0.0,0.0
NEW HANOVER,W16,W16,3057,425,0.0,3482.0,806,20,944,1285,2,42,179,9,16,98,0,300,2838,54,2178,1250,1742,1409,331,299,533,481,517,489,518,645,0,0,0.0,0.0
NEW HANOVER,W17,W17,2117,276,0.0,2393.0,588,10,655,863,1,39,208,3,7,57,1,193,1885,45,1557,791,1180,1011,202,215,328,336,352,369,341,452,0,0,0.0,0.0
NEW HANOVER,W21,W21,4196,1137,0.0,5333.0,1196,34,1128,1832,6,52,356,8,21,191,0,524,4181,166,2730,2437,2786,1931,616,371,1473,808,550,617,702,812,0,0,0.0,0.0
NEW HANOVER,W25,W25,3916,1227,0.0,5143.0,1721,23,460,1707,5,35,1163,12,27,160,0,666,3080,115,2633,2395,2300,2094,749,296,1382,958,645,759,665,438,0,0,0.0,0.0
NEW HANOVER,W26,W26,2364,571,0.0,2935.0,856,19,427,1060,2,17,549,15,20,124,0,332,1878,120,1596,1219,1406,1199,330,187,566,600,485,476,381,240,0,0,0.0,0.0
NEW HANOVER,W27,W27,2720,509,0.0,3229.0,1221,20,306,1173,0,19,614,7,11,67,0,345,2166,70,1922,1237,1564,1278,387,189,600,705,501,461,466,307,0,0,0.0,0.0
NEW HANOVER,W29,W29,3062,733,0.0,3795.0,1554,21,181,1302,4,10,1875,13,35,81,0,676,1105,80,1843,1872,1740,1382,673,324,736,738,568,603,515,311,0,0,0.0,0.0
NEW HANOVER,W30,W30,4883,1113,0.0,5996.0,1451,34,1254,2137,7,54,694,19,25,270,1,679,4254,242,3046,2708,2964,2300,732,500,1379,977,705,812,843,780,0,0,0.0,0.0
NEW HANOVER,W31,W31,3948,586,0.0,4534.0,1073,29,1192,1649,5,32,232,6,10,103,0,328,3823,78,2874,1582,2322,1849,363,377,854,680,579,557,629,858,0,0,0.0,0.0
NEW HANOVER,W33,W33,5227,641,0.0,5868.0,1045,31,1907,2242,2,38,120,13,22,164,0,494,5017,174,3876,1818,2819,2532,517,685,1066,777,833,995,831,681,0,0,0.0,0.0
NEW HANOVER,W34,W34,5237,1441,0.0,6678.0,1287,39,952,2949,10,69,788,22,64,229,2,1620,3884,323,2962,3393,2929,2170,1579,2929,1647,569,432,423,378,300,0,0,0.0,0.0
NEW HANOVER,W35,W35,4202,993,0.0,5195.0,1300,33,878,1984,7,42,478,13,36,177,0,772,3677,169,2817,2209,2422,2011,762,867,1390,816,600,586,526,410,0,0,0.0,0.0
NEW HANOVER,WB,WB,1859,260,0.0,2119.0,359,10,675,815,0,10,6,2,5,13,1,209,1873,16,1438,665,961,952,206,190,365,229,294,399,344,298,0,0,0.0,0.0
NORTHAMPTON,COMIPE,CONWAY/MILWAUKEE/PENDLETON,1043,136,0.0,1179.0,563,4,119,357,0,1,455,2,1,11,0,58,651,13,882,284,613,493,73,73,158,145,150,212,273,168,0,0,0.0,0.0
NORTHAMPTON,CREEKS,CREEKSVILLE,483,60,0.0,543.0,256,1,46,180,0,1,194,1,1,1,0,23,322,2,411,130,265,255,23,40,64,83,63,87,127,79,0,0,0.0,0.0
NORTHAMPTON,GALATI,GALATIA,492,74,0.0,566.0,272,1,52,166,1,0,236,2,0,6,0,34,288,6,430,130,266,263,37,39,75,84,61,86,136,85,0,0,0.0,0.0
NORTHAMPTON,GAPL,GARYSBURG/PLEASANT HILL,1518,358,0.0,1876.0,1054,2,81,381,0,1,1386,3,3,14,0,202,267,12,1259,605,912,769,195,137,248,253,246,333,364,295,0,0,0.0,0.0
NORTHAMPTON,GASTON,GASTON,2138,351,0.0,2489.0,1210,5,276,647,0,3,1479,9,6,22,0,279,691,20,1695,774,1199,1013,277,211,325,335,330,488,443,357,0,0,0.0,0.0
NORTHAMPTON,JARE,JACKSON/REHOBOTH,724,93,0.0,817.0,408,2,88,226,0,0,384,3,1,9,0,51,369,5,617,195,398,359,60,49,80,96,86,139,199,168,0,0,0.0,0.0
NORTHAMPTON,LAKE G,LAKE GASTON,1229,161,0.0,1390.0,368,1,358,502,0,3,368,3,0,9,0,89,918,12,1043,335,661,632,97,51,105,87,108,244,397,398,0,0,0.0,0.0
NORTHAMPTON,LASKER,LASKER,203,21,0.0,224.0,73,0,28,102,0,1,54,0,0,2,0,5,162,0,170,54,113,101,10,13,23,16,28,48,43,53,0,0,0.0,0.0
NORTHAMPTON,NEWTOW,NEWTOWN,432,57,0.0,489.0,207,0,92,133,0,0,193,1,0,3,0,22,270,1,354,134,242,219,28,40,56,54,62,76,108,93,0,0,0.0,0.0
NORTHAMPTON,RICH S,RICH SQUARE,1011,188,0.0,1199.0,669,1,89,252,0,0,813,1,2,8,0,89,286,7,858,334,612,499,88,93,138,129,130,219,266,224,0,0,0.0,0.0
NORTHAMPTON,SEABOA,SEABOARD,750,146,0.0,896.0,443,1,76,230,0,1,529,3,1,5,0,56,301,4,659,233,467,378,51,80,112,99,116,155,183,151,0,0,0.0,0.0
NORTHAMPTON,SEVERN,SEVERN,273,53,0.0,326.0,122,0,52,99,0,0,103,0,0,0,0,20,203,1,248,77,166,145,15,20,36,40,38,77,73,42,0,0,0.0,0.0
NORTHAMPTON,WOPO,WOODLAND/POTECASI,591,149,0.0,740.0,325,2,74,190,0,0,382,1,0,12,0,52,293,7,501,232,395,295,50,54,78,122,70,125,164,127,0,0,0.0,0.0
ONSLOW,BC21,BC21,5785,1202,0.0,6987.0,624,75,2604,2476,6,91,336,21,22,347,2,565,5603,341,3729,2917,3350,3032,605,724,1514,1339,1007,974,960,469,0,0,0.0,0.0
ONSLOW,BM08,BM08,6824,1613,0.0,8437.0,1582,59,2003,3172,8,162,2074,25,67,713,7,1166,4223,703,4395,3339,4112,3248,1077,1051,1904,1337,1025,1058,1213,849,0,0,0.0,0.0
ONSLOW,CL10,CL10,3146,694,0.0,3840.0,331,27,1512,1273,3,25,304,12,17,176,1,304,3001,180,2235,1425,1848,1693,299,404,1005,726,547,512,420,226,0,0,0.0,0.0
ONSLOW,CR07,CR07,4982,1217,0.0,6199.0,704,58,1953,2263,4,68,877,23,31,381,7,673,4139,398,3540,2261,2951,2645,603,667,1478,1027,828,880,861,458,0,0,0.0,0.0
ONSLOW,EN03,EN03,10981,3338,0.0,14319.0,2580,100,3144,5152,5,359,3582,72,120,1325,6,1878,6977,1374,7080,5865,7016,5624,1679,1980,3640,2691,1966,1673,1464,905,0,0,0.0,0.0
ONSLOW,FS16,FS16,5403,1011,0.0,6414.0,629,72,2553,2147,2,58,187,26,15,195,4,477,5452,233,3704,2477,3142,2753,519,478,1189,1158,865,1076,1023,625,0,0,0.0,0.0
ONSLOW,GB12,GB12,5614,929,0.0,6543.0,872,51,2414,2276,1,93,983,19,40,449,3,515,4441,502,3691,2350,3205,2862,476,818,1165,1319,1063,946,771,461,0,0,0.0,0.0
ONSLOW,HM05,HM05,4540,1044,0.0,5584.0,912,43,1635,1947,3,75,1263,25,44,412,5,616,3144,399,3224,1961,2687,2334,563,674,1101,1000,777,776,805,451,0,0,0.0,0.0
ONSLOW,HN14,HN14,2767,543,0.0,3310.0,364,29,1138,1234,2,25,390,11,23,170,2,346,2343,171,1930,1209,1578,1394,338,352,663,689,477,509,385,235,0,0,0.0,0.0
ONSLOW,HR17,HR17,3987,625,0.0,4612.0,476,49,1873,1585,4,56,113,10,10,141,2,323,3957,175,2621,1816,2254,1966,392,363,829,931,635,775,712,367,0,0,0.0,0.0
ONSLOW,HU20,HU20,3757,852,0.0,4609.0,382,34,1693,1644,4,52,310,24,24,234,3,392,3570,206,2516,1887,2194,2018,397,525,855,939,684,725,610,271,0,0,0.0,0.0
ONSLOW,JA01,JA01,6181,2963,0.0,9144.0,882,82,2260,2948,9,216,1386,40,71,1199,7,1328,4897,1450,3616,4078,3575,4523,1046,2553,3629,1255,587,456,449,215,0,0,0.0,0.0
ONSLOW,ML23,ML23,1185,191,0.0,1376.0,186,9,496,494,0,7,224,8,4,50,1,105,977,41,829,506,629,629,118,124,234,230,208,241,203,136,0,0,0.0,0.0
ONSLOW,MT24,MT24,2430,348,0.0,2778.0,238,19,1197,975,1,20,154,7,4,107,0,198,2288,92,1596,1090,1342,1233,203,237,490,463,402,476,465,245,0,0,0.0,0.0
ONSLOW,NE22A,NE22A,4854,1255,0.0,6109.0,1087,49,1454,2262,2,122,1455,34,50,558,6,779,3105,531,2975,2603,2912,2471,726,795,1438,1233,900,817,586,340,0,0,0.0,0.0
ONSLOW,NE22B,NE22B,5554,1380,0.0,6934.0,1090,56,1976,2427,5,126,1357,29,51,599,3,716,4053,609,3795,2530,3292,2981,661,793,1558,1333,963,949,846,492,0,0,0.0,0.0
ONSLOW,NM13,NM13,1085,147,0.0,1232.0,103,4,554,424,0,2,89,3,5,26,1,103,1003,29,805,398,603,536,93,127,192,167,157,232,215,142,0,0,0.0,0.0
ONSLOW,NR02,NR02,1479,526,0.0,2005.0,548,9,176,745,1,13,951,11,22,101,0,427,480,117,962,926,941,697,367,232,455,353,222,248,303,192,0,0,0.0,0.0
ONSLOW,RL09,RL09,6199,1127,0.0,7326.0,910,38,2736,2513,2,54,934,21,29,372,2,580,5334,371,4312,2643,3601,3133,592,859,1313,1416,1117,1021,953,647,0,0,0.0,0.0
ONSLOW,SF18,SF18,6350,1171,0.0,7521.0,674,77,3056,2540,3,101,255,14,22,312,1,554,6262,327,4379,2815,3630,3317,574,609,1365,1506,1058,1226,1087,670,0,0,0.0,0.0
ONSLOW,SW19,SW19,5106,1041,0.0,6147.0,585,34,2410,2076,1,58,162,16,13,192,2,472,5232,190,3586,2371,3092,2545,510,573,770,863,899,1089,1117,836,0,0,0.0,0.0
ONSLOW,TL06,TL06,3668,805,0.0,4473.0,555,40,1571,1499,3,49,675,21,29,242,3,387,3067,240,2624,1609,2185,1931,357,465,878,838,645,641,615,391,0,0,0.0,0.0
ONSLOW,VR15,VR15,2120,474,0.0,2594.0,229,28,889,974,0,37,203,10,10,159,1,226,1948,184,1521,889,1239,1132,223,275,577,555,357,357,318,155,0,0,0.0,0.0
ONSLOW,WN04,WN04,4572,815,0.0,5387.0,777,39,1869,1884,3,90,726,16,28,350,4,483,3690,364,3296,1727,2643,2299,445,594,920,873,760,846,805,589,0,0,0.0,0.0
ORANGE,CA,CARR,1090,104,0.0,1194.0,367,7,304,412,0,3,222,1,2,48,0,98,820,41,795,358,562,524,108,98,152,199,188,238,177,142,0,0,0.0,0.0
ORANGE,CB1,CARRBORO,2765,657,0.0,3422.0,1603,9,107,1046,0,100,402,7,47,149,1,358,2358,161,2071,1190,1712,1354,356,320,956,628,486,395,349,288,0,0,0.0,0.0
ORANGE,CF1,CEDAR FALLS,4003,790,0.0,4793.0,1824,11,266,1898,4,618,453,16,49,333,0,551,2773,219,2856,1718,2374,1922,497,601,1155,724,668,687,511,447,0,0,0.0,0.0
ORANGE,CG,CEDAR GROVE,1585,155,0.0,1740.0,546,5,406,628,0,14,213,4,7,46,0,146,1310,65,1132,543,829,758,153,153,215,225,249,331,349,218,0,0,0.0,0.0
ORANGE,CH,COKER HILLS,1166,153,0.0,1319.0,625,3,32,505,1,85,74,2,14,62,0,122,960,36,875,408,639,569,111,138,232,179,195,235,159,181,0,0,0.0,0.0
ORANGE,CO,COLONIAL HEIGHTS,2399,473,0.0,2872.0,1191,9,111,1083,5,229,262,6,40,157,0,363,1815,134,1723,1015,1403,1135,334,471,673,402,382,358,289,297,0,0,0.0,0.0
ORANGE,CS1,COLES STORE,1715,111,0.0,1826.0,696,1,291,727,0,20,45,1,7,45,0,129,1579,36,1251,539,892,797,137,175,192,226,240,322,395,276,0,0,0.0,0.0
ORANGE,CW,CALDWELL,2801,204,0.0,3005.0,729,13,901,1156,2,15,201,3,6,69,0,220,2491,65,2120,820,1445,1304,256,257,365,386,423,585,601,388,0,0,0.0,0.0
ORANGE,CX,CHEEKS,6476,737,0.0,7213.0,2335,39,1488,2610,4,153,1607,11,29,399,0,749,4265,392,4107,2714,3554,2818,841,691,1078,1347,1106,1200,1042,749,0,0,0.0,0.0
ORANGE,DA,DOGWOOD ACRES,2890,316,0.0,3206.0,1468,0,184,1237,1,146,107,4,19,99,0,292,2539,83,2118,1005,1546,1383,277,435,542,431,566,581,365,286,0,0,0.0,0.0
ORANGE,DM,DAMASCUS,2056,462,0.0,2518.0,1039,7,120,883,7,93,281,0,31,111,0,263,1739,121,1522,875,1213,1028,277,322,722,401,317,291,279,186,0,0,0.0,0.0
ORANGE,EA1,EAST FRANKLIN,1823,678,0.0,2501.0,800,3,144,875,1,200,138,9,45,87,0,480,1542,87,1337,1077,1160,907,434,793,805,200,174,188,168,173,0,0,0.0,0.0
ORANGE,EF,EFLAND,2002,238,0.0,2240.0,671,11,480,840,0,32,244,4,7,87,1,191,1674,98,1473,669,1084,963,193,200,304,345,291,391,410,299,0,0,0.0,0.0
ORANGE,EH,ESTES HILLS,2036,381,0.0,2417.0,1083,5,105,838,5,211,170,5,28,103,0,242,1658,72,1562,783,1187,981,249,336,500,293,308,311,274,395,0,0,0.0,0.0
ORANGE,ENO,ENO,2276,264,0.0,2540.0,812,11,508,945,0,38,160,7,9,207,0,284,1835,272,1522,746,1222,1086,232,337,310,375,358,405,434,321,0,0,0.0,0.0
ORANGE,ES,EASTSIDE,1816,330,0.0,2146.0,920,9,125,759,3,190,319,1,19,128,0,251,1238,113,1252,781,1111,789,246,198,533,336,271,265,289,254,0,0,0.0,0.0
ORANGE,GB,GRADY BROWN,4239,620,0.0,4859.0,1704,25,630,1877,3,99,486,6,42,299,0,504,3423,308,3003,1548,2379,1956,524,525,825,911,720,740,659,479,0,0,0.0,0.0
ORANGE,GL,GLENWOOD,2265,349,0.0,2614.0,1031,5,194,1033,2,181,136,3,22,140,0,265,1867,102,1566,946,1281,1061,272,354,579,340,362,354,301,324,0,0,0.0,0.0
ORANGE,H,HILLSBOROUGH,1328,110,0.0,1438.0,761,5,90,472,0,7,223,2,4,27,0,109,1066,24,984,430,739,588,111,98,141,211,207,206,288,287,0,0,0.0,0.0
ORANGE,HE,HILLSBOROUGH EAST,1973,198,0.0,2171.0,819,8,292,853,1,78,219,5,12,132,1,233,1491,114,1310,747,1093,829,249,157,310,437,377,302,315,273,0,0,0.0,0.0
ORANGE,HF,HOGAN FARMS,2841,303,0.0,3144.0,1252,7,187,1394,1,237,248,9,28,172,0,244,2206,129,2060,955,1546,1373,225,522,406,382,694,577,371,192,0,0,0.0,0.0
ORANGE,HN,HILLSBOROUGH NORTH,2691,227,0.0,2918.0,1032,9,440,1210,0,45,252,4,14,82,0,219,2302,68,1979,871,1421,1266,231,327,306,439,531,521,471,323,0,0,0.0,0.0
ORANGE,KM,KINGS MILL,2022,207,0.0,2229.0,998,6,152,863,3,76,112,3,19,76,0,183,1760,63,1503,663,1075,961,193,247,294,315,372,333,363,305,0,0,0.0,0.0
ORANGE,NC,NORTH CARRBORO,2500,175,0.0,2675.0,1369,5,86,1036,4,123,42,2,22,109,1,209,2167,79,1912,684,1321,1159,195,325,292,413,563,453,422,207,0,0,0.0,0.0
ORANGE,NS,NORTHSIDE,1801,807,0.0,2608.0,839,3,126,833,0,209,346,5,57,67,0,532,1392,119,1362,1127,1223,872,513,906,957,199,130,138,147,131,0,0,0.0,0.0
ORANGE,OG,ORANGE GROVE,3368,297,0.0,3665.0,1285,18,611,1454,0,38,234,11,17,123,0,295,2947,133,2504,1028,1727,1628,310,279,422,531,493,671,800,469,0,0,0.0,0.0
ORANGE,OW1,OWASA,2544,816,0.0,3360.0,1361,10,98,1068,7,185,483,12,43,185,1,452,1999,245,1788,1327,1657,1269,434,447,1390,596,287,263,240,137,0,0,0.0,0.0
ORANGE,PA,PATTERSON,2937,263,0.0,3200.0,1318,9,396,1213,1,141,103,5,24,155,0,294,2478,130,2144,926,1553,1388,259,354,365,367,466,516,595,537,0,0,0.0,0.0
ORANGE,RE,ROGER EUBANKS,3462,590,0.0,4052.0,1540,8,233,1678,3,744,466,14,30,289,0,445,2064,197,2393,1462,1922,1714,416,578,918,567,672,660,414,243,0,0,0.0,0.0
ORANGE,RF,RIDGEFIELD,2185,427,0.0,2612.0,1021,14,188,962,0,204,169,5,17,115,0,278,1824,82,1527,1003,1295,1059,258,319,768,460,311,281,236,237,0,0,0.0,0.0
ORANGE,SJ,ST JOHN,2776,272,0.0,3048.0,1460,7,203,1105,1,112,404,4,15,119,1,259,2134,125,2109,814,1490,1334,224,314,347,433,475,533,508,438,0,0,0.0,0.0
ORANGE,SM,ST MARYS,2463,193,0.0,2656.0,773,8,570,1112,0,21,155,6,15,80,0,216,2163,74,1822,760,1272,1133,251,239,236,339,365,466,594,417,0,0,0.0,0.0
ORANGE,TH1,TOWN HALL,1805,370,0.0,2175.0,1047,4,64,686,4,81,258,3,25,72,0,275,1461,79,1342,754,1040,873,262,228,599,395,312,281,215,145,0,0,0.0,0.0
ORANGE,TO,TOLARS,1380,130,0.0,1510.0,512,6,336,524,2,5,292,2,3,40,0,107,1061,41,1062,407,749,656,105,127,159,227,206,263,292,236,0,0,0.0,0.0
ORANGE,UNC,UNC,4291,1065,0.0,5356.0,1586,6,223,2473,3,527,407,21,139,178,2,1661,2421,288,2330,2738,2210,1608,1538,3188,1099,277,216,206,190,180,0,0,0.0,0.0
ORANGE,WC,WHITE CROSS,1631,194,0.0,1825.0,715,7,300,609,0,32,214,5,11,98,0,168,1297,119,1197,509,878,807,140,162,226,273,239,312,336,277,0,0,0.0,0.0
ORANGE,WD,WEAVER DAIRY,2512,415,0.0,2927.0,1276,9,147,1077,3,242,276,8,31,196,1,292,1881,150,1807,970,1389,1264,274,326,674,402,393,408,360,364,0,0,0.0,0.0
ORANGE,WDS,WEAVER DAIRY SAT,426,10,0.0,436.0,360,0,7,59,0,4,2,0,0,2,0,28,400,0,340,96,285,125,26,0,0,0,2,1,12,421,0,0,0.0,0.0
ORANGE,WH,WEST HILLSBOROUGH,1981,296,0.0,2277.0,1036,9,217,718,1,32,640,8,18,125,0,241,1213,170,1357,750,1128,908,241,199,378,453,337,303,340,267,0,0,0.0,0.0
ORANGE,WW1,WESTWOOD,2280,782,0.0,3062.0,1208,6,110,950,6,158,357,7,43,109,0,461,1927,128,1776,1158,1484,1195,383,693,1157,343,241,247,207,174,0,0,0.0,0.0
PAMLICO,1CR,CROSSROADS,1320,192,0.0,1512.0,265,4,636,415,0,4,142,9,3,23,0,95,1236,28,1005,479,755,662,95,151,160,216,195,238,294,258,0,0,0.0,0.0
PAMLICO,1RB,REELSBORO,1370,168,0.0,1538.0,239,3,685,441,2,6,155,0,2,24,0,108,1243,22,974,542,771,665,102,145,214,219,218,274,263,205,0,0,0.0,0.0
PAMLICO,2OT,ORIENTAL,2032,194,0.0,2226.0,454,10,777,790,1,10,128,2,2,26,0,128,1930,21,1364,841,1068,1035,123,65,113,117,151,372,750,658,0,0,0.0,0.0
PAMLICO,3CH,COURTHOUSE,1654,236,0.0,1890.0,560,7,605,481,1,6,539,4,4,32,1,131,1173,28,1157,705,907,847,136,148,203,222,230,336,412,339,0,0,0.0,0.0
PAMLICO,4BR,BAY RIVER,504,73,0.0,577.0,150,2,207,145,0,2,136,0,1,3,0,37,398,7,363,207,306,241,30,48,51,59,62,121,128,108,0,0,0.0,0.0
PAMLICO,5AP,ARAPAHOE,2307,229,0.0,2536.0,481,14,1030,781,1,18,220,10,4,45,0,179,2060,39,1549,948,1211,1145,180,131,201,251,248,501,608,596,0,0,0.0,0.0
PASQUOTANK,EAST,EAST ELIZABETH CITY,3288,450,0.0,3738.0,1046,22,726,1493,1,26,976,3,23,109,1,443,2157,64,1591,2083,1786,1500,452,361,571,605,510,572,616,503,0,0,0.0,0.0
PASQUOTANK,MH,MT  HERMON,4549,587,0.0,5136.0,1410,31,1300,1806,2,33,1547,7,19,167,0,451,2912,110,2206,2820,2521,2187,428,552,825,863,750,805,753,588,0,0,0.0,0.0
PASQUOTANK,NEW,NEWLAND,1898,258,0.0,2156.0,608,10,585,694,1,2,683,1,5,36,0,189,1240,15,927,1214,1044,921,191,191,347,338,322,410,341,207,0,0,0.0,0.0
PASQUOTANK,NIX,NIXONTON,3684,389,0.0,4073.0,824,21,1378,1458,3,17,697,7,18,83,1,266,2984,46,1934,2093,1967,1835,271,349,472,563,540,733,828,588,0,0,0.0,0.0
PASQUOTANK,NORTH,NORTH ELIZABETH CITY,2173,434,0.0,2607.0,745,11,439,978,0,20,960,7,16,76,0,407,1121,63,996,1548,1224,999,384,309,508,408,372,413,335,262,0,0,0.0,0.0
PASQUOTANK,PRO,PROVIDENCE,4911,629,0.0,5540.0,1012,36,1827,2036,0,37,846,5,15,158,1,469,4009,104,2410,3026,2639,2411,490,526,815,810,772,919,908,790,0,0,0.0,0.0
PASQUOTANK,SAL,SALEM,1182,131,0.0,1313.0,232,4,458,486,2,7,165,2,5,19,0,93,1022,8,608,697,599,620,94,121,144,169,207,229,252,191,0,0,0.0,0.0
PASQUOTANK,SOUTH,SOUTH ELIZABETH CITY,2786,610,0.0,3396.0,1244,12,317,1207,6,9,1713,1,31,78,0,777,787,75,1267,2054,1462,1193,741,873,666,454,353,350,355,345,0,0,0.0,0.0
PASQUOTANK,WEST,WEST ELIZABETH CITY,2597,402,0.0,2999.0,1243,5,271,1075,3,17,1686,1,16,59,0,511,709,44,1156,1799,1539,985,475,351,595,542,360,419,428,304,0,0,0.0,0.0
PENDER,BW01,BURGAW,5112,909,0.0,6021.0,1126,24,2026,1932,4,18,1141,17,14,171,0,562,4098,178,3895,1948,2899,2555,567,526,881,902,895,1000,998,819,0,0,0.0,0.0
PENDER,CL05,COLUMBIA,1288,245,0.0,1533.0,550,5,334,399,0,2,669,3,4,59,0,170,626,71,958,504,737,643,153,134,231,218,205,272,255,218,0,0,0.0,0.0
PENDER,LT18,LOWER TOPSAIL,5912,727,0.0,6639.0,765,47,2777,2320,3,40,187,15,26,195,1,569,5606,195,4187,2257,3050,2890,699,725,837,1249,1284,1124,874,546,0,0,0.0,0.0
PENDER,MC07,MALPASS CORNER,2552,477,0.0,3029.0,778,18,920,836,0,4,799,10,10,141,1,253,1811,128,1893,1008,1503,1274,252,279,474,380,428,542,563,363,0,0,0.0,0.0
PENDER,MT19,MIDDLE TOPSAIL,3839,583,0.0,4422.0,552,23,1690,1574,0,39,187,11,8,92,0,313,3772,100,2986,1336,2137,1939,346,381,514,648,705,720,746,708,0,0,0.0,0.0
PENDER,PL18,PENDERLEA,2581,426,0.0,3007.0,569,6,1150,856,0,5,557,8,8,106,0,273,2050,105,1960,942,1409,1328,270,302,402,398,441,532,522,410,0,0,0.0,0.0
PENDER,RP21,ROCKY POINT,6624,1161,0.0,7785.0,1254,54,2846,2468,2,17,988,27,18,404,0,775,5556,437,4835,2513,3588,3399,798,852,1274,1192,1070,1397,1202,798,0,0,0.0,0.0
PENDER,SC13,SURF CITY,4861,796,0.0,5658.0,764,27,2095,1975,0,45,162,16,17,133,0,477,4808,148,3554,1956,2662,2437,559,472,675,862,900,1050,1033,666,0,0,1.0,0.0
PENDER,SH12,SCOTTS HILL,2881,302,0.0,3183.0,414,20,1343,1101,3,17,79,8,5,99,1,264,2710,95,2026,1062,1545,1354,284,286,564,485,453,584,455,356,0,0,0.0,0.0
PENDER,SP15,SLOOP POINT,5372,858,0.0,6230.0,746,43,2343,2239,1,42,271,17,18,215,0,459,5208,199,3936,2095,2999,2694,537,631,813,1161,1131,1037,874,583,0,0,0.0,0.0
PENDER,UH08,UPPER HOLLY,763,100,0.0,863.0,311,1,126,325,0,0,420,0,3,8,0,208,224,6,447,410,358,308,197,65,148,118,137,111,154,130,0,0,0.0,0.0
PENDER,UT14,UPPER TOPSAIL,5042,714,0.0,5756.0,618,38,2314,2069,3,41,98,9,13,130,1,464,5000,116,3793,1847,2760,2511,485,598,664,934,1056,953,867,684,0,0,0.0,0.0
PERQUIMANS,BELVID,BELVIDERE,708,78,0.0,786.0,166,2,279,261,0,1,121,0,1,5,0,69,589,2,412,372,390,323,73,78,98,92,139,148,136,95,0,0,0.0,0.0
PERQUIMANS,BETHEL,BETHEL,2675,405,0.0,3080.0,430,15,1123,1107,0,5,248,6,9,29,0,241,2542,21,1538,1521,1465,1349,266,161,240,256,274,532,823,794,0,0,0.0,0.0
PERQUIMANS,EAST H,EAST HERTFORD,871,145,0.0,1016.0,323,6,195,347,0,5,340,2,1,11,0,146,511,7,504,505,514,366,136,109,133,160,128,139,169,178,0,0,0.0,0.0
PERQUIMANS,NEW HO,NEW HOPE,2407,299,0.0,2706.0,429,7,985,984,2,11,313,6,5,40,2,286,2042,30,1149,1527,1278,1146,282,197,286,374,328,524,582,415,0,0,0.0,1.0
PERQUIMANS,NICANO,NICANOR,218,19,0.0,237.0,54,1,76,87,0,0,31,0,0,3,0,21,182,0,131,106,105,107,25,21,21,42,47,30,44,32,0,0,0.0,0.0
PERQUIMANS,PARKVI,PARKVILLE,1690,195,0.0,1885.0,464,9,590,627,0,0,477,3,1,21,0,188,1195,12,912,961,894,776,215,143,261,276,241,325,365,274,0,0,0.0,0.0
PERQUIMANS,WEST H,WEST HERTFORD,796,115,0.0,911.0,210,6,271,308,1,3,208,2,3,14,0,87,594,12,462,437,457,379,75,91,129,150,130,150,144,117,0,0,0.0,0.0
PERSON,ALVI,ALLENSVILLE,1951,254,0.0,2205.0,701,6,565,679,0,4,634,5,8,46,0,155,1353,44,1606,555,1074,978,153,200,327,291,331,410,371,275,0,0,0.0,0.0
PERSON,CUCL,CUNNINGHAM/CHUB LAKE,1698,226,0.0,1924.0,448,5,614,631,0,4,368,7,6,23,0,126,1390,15,1392,517,930,862,132,112,251,207,266,354,412,322,0,0,0.0,0.0
PERSON,FLHE,FLAT RIVER,5047,614,0.0,5661.0,1027,26,1979,2013,2,9,752,17,22,148,0,490,4223,146,3990,1525,2688,2488,485,488,752,839,887,1076,948,671,0,0,0.0,0.0
PERSON,HLWY,HOLLOWAY,989,111,0.0,1100.0,210,6,389,383,1,3,160,31,2,19,0,67,818,17,828,255,539,484,77,91,139,118,159,218,201,174,0,0,0.0,0.0
PERSON,MTTZ,MT TIRZAH,2315,280,0.0,2595.0,485,12,872,944,2,9,303,3,7,76,0,219,1978,61,1786,748,1227,1142,226,191,391,367,337,533,471,305,0,0,0.0,0.0
PERSON,OLHI,OLIVE HILL,1520,142,0.0,1662.0,325,3,579,613,0,2,222,4,2,25,0,95,1312,23,1281,358,798,770,94,141,176,241,249,315,319,221,0,0,0.0,0.0
PERSON,PNTH,PIEDMONT NORTH,3275,784,0.0,4059.0,1326,11,796,1142,0,11,1509,16,14,147,0,306,2056,147,2813,1099,2164,1606,289,340,657,573,567,657,692,573,0,0,0.0,0.0
PERSON,RCOB,ROXBORO CENTRAL,3430,643,0.0,4073.0,1345,17,830,1236,2,11,1466,12,14,126,0,319,2125,155,2856,1062,2151,1653,269,352,554,556,543,617,767,684,0,0,0.0,0.0
PERSON,ROXL,ROXBORO 4,1605,303,0.0,1908.0,675,8,374,548,0,2,708,6,8,67,2,154,961,64,1315,529,996,768,144,132,307,267,275,334,363,230,0,0,0.0,0.0
PERSON,SWST,SOUTH WEST,1807,165,0.0,1972.0,468,2,673,664,0,2,303,1,5,27,0,132,1502,35,1464,473,959,897,116,145,276,268,286,346,375,276,0,0,0.0,0.0
PERSON,WDSD,WOODSDALE,996,135,0.0,1131.0,364,1,268,363,0,1,379,8,1,24,1,89,628,21,817,293,549,513,69,83,173,141,170,195,205,164,0,0,0.0,0.0
PITT,0101,ARTHUR,3764,538,0.0,4302.0,1530,17,931,1284,2,23,1740,6,8,152,0,353,2020,121,3197,984,2170,1749,383,410,808,799,657,664,578,386,0,0,0.0,0.0
PITT,0200A,AYDEN A,2851,336,0.0,3187.0,873,12,963,1002,1,8,839,10,11,118,0,218,1983,110,2375,702,1663,1274,250,331,500,493,455,498,501,409,0,0,0.0,0.0
PITT,0200B,AYDEN B,2399,332,0.0,2731.0,930,16,616,836,1,6,1102,2,8,108,0,223,1282,94,1945,692,1401,1072,258,267,453,397,386,447,427,354,0,0,0.0,0.0
PITT,0301,BELVOIR,3584,636,0.0,4220.0,1814,7,631,1131,1,4,2128,8,20,354,0,468,1238,353,2881,986,2069,1705,446,562,773,618,567,665,650,385,0,0,0.0,0.0
PITT,0401,BETHEL,1330,185,0.0,1515.0,653,7,263,403,4,4,695,6,6,49,1,138,616,40,1119,356,757,610,148,138,208,218,188,247,293,223,0,0,0.0,0.0
PITT,0501,CAROLINA,1284,133,0.0,1417.0,379,5,509,391,0,3,363,2,4,54,0,99,892,54,1080,283,683,627,107,189,215,205,183,203,239,183,0,0,0.0,0.0
PITT,0601,CHICOD,4797,458,0.0,5255.0,834,25,2142,1792,4,23,548,12,8,185,0,274,4205,152,4174,929,2563,2397,295,629,686,828,965,873,742,532,0,0,0.0,0.0
PITT,0701,FALKLAND,1944,194,0.0,2138.0,536,15,705,688,0,41,398,6,6,82,0,131,1474,63,1689,386,1048,946,144,196,250,247,299,417,404,325,0,0,0.0,0.0
PITT,0800A,FARMVILLE A,2181,318,0.0,2499.0,863,11,622,683,2,7,844,3,8,82,0,228,1327,87,1836,576,1301,965,233,257,373,336,345,405,419,364,0,0,0.0,0.0
PITT,0800B,FARMVILLE B,1836,258,0.0,2094.0,757,7,465,607,0,5,792,0,6,64,0,164,1063,50,1553,491,1109,816,169,206,324,302,256,383,313,310,0,0,0.0,0.0
PITT,0901,FOUNTAIN,735,91,0.0,826.0,245,2,284,204,0,0,196,6,5,24,0,69,526,23,602,201,405,346,75,74,122,93,99,148,151,139,0,0,0.0,0.0
PITT,1001,GRIFTON,2836,360,0.0,3196.0,900,17,956,961,2,9,871,4,14,138,0,259,1901,130,2243,823,1624,1312,260,354,467,452,470,522,535,396,0,0,0.0,0.0
PITT,1101,GRIMESLAND,1162,178,0.0,1340.0,352,9,382,419,0,3,402,3,5,51,0,104,772,57,1000,283,657,576,107,184,195,175,179,222,206,179,0,0,0.0,0.0
PITT,1102A,SIMPSON A,3573,337,0.0,3910.0,1082,20,1176,1292,3,43,835,13,17,160,0,252,2590,127,2980,803,1947,1695,268,458,542,709,694,644,530,333,0,0,0.0,0.0
PITT,1102B,SIMPSON B,4381,388,0.0,4769.0,1020,14,1692,1652,3,34,719,5,11,222,0,267,3511,183,3706,880,2321,2148,300,556,602,762,894,815,687,453,0,0,0.0,0.0
PITT,1201,PACTOLUS,3819,645,0.0,4464.0,1365,18,1090,1345,1,4,1504,3,19,288,1,559,2086,287,2969,1208,2142,1767,555,555,852,673,583,665,681,455,0,0,0.0,0.0
PITT,1301,SWIFT CREEK,1139,97,0.0,1236.0,188,2,522,427,0,4,103,4,1,32,0,68,1024,27,956,253,607,547,82,112,182,228,209,207,163,135,0,0,0.0,0.0
PITT,1403A1,WINTERVILLE WEST,3287,432,0.0,3719.0,1087,10,1028,1161,1,43,1081,6,13,135,0,244,2197,110,2856,753,1918,1528,273,413,582,646,650,620,491,317,0,0,0.0,0.0
PITT,1403A2,WINTERVILLE SOUTH,3297,353,0.0,3650.0,1225,18,866,1185,3,25,1269,2,15,129,0,212,1998,106,2751,793,1929,1495,226,354,557,644,601,576,537,381,0,0,0.0,0.0
PITT,1403B,WINTERVILLE NORTH,4406,504,0.0,4910.0,1544,21,1260,1578,3,66,1384,13,22,183,0,308,2934,123,3833,954,2573,2033,304,513,668,772,857,862,677,561,0,0,0.0,0.0
PITT,1501,GREENVILLE #1,922,206,0.0,1128.0,594,5,51,272,0,1,808,1,6,69,0,165,78,67,750,311,556,416,156,147,175,163,143,180,173,147,0,0,0.0,0.0
PITT,1503,GREENVILLE #3,2234,693,0.0,2927.0,1042,17,215,956,4,32,1442,10,19,99,2,556,767,87,1750,1090,1386,983,558,500,951,429,306,310,267,164,0,0,0.0,0.0
PITT,1504A,GREENVILLE #4A,2423,613,0.0,3036.0,1281,7,185,947,3,28,1839,8,13,89,1,543,515,74,1902,1060,1439,1049,548,280,752,516,391,434,404,259,0,0,0.0,0.0
PITT,1504B,GREENVILLE #4B,4254,928,0.0,5182.0,2189,25,568,1469,3,80,2582,9,21,226,0,521,1743,169,3505,1508,2854,1764,564,419,1487,971,636,603,566,500,0,0,0.0,0.0
PITT,1505A,GREENVILLE #5A,2118,830,0.0,2948.0,1040,13,259,803,3,35,1577,6,27,114,1,420,768,88,1907,953,1517,995,436,302,771,577,429,400,311,158,0,0,0.0,0.0
PITT,1505B,GREENVILLE #5B,2380,514,0.0,2894.0,1462,9,122,786,1,9,2014,4,20,99,0,513,235,71,1895,928,1430,955,509,334,560,494,411,444,409,242,0,0,0.0,0.0
PITT,1506,GREENVILLE #6,1833,566,0.0,2399.0,711,10,244,865,3,22,824,1,29,89,0,594,840,104,1345,950,1005,818,576,823,655,224,172,176,226,123,0,0,0.0,0.0
PITT,1507,GREENVILLE #7,3224,932,0.0,4156.0,960,17,568,1673,6,49,881,4,39,131,1,1272,1779,155,2152,1849,1613,1272,1271,1725,1022,449,282,229,251,198,0,0,0.0,0.0
PITT,1507B,GREENVILLE #7B,1707,633,0.0,2340.0,327,8,274,1097,1,23,246,6,46,65,2,1159,793,113,854,1373,765,452,1123,1707,436,43,40,37,30,47,0,0,0.0,0.0
PITT,1508A,GREENVILLE #8A,1400,480,0.0,1880.0,230,8,439,723,0,11,121,3,16,27,3,622,1077,44,933,903,672,611,597,957,594,112,54,43,67,53,0,0,0.0,0.0
PITT,1508B,GREENVILLE #8B,1569,501,0.0,2070.0,522,12,281,752,2,11,384,3,11,92,0,354,1215,82,1261,727,941,762,367,427,798,224,113,90,85,333,0,0,0.0,0.0
PITT,1509,GREENVILLE #9,3474,795,0.0,4269.0,1160,16,876,1416,6,55,1056,5,34,186,0,600,2333,168,2867,1234,1954,1696,619,740,1231,611,462,487,397,341,0,0,0.0,0.0
PITT,1510A,GREENVILLE #10A,2173,216,0.0,2389.0,680,7,722,762,2,25,385,4,10,80,1,156,1728,66,1890,433,1248,971,170,211,378,352,299,438,419,292,0,0,0.0,0.0
PITT,1510B,GREENVILLE #10B,2367,300,0.0,2667.0,770,6,667,923,1,27,506,5,14,95,0,163,1857,62,2088,517,1433,1058,176,217,464,421,331,365,466,403,0,0,0.0,0.0
PITT,1511A,GREENVILLE #11A,3637,354,0.0,3991.0,1015,15,1240,1366,1,84,662,5,11,148,1,251,2829,75,3034,882,2033,1691,267,397,623,555,556,607,611,642,0,0,0.0,0.0
PITT,1511B,GREENVILLE #11B,3215,792,0.0,4007.0,1130,19,770,1291,5,51,1102,9,17,173,0,451,2204,133,2638,1236,2031,1466,510,532,1268,607,424,460,385,331,0,0,0.0,0.0
PITT,1512A,GREENVILLE #12A,6079,916,0.0,6995.0,2522,27,1334,2194,2,106,2834,20,36,302,0,582,3115,212,5040,1743,3555,2838,602,788,1312,1415,1247,933,751,549,0,0,0.0,0.0
PITT,1512B,GREENVILLE #12B,2375,374,0.0,2749.0,991,13,445,926,0,43,1004,7,18,116,0,284,1277,74,1972,703,1385,1072,292,276,559,560,395,329,340,290,0,0,0.0,0.0
PITT,1513A,GREENVILLE #13A,3236,498,0.0,3734.0,977,24,994,1241,0,91,875,11,16,161,1,323,2256,103,2746,885,1821,1580,333,435,765,638,621,556,436,283,0,0,0.0,0.0
PITT,1513B,GREENVILLE #13B,2476,370,0.0,2846.0,742,11,773,949,1,36,686,8,14,138,0,208,1756,120,2075,651,1466,1167,213,375,521,500,436,352,386,276,0,0,0.0,0.0
POLK,CG05,COOPERS GAP,1712,200,0.0,1912.0,150,10,879,673,0,3,6,1,6,27,1,132,1736,33,1309,570,945,893,74,169,214,229,287,357,398,258,0,0,0.0,0.0
POLK,CL07,COLUMBUS-1,2260,381,0.0,2641.0,469,15,826,949,1,14,52,4,6,71,0,151,2343,82,1821,738,1420,1118,103,192,322,335,330,416,541,505,0,0,0.0,0.0
POLK,CL08,COLUMBUS-2,2673,282,0.0,2955.0,473,13,1099,1088,0,8,38,1,2,36,0,183,2687,54,2045,856,1601,1261,93,171,226,255,278,409,632,984,0,0,0.0,0.0
POLK,GC09,GREEN CREEK,2548,396,0.0,2944.0,486,8,1114,940,0,12,211,6,10,49,1,170,2485,65,2088,791,1500,1332,112,223,416,361,380,523,554,487,0,0,0.0,0.0
POLK,SA04,SALUDA,1526,192,0.0,1718.0,307,8,551,660,0,3,17,0,3,25,0,105,1565,21,1165,532,868,786,64,109,170,215,214,285,357,368,0,0,0.0,0.0
POLK,TR123,TRYON,2706,447,0.0,3153.0,763,14,756,1172,1,9,194,1,5,59,0,161,2724,42,2177,934,1673,1384,96,143,274,312,322,507,723,872,0,0,0.0,0.0
POLK,WO06,WHITE OAK,1697,253,0.0,1950.0,294,8,724,671,0,7,63,2,4,45,0,120,1709,44,1338,568,968,910,72,158,264,222,283,347,378,298,0,0,0.0,0.0
RANDOLPH,AE,ASHEBORO EAST,3840,671,0.0,4511.0,1081,17,1409,1332,1,37,902,12,15,442,0,409,2694,516,1981,2014,2275,1943,293,496,788,643,537,687,702,658,0,0,0.0,0.0
RANDOLPH,AN,ASHEBORO NORTH,3449,778,0.0,4227.0,709,23,1319,1393,5,48,519,20,24,552,0,520,2544,681,1561,1985,2123,1756,348,634,908,612,548,600,486,439,0,0,0.0,0.0
RANDOLPH,AR,ARCHDALE,7198,1158,0.0,8356.0,1018,33,3855,2290,2,318,566,28,15,357,0,708,6364,263,5626,2467,4128,3472,756,778,1266,1094,1169,1518,1336,1195,0,0,0.0,0.0
RANDOLPH,AS,ASHEBORO SOUTH,3553,482,0.0,4035.0,472,20,1822,1239,0,42,245,7,9,291,1,286,3154,326,2051,1658,2086,1718,231,432,589,497,463,683,672,699,0,0,0.0,0.0
RANDOLPH,AW,ASHEBORO WEST,4905,910,0.0,5815.0,1021,32,2011,1839,2,31,627,15,11,496,0,493,4142,588,2629,2598,2977,2475,363,666,991,784,704,888,904,878,0,0,0.0,0.0
RANDOLPH,BC,BACK CREEK,2988,319,0.0,3307.0,221,18,1859,889,1,10,44,4,5,102,0,195,2947,111,1911,1285,1621,1496,190,333,474,511,466,634,498,391,0,0,0.0,0.0
RANDOLPH,DR,DEEP RIVER,4110,580,0.0,4690.0,478,18,2284,1329,1,5,211,23,4,220,0,369,3858,260,2354,2076,2282,2093,315,515,792,713,638,831,694,507,0,0,0.0,0.0
RANDOLPH,GR,GRANT,3593,507,0.0,4100.0,451,17,2017,1108,0,17,189,3,13,243,0,291,3344,316,2080,1704,2045,1842,213,422,659,561,556,712,592,598,0,0,0.0,0.0
RANDOLPH,LB,LIBERTY,2505,381,0.0,2886.0,590,7,1112,795,1,11,446,13,13,146,0,247,2010,171,1584,1131,1404,1252,230,305,446,385,381,504,467,398,0,0,0.0,0.0
RANDOLPH,LC,LEVEL CROSS,2195,322,0.0,2517.0,250,12,1258,674,1,17,155,8,7,82,1,207,2040,102,1347,1068,1185,1103,229,242,385,385,330,491,397,287,0,0,0.0,0.0
RANDOLPH,NM,NEW MARKET,4047,504,0.0,4551.0,328,18,2553,1148,0,24,103,22,6,117,1,318,3960,109,2969,1473,2196,1999,356,434,665,636,636,824,758,598,0,0,0.0,0.0
RANDOLPH,PR,PROVIDENCE,5214,601,0.0,5815.0,474,24,3151,1563,2,17,98,19,7,102,1,375,5196,97,3442,2276,2825,2568,422,551,845,734,855,1181,949,700,0,0,0.0,0.0
RANDOLPH,RM,RAMSEUR,2665,400,0.0,3065.0,519,13,1303,829,1,19,370,8,11,194,0,263,2200,225,1603,1237,1492,1379,194,332,509,420,386,550,451,417,0,0,0.0,0.0
RANDOLPH,RN,RANDLEMAN,5220,738,0.0,5958.0,735,23,2707,1753,2,27,367,17,14,351,0,463,4719,412,2973,2573,2960,2587,411,626,990,932,868,1028,869,645,0,0,0.0,0.0
RANDOLPH,SE,SOUTHEAST,1904,172,0.0,2076.0,180,2,1196,526,0,2,66,6,2,45,0,123,1832,33,1202,841,979,971,126,205,289,286,287,366,354,289,0,0,0.0,0.0
RANDOLPH,SO,SOUTHERN,3341,382,0.0,3723.0,324,14,1956,1047,0,9,159,7,6,112,0,195,3235,120,2058,1545,1807,1726,190,353,530,518,559,633,702,428,0,0,0.0,0.0
RANDOLPH,ST,STALEY,1912,223,0.0,2135.0,212,9,1122,569,0,8,156,10,7,60,0,157,1737,94,1260,781,1034,940,161,225,322,288,325,368,348,259,0,0,0.0,0.0
RANDOLPH,SW,SOUTHWEST,2596,256,0.0,2852.0,155,10,1676,755,0,19,30,2,3,45,0,189,2564,46,1626,1180,1351,1307,194,275,411,385,418,574,456,333,0,0,0.0,0.0
RANDOLPH,TB,TABERNACLE,2776,392,0.0,3168.0,175,16,1750,834,1,8,39,12,4,56,0,247,2802,62,1926,1180,1513,1379,276,309,442,480,476,598,515,348,0,0,0.0,0.0
RANDOLPH,TR,TRINITY,8438,1049,0.0,9487.0,1010,35,4716,2672,5,115,663,27,15,322,4,769,7572,287,6318,2882,4536,4060,891,925,1387,1375,1427,1659,1445,1269,0,0,0.0,0.0
RANDOLPH,TT,TRINITY TABERNACLE,3834,445,0.0,4279.0,345,16,2355,1117,1,10,93,15,8,82,1,307,3763,87,2911,1281,2018,1935,326,450,616,635,709,816,652,401,0,0,0.0,0.0
RANDOLPH,UG,UNION GROVE,6854,790,0.0,7644.0,715,24,3914,2200,1,42,179,22,12,387,0,554,6448,472,3957,3215,3713,3485,446,835,1175,979,1077,1305,1299,974,0,0,0.0,0.0
RICHMOND,01,ROCKINGHAM #1,3657,891,0.0,4548.0,1682,12,795,1164,4,26,1973,53,9,174,1,396,1916,141,2776,1631,2376,1810,362,499,718,671,647,763,710,540,0,0,0.0,0.0
RICHMOND,02,ROCKINGHAM #2,4190,620,0.0,4810.0,1310,19,1362,1496,3,24,978,41,4,171,0,319,3273,135,3244,1431,2438,2099,273,529,683,630,729,798,791,650,0,0,0.0,0.0
RICHMOND,08,MARKS CREEK #1,3090,554,0.0,3644.0,1302,12,827,946,3,21,1445,61,4,82,1,255,1775,61,2409,1174,1863,1527,254,394,540,491,533,627,604,455,0,0,0.0,0.0
RICHMOND,09,MARKS CREEK #2,4390,762,0.0,5152.0,1489,10,1430,1461,0,28,1326,109,15,151,1,384,3138,106,3433,1613,2628,2151,373,545,789,678,817,921,733,669,0,0,0.0,0.0
RICHMOND,10,BEAVER DAM #1,769,119,0.0,888.0,336,4,179,250,0,3,315,13,3,52,0,90,412,46,533,309,422,391,75,95,103,122,124,161,177,106,0,0,0.0,0.0
RICHMOND,14,STEELES #1,114,15,0.0,129.0,59,0,26,29,0,0,65,0,0,2,0,14,48,3,85,41,64,53,12,16,12,8,14,24,27,28,0,0,0.0,0.0
RICHMOND,21,ROCKINGHAM #3,1808,176,0.0,1984.0,558,1,599,650,0,6,428,26,2,34,0,126,1362,34,1372,578,977,885,122,195,271,263,307,364,300,284,0,0,0.0,0.0
RICHMOND,22,WOLF PIT #1,2115,427,0.0,2542.0,773,12,584,745,1,13,825,46,5,113,1,193,1346,93,1622,827,1259,1101,182,311,364,344,410,452,370,291,0,0,0.0,0.0
RICHMOND,23,WOLF PIT #2,1546,274,0.0,1820.0,410,3,542,591,0,13,309,20,1,86,0,139,1252,61,1197,562,903,789,128,213,249,265,269,308,315,201,0,0,0.0,0.0
RICHMOND,24,MINERAL SPRINGS #1,1622,313,0.0,1935.0,524,6,595,496,1,13,445,20,2,77,0,125,1253,76,1314,545,968,850,117,218,275,281,233,329,332,267,0,0,0.0,0.0
RICHMOND,25,MINERAL SPRINGS #2,859,141,0.0,1000.0,256,3,339,260,1,8,224,11,3,43,0,84,627,35,688,277,486,451,63,85,132,131,137,175,187,153,0,0,0.0,0.0
ROBESON,01,ALFORDSVILLE,1011,231,0.0,1242.0,348,0,292,370,1,0,163,780,4,20,0,141,134,14,934,294,623,500,119,141,230,168,212,185,184,122,0,0,0.0,0.0
ROBESON,02,BACK SWAMP,2116,324,0.0,2440.0,910,5,385,815,1,3,628,1171,15,28,0,335,260,17,1866,557,1198,960,282,260,387,320,391,398,386,298,0,0,0.0,0.0
ROBESON,03,BRITTS,2016,394,0.0,2410.0,625,14,527,850,0,6,516,332,11,93,3,315,1134,50,1783,577,1173,983,254,303,449,395,364,381,310,208,0,0,0.0,0.0
ROBESON,04,BURNT SWAMP,2008,487,0.0,2495.0,760,9,443,796,0,4,104,1963,6,66,0,223,129,57,1966,472,1250,1062,183,298,428,341,441,387,322,278,0,0,0.0,0.0
ROBESON,05A,FAIRMONT,2915,465,0.0,3380.0,1440,5,456,1012,2,3,1474,537,11,69,4,435,847,45,2649,686,1698,1339,343,327,524,439,473,596,587,434,0,0,0.0,0.0
ROBESON,07,GADDYS,704,197,0.0,901.0,307,1,117,279,0,0,230,326,3,44,0,110,188,29,694,178,437,379,85,100,127,132,146,125,147,124,0,0,0.0,0.0
ROBESON,08,EAST HOWELLSVILLE,1603,265,0.0,1868.0,451,3,473,676,0,5,274,233,9,67,0,169,1111,60,1465,343,908,834,126,238,262,285,264,320,309,190,0,0,0.0,0.0
ROBESON,09,WEST HOWELLSVILLE,1329,329,0.0,1658.0,487,3,294,544,1,1,490,257,16,156,1,197,540,141,1178,339,814,709,135,229,304,260,234,258,231,142,0,0,0.0,0.0
ROBESON,10,LUMBER BRIDGE,938,194,0.0,1132.0,321,2,267,348,0,5,271,230,7,98,0,119,402,96,795,241,589,462,81,142,183,158,165,161,193,130,0,0,0.0,0.0
ROBESON,11,LUMBERTON #1,3199,360,0.0,3559.0,1068,5,829,1296,1,84,518,402,18,181,3,220,2133,58,2968,533,1885,1525,149,309,444,436,487,582,602,699,0,0,0.0,0.0
ROBESON,11A,LUMBERTON #11A,1450,215,0.0,1665.0,455,6,355,634,0,1,259,719,5,81,0,188,412,68,1209,388,827,688,150,226,251,241,236,297,238,176,0,0,0.0,0.0
ROBESON,12,LUMBERTON #2,1917,385,0.0,2302.0,844,4,257,808,4,16,1014,265,13,128,3,348,515,95,1630,577,1212,841,249,263,464,405,333,356,277,204,0,0,0.0,0.0
ROBESON,13,LUMBERTON #3,1526,384,0.0,1910.0,639,2,251,633,1,17,661,252,16,97,1,222,644,76,1438,396,1018,724,168,215,341,294,284,294,269,213,0,0,0.0,0.0
ROBESON,14,LUMBERTON #4,925,331,0.0,1256.0,355,0,151,418,1,5,437,174,8,66,3,182,381,62,899,295,612,510,134,125,230,204,193,218,159,127,0,0,0.0,0.0
ROBESON,15,LUMBERTON #5,871,190,0.0,1061.0,427,1,72,368,3,4,563,102,11,53,1,169,158,37,738,286,509,424,128,128,196,174,140,166,142,115,0,0,0.0,0.0
ROBESON,16,LUMBERTON #6,988,186,0.0,1174.0,566,2,51,369,0,1,810,90,7,26,0,183,57,11,854,309,625,404,145,116,239,189,151,168,193,118,0,0,0.0,0.0
ROBESON,17,LUMBERTON #7,351,69,0.0,420.0,162,0,51,138,0,5,123,173,1,19,0,55,44,20,312,88,218,164,38,49,72,74,60,65,55,45,0,0,0.0,0.0
ROBESON,18A,LUMBERTON #8A,1333,270,0.0,1603.0,535,4,249,543,2,29,418,147,13,103,0,171,722,68,1212,323,802,671,130,170,239,248,234,255,229,228,0,0,0.0,0.0
ROBESON,19,MAXTON,2558,774,0.0,3332.0,1205,8,444,900,1,19,1375,1061,11,71,0,431,364,36,2516,780,1682,1300,350,370,589,506,508,496,493,370,0,0,0.0,0.0
ROBESON,20,ORRUM,1014,196,0.0,1210.0,385,0,261,368,0,0,366,119,6,26,0,111,582,18,987,205,599,537,74,130,186,164,184,188,199,159,0,0,0.0,0.0
ROBESON,21,PARKTON,2171,352,0.0,2523.0,667,13,653,838,0,13,663,177,17,171,1,303,1178,124,1699,700,1222,1061,240,289,457,359,372,442,386,218,0,0,0.0,0.0
ROBESON,22,NORTH PEMBROKE,2154,519,0.0,2673.0,696,1,519,938,0,4,306,1659,30,60,0,440,174,45,1948,680,1269,1057,347,545,592,311,300,366,321,238,0,0,0.0,0.0
ROBESON,23,SOUTH PEMBROKE,3190,590,0.0,3780.0,1042,12,824,1311,1,19,231,2647,20,88,3,452,320,56,2878,846,1933,1472,375,531,670,571,576,543,504,385,0,0,0.0,0.0
ROBESON,24,PHILADELPHUS,1120,269,0.0,1389.0,369,3,294,453,1,1,135,884,8,57,2,170,132,50,1057,282,659,589,141,175,290,196,203,236,160,129,0,0,0.0,0.0
ROBESON,25,RAFT SWAMP,1639,272,0.0,1911.0,595,3,345,696,0,2,300,1011,9,68,6,250,265,58,1407,446,1003,715,193,251,336,299,309,317,239,160,0,0,0.0,0.0
ROBESON,26A,RED SPRINGS,2723,744,0.0,3467.0,1419,7,364,930,3,12,1383,651,18,306,3,414,680,291,2523,653,1747,1435,285,466,618,459,453,507,550,414,0,0,0.0,0.0
ROBESON,28,RENNERT,1076,235,0.0,1311.0,318,2,266,489,1,1,157,672,12,134,2,183,150,143,860,308,646,529,136,233,228,183,208,181,166,112,0,0,0.0,0.0
ROBESON,29,ROWLAND,1204,346,0.0,1550.0,654,3,168,379,0,1,716,314,8,30,1,164,316,11,1249,290,797,623,130,135,221,213,194,266,274,247,0,0,0.0,0.0
ROBESON,30,SADDLETREE,2468,559,0.0,3027.0,804,4,586,1074,0,9,236,1670,21,237,2,303,549,224,2261,542,1515,1283,229,395,491,430,440,480,429,362,0,0,0.0,0.0
ROBESON,32A,ST PAULS,4150,1005,0.0,5155.0,1491,21,1062,1574,2,10,1473,468,28,562,4,616,1994,540,3598,1017,2608,2100,447,706,900,717,688,834,750,560,0,0,0.0,0.0
ROBESON,33,SHANNON,519,113,0.0,632.0,176,0,146,196,1,0,107,318,5,68,0,77,57,75,415,142,321,248,63,116,96,81,115,93,95,36,0,0,0.0,0.0
ROBESON,34,OXENDINE,1519,372,0.0,1891.0,421,5,414,679,0,2,140,1279,18,50,1,271,130,26,1378,487,953,722,216,210,405,283,288,283,270,152,0,0,0.0,0.0
ROBESON,35,PROSPECT,1922,459,0.0,2381.0,574,3,564,781,0,1,32,1940,8,31,1,251,117,12,1871,498,1196,981,204,264,454,334,391,388,335,215,0,0,0.0,0.0
ROBESON,36,SMYRNA,1021,234,0.0,1255.0,428,4,147,440,2,2,451,242,8,38,0,171,343,19,947,289,646,475,134,139,220,211,191,177,190,127,0,0,0.0,0.0
ROBESON,37,STERLINGS,538,85,0.0,623.0,131,2,167,238,0,2,55,57,0,16,0,42,451,17,498,108,291,287,45,60,95,74,86,126,96,86,0,0,0.0,0.0
ROBESON,38,THOMPSON,414,55,0.0,469.0,143,0,95,176,0,6,54,234,2,15,0,51,107,9,352,108,234,200,35,54,60,73,73,75,77,57,0,0,0.0,0.0
ROBESON,39,UNION,1546,272,0.0,1818.0,543,0,405,598,0,1,337,1054,5,29,0,235,157,17,1348,453,921,707,190,216,316,279,288,296,239,184,0,0,0.0,0.0
ROBESON,40,WHITEHOUSE,468,78,0.0,546.0,195,2,119,152,0,1,195,33,1,13,0,55,248,9,448,89,282,231,33,48,67,71,60,91,118,91,0,0,0.0,0.0
ROBESON,41,WISHARTS,2999,610,0.0,3609.0,796,7,748,1448,0,5,555,752,22,95,1,470,1709,77,2699,833,1795,1465,349,388,635,634,505,647,481,319,0,0,0.0,0.0
ROCKINGHAM,DR,DRAPER,1784,445,0.0,2229.0,507,11,668,594,4,3,519,2,8,85,0,184,1428,80,1446,703,1177,952,100,213,374,313,319,375,356,279,0,0,0.0,0.0
ROCKINGHAM,EC,EDEN CENTRAL,3506,754,0.0,4260.0,952,16,1413,1125,0,38,974,4,7,106,0,352,2779,79,2880,1301,2275,1794,191,383,590,593,550,754,700,690,0,0,0.0,0.0
ROCKINGHAM,ED,EDEN,5408,1121,0.0,6529.0,1432,25,2155,1795,1,16,1324,15,21,204,0,582,4367,229,4382,1918,3432,2780,317,603,929,856,913,1098,1167,963,0,0,0.0,0.0
ROCKINGHAM,HO-1,HOGANS-1,3100,312,0.0,3412.0,497,12,1447,1142,2,20,318,3,10,88,0,331,2642,82,2246,1084,1704,1523,185,278,468,463,513,655,604,431,0,0,0.0,0.0
ROCKINGHAM,HU-1,HUNTSVILLE-1,4069,472,0.0,4541.0,562,25,2035,1447,0,14,165,11,8,112,0,576,3655,152,2894,1495,2211,2072,258,403,655,647,678,880,742,536,0,0,0.0,0.0
ROCKINGHAM,LI-1,LINCOLN-1,3725,479,0.0,4204.0,662,21,1810,1230,2,9,498,9,11,74,0,310,3293,80,2957,1167,2127,1924,153,360,581,583,620,743,743,574,0,0,0.0,0.0
ROCKINGHAM,MO,MONROETON,3320,308,0.0,3628.0,538,11,1660,1111,0,17,299,7,4,78,0,327,2896,75,2453,1100,1795,1656,177,276,482,531,558,675,643,463,0,0,0.0,0.0
ROCKINGHAM,NB,NEW BETHEL,3513,333,0.0,3846.0,453,21,1820,1218,1,26,144,10,5,81,0,361,3219,62,2583,1201,1846,1792,208,322,505,570,531,779,668,471,0,0,0.0,0.0
ROCKINGHAM,RC,ROCK CENTRAL,4563,444,0.0,5007.0,870,19,2208,1461,5,11,560,7,6,78,0,393,3952,76,3594,1337,2455,2337,215,466,645,648,778,863,930,677,0,0,0.0,0.0
ROCKINGHAM,RE-1,REIDSVILLE-1,4984,1026,0.0,6010.0,2047,17,1405,1513,2,20,2421,11,23,174,0,480,2881,195,3902,1913,3250,2491,269,475,937,867,797,1081,1013,840,0,0,0.0,0.0
ROCKINGHAM,RE-2,REIDSVILLE-2,4582,846,0.0,5428.0,1593,15,1501,1473,0,25,1681,7,15,152,0,436,3112,134,3678,1616,2994,2211,223,434,793,786,716,887,937,875,0,0,0.0,0.0
ROCKINGHAM,ST,STONEVILLE,4510,560,0.0,5070.0,857,18,2058,1574,3,4,566,3,18,158,0,452,3869,162,3446,1462,2523,2308,239,444,749,635,723,991,799,729,0,0,0.0,0.0
ROCKINGHAM,WI,WILLIAMSBURG,3576,526,0.0,4102.0,1066,15,1449,1046,0,11,976,12,14,167,0,408,2514,192,2660,1250,2075,1839,188,339,592,525,558,781,745,562,0,0,0.0,0.0
ROCKINGHAM,WS-1,WESTERN-1,5002,722,0.0,5724.0,1172,30,2165,1629,6,20,717,7,15,119,0,594,4252,117,3788,1819,2882,2505,337,414,839,721,806,955,1073,916,0,0,0.0,0.0
ROWAN,01,BARNHARDT MILL,1666,212,0.0,1878.0,159,6,983,518,0,3,45,2,1,47,1,153,1626,51,1376,451,907,813,158,158,262,297,281,351,324,205,0,0,0.0,0.0
ROWAN,02,BLACKWELDER PARK,1231,214,0.0,1445.0,355,6,432,438,0,11,366,1,3,102,0,162,800,122,837,486,711,570,164,112,298,207,175,223,240,190,0,0,0.0,0.0
ROWAN,03,BOSTIAN CROSS ROAD,2075,258,0.0,2333.0,194,6,1265,610,0,10,58,5,5,65,0,146,2044,62,1756,515,1098,1075,160,199,334,303,326,453,391,327,0,0,0.0,0.0
ROWAN,04,BRADSHAW,4105,409,0.0,4514.0,361,26,2357,1360,1,20,106,5,3,130,0,339,3911,120,3085,1309,2128,2025,361,395,606,709,657,902,746,499,0,0,0.0,0.0
ROWAN,05A,CHINA GROVE,3974,648,0.0,4622.0,631,28,1932,1382,1,30,429,8,8,222,0,406,3519,223,3029,1370,2262,1931,429,436,872,753,618,737,683,523,0,0,0.0,0.0
ROWAN,07,CLEVELAND,1809,242,0.0,2051.0,395,10,833,571,0,9,332,4,9,72,0,125,1500,61,1454,536,954,953,144,204,333,323,288,365,308,230,0,0,0.0,0.0
ROWAN,08,SOUTH LOCKE,3014,454,0.0,3468.0,551,10,1436,1016,1,25,339,2,10,177,0,237,2678,199,2494,775,1640,1583,245,350,514,483,505,666,585,365,0,0,0.0,0.0
ROWAN,09,EAST ENOCHVILLE,1937,228,0.0,2165.0,194,9,1085,646,3,8,69,2,3,93,0,176,1814,97,1433,635,1028,945,192,227,334,302,315,382,316,289,0,0,0.0,0.0
ROWAN,10,FAITH,2887,326,0.0,3213.0,372,16,1510,988,1,13,230,8,8,84,0,205,2665,73,2405,735,1589,1406,218,279,418,493,426,570,490,537,0,0,0.0,0.0
ROWAN,11,FRANKLIN,2744,353,0.0,3097.0,572,10,1151,1009,2,27,463,5,11,119,1,206,2265,132,2227,738,1528,1360,209,266,424,393,434,599,554,427,0,0,0.0,0.0
ROWAN,12,MILFORD HILLS COUNTY,1747,277,0.0,2024.0,552,12,570,612,1,14,611,8,10,81,0,129,1171,81,1436,507,1047,849,128,184,317,281,294,307,317,324,0,0,0.0,0.0
ROWAN,13,ROCK GROVE,2142,247,0.0,2389.0,190,7,1229,716,0,5,61,3,2,58,0,166,2094,55,1680,654,1117,1075,197,240,327,392,361,484,359,226,0,0,0.0,0.0
ROWAN,14A,GRANITE QUARRY,4062,476,0.0,4538.0,590,20,2033,1418,1,21,334,5,11,118,0,296,3753,120,3384,1034,2242,1965,331,400,619,716,665,784,752,602,0,0,0.0,0.0
ROWAN,15,HATTERS SHOP,3211,383,0.0,3594.0,499,17,1715,977,3,9,366,2,6,99,0,238,2874,95,2667,832,1714,1628,252,293,496,517,518,669,638,463,0,0,0.0,0.0
ROWAN,16,WEST KANNAPOLIS,2087,437,0.0,2524.0,552,15,660,857,3,28,491,6,7,244,0,318,1430,282,1216,1026,1234,968,322,294,564,443,352,361,279,231,0,0,0.0,0.0
ROWAN,17,EAST KANNAPOLIS,2341,501,0.0,2842.0,545,24,887,883,2,19,403,3,9,217,0,330,1861,278,1501,1063,1356,1163,323,318,566,466,400,475,359,258,0,0,0.0,0.0
ROWAN,18,EAST SPENCER,766,225,0.0,991.0,477,3,70,216,0,2,701,3,4,36,1,60,184,28,644,319,529,395,67,83,180,147,133,173,173,102,0,0,0.0,0.0
ROWAN,19A,LANDIS,4005,576,0.0,4581.0,623,15,1999,1364,4,29,421,3,5,193,1,420,3509,202,2940,1439,2177,1942,462,421,792,703,638,817,683,527,0,0,0.0,0.0
ROWAN,21,NORTH LOCKE,2488,322,0.0,2810.0,481,6,1122,879,0,23,362,4,10,171,0,201,2039,192,1986,632,1359,1238,213,287,434,366,379,493,473,378,0,0,0.0,0.0
ROWAN,22,MORGAN #1,884,76,0.0,960.0,48,3,584,249,0,4,7,1,2,9,0,53,884,8,724,228,431,452,77,61,120,135,129,210,170,135,0,0,0.0,0.0
ROWAN,23,MORGAN #2,1538,195,0.0,1733.0,118,3,975,442,0,4,8,2,2,18,0,121,1578,20,1278,435,814,772,147,142,247,245,228,345,308,218,0,0,0.0,0.0
ROWAN,24,MT. ULLA,1498,114,0.0,1612.0,160,8,857,473,0,1,62,4,3,34,0,94,1414,24,1062,526,743,737,132,127,197,231,253,330,277,197,0,0,0.0,0.0
ROWAN,25,ROCKWELL,3423,453,0.0,3876.0,365,19,1921,1117,1,10,161,4,10,82,0,267,3342,80,2820,976,1869,1714,293,402,579,608,591,656,612,428,0,0,0.0,0.0
ROWAN,26,GOLD KNOB,1739,201,0.0,1940.0,121,10,1052,556,0,3,20,2,1,25,0,111,1778,40,1499,401,941,871,128,200,251,323,292,339,333,202,0,0,0.0,0.0
ROWAN,27,SCOTCH IRISH,1170,119,0.0,1289.0,171,3,646,350,0,1,144,2,2,26,0,66,1048,26,953,310,631,578,80,109,189,196,181,211,241,162,0,0,0.0,0.0
ROWAN,28,SPENCER,1930,394,0.0,2324.0,668,15,505,738,4,8,726,7,5,113,1,190,1274,125,1577,622,1184,957,183,221,387,341,363,385,392,235,0,0,0.0,0.0
ROWAN,29,STEELE,1105,143,0.0,1248.0,156,9,569,370,1,5,77,1,3,62,0,92,1008,78,875,295,588,576,84,132,173,167,176,241,202,157,0,0,0.0,0.0
ROWAN,30,SUMNER,2119,483,0.0,2602.0,535,10,842,732,0,49,370,2,11,298,0,258,1614,353,1572,677,1302,1104,196,369,469,382,337,414,348,283,0,0,0.0,0.0
ROWAN,31,TRADING FORD,1536,145,0.0,1681.0,204,10,801,521,0,14,109,3,2,35,0,98,1420,32,1275,374,803,753,125,112,227,169,200,340,372,261,0,0,0.0,0.0
ROWAN,32,UNITY,1596,217,0.0,1813.0,274,12,825,485,0,4,233,5,2,71,0,133,1365,82,1262,469,849,818,146,175,288,254,239,371,250,236,0,0,0.0,0.0
ROWAN,33,BOSTIAN SCHOOL,1674,177,0.0,1851.0,130,7,1070,466,1,8,25,2,4,41,0,140,1631,48,1308,495,862,832,157,170,235,287,293,334,301,231,0,0,0.0,0.0
ROWAN,34,WEST WARD #2,2390,507,0.0,2897.0,814,20,633,921,2,39,893,8,19,139,1,199,1599,141,1913,843,1489,1175,233,284,552,460,402,451,425,323,0,0,0.0,0.0
ROWAN,35,WEST WARD #1,1045,227,0.0,1272.0,420,9,189,426,1,5,417,6,11,68,0,94,671,84,818,370,627,542,103,101,191,191,180,210,203,196,0,0,0.0,0.0
ROWAN,36,SOUTH WARD,2529,536,0.0,3065.0,982,14,620,911,2,26,1169,5,9,168,0,261,1427,176,1974,915,1678,1137,250,264,500,458,398,442,436,567,0,0,0.0,0.0
ROWAN,38,EAST WARD,2261,443,0.0,2704.0,970,10,519,762,0,17,1161,12,11,112,0,190,1201,124,1824,756,1405,1085,214,212,414,376,374,465,485,378,0,0,0.0,0.0
ROWAN,39,WEST INNES,1587,293,0.0,1880.0,451,4,524,607,1,33,405,1,14,65,1,194,1167,62,1316,502,899,780,201,247,272,172,227,310,326,326,0,0,0.0,0.0
ROWAN,40,NORTH WARD,2174,403,0.0,2577.0,655,13,653,850,3,10,685,4,16,114,0,190,1558,97,1810,670,1264,1110,203,255,398,389,371,389,399,376,0,0,0.0,0.0
ROWAN,41,MILFORD HILLS CITY,2253,412,0.0,2665.0,762,20,638,829,4,35,808,6,15,132,1,180,1488,104,1829,732,1463,1007,195,214,420,336,303,407,461,524,0,0,0.0,0.0
ROWAN,42,WEST WARD #3,1314,749,0.0,2063.0,790,7,52,465,0,10,1560,2,43,38,0,314,96,76,1237,750,1012,793,258,784,626,174,123,131,160,65,0,0,0.0,0.0
ROWAN,44,WEST ENOCHVILLE,2501,316,0.0,2817.0,232,12,1429,827,1,7,43,7,2,93,0,274,2391,100,1805,912,1291,1247,279,277,410,390,406,557,489,288,0,0,0.0,0.0
ROWAN,45,ELLIS,1269,181,0.0,1450.0,393,3,461,410,2,9,422,2,4,71,0,86,856,74,993,383,746,612,92,106,222,184,195,272,254,217,0,0,0.0,0.0
RUTHERFORD,03A,BOSTIC-SUNSHINE,1988,260,0.0,2248.0,205,8,1080,694,1,3,63,0,1,29,0,181,1971,19,1695,534,1091,987,170,182,309,296,310,421,388,342,0,0,0.0,0.0
RUTHERFORD,04A,CAMP CREEK-MT VERNON,2147,304,0.0,2451.0,279,10,1129,729,0,11,140,1,3,35,0,185,2076,22,1797,632,1168,1100,183,231,298,336,339,426,449,372,0,0,0.0,0.0
RUTHERFORD,05A,CAROLEEN-CLIFFSIDE,2410,459,0.0,2869.0,403,13,1141,853,0,6,163,2,2,116,0,296,2284,124,2003,742,1358,1234,277,283,418,384,435,559,415,375,0,0,0.0,0.0
RUTHERFORD,06A,CHIMNEY ROCK,2396,400,0.0,2796.0,449,15,922,1009,1,9,115,1,5,35,0,188,2443,35,1845,916,1353,1244,199,129,220,246,321,487,800,593,0,0,0.0,0.0
RUTHERFORD,09A,DANIELTOWN-SULPHUR SPRINGS,3059,451,0.0,3510.0,404,11,1600,1043,1,3,109,3,3,65,0,287,3040,61,2617,832,1692,1565,253,303,489,453,555,633,568,509,0,0,0.0,0.0
RUTHERFORD,10A,DUNCAN CREEK-GOLDEN VALLEY,1226,125,0.0,1351.0,117,6,668,434,1,2,11,1,1,12,0,96,1228,11,976,364,621,643,87,96,131,153,183,271,301,216,0,0,0.0,0.0
RUTHERFORD,11,ELLENBORO,4839,906,0.0,5745.0,680,25,2424,1706,4,12,217,5,3,92,1,485,4930,82,4167,1496,2809,2428,508,547,827,833,902,1014,890,732,0,0,0.0,0.0
RUTHERFORD,13,FOREST CITY #1,3422,660,0.0,4082.0,909,14,1296,1201,2,35,813,4,13,171,0,340,2706,179,2900,1003,2075,1688,319,396,641,534,564,720,609,618,0,0,0.0,0.0
RUTHERFORD,14,FOREST CITY #2,2138,519,0.0,2657.0,474,15,812,835,2,21,397,0,7,100,0,225,1907,111,1886,660,1346,1094,217,241,489,401,385,435,393,313,0,0,0.0,0.0
RUTHERFORD,16A,GILKEY-MORGAN,2582,328,0.0,2910.0,301,9,1374,898,0,3,44,2,7,36,0,215,2603,38,2091,781,1407,1293,210,233,351,346,379,565,595,441,0,0,0.0,0.0
RUTHERFORD,18,GREEN HILL,1998,252,0.0,2250.0,308,11,967,709,3,4,127,1,4,50,0,180,1884,42,1609,599,1056,1004,190,178,243,263,322,426,474,344,0,0,0.0,0.0
RUTHERFORD,19,HAYNES,1802,289,0.0,2091.0,265,12,927,597,1,4,160,0,5,55,0,171,1696,55,1511,525,1011,914,166,224,320,307,335,356,312,237,0,0,0.0,0.0
RUTHERFORD,27,RUTHERFORDTON #1,3053,455,0.0,3508.0,612,9,1247,1183,2,13,328,9,9,82,0,220,2847,73,2630,805,1822,1447,239,285,437,442,479,608,664,593,0,0,0.0,0.0
RUTHERFORD,28,RUTHERFORDTON #2,1473,271,0.0,1744.0,282,3,693,494,1,10,185,4,6,56,0,172,1311,56,1216,472,871,741,132,174,263,261,200,314,295,237,0,0,0.0,0.0
RUTHERFORD,29,SANDY MUSH,1723,330,0.0,2053.0,360,6,768,589,0,3,212,3,4,105,0,182,1544,106,1463,484,1026,861,166,212,358,258,282,375,312,256,0,0,0.0,0.0
RUTHERFORD,30,SPINDALE,2842,596,0.0,3438.0,757,8,1043,1033,1,15,652,7,12,82,0,290,2380,67,2457,914,1786,1375,277,280,566,524,475,586,529,478,0,0,0.0,0.0
RUTHERFORD,34,UNION,1385,144,0.0,1529.0,156,7,723,498,1,4,27,1,3,21,0,85,1388,12,1140,377,745,681,103,136,173,181,220,284,298,237,0,0,0.0,0.0
SAMPSON,AUTR,AUTRYVILLE,1471,197,0.0,1668.0,210,3,847,411,0,1,142,10,2,77,0,97,1339,80,1195,393,850,736,82,166,272,198,228,310,265,229,0,0,0.0,0.0
SAMPSON,CLCE,"CLINTON, CENTRAL",742,218,0.0,960.0,477,1,84,180,0,4,663,10,4,70,0,85,124,83,657,220,540,361,59,107,156,149,131,149,145,123,0,0,0.0,0.0
SAMPSON,CLEA,"CLINTON, EAST",2349,434,0.0,2783.0,1073,11,674,590,1,10,1263,21,4,229,0,223,1033,247,1971,565,1436,1178,169,346,420,334,395,472,443,373,0,0,0.0,0.0
SAMPSON,CLEM,CLEMENT,1444,196,0.0,1640.0,250,5,762,425,2,4,233,36,11,124,0,107,1125,141,1087,412,808,737,95,206,257,204,246,277,261,189,0,0,0.0,0.0
SAMPSON,CLNE,"CLINTON, NORTHEAST",1692,277,0.0,1969.0,488,15,759,430,0,11,425,16,2,157,0,149,1209,166,1437,366,1046,812,111,208,274,251,240,307,373,316,0,0,0.0,0.0
SAMPSON,CLSW,"CLINTON, SOUTHWEST",1376,248,0.0,1624.0,400,4,498,474,0,5,366,124,7,147,0,123,852,164,1132,328,846,680,98,179,263,202,233,241,274,232,0,0,0.0,0.0
SAMPSON,CLWE,"CLINTON, WEST",1559,270,0.0,1829.0,407,7,760,384,1,7,449,22,8,109,0,115,1119,122,1377,330,974,766,89,181,271,246,238,273,314,306,0,0,0.0,0.0
SAMPSON,GARL,GARLAND,1053,247,0.0,1300.0,460,0,335,257,1,0,513,7,2,96,0,108,574,119,920,261,668,571,61,176,195,155,181,203,194,196,0,0,0.0,0.0
SAMPSON,GIDD,GIDDENSVILLE,1054,191,0.0,1245.0,389,3,377,283,2,0,316,3,7,200,0,145,574,269,741,235,635,537,73,185,233,142,153,185,200,147,0,0,0.0,0.0
SAMPSON,HARR,HARRELLS,1406,236,0.0,1642.0,710,3,354,338,1,0,801,8,5,87,0,156,585,94,1110,438,831,686,125,144,212,233,210,258,345,240,0,0,0.0,0.0
SAMPSON,HERR,HERRING,694,71,0.0,765.0,58,1,482,153,0,1,36,9,1,35,0,42,641,44,601,120,363,365,37,87,105,90,105,153,123,102,0,0,0.0,0.0
SAMPSON,INGO,INGOLD,1051,225,0.0,1276.0,396,3,393,258,1,2,387,1,1,174,0,161,550,228,794,254,630,553,93,190,217,142,150,190,194,193,0,0,0.0,0.0
SAMPSON,KEEN,KEENER,1158,203,0.0,1361.0,238,1,535,384,0,4,187,10,3,134,0,112,911,157,969,235,674,600,87,170,234,179,199,226,201,152,0,0,0.0,0.0
SAMPSON,KFRK,KITTY FORK,1623,230,0.0,1853.0,460,6,712,444,1,6,389,117,5,170,1,133,1032,178,1340,335,944,806,103,225,273,254,290,305,270,236,0,0,0.0,0.0
SAMPSON,LAKE,LAKEWOOD,2344,449,0.0,2793.0,1033,9,756,546,0,6,1308,11,10,158,1,209,1090,189,1964,640,1415,1231,147,287,439,354,405,462,466,380,0,0,0.0,0.0
SAMPSON,MING,MINGO,2411,398,0.0,2809.0,379,20,1345,665,2,3,398,21,7,199,0,254,1927,244,1920,645,1364,1236,209,369,469,405,427,455,399,285,0,0,0.0,0.0
SAMPSON,NGRV,NEWTON GROVE,1252,198,0.0,1450.0,326,4,585,337,0,8,222,11,2,124,0,108,975,145,1022,283,735,633,82,168,199,215,208,197,248,215,0,0,0.0,0.0
SAMPSON,PLVW,PLAINVIEW,2467,324,0.0,2791.0,303,10,1543,610,1,10,244,19,6,103,0,226,2183,122,2024,645,1364,1228,199,281,481,420,452,497,347,313,0,0,0.0,0.0
SAMPSON,ROSE,ROSEBORO,1381,229,0.0,1610.0,259,7,665,449,1,4,241,11,7,84,0,126,1137,96,1088,426,822,688,100,186,272,236,234,235,277,170,0,0,0.0,0.0
SAMPSON,ROWA,ROWAN,1352,256,0.0,1608.0,411,2,587,349,3,2,381,19,1,192,0,153,860,246,1114,248,823,697,88,190,299,181,207,263,252,216,0,0,0.0,0.0
SAMPSON,SBRG,SALEMBURG,913,141,0.0,1054.0,205,5,463,239,1,4,150,18,4,79,0,74,725,96,756,202,529,461,64,113,162,169,148,178,161,123,0,0,0.0,0.0
SAMPSON,TURK,TURKEY,948,161,0.0,1109.0,352,4,342,250,0,6,371,5,3,79,0,90,555,94,808,207,555,496,58,121,187,141,130,187,196,147,0,0,0.0,0.0
SAMPSON,WBRK,WESTBROOK,1335,189,0.0,1524.0,229,6,724,375,1,2,148,12,4,120,0,111,1127,140,1092,292,747,687,90,153,256,186,214,283,252,180,0,0,0.0,0.0
SCOTLAND,01-16,01,2572,591,0.0,3163.0,1402,7,304,857,2,9,1815,195,23,25,6,458,632,34,1782,1347,1618,1122,423,370,509,472,459,514,487,352,0,0,0.0,0.0
SCOTLAND,02-25,02,2748,674,0.0,3422.0,1095,11,645,996,1,23,1299,418,11,51,2,459,1159,35,1970,1417,1660,1308,454,379,528,526,484,555,569,381,0,0,0.0,0.0
SCOTLAND,03,03,2667,404,0.0,3071.0,1011,10,642,1004,0,46,928,171,22,59,2,307,1536,50,1885,1136,1619,1160,292,333,428,378,430,500,528,474,0,0,0.0,0.0
SCOTLAND,04,04,3188,534,0.0,3722.0,1099,11,843,1232,3,24,911,199,22,51,2,388,2125,66,2338,1318,1849,1508,365,438,486,433,466,569,646,684,0,0,0.0,0.0
SCOTLAND,05-10,05,1723,291,0.0,2014.0,519,3,483,715,3,13,553,200,8,39,1,264,936,43,1124,847,955,818,241,188,278,292,308,372,329,247,0,0,0.0,0.0
SCOTLAND,06-89,06,2809,518,0.0,3327.0,791,9,810,1198,1,23,645,300,17,61,2,428,1851,37,1922,1368,1567,1368,392,369,460,456,563,574,510,395,0,0,0.0,0.0
SCOTLAND,07,07,2765,386,0.0,3151.0,1140,12,695,917,1,34,1290,298,14,38,3,347,1127,33,1923,1195,1522,1292,337,274,432,479,479,532,536,419,0,0,0.0,0.0
STANLY,0003,ALBEMARLE NUMBER 3,2003,280,0.0,2283.0,470,9,703,820,1,8,348,3,7,54,0,184,1679,51,1685,547,1169,918,196,190,363,330,300,386,352,362,0,0,0.0,0.0
STANLY,0011,ALBEMARLE NUMBER 11,1258,114,0.0,1372.0,208,7,569,472,2,24,112,0,0,51,0,105,1080,42,1018,312,679,568,125,112,217,193,192,197,223,238,0,0,0.0,0.0
STANLY,0014,EAST ALBEMARLE,998,117,0.0,1115.0,127,0,501,370,0,11,16,3,0,14,0,92,979,10,846,259,537,479,99,89,118,132,151,227,212,186,0,0,0.0,0.0
STANLY,0015,BADIN,1149,157,0.0,1306.0,313,6,442,388,0,13,276,3,4,20,0,78,912,11,991,304,669,560,77,137,141,171,201,224,224,208,0,0,0.0,0.0
STANLY,0016,PALMERVILLE,1182,135,0.0,1317.0,243,7,539,393,0,19,256,2,3,19,1,101,916,15,993,309,617,599,101,113,181,180,188,237,217,201,0,0,0.0,0.0
STANLY,0017,NEW LONDON,1845,216,0.0,2061.0,243,5,1010,586,1,24,152,4,1,28,0,167,1685,20,1591,450,974,911,176,207,314,291,308,385,304,252,0,0,0.0,0.0
STANLY,0018,RICHFIELD,1085,164,0.0,1249.0,149,3,585,347,1,13,67,1,2,19,1,110,1036,11,932,306,593,539,117,118,209,188,160,212,202,160,0,0,0.0,0.0
STANLY,0019,RIDENHOUR,1582,166,0.0,1748.0,129,8,951,494,0,28,11,0,4,29,0,111,1565,23,1326,399,828,786,134,178,258,257,284,287,269,215,0,0,0.0,0.0
STANLY,0021,ENDY,1276,81,0.0,1357.0,88,1,823,364,0,6,12,1,1,17,0,82,1238,16,1063,278,652,613,92,149,178,190,204,244,214,178,0,0,0.0,0.0
STANLY,0022,BIG LICK NUMBER 1,1920,209,0.0,2129.0,254,8,1088,569,1,9,167,4,1,35,0,229,1684,44,1522,563,957,932,240,212,350,334,335,339,290,269,0,0,0.0,0.0
STANLY,0023,BIG LICK NUMBER 2,3155,332,0.0,3487.0,284,16,1837,1014,4,18,147,13,5,92,0,341,2871,110,2436,941,1563,1530,394,360,536,602,526,584,473,406,0,0,0.0,0.0
STANLY,0024,FURR NUMBER 1,4102,436,0.0,4538.0,472,26,2206,1397,1,30,284,3,1,162,2,564,3492,152,2800,1586,2115,1774,649,391,776,813,586,715,671,586,0,0,0.0,0.0
STANLY,0025,FURR NUMBER 2,3616,335,0.0,3951.0,339,11,2136,1128,2,12,153,5,5,101,1,455,3219,113,2606,1232,1781,1667,503,402,640,669,567,725,583,365,0,0,0.0,0.0
STANLY,0107,ALBEMARLE 7.1,2304,343,0.0,2647.0,618,14,838,829,5,69,572,9,4,93,0,243,1657,81,1850,716,1341,1032,274,230,429,399,367,447,402,373,0,0,0.0,0.0
STANLY,0108,ALBEMARLE 8.1,1292,365,0.0,1657.0,758,6,167,358,3,19,1076,5,7,60,0,151,339,67,1075,515,852,663,142,146,324,281,210,284,251,161,0,0,0.0,0.0
STANLY,0110,ALBEMARLE 10.1,1814,335,0.0,2149.0,441,13,678,679,3,34,415,3,4,118,0,204,1371,108,1423,618,1033,891,225,206,404,358,291,373,300,217,0,0,0.0,0.0
STANLY,0113,SOUTH ALBEMARLE 1,1267,145,0.0,1412.0,155,4,633,475,0,3,87,4,0,26,0,112,1180,25,1058,329,709,586,117,125,236,220,197,237,202,195,0,0,0.0,0.0
STANLY,0120,ALMOND 1,2668,259,0.0,2927.0,201,11,1646,804,6,42,29,8,4,19,0,272,2553,22,2134,771,1368,1270,289,240,478,471,433,530,456,319,0,0,0.0,0.0
STANLY,0126,AQUADALE,2062,247,0.0,2309.0,304,7,1120,627,4,32,143,1,3,24,0,174,1932,22,1788,499,1098,1017,194,236,321,354,335,416,364,283,0,0,0.0,0.0
STANLY,0127,NORWOOD,3100,421,0.0,3521.0,607,11,1528,954,0,7,415,4,6,58,0,355,2676,67,2560,894,1654,1500,367,337,484,432,453,664,608,543,0,0,0.0,0.0
STANLY,0212,NORTH ALBEMARLE 2,2220,402,0.0,2622.0,348,12,1051,809,0,49,238,8,6,90,1,241,1989,87,1799,736,1291,1084,247,286,492,394,340,469,363,278,0,0,0.0,0.0
STOKES,01,DANBURY,741,77,0.0,818.0,83,0,413,245,0,1,10,0,1,11,1,54,740,9,659,150,420,396,2,53,109,97,111,161,168,119,0,0,0.0,0.0
STOKES,02,SANDY RIDGE,1653,171,0.0,1824.0,186,9,906,551,1,3,25,4,4,37,0,149,1602,44,1342,438,917,899,8,162,221,193,296,355,355,242,0,0,0.0,0.0
STOKES,03,LAWSONVILLE,1307,125,0.0,1432.0,116,6,815,370,0,1,5,2,3,9,1,88,1323,14,1110,308,744,685,3,138,202,159,199,254,288,192,0,0,0.0,0.0
STOKES,04,CHESTNUT GROVE,1938,188,0.0,2126.0,187,7,1098,646,0,4,35,3,8,37,0,169,1870,48,1585,493,1094,1026,6,191,308,322,316,397,336,256,0,0,0.0,0.0
STOKES,0506,FRANCISCO,1399,153,0.0,1552.0,182,12,757,448,0,2,53,4,2,13,0,114,1364,9,1183,360,807,743,2,130,174,185,226,296,304,237,0,0,0.0,0.0
STOKES,07,REYNOLDS,641,52,0.0,693.0,83,7,327,221,3,3,46,0,0,11,0,48,585,12,519,162,343,346,4,53,108,84,85,130,115,118,0,0,0.0,0.0
STOKES,08,FLINTY KNOLL,1351,130,0.0,1481.0,136,5,834,375,1,1,29,4,4,19,0,112,1312,28,1121,332,751,729,1,132,196,189,202,324,227,211,0,0,0.0,0.0
STOKES,09,PINNACLE,2033,222,0.0,2255.0,296,7,1126,601,3,3,64,2,1,29,0,189,1967,35,1654,566,1189,1060,6,199,309,304,308,431,436,268,0,0,0.0,0.0
STOKES,10,EAST KING,3646,339,0.0,3985.0,488,20,1972,1163,3,27,105,9,12,84,0,332,3416,92,2916,977,2118,1848,19,322,603,600,566,702,649,543,0,0,0.0,0.0
STOKES,11,WEST KING,3356,417,0.0,3773.0,458,13,1871,1009,5,14,78,5,9,89,0,347,3231,91,2735,947,2088,1663,22,310,557,489,490,638,680,609,0,0,0.0,0.0
STOKES,12,MOUNT OLIVE,1790,168,0.0,1958.0,200,20,1001,569,0,1,22,4,2,25,0,137,1767,24,1515,419,1010,941,7,164,269,256,288,396,352,233,0,0,0.0,0.0
STOKES,13,MIZPAH,1660,218,0.0,1878.0,156,10,974,519,1,4,29,4,5,49,0,170,1617,55,1376,447,948,924,6,178,276,289,286,336,316,197,0,0,0.0,0.0
STOKES,140,WILSON ST.,2209,199,0.0,2408.0,257,16,1231,705,0,2,20,3,3,24,0,182,2174,29,1805,574,1184,1219,5,223,324,311,319,502,407,322,0,0,0.0,0.0
STOKES,150,GERMANTON,1228,119,0.0,1347.0,179,6,688,355,0,1,20,2,4,16,0,104,1200,20,998,329,670,675,2,105,193,172,148,268,262,199,0,0,0.0,0.0
STOKES,1618,EAST WALNUT COVE,1841,225,0.0,2066.0,459,7,846,529,0,9,395,2,14,21,0,154,1471,22,1538,506,1096,960,10,193,278,264,285,402,372,272,0,0,0.0,0.0
STOKES,17,WEST WALNUT COVE,1528,195,0.0,1723.0,293,7,787,440,1,0,152,1,3,25,0,144,1398,24,1292,407,891,828,4,133,245,231,196,362,306,250,0,0,0.0,0.0
STOKES,1819,PINE HALL,912,90,0.0,1002.0,181,1,460,270,0,2,111,5,4,8,0,82,790,8,732,262,522,477,3,64,150,99,132,215,195,147,0,0,0.0,0.0
STOKES,20,MITCHELL,1312,132,0.0,1444.0,171,6,711,424,0,1,37,1,5,28,0,123,1249,32,1013,399,741,697,6,135,210,183,195,313,243,165,0,0,0.0,0.0
SURRY,01,BRYAN,1729,180,0.0,1909.0,239,7,941,542,0,2,14,3,5,57,0,169,1659,71,1295,543,919,857,133,177,266,247,281,328,329,281,0,0,0.0,0.0
SURRY,04,DOBSON #3,1630,193,0.0,1823.0,315,5,759,551,0,2,14,0,7,120,0,160,1520,174,1245,404,901,815,107,216,285,230,231,308,298,255,0,0,0.0,0.0
SURRY,05,ELDORA,2310,246,0.0,2556.0,197,8,1377,726,2,4,21,4,3,72,1,223,2228,93,1832,631,1210,1154,192,232,404,340,360,522,411,287,0,0,0.0,0.0
SURRY,09,FRANKLIN,1267,165,0.0,1432.0,144,4,666,451,2,1,14,1,6,32,1,102,1275,43,1061,328,654,686,92,161,194,142,219,283,235,198,0,0,0.0,0.0
SURRY,10,LONGHILL,1118,96,0.0,1214.0,105,0,684,329,0,2,11,0,3,38,0,117,1043,42,898,274,576,542,96,133,168,166,178,226,199,144,0,0,0.0,0.0
SURRY,11,MARSH,1265,218,0.0,1483.0,198,4,602,461,0,1,33,1,0,132,0,157,1159,182,910,391,700,671,112,177,268,182,200,262,221,173,0,0,0.0,0.0
SURRY,12,MT AIRY #1,1920,388,0.0,2308.0,367,12,773,767,1,10,165,2,6,172,0,217,1736,220,1545,543,1200,972,136,245,353,304,318,375,394,319,0,0,0.0,0.0
SURRY,15,MT AIRY #5,1643,300,0.0,1943.0,313,8,753,568,1,1,169,4,4,87,0,150,1528,96,1417,430,977,837,129,185,349,238,221,373,306,271,0,0,0.0,0.0
SURRY,16,MT AIRY #6,1247,183,0.0,1430.0,160,5,682,399,1,1,35,3,5,67,0,111,1208,87,1070,273,694,643,93,159,206,171,210,256,245,183,0,0,0.0,0.0
SURRY,17,MT AIRY #7,1178,171,0.0,1349.0,166,6,609,396,1,5,39,3,4,46,1,109,1142,56,1020,273,670,594,85,129,209,152,174,228,249,208,0,0,0.0,0.0
SURRY,18,MT AIRY #8,1881,227,0.0,2108.0,300,6,944,630,1,12,61,4,5,86,0,161,1779,111,1582,415,1075,924,109,171,319,259,252,372,363,372,0,0,0.0,0.0
SURRY,19,MT AIRY #9,2526,359,0.0,2885.0,434,12,1211,869,0,21,185,0,7,127,0,262,2283,167,2045,673,1461,1219,205,271,454,395,393,443,489,440,0,0,0.0,0.0
SURRY,22,ROCKFORD,1100,115,0.0,1215.0,165,2,552,381,0,3,24,0,2,53,0,101,1032,70,847,298,578,549,88,91,208,187,166,224,181,158,0,0,0.0,0.0
SURRY,23,SHOALS,1350,129,0.0,1479.0,170,5,753,422,0,2,25,3,4,18,0,101,1326,19,1101,359,720,657,102,115,208,188,192,284,283,209,0,0,0.0,0.0
SURRY,24,SILOAM,723,60,0.0,783.0,92,2,431,197,1,0,2,0,0,10,0,50,721,14,572,197,392,340,51,76,118,87,110,159,122,111,0,0,0.0,0.0
SURRY,25,STEWARTS CREEK #1,1381,223,0.0,1604.0,188,7,678,507,1,3,20,2,1,73,0,151,1354,98,1131,375,798,695,111,187,229,217,241,288,247,195,0,0,0.0,0.0
SURRY,26,STEWARTS CREEK #2,2462,315,0.0,2777.0,310,8,1340,803,1,4,42,0,4,78,0,219,2430,109,2048,620,1341,1240,196,218,415,410,407,522,451,354,0,0,0.0,0.0
SURRY,27,NORTH WESTFIELD,1460,181,0.0,1641.0,185,8,812,454,1,1,73,1,1,25,0,125,1415,26,1243,372,818,725,98,140,257,204,236,304,297,203,0,0,0.0,0.0
SURRY,28,SOUTH WESTFIELD,1278,164,0.0,1442.0,170,7,674,427,0,4,24,1,2,59,0,129,1223,77,1035,330,676,671,95,148,206,196,215,254,236,187,0,0,0.0,0.0
SURRY,29,DOBSON COMBINED,2766,449,0.0,3215.0,544,8,1300,913,1,4,52,5,6,212,0,287,2649,294,2202,719,1593,1427,195,340,561,419,433,546,529,387,0,0,0.0,0.0
SURRY,30,ELKIN,4045,507,0.0,4552.0,822,19,1886,1318,0,19,158,2,9,177,0,365,3822,202,2955,1395,2322,1907,323,407,611,597,591,750,773,823,0,0,0.0,0.0
SURRY,32,PILOT,2904,353,0.0,3257.0,424,16,1543,921,0,15,121,3,3,51,0,249,2815,57,2453,747,1555,1435,267,327,414,474,512,544,494,492,0,0,0.0,0.0
SURRY,34,MT AIRY COMBINED,3830,527,0.0,4357.0,772,17,1700,1338,3,19,314,6,9,168,0,297,3544,194,3313,850,2182,1942,233,384,541,540,591,755,773,773,0,0,0.0,0.0
SWAIN,ALARKA,ALARKA,715,108,0.0,823.0,177,6,284,247,1,0,7,21,3,10,0,36,746,4,596,223,415,374,34,50,113,94,125,140,170,131,0,0,0.0,0.0
SWAIN,ALMOND,ALMOND,1239,161,0.0,1400.0,216,4,540,478,1,4,5,26,4,16,0,68,1277,11,954,435,662,669,69,89,148,174,201,258,312,218,0,0,0.0,0.0
SWAIN,BC1,BC1,2002,340,0.0,2342.0,457,13,725,805,2,12,17,79,5,33,1,115,2080,16,1628,698,1156,1083,103,177,289,281,365,445,422,363,0,0,0.0,0.0
SWAIN,BC2,BC2,1974,284,0.0,2258.0,490,17,698,766,3,6,22,82,8,31,0,116,1993,23,1612,623,1135,1013,110,195,253,330,323,372,432,353,0,0,0.0,0.0
SWAIN,WHCH,WHCH,2604,611,0.0,3215.0,718,23,654,1204,5,18,48,1420,16,90,0,264,1359,69,2028,1118,1629,1375,211,308,564,525,451,526,484,357,0,0,0.0,0.0
TRANSYLVANIA,B1,BREVARD #1,1617,212,0.0,1829.0,445,8,335,828,1,9,57,1,5,26,0,120,1611,33,1148,648,956,741,132,137,237,268,276,224,331,356,0,0,0.0,0.0
TRANSYLVANIA,B2,BREVARD #2,1444,222,0.0,1666.0,456,6,329,653,0,1,263,5,16,35,0,102,1244,21,1009,636,838,729,99,104,206,305,204,254,298,295,0,0,0.0,0.0
TRANSYLVANIA,B3,BREVARD #3,1799,238,0.0,2037.0,495,6,447,849,2,20,75,6,5,39,0,123,1769,15,1265,757,1076,828,133,108,217,273,250,256,398,535,0,0,0.0,0.0
TRANSYLVANIA,B4,BREVARD #4,1396,208,0.0,1604.0,404,6,299,687,0,9,37,3,9,22,0,96,1428,18,998,588,890,602,112,163,186,170,176,193,248,468,0,0,0.0,0.0
TRANSYLVANIA,BD,BOYD,2482,322,0.0,2804.0,430,17,861,1174,0,20,120,7,7,61,0,198,2391,53,1679,1072,1342,1267,195,254,395,437,387,461,478,392,0,0,0.0,0.0
TRANSYLVANIA,CC.1,CATHEY'S CREEK,2151,211,0.0,2362.0,332,15,831,971,2,9,14,3,4,33,0,128,2171,26,1568,768,1156,1077,129,200,299,308,316,352,455,432,0,0,0.0,0.0
TRANSYLVANIA,CM,CEDAR MOUNTAIN,813,72,0.0,885.0,186,7,209,411,0,1,1,2,0,10,0,50,821,8,523,354,438,402,45,60,79,66,95,143,239,203,0,0,0.0,0.0
TRANSYLVANIA,DR,DUNNS ROCK,2391,311,0.0,2702.0,535,6,674,1176,0,7,14,7,10,27,1,143,2493,22,1630,1050,1361,1190,151,116,195,185,240,389,757,820,0,0,0.0,0.0
TRANSYLVANIA,EF,EAST FORK,981,102,0.0,1083.0,191,1,311,478,0,1,6,1,3,10,0,61,1001,9,679,395,537,493,53,43,102,87,119,186,302,244,0,0,0.0,0.0
TRANSYLVANIA,LR,LITTLE RIVER,1554,184,0.0,1738.0,250,10,607,686,1,4,15,2,2,30,0,108,1577,19,1097,622,851,772,115,139,214,270,258,272,328,257,0,0,0.0,0.0
TRANSYLVANIA,PF,PISGAH FOREST,1101,191,0.0,1292.0,206,7,362,525,1,5,60,2,2,39,0,103,1081,35,778,479,620,588,84,130,181,207,166,209,197,202,0,0,0.0,0.0
TRANSYLVANIA,RE.1,ROSMAN EASTATOE,2006,273,0.0,2279.0,220,11,867,906,2,2,23,4,6,23,0,159,2062,21,1448,810,1085,1028,166,234,349,343,330,395,365,263,0,0,0.0,0.0
TRANSYLVANIA,TC1,TC1,788,110,0.0,898.0,72,3,397,316,0,1,3,0,0,14,0,59,821,10,568,320,430,404,64,70,136,128,107,178,159,120,0,0,0.0,0.0
TRANSYLVANIA,TC7,TC7,1664,242,0.0,1906.0,245,10,784,625,0,6,8,1,1,26,1,127,1736,19,1171,716,905,870,131,125,198,236,230,312,397,408,0,0,0.0,0.0
TRANSYLVANIA,WC,WILLIAMSON CREEK,1526,135,0.0,1661.0,319,7,453,747,0,9,13,0,1,13,0,92,1533,11,1052,598,832,739,90,92,126,180,179,247,416,421,0,0,0.0,0.0
TYRRELL,1,ALLIGATOR,156,34,0.0,190.0,111,1,15,28,1,0,139,1,0,4,0,12,34,1,116,73,104,78,8,12,14,32,21,34,39,38,0,0,0.0,0.0
TYRRELL,14,KILKENNY,46,5,0.0,51.0,8,2,7,29,0,0,1,0,0,0,0,5,45,0,34,17,20,26,5,0,3,8,9,12,12,7,0,0,0.0,0.0
TYRRELL,15,SCUPPERNONG,421,79,0.0,500.0,163,1,87,170,0,0,148,1,1,3,0,39,308,3,314,183,231,227,42,35,53,64,61,78,125,84,0,0,0.0,0.0
TYRRELL,16,SOUTH FORK,21,4,0.0,25.0,7,0,6,8,0,0,6,0,0,0,0,4,15,1,13,11,8,13,4,0,1,3,4,5,8,4,0,0,0.0,0.0
TYRRELL,2,COLUMBIA,1151,273,0.0,1424.0,399,4,285,463,0,20,284,1,3,46,0,145,925,43,844,537,671,605,148,107,188,189,208,227,282,223,0,0,0.0,0.0
TYRRELL,3,GUMNECK,139,34,0.0,173.0,50,1,32,56,0,1,43,0,0,0,0,18,111,1,101,71,85,68,20,7,19,17,22,35,50,23,0,0,0.0,0.0
UNION,0005,0005,3729,623,0.0,4352.0,961,21,1368,1378,1,34,673,4,37,342,0,730,2532,414,2676,1262,2010,1712,630,467,819,761,656,720,511,418,0,0,0.0,0.0
UNION,001,001,936,330,0.0,1266.0,397,8,160,371,0,8,431,7,9,201,0,298,312,276,610,380,584,472,210,238,327,178,161,163,148,51,0,0,0.0,0.0
UNION,0019,0019,4510,572,0.0,5082.0,892,32,1897,1687,2,105,573,10,24,222,1,708,3439,221,3477,1384,2333,2139,610,649,639,771,955,981,620,467,0,0,0.0,0.0
UNION,002,002,1338,306,0.0,1644.0,533,6,313,484,2,6,524,3,9,168,0,268,666,214,997,433,832,608,204,205,318,230,200,259,244,188,0,0,0.0,0.0
UNION,0020A,0020A,3665,614,0.0,4279.0,832,29,1297,1505,2,48,456,6,17,182,1,701,2868,240,2796,1243,1980,1719,580,487,702,627,727,783,534,419,0,0,0.0,0.0
UNION,0020B,0020B,4379,499,0.0,4878.0,734,30,1804,1809,2,101,212,9,16,133,0,613,3794,141,3435,1302,2253,2064,561,864,492,501,1093,907,536,485,0,0,0.0,0.0
UNION,003,003,1037,206,0.0,1243.0,369,6,291,371,0,9,322,2,12,120,0,222,556,168,732,343,623,452,168,154,191,168,133,164,210,223,0,0,0.0,0.0
UNION,0030,0030,4453,636,0.0,5089.0,1069,24,1658,1699,3,101,749,4,14,321,1,892,3007,348,3210,1531,2351,1935,803,560,868,844,762,819,621,615,0,0,0.0,0.0
UNION,004,004,1067,290,0.0,1357.0,575,4,147,340,1,3,596,6,6,281,0,240,225,352,660,345,642,558,157,266,314,173,136,172,157,139,0,0,0.0,0.0
UNION,0044,0044,3486,452,0.0,3938.0,745,19,1212,1509,1,139,327,15,13,195,1,701,2547,236,2442,1260,1736,1574,628,568,415,877,1055,564,294,165,0,0,0.0,0.0
UNION,0045,0045,2991,356,0.0,3347.0,504,12,1254,1219,2,91,216,7,21,126,0,460,2426,158,2328,861,1513,1426,408,526,407,478,745,681,313,197,0,0,0.0,0.0
UNION,006,006,2411,235,0.0,2646.0,472,14,1120,805,0,46,314,9,5,170,0,481,1621,168,1680,798,1184,1038,424,269,488,499,396,419,341,234,0,0,0.0,0.0
UNION,007,007,4183,505,0.0,4688.0,981,28,1643,1530,1,42,751,9,14,322,0,748,2802,380,2953,1355,2176,1884,628,501,809,780,689,866,590,453,0,0,0.0,0.0
UNION,008,008,1877,481,0.0,2358.0,766,5,511,594,1,11,821,2,20,142,2,418,942,177,1510,671,1139,860,359,392,537,275,289,316,299,250,0,0,0.0,0.0
UNION,009,009,1194,242,0.0,1436.0,567,2,309,315,1,8,646,3,3,86,0,186,504,100,977,359,721,548,167,168,276,219,202,235,203,133,0,0,0.0,0.0
UNION,010,010,1011,225,0.0,1236.0,415,4,212,379,1,5,412,0,7,123,0,162,527,150,781,305,633,484,119,139,234,156,173,221,171,142,0,0,0.0,0.0
UNION,011,011,2752,213,0.0,2965.0,203,8,1771,770,0,3,54,5,5,43,0,313,2542,44,2281,640,1364,1300,301,356,423,456,508,525,417,280,0,0,0.0,0.0
UNION,012,012,2434,208,0.0,2642.0,174,11,1590,659,0,7,36,5,4,39,0,314,2237,52,1999,591,1224,1132,286,281,377,430,394,464,376,320,0,0,0.0,0.0
UNION,013,013,2722,236,0.0,2958.0,197,10,1718,797,0,10,21,4,8,74,1,333,2507,66,2258,634,1357,1274,327,372,438,419,467,515,435,312,0,0,0.0,0.0
UNION,014,014,1805,297,0.0,2102.0,393,13,649,749,1,26,202,8,7,163,0,454,1242,188,1182,732,915,794,393,231,500,361,296,310,237,167,0,0,0.0,0.0
UNION,015,015,4418,722,0.0,5140.0,1008,33,1598,1779,0,166,423,15,31,236,1,1038,3230,257,3088,1795,2313,1885,942,495,790,907,866,781,623,678,0,0,0.0,0.0
UNION,016,016,6054,731,0.0,6785.0,1336,43,2315,2356,4,120,839,17,27,308,0,1218,4256,338,4236,2211,3030,2668,1087,872,930,1249,1318,1053,787,576,0,0,0.0,0.0
UNION,017A,017A,3745,397,0.0,4142.0,709,16,1594,1425,1,56,338,10,18,175,1,676,2868,205,2733,1204,1896,1668,578,469,502,474,590,798,805,504,0,0,0.0,0.0
UNION,017B,017B,4926,561,0.0,5487.0,856,25,1891,2150,4,294,412,30,22,237,0,789,3703,211,3712,1564,2371,2392,724,901,637,709,1270,1119,551,300,0,0,0.0,0.0
UNION,018,018,3445,291,0.0,3736.0,543,29,1393,1479,1,226,157,28,10,135,0,578,2602,101,2575,1060,1592,1607,537,525,349,523,836,645,519,339,0,0,0.0,0.0
UNION,021,021,2624,256,0.0,2880.0,327,14,1403,880,0,13,92,7,7,74,0,355,2332,87,2140,653,1316,1252,312,286,396,427,469,540,439,323,0,0,0.0,0.0
UNION,022,022,2588,418,0.0,3006.0,255,21,1390,920,2,21,82,7,12,65,0,339,2480,77,2325,604,1434,1272,300,274,396,397,408,532,584,415,0,0,0.0,0.0
UNION,023,023,2017,268,0.0,2285.0,393,16,893,715,0,7,207,8,11,108,0,275,1669,118,1632,535,1070,965,250,225,340,322,325,405,352,316,0,0,0.0,0.0
UNION,024,024,2262,268,0.0,2530.0,289,10,1230,733,0,7,148,8,7,67,0,259,2034,77,1927,526,1190,1111,229,254,379,355,363,461,420,298,0,0,0.0,0.0
UNION,025,025,2062,241,0.0,2303.0,400,12,981,669,0,22,274,5,16,127,0,292,1567,139,1618,546,1060,989,254,232,397,319,290,392,390,283,0,0,0.0,0.0
UNION,026,026,1930,266,0.0,2196.0,308,12,1010,599,1,5,194,9,8,89,1,258,1632,110,1609,477,1052,915,229,242,339,351,318,400,320,226,0,0,0.0,0.0
UNION,027,027,1729,210,0.0,1939.0,263,8,958,500,0,8,154,4,6,45,0,170,1552,49,1515,375,939,850,150,179,284,267,254,374,306,275,0,0,0.0,0.0
UNION,028A,028A,5847,733,0.0,6580.0,1075,31,2054,2685,2,596,472,39,22,288,0,1031,4132,191,4385,2004,2837,2806,937,1248,721,624,1634,1451,567,335,0,0,0.0,0.0
UNION,028B,028B,4324,486,0.0,4810.0,706,20,1460,2136,2,516,154,37,11,236,0,669,3187,167,3237,1406,2158,2103,549,949,579,444,1176,1103,334,225,0,0,0.0,0.0
UNION,028C,028C,3933,438,0.0,4371.0,620,24,1419,1869,1,289,219,25,18,146,0,607,3067,127,2980,1264,1959,1865,547,792,505,467,1000,978,436,193,0,0,0.0,0.0
UNION,028D,028D,4894,736,0.0,5630.0,965,28,1661,2237,3,377,420,28,16,314,0,786,3689,273,3735,1622,2604,2355,671,909,626,665,1470,1068,486,406,0,0,0.0,0.0
UNION,029A,029A,4775,703,0.0,5478.0,1298,25,1494,1955,3,115,809,5,43,418,1,979,3108,465,3388,1625,2486,2204,788,695,859,843,948,1018,608,507,0,0,0.0,0.0
UNION,029B,029B,1669,231,0.0,1900.0,348,9,640,671,1,42,190,1,5,94,1,320,1247,94,1222,584,814,803,283,224,322,295,330,369,220,140,0,0,0.0,0.0
UNION,029C,029C,3067,376,0.0,3443.0,657,24,1197,1187,2,79,322,10,10,137,0,678,2207,139,2129,1175,1504,1318,621,311,535,551,482,618,544,402,0,0,0.0,0.0
UNION,031,031,3758,599,0.0,4357.0,893,24,1355,1480,6,95,655,13,14,290,0,748,2542,347,2750,1260,2027,1696,634,520,774,811,748,763,452,289,0,0,0.0,0.0
UNION,032,032,3497,291,0.0,3788.0,594,17,1698,1186,2,89,214,5,6,126,1,637,2710,117,2477,1194,1658,1563,567,353,419,468,489,794,667,598,0,0,0.0,0.0
UNION,033,033,2446,358,0.0,2804.0,393,21,1087,944,1,16,219,1,12,89,0,363,2104,89,1982,733,1304,1182,318,282,411,384,431,523,436,337,0,0,0.0,0.0
UNION,034,034,3753,403,0.0,4156.0,566,12,1934,1241,0,25,398,7,12,191,0,554,2969,213,2918,1025,1905,1749,502,482,637,611,653,730,596,447,0,0,0.0,0.0
UNION,035,035,2003,178,0.0,2181.0,365,13,800,825,0,31,103,1,6,73,0,379,1588,65,1448,668,958,879,344,164,326,364,274,453,369,231,0,0,0.0,0.0
UNION,036,036,2087,250,0.0,2337.0,449,7,1021,610,0,9,353,5,4,107,0,282,1577,112,1717,508,1116,962,259,236,405,346,353,391,339,267,0,0,0.0,0.0
UNION,037A,037A,5362,761,0.0,6123.0,1186,32,1850,2288,6,219,697,19,31,308,1,1215,3633,368,3707,2048,2664,2390,1069,705,947,1167,1229,999,618,458,0,0,0.0,0.0
UNION,037B,037B,1374,132,0.0,1506.0,223,5,658,488,0,29,70,3,5,26,0,195,1178,17,1061,428,689,649,168,143,182,181,234,354,222,190,0,0,0.0,0.0
UNION,038A,038A,3354,679,0.0,4033.0,878,26,1158,1290,2,62,531,10,14,425,0,744,2247,477,2340,1216,1854,1569,610,568,719,692,670,567,474,343,0,0,0.0,0.0
UNION,038B,038B,2113,307,0.0,2420.0,402,14,793,898,6,34,175,12,7,114,0,411,1667,126,1552,742,1166,903,351,221,395,432,350,436,317,269,0,0,0.0,0.0
UNION,039,039,3056,348,0.0,3404.0,545,11,1402,1097,1,84,387,8,9,161,0,544,2211,189,2284,931,1502,1422,480,415,524,670,589,532,388,286,0,0,0.0,0.0
UNION,040,040,4039,413,0.0,4452.0,723,18,1558,1739,1,126,268,2,13,146,0,674,3223,138,3057,1257,1970,1886,596,681,527,601,882,848,495,418,0,0,0.0,0.0
UNION,041,041,4649,473,0.0,5122.0,686,16,1865,2082,0,375,283,32,23,196,0,809,3404,119,3391,1612,2180,2223,719,774,535,583,1160,1066,621,383,0,0,0.0,0.0
UNION,042,042,1932,291,0.0,2223.0,412,14,788,715,3,23,238,10,10,154,1,351,1436,188,1433,602,1036,898,289,223,374,334,353,429,291,219,0,0,0.0,0.0
UNION,043,043,756,263,0.0,1019.0,402,1,99,250,4,4,529,3,6,105,0,189,183,147,557,315,486,399,134,148,209,172,125,138,125,102,0,0,0.0,0.0
VANCE,CC,CC,2490,284,0.0,2774.0,1120,8,635,725,2,18,953,6,4,81,0,214,1498,66,1866,842,1432,1124,218,284,389,376,384,479,470,392,0,0,0.0,0.0
VANCE,CH,CENTRAL HENDERSON,2603,959,0.0,3562.0,1830,6,132,634,1,15,2773,12,14,134,1,315,298,125,2242,1195,1925,1339,298,375,604,616,493,550,538,386,0,0,0.0,0.0
VANCE,KITT,KITT,3111,515,0.0,3626.0,1242,14,916,939,0,5,1199,8,15,105,1,271,2022,115,2497,1014,1800,1523,303,346,560,494,525,641,605,455,0,0,0.0,0.0
VANCE,MIDD,MIDD,2339,330,0.0,2669.0,1116,8,561,653,1,13,1105,5,7,36,0,204,1299,32,1868,769,1335,1121,213,226,351,344,333,505,471,439,0,0,0.0,0.0
VANCE,NH,NH,2964,432,0.0,3396.0,1377,9,711,866,1,9,1499,5,12,90,0,224,1557,79,2321,996,1734,1417,245,305,451,387,505,594,635,519,0,0,0.0,0.0
VANCE,NV,NV,957,224,0.0,1181.0,520,2,196,239,0,4,625,4,5,46,0,106,391,66,751,364,601,486,94,126,194,171,158,200,192,140,0,0,0.0,0.0
VANCE,SCRK,SCRK,3517,636,0.0,4153.0,1756,9,712,1038,2,9,1835,3,14,182,0,409,1701,228,2730,1195,2146,1636,371,469,704,588,611,702,622,457,0,0,0.0,0.0
VANCE,SH,SOUTH HENDERSON,2400,819,0.0,3219.0,1397,9,328,664,2,11,1866,4,13,194,3,303,825,209,2063,947,1719,1232,268,406,554,502,399,495,497,366,0,0,0.0,0.0
VANCE,WH,WH,3056,430,0.0,3486.0,1648,6,573,828,1,22,1506,9,10,96,0,225,1618,60,2502,924,1906,1341,239,266,447,415,434,585,644,695,0,0,0.0,0.0
WAKE,01-01,PRECINCT 01-01,1930,329,0.0,2259.0,784,7,212,926,1,47,197,2,18,61,0,384,1550,62,1320,877,991,912,356,459,596,325,267,259,214,139,0,0,0.0,0.0
WAKE,01-02,PRECINCT 01-02,1747,226,0.0,1973.0,672,7,223,844,1,37,56,1,11,57,0,259,1552,43,1298,632,932,806,235,356,417,323,241,267,216,153,0,0,0.0,0.0
WAKE,01-03,PRECINCT 01-03,2129,126,0.0,2255.0,617,11,580,919,2,28,32,4,6,39,0,148,1998,36,1652,567,1118,996,141,274,366,322,396,347,289,261,0,0,0.0,0.0
WAKE,01-04,PRECINCT 01-04,1243,88,0.0,1331.0,420,6,331,486,0,11,12,0,2,11,0,93,1202,7,976,348,684,560,87,100,172,185,161,166,197,350,0,0,0.0,0.0
WAKE,01-05,PRECINCT 01-05,1150,65,0.0,1215.0,355,2,337,456,0,10,16,1,2,20,0,81,1085,9,919,287,620,534,61,135,128,147,199,238,179,189,0,0,0.0,0.0
WAKE,01-06,PRECINCT 01-06,2711,482,0.0,3193.0,1169,9,322,1208,3,74,121,6,24,105,1,323,2539,84,2026,1083,1515,1351,327,209,1239,571,316,380,279,199,0,0,0.0,0.0
WAKE,01-07,PRECINCT 01-07,2831,892,0.0,3723.0,1216,19,350,1242,4,107,369,8,22,151,0,398,2668,136,2243,1344,1554,1763,406,227,1580,605,316,399,344,252,0,0,0.0,0.0
WAKE,01-09,PRECINCT 01-09,1185,86,0.0,1271.0,503,4,187,491,0,20,17,0,4,21,0,70,1139,12,954,305,654,542,75,106,205,290,229,204,161,76,0,0,0.0,0.0
WAKE,01-10,PRECINCT 01-10,1555,109,0.0,1664.0,567,10,328,650,0,8,16,0,3,16,1,101,1519,12,1244,408,837,738,89,174,235,304,289,302,217,143,0,0,0.0,0.0
WAKE,01-11,PRECINCT 01-11,2755,207,0.0,2962.0,662,17,956,1119,1,42,93,1,5,60,0,165,2596,41,2182,739,1480,1333,149,324,530,413,433,485,429,348,0,0,0.0,0.0
WAKE,01-12,PRECINCT 01-12,1886,190,0.0,2076.0,644,13,375,853,1,27,90,2,11,38,0,159,1749,35,1439,602,1058,866,152,132,386,503,409,308,151,187,0,0,0.0,0.0
WAKE,01-13,PRECINCT 01-13,1659,176,1.0,1836.0,743,10,119,786,1,19,192,4,10,62,0,184,1365,71,1203,562,860,783,193,86,379,552,353,229,149,88,0,0,0.0,0.0
WAKE,01-14,PRECINCT 01-14,3770,455,0.0,4225.0,1745,15,352,1658,0,68,386,6,25,128,0,426,3186,133,2755,1337,1992,1853,380,324,938,1006,646,597,432,282,0,0,0.0,0.0
WAKE,01-15,PRECINCT 01-15,2972,511,0.0,3483.0,1025,11,715,1221,0,85,301,5,6,161,2,282,2641,128,2251,1104,1775,1421,287,156,1016,570,325,334,336,746,0,0,0.0,0.0
WAKE,01-16,PRECINCT 01-16,2942,502,0.0,3444.0,1183,15,491,1249,4,86,428,4,19,152,0,335,2420,146,2193,1105,1767,1337,340,261,1060,593,381,447,351,351,0,0,0.0,0.0
WAKE,01-17,PRECINCT 01-17,1154,87,0.0,1241.0,325,8,349,472,0,26,37,1,3,28,1,76,1069,27,899,315,626,549,66,109,206,239,211,208,153,115,0,0,0.0,0.0
WAKE,01-18,PRECINCT 01-18,2645,459,0.0,3104.0,974,14,502,1152,3,48,514,1,14,200,0,330,1997,211,2002,891,1468,1342,294,281,748,584,437,407,326,321,0,0,0.0,0.0
WAKE,01-19,PRECINCT 01-19,1829,427,0.0,2256.0,1066,3,58,701,1,7,1282,6,15,96,0,563,287,114,1099,1043,986,802,468,212,441,417,301,342,296,247,0,0,0.0,0.0
WAKE,01-20,PRECINCT 01-20,2607,598,0.0,3205.0,1348,13,134,1109,3,64,1124,11,25,104,1,573,1303,114,1729,1362,1354,1338,513,207,960,768,413,361,296,200,0,0,0.0,0.0
WAKE,01-21,PRECINCT 01-21,4369,862,1.0,5232.0,1790,19,507,2048,5,140,1305,11,44,383,1,832,2516,369,2944,1919,2392,2102,738,480,1644,1158,698,613,389,250,0,0,0.0,0.0
WAKE,01-22,PRECINCT 01-22,3812,728,0.0,4540.0,2333,16,134,1324,5,43,2922,14,22,232,2,874,431,280,2320,1940,2181,1587,772,544,1007,823,672,652,486,356,0,0,0.0,0.0
WAKE,01-23,PRECINCT 01-23,4810,1263,0.0,6073.0,1474,13,446,2867,10,234,565,17,81,200,4,2349,2623,253,2250,3570,1948,1906,2219,3287,1463,461,258,232,202,170,0,0,0.0,0.0
WAKE,01-25,PRECINCT 01-25,1166,314,12.0,1492.0,417,11,57,678,3,6,612,8,16,51,1,553,245,51,550,891,435,547,510,131,375,345,235,229,129,48,0,0,0.0,0.0
WAKE,01-26,PRECINCT 01-26,2280,816,0.0,3096.0,1086,15,82,1092,5,35,1282,5,31,85,0,856,802,93,1412,1591,1253,1047,796,560,912,618,351,296,223,136,0,0,0.0,0.0
WAKE,01-27,PRECINCT 01-27,2598,563,0.0,3161.0,1144,23,170,1258,3,72,427,3,26,156,1,525,1951,167,1756,1238,1238,1419,504,217,1106,697,379,350,260,152,0,0,0.0,0.0
WAKE,01-28,PRECINCT 01-28,4192,890,0.0,5082.0,2082,20,313,1775,2,60,1676,13,33,190,0,875,2235,202,2854,2026,2364,1882,836,386,1495,1169,700,568,424,340,0,0,0.0,0.0
WAKE,01-29,PRECINCT 01-29,2301,148,0.0,2449.0,705,8,674,914,0,24,85,3,8,32,0,147,2150,34,1901,514,1223,1103,123,268,287,334,463,373,374,350,0,0,0.0,0.0
WAKE,01-30,PRECINCT 01-30,1314,67,0.0,1381.0,376,9,330,597,2,19,29,1,1,25,0,98,1208,19,1046,316,686,615,80,169,126,268,299,195,175,149,0,0,0.0,0.0
WAKE,01-31,PRECINCT 01-31,3093,993,2.0,4088.0,1132,14,283,1656,8,138,981,16,45,285,0,833,1790,234,2102,1752,1585,1732,771,713,1578,699,422,353,203,120,0,0,0.0,0.0
WAKE,01-32,PRECINCT 01-32,2506,562,0.0,3068.0,983,22,308,1190,3,74,620,13,16,253,1,358,1733,176,1865,1027,1419,1327,322,298,1025,647,401,333,198,166,0,0,0.0,0.0
WAKE,01-33,PRECINCT 01-33,1867,161,0.0,2028.0,677,12,421,757,0,28,87,1,3,44,0,131,1734,19,1466,543,1006,904,118,223,353,311,329,278,197,337,0,0,0.0,0.0
WAKE,01-34,PRECINCT 01-34,1575,694,0.0,2269.0,889,7,57,621,1,13,1037,3,30,39,1,620,526,51,1060,1158,936,778,555,268,727,461,227,220,227,139,0,0,0.0,0.0
WAKE,01-35,PRECINCT 01-35,2417,527,0.0,2944.0,1365,9,94,946,3,17,1639,10,24,170,1,650,433,217,1456,1271,1319,1066,559,326,673,575,377,387,364,242,0,0,0.0,0.0
WAKE,01-36,PRECINCT 01-36,2515,411,0.0,2926.0,695,17,780,1022,1,63,170,5,9,86,0,219,2374,64,2016,846,1490,1226,210,246,849,513,419,410,284,205,0,0,0.0,0.0
WAKE,01-37,PRECINCT 01-37,1814,155,0.0,1969.0,542,9,432,831,0,33,105,2,9,47,0,149,1624,37,1425,507,958,882,129,175,321,402,320,319,222,210,0,0,0.0,0.0
WAKE,01-38,PRECINCT 01-38,2180,448,0.0,2628.0,959,15,283,923,0,72,616,7,20,219,0,412,1282,216,1533,879,1223,1063,342,202,618,488,379,341,305,295,0,0,0.0,0.0
WAKE,01-39,PRECINCT 01-39,2424,473,0.0,2897.0,911,17,415,1078,3,43,569,4,17,151,0,335,1778,107,1844,946,1406,1163,328,208,785,645,346,330,317,266,0,0,0.0,0.0
WAKE,01-40,PRECINCT 01-40,4331,946,0.0,5277.0,2458,24,220,1626,3,56,3175,12,44,303,0,1026,661,350,2721,2206,2509,1867,901,615,1232,967,730,688,570,475,0,0,0.0,0.0
WAKE,01-41,PRECINCT 01-41,1986,477,1.0,2464.0,774,8,208,985,11,72,352,6,16,137,1,413,1467,125,1428,911,947,1143,374,323,919,373,239,230,217,163,0,0,0.0,0.0
WAKE,01-42,PRECINCT 01-42,2786,240,0.0,3026.0,750,12,838,1185,1,65,239,6,14,119,0,215,2368,73,2185,768,1523,1325,178,269,413,472,449,497,482,444,0,0,0.0,0.0
WAKE,01-43,PRECINCT 01-43,2360,487,0.0,2847.0,898,19,387,1052,4,47,650,5,26,165,1,386,1567,165,1719,963,1407,1091,349,214,789,522,381,345,315,281,0,0,0.0,0.0
WAKE,01-44,PRECINCT 01-44,3320,528,0.0,3848.0,1395,15,550,1358,2,54,794,5,28,201,1,478,2287,208,2432,1208,1910,1504,434,224,758,736,475,482,508,665,0,0,0.0,0.0
WAKE,01-45,PRECINCT 01-45,1622,359,0.0,1981.0,522,10,335,753,2,35,297,3,8,99,0,236,1303,99,1263,619,943,839,199,196,390,354,286,269,274,212,0,0,0.0,0.0
WAKE,01-46,PRECINCT 01-46,2533,714,0.0,3247.0,1201,16,197,1114,5,76,1470,10,32,304,0,736,619,387,1518,1342,1478,1192,577,405,797,631,446,451,307,210,0,0,0.0,0.0
WAKE,01-47,PRECINCT 01-47,2040,181,0.0,2221.0,599,6,601,832,2,27,105,6,6,71,0,162,1844,50,1638,533,1105,973,143,187,312,438,329,318,350,287,0,0,0.0,0.0
WAKE,01-48,PRECINCT 01-48,2118,330,0.0,2448.0,838,12,231,1033,4,52,307,4,17,147,1,296,1624,97,1538,813,1124,1059,265,233,622,512,326,288,245,222,0,0,0.0,0.0
WAKE,01-49,PRECINCT 01-49,3032,775,0.0,3807.0,1187,19,352,1465,9,98,987,6,35,332,1,667,1681,298,1947,1562,1753,1422,632,607,1460,651,386,323,244,136,0,0,0.0,0.0
WAKE,01-50,PRECINCT 01-50,2956,541,0.0,3497.0,1778,15,136,1025,2,64,2095,9,23,230,2,620,454,238,1878,1381,1702,1284,511,397,747,670,512,460,392,319,0,0,0.0,0.0
WAKE,01-51,PRECINCT 01-51,1043,95,0.0,1138.0,353,3,238,449,0,12,71,0,5,29,0,112,909,21,805,312,583,447,108,75,220,186,142,157,165,193,0,0,0.0,0.0
WAKE,02-01,PRECINCT 02-01,3183,228,0.0,3411.0,807,22,890,1462,2,81,180,6,3,120,0,259,2762,79,2489,843,1669,1538,204,329,410,512,584,580,507,489,0,0,0.0,0.0
WAKE,02-02,PRECINCT 02-02,6534,467,0.0,7001.0,1457,35,2055,2984,3,199,360,19,23,252,0,506,5642,142,4944,1915,3301,3243,457,874,755,877,1247,1539,1076,633,0,0,0.0,0.0
WAKE,02-03,PRECINCT 02-03,2955,209,0.0,3164.0,635,15,987,1316,2,57,83,7,9,92,1,220,2695,43,2410,711,1474,1509,181,318,347,401,479,624,578,417,0,0,0.0,0.0
WAKE,02-04,PRECINCT 02-04,2538,183,0.0,2721.0,537,5,879,1117,0,81,97,6,15,102,0,184,2236,35,2000,686,1281,1272,168,320,290,332,445,503,485,346,0,0,0.0,0.0
WAKE,02-05,PRECINCT 02-05,1087,57,0.0,1144.0,257,5,320,505,0,35,39,1,5,50,0,56,958,21,872,251,550,544,50,120,109,165,219,180,184,167,0,0,0.0,0.0
WAKE,02-06,PRECINCT 02-06,2754,152,0.0,2906.0,593,12,980,1168,1,68,143,7,6,98,2,177,2405,31,2167,708,1399,1361,146,324,325,336,468,524,574,355,0,0,0.0,0.0
WAKE,03-01,PRECINCT 03-01,5454,404,0.0,5858.0,1316,35,1160,2941,2,642,332,24,24,334,0,567,3935,202,3589,2067,2744,2622,492,934,580,1097,1717,947,390,193,0,0,0.0,0.0
WAKE,03-02,PRECINCT 03-02,3610,257,0.0,3867.0,878,21,845,1864,2,348,287,21,14,252,1,360,2584,154,2364,1349,1791,1715,361,415,511,923,930,486,368,234,0,0,0.0,0.0
WAKE,04-01,PRECINCT 04-01,2119,317,0.0,2436.0,795,6,373,944,1,78,231,3,9,119,0,232,1764,99,1575,762,1260,967,209,159,398,336,280,316,332,615,0,0,0.0,0.0
WAKE,04-02,PRECINCT 04-02,2827,376,0.0,3203.0,943,15,517,1351,1,100,222,8,17,291,0,332,2233,290,1985,928,1524,1422,257,343,593,491,420,491,449,416,0,0,0.0,0.0
WAKE,04-03,PRECINCT 04-03,1950,344,0.0,2294.0,644,16,358,926,6,72,308,5,15,185,0,234,1475,150,1427,717,1095,1015,184,193,519,383,303,320,269,307,0,0,0.0,0.0
WAKE,04-04,PRECINCT 04-04,1855,274,0.0,2129.0,701,8,337,809,0,57,215,4,11,160,0,239,1443,137,1320,672,1067,856,206,130,436,303,203,256,264,537,0,0,0.0,0.0
WAKE,04-05,PRECINCT 04-05,3631,330,0.0,3961.0,1111,28,694,1796,2,355,217,8,18,287,0,356,2720,115,2712,1134,1824,1838,299,389,632,604,672,662,589,413,0,0,0.0,0.0
WAKE,04-06,PRECINCT 04-06,3057,260,0.0,3317.0,953,17,672,1414,1,102,103,3,16,130,1,279,2683,104,2259,954,1687,1373,257,185,425,419,343,380,490,1075,0,0,0.0,0.0
WAKE,04-07,PRECINCT 04-07,2832,155,0.0,2987.0,605,13,962,1251,1,86,50,2,13,103,0,176,2557,50,2210,727,1453,1385,149,326,322,337,477,531,532,462,0,0,0.0,0.0
WAKE,04-08,PRECINCT 04-08,2551,350,0.0,2901.0,883,17,370,1273,8,223,435,14,24,198,0,301,1706,140,1804,957,1383,1237,281,282,596,518,474,504,359,168,0,0,0.0,0.0
WAKE,04-09,PRECINCT 04-09,2925,337,0.0,3262.0,760,13,641,1508,3,376,196,22,13,254,1,261,2139,129,2073,1060,1575,1462,225,373,734,434,426,640,409,246,0,0,0.0,0.0
WAKE,04-10,PRECINCT 04-10,2722,246,0.0,2968.0,868,11,488,1354,1,198,155,5,15,180,0,264,2151,113,1993,862,1428,1312,228,242,460,560,501,501,461,243,0,0,0.0,0.0
WAKE,04-11,PRECINCT 04-11,1577,235,0.0,1812.0,535,11,234,796,1,98,208,6,14,155,1,203,1127,116,1074,622,841,792,179,168,368,315,268,332,199,162,0,0,0.0,0.0
WAKE,04-12,PRECINCT 04-12,2773,278,0.0,3051.0,832,15,572,1353,1,143,111,5,24,179,0,239,2350,102,2132,817,1507,1328,216,245,428,590,478,443,474,393,0,0,0.0,0.0
WAKE,04-13,PRECINCT 04-13,4847,388,0.0,5235.0,1305,24,902,2613,3,732,239,20,32,401,2,421,3388,172,3465,1598,2577,2288,370,557,657,678,838,933,743,829,0,0,0.0,0.0
WAKE,04-14,PRECINCT 04-14,1627,149,0.0,1776.0,565,8,325,729,0,40,74,2,6,77,0,123,1454,68,1248,460,875,795,106,140,300,310,240,274,289,223,0,0,0.0,0.0
WAKE,04-15,PRECINCT 04-15,2420,283,0.0,2703.0,736,9,447,1222,6,117,206,5,13,132,0,254,1976,110,1783,810,1313,1166,224,220,531,519,444,398,368,223,0,0,0.0,0.0
WAKE,04-16,PRECINCT 04-16,2023,196,0.0,2219.0,703,13,350,953,4,82,102,5,8,96,0,203,1723,71,1514,634,1155,890,174,135,364,432,313,309,339,327,0,0,0.0,0.0
WAKE,04-17,PRECINCT 04-17,1772,228,0.0,2000.0,592,12,272,893,3,71,187,6,12,124,0,236,1364,80,1289,631,988,811,201,151,461,328,270,302,311,177,0,0,0.0,0.0
WAKE,04-18,PRECINCT 04-18,2690,421,0.0,3111.0,843,15,423,1407,2,212,302,6,14,201,0,317,2059,131,1969,1011,1459,1335,317,307,844,465,426,482,396,191,0,0,0.0,0.0
WAKE,04-19,PRECINCT 04-19,1747,136,0.0,1883.0,481,10,315,939,2,95,64,3,11,140,0,126,1444,75,1285,523,873,912,98,206,253,301,381,307,306,129,0,0,0.0,0.0
WAKE,04-20,PRECINCT 04-20,2953,466,0.0,3419.0,1057,16,488,1388,4,203,385,6,30,245,0,359,2191,211,2120,1088,1702,1427,290,256,720,613,480,505,493,352,0,0,0.0,0.0
WAKE,04-21,PRECINCT 04-21,1714,411,0.0,2125.0,650,20,211,831,2,113,414,4,5,209,1,288,1091,185,1175,765,966,908,251,222,666,445,235,262,202,93,0,0,0.0,0.0
WAKE,05-01,PRECINCT 05-01,3865,656,0.0,4521.0,1141,20,833,1871,0,375,514,15,28,328,0,500,2761,223,2723,1575,2147,1898,476,340,976,730,612,762,644,457,0,0,0.0,0.0
WAKE,05-03,PRECINCT 05-03,4320,649,0.0,4969.0,1191,15,946,2167,1,627,470,27,28,378,0,472,2967,190,3101,1678,2410,2110,449,477,1170,691,727,863,594,447,0,0,0.0,0.0
WAKE,05-05,PRECINCT 05-05,7182,1451,0.0,8633.0,2568,36,1156,3417,5,519,2124,29,58,592,0,1100,4211,405,4917,3311,4130,3398,1105,739,2209,1540,1322,1294,864,665,0,0,0.0,0.0
WAKE,05-06,PRECINCT 05-06,5424,569,0.0,5993.0,1429,11,1003,2978,3,1146,228,28,21,455,0,573,3542,154,3790,2049,2871,2622,500,908,892,501,1035,1357,725,575,0,0,0.0,0.0
WAKE,05-08,PRECINCT 05-08,5055,842,0.0,5897.0,1749,25,538,2736,7,1235,1041,40,34,571,1,831,2144,257,3120,2520,2688,2428,781,671,1473,1212,1245,682,373,241,0,0,0.0,0.0
WAKE,05-09,PRECINCT 05-09,4446,705,0.0,5151.0,1361,30,529,2525,1,1416,553,38,25,502,0,628,1989,178,2886,2087,2430,2163,558,630,857,834,1135,784,377,534,0,0,0.0,0.0
WAKE,05-10,PRECINCT 05-10,3585,643,0.0,4228.0,1123,15,398,2042,7,1172,511,34,33,468,0,568,1442,180,2354,1694,1906,1780,542,616,753,742,1037,689,248,143,0,0,0.0,0.0
WAKE,06-04,PRECINCT 06-04,4335,590,0.0,4925.0,1253,34,958,2087,3,142,616,12,17,299,1,506,3332,255,2876,1794,2399,2064,462,554,884,1042,919,690,439,397,0,0,0.0,0.0
WAKE,06-05,PRECINCT 06-05,3249,206,0.0,3455.0,661,12,1073,1503,0,60,187,5,9,68,0,227,2899,86,2441,928,1672,1591,192,439,359,503,586,679,511,378,0,0,0.0,0.0
WAKE,06-06,PRECINCT 06-06,6764,672,0.0,7436.0,1729,42,1698,3288,7,292,660,12,38,393,1,614,5426,284,4731,2421,3689,3246,501,1089,922,1442,1806,1211,585,381,0,0,0.0,0.0
WAKE,06-07,PRECINCT 06-07,3660,374,0.0,4034.0,958,25,866,1811,0,204,408,5,23,298,0,374,2722,202,2563,1269,1919,1787,328,505,601,621,732,745,506,324,0,0,0.0,0.0
WAKE,06-08,PRECINCT 06-08,2371,231,0.0,2602.0,749,9,518,1092,3,59,393,8,11,143,1,244,1743,127,1633,842,1281,1119,202,292,417,505,505,389,275,219,0,0,0.0,0.0
WAKE,06-10,PRECINCT 06-10,6354,542,0.0,6896.0,1480,38,1751,3078,7,381,717,33,24,463,1,627,4650,320,4162,2414,3329,3000,567,876,893,1559,1572,1015,513,468,0,0,0.0,0.0
WAKE,06-11,PRECINCT 06-11,1430,214,0.0,1644.0,378,13,348,690,1,95,138,5,8,146,0,172,1080,124,933,587,801,687,156,159,353,449,277,175,133,98,0,0,0.0,0.0
WAKE,06-12,PRECINCT 06-12,7900,666,0.0,8566.0,1699,50,2262,3885,4,369,433,21,28,374,0,705,6636,321,5257,2988,4079,3848,639,1157,836,1810,2232,1263,749,519,0,0,0.0,0.0
WAKE,07-01,PRECINCT 07-01,1824,272,0.0,2096.0,676,18,279,849,2,34,342,1,21,128,0,269,1301,116,1294,686,1017,845,234,201,500,419,311,238,232,195,0,0,0.0,0.0
WAKE,07-02,PRECINCT 07-02,1571,171,0.0,1742.0,527,8,362,672,2,42,212,2,11,72,0,150,1253,49,1249,444,888,731,123,168,248,295,289,238,213,291,0,0,0.0,0.0
WAKE,07-03,PRECINCT 07-03,1580,119,0.0,1699.0,504,5,371,700,0,25,103,1,5,48,0,127,1390,27,1256,416,844,739,116,121,229,347,246,247,284,225,0,0,0.0,0.0
WAKE,07-04,PRECINCT 07-04,3805,609,0.0,4414.0,1347,21,616,1816,5,67,693,5,26,237,0,485,2901,207,2873,1334,2225,1739,450,296,1075,811,609,578,588,457,0,0,0.0,0.0
WAKE,07-05,PRECINCT 07-05,1739,223,0.0,1962.0,631,10,371,727,0,27,256,3,6,95,0,162,1413,75,1359,528,1060,743,159,148,373,341,297,276,292,235,0,0,0.0,0.0
WAKE,07-06,PRECINCT 07-06,3564,245,0.0,3809.0,1045,16,920,1583,0,61,215,3,7,104,0,268,3151,70,2841,898,1975,1599,235,226,468,556,435,472,695,957,0,0,0.0,0.0
WAKE,07-07,PRECINCT 07-07,4025,539,0.0,4564.0,1347,23,911,1742,2,82,407,4,13,189,0,376,3493,147,3231,1186,2379,1851,334,273,805,722,569,506,590,1099,0,0,0.0,0.0
WAKE,07-09,PRECINCT 07-09,3207,518,0.0,3725.0,1119,18,625,1442,3,82,476,8,21,177,1,409,2551,150,2318,1257,1886,1461,378,231,979,655,443,475,424,518,0,0,0.0,0.0
WAKE,07-10,PRECINCT 07-10,4825,1028,0.0,5853.0,1647,39,816,2319,4,167,823,19,39,356,1,692,3756,283,3615,1955,2805,2382,666,442,1679,1209,922,878,462,261,0,0,0.0,0.0
WAKE,07-11,PRECINCT 07-11,1127,68,0.0,1195.0,378,5,264,480,0,19,36,1,4,36,0,67,1032,16,924,255,619,527,49,63,113,170,143,158,225,323,0,0,0.0,0.0
WAKE,07-12,PRECINCT 07-12,2597,451,0.0,3048.0,964,15,499,1117,2,54,472,5,20,162,0,306,2029,158,1946,944,1534,1232,282,205,764,547,403,370,325,434,0,0,0.0,0.0
WAKE,07-13,PRECINCT 07-13,2238,263,0.0,2501.0,797,3,476,960,2,48,364,1,19,96,1,240,1732,93,1675,733,1284,996,221,147,510,372,304,331,427,410,0,0,0.0,0.0
WAKE,08-02,PRECINCT 08-02,4042,433,0.0,4475.0,1193,19,871,1955,4,118,397,8,19,191,1,333,3408,144,3071,1260,2186,1990,299,415,756,763,671,774,643,453,0,0,0.0,0.0
WAKE,08-03,PRECINCT 08-03,6275,870,0.0,7145.0,2080,45,1137,3004,9,307,1343,25,44,423,2,760,4241,324,4381,2440,3508,2901,736,670,1713,1387,1237,993,651,494,0,0,0.0,0.0
WAKE,08-04,PRECINCT 08-04,1806,91,0.0,1897.0,457,9,543,797,0,28,50,7,8,58,1,118,1627,32,1410,455,917,873,107,217,207,279,292,352,326,224,0,0,0.0,0.0
WAKE,08-05,PRECINCT 08-05,2088,162,0.0,2250.0,602,8,531,946,1,53,114,2,14,69,0,148,1850,54,1688,508,1128,1005,117,188,234,417,335,373,415,288,0,0,0.0,0.0
WAKE,08-06,PRECINCT 08-06,1981,494,0.0,2475.0,803,16,260,901,1,35,603,4,17,146,0,311,1359,145,1422,908,1239,925,311,184,813,524,339,267,238,110,0,0,0.0,0.0
WAKE,08-07,PRECINCT 08-07,2623,156,0.0,2779.0,608,8,810,1197,0,92,107,6,14,100,2,170,2288,54,2068,657,1331,1307,141,299,305,370,474,486,464,381,0,0,0.0,0.0
WAKE,08-08,PRECINCT 08-08,4375,302,0.0,4677.0,1165,20,1029,2160,1,130,250,10,24,201,1,398,3663,162,3302,1213,2258,2061,358,546,668,885,926,847,531,274,0,0,0.0,0.0
WAKE,08-09,PRECINCT 08-09,1945,234,0.0,2179.0,668,15,348,914,0,53,293,3,11,113,0,226,1480,99,1436,644,1092,878,209,148,483,489,368,303,236,152,0,0,0.0,0.0
WAKE,08-10,PRECINCT 08-10,2757,386,0.0,3143.0,872,12,560,1310,3,119,449,3,20,195,0,261,2096,148,2055,940,1548,1333,262,307,679,584,547,453,363,210,0,0,0.0,0.0
WAKE,08-11,PRECINCT 08-11,4106,459,0.0,4565.0,1307,21,757,2016,5,359,562,16,24,301,2,460,2841,219,2879,1467,2290,1840,435,530,820,844,907,758,402,304,0,0,0.0,0.0
WAKE,09-01,PRECINCT 09-01,2463,317,0.0,2780.0,730,10,831,892,0,17,637,6,15,143,0,268,1694,176,1848,756,1297,1234,249,266,424,427,399,473,492,299,0,0,0.0,0.0
WAKE,09-02,PRECINCT 09-02,4169,587,0.0,4756.0,1819,16,790,1541,3,37,1870,17,31,378,0,628,1795,435,2746,1575,2359,1848,549,534,900,830,701,691,625,475,0,0,0.0,0.0
WAKE,09-03,PRECINCT 09-03,6053,529,0.0,6582.0,2224,41,1423,2361,4,66,2369,14,35,415,3,753,2927,468,3944,2170,3226,2628,728,693,1184,1382,1163,945,733,482,0,0,0.0,0.0
WAKE,10-01,PRECINCT 10-01,1581,150,0.0,1731.0,407,7,557,608,2,26,345,3,5,110,0,163,1079,127,1130,474,864,728,139,195,341,266,253,274,228,174,0,0,0.0,0.0
WAKE,10-02,PRECINCT 10-02,4747,624,0.0,5371.0,1733,30,1130,1849,5,74,1651,12,24,471,1,721,2417,514,3177,1680,2660,2115,596,650,998,981,827,784,666,465,0,0,0.0,0.0
WAKE,10-03,PRECINCT 10-03,3692,421,0.0,4113.0,1344,22,845,1480,1,38,1275,10,23,312,0,429,2026,374,2461,1278,2078,1655,380,413,889,817,605,611,457,321,0,0,0.0,0.0
WAKE,10-05,PRECINCT 10-05,4321,323,0.0,4644.0,1462,36,1186,1632,5,59,1301,14,19,218,0,440,2593,244,3049,1351,2288,1991,365,444,689,738,767,805,739,462,0,0,0.0,0.0
WAKE,10-06,PRECINCT 10-06,7171,876,0.0,8047.0,2658,45,1393,3069,6,170,2220,16,54,578,0,925,4084,669,4842,2536,3914,3285,848,631,1837,1861,1204,1165,950,399,0,0,0.0,0.0
WAKE,11-01,PRECINCT 11-01,5503,1243,0.0,6746.0,1920,42,1019,2516,6,176,946,11,48,298,1,809,4457,287,3947,2512,3236,2710,800,645,2818,1156,593,651,495,388,0,0,0.0,0.0
WAKE,11-02,PRECINCT 11-02,4737,735,0.0,5472.0,1613,20,1015,2086,3,153,573,9,35,285,2,462,3953,216,3542,1714,2742,2258,472,364,1538,834,580,701,717,738,0,0,0.0,0.0
WAKE,12-02,PRECINCT 12-02,6388,728,0.0,7116.0,1840,59,1688,2797,4,160,1202,18,44,497,1,683,4511,497,4128,2491,3511,2933,672,749,1269,1528,1258,1005,746,561,0,0,0.0,0.0
WAKE,12-04,PRECINCT 12-04,6340,579,0.0,6919.0,1210,41,2240,2844,5,138,599,20,35,367,2,615,5143,402,4332,2185,3343,3022,554,785,884,1364,1344,1065,895,582,0,0,0.0,0.0
WAKE,12-06,PRECINCT 12-06,7412,610,0.0,8022.0,1812,41,2231,3323,5,211,865,17,32,427,0,656,5814,400,4894,2728,4020,3349,653,667,1000,1437,1135,1129,1510,1144,0,0,0.0,0.0
WAKE,12-07,PRECINCT 12-07,3480,359,0.0,3839.0,820,33,1089,1536,2,76,480,18,28,239,0,427,2571,250,2375,1214,1799,1712,328,459,621,742,674,624,457,262,0,0,0.0,0.0
WAKE,12-08,PRECINCT 12-08,5559,694,0.0,6253.0,1599,56,1476,2425,3,145,1039,20,33,391,0,619,4006,344,3812,2097,3026,2655,572,618,1039,1327,1089,886,670,624,0,0,0.0,0.0
WAKE,12-09,PRECINCT 12-09,6161,766,0.0,6927.0,1333,41,2008,2778,1,125,660,12,28,334,0,620,5148,310,4333,2284,3447,2906,574,669,1076,1152,1204,989,923,914,0,0,0.0,0.0
WAKE,12-10,PRECINCT 12-10,5240,366,0.0,5606.0,1163,40,1531,2504,2,122,299,6,27,201,1,420,4530,183,3708,1715,2694,2543,369,807,689,945,1258,1051,493,363,0,0,0.0,0.0
WAKE,12-11,PRECINCT 12-11,3800,399,0.0,4199.0,872,17,1126,1782,3,167,460,10,14,247,0,431,2870,213,2666,1320,1977,1858,364,493,616,836,728,690,541,295,0,0,0.0,0.0
WAKE,12-12,PRECINCT 12-12,3800,293,0.0,4093.0,734,20,1372,1671,3,94,206,3,13,126,0,303,3348,96,2793,1204,1956,1872,265,472,526,633,684,775,561,442,0,0,0.0,0.0
WAKE,12-13,PRECINCT 12-13,3396,536,0.0,3932.0,841,34,1013,1506,2,86,500,6,26,187,0,403,2724,194,2357,1381,1922,1669,341,403,618,787,608,554,503,459,0,0,0.0,0.0
WAKE,13-02,PRECINCT 13-02,1976,173,0.0,2149.0,576,12,489,898,1,35,202,5,10,77,0,157,1663,60,1533,556,1070,935,144,179,375,435,360,374,272,154,0,0,0.0,0.0
WAKE,13-05,PRECINCT 13-05,2194,780,0.0,2974.0,984,20,270,919,1,56,1176,3,24,220,0,483,1012,208,1562,1204,1542,1005,427,258,878,634,386,393,287,138,0,0,0.0,0.0
WAKE,13-06,PRECINCT 13-06,2968,298,0.0,3266.0,926,19,657,1365,1,78,459,10,20,185,1,297,2216,155,2193,918,1653,1332,281,256,568,671,468,543,432,328,0,0,0.0,0.0
WAKE,13-07,PRECINCT 13-07,2333,532,0.0,2865.0,1030,12,334,955,2,140,1019,10,25,273,0,428,970,266,1611,988,1390,1107,368,279,633,523,359,438,397,236,0,0,0.0,0.0
WAKE,13-08,PRECINCT 13-08,3494,827,0.0,4321.0,1638,22,374,1457,3,104,1941,8,45,478,0,737,1008,537,2081,1703,2139,1566,616,518,1258,809,572,526,423,215,0,0,0.0,0.0
WAKE,13-09,PRECINCT 13-09,4641,805,0.0,5446.0,2106,26,519,1984,6,266,2358,9,41,465,0,811,1496,439,2947,2060,2750,2011,685,625,1204,1016,999,879,471,252,0,0,0.0,0.0
WAKE,13-10,PRECINCT 13-10,6029,509,0.0,6538.0,1848,25,1419,2733,4,168,672,7,34,294,1,537,4825,214,4490,1834,3330,2711,497,854,871,1015,1350,1170,675,603,0,0,0.0,0.0
WAKE,13-11,PRECINCT 13-11,3283,285,0.0,3568.0,942,19,933,1389,0,75,333,6,21,112,0,255,2766,82,2542,944,1883,1450,235,285,473,475,506,629,508,692,0,0,0.0,0.0
WAKE,13-12,PRECINCT 13-12,2880,1025,0.0,3905.0,1402,7,276,1192,3,152,1757,7,29,333,0,796,831,343,1953,1609,1797,1390,718,415,999,688,575,576,382,270,0,0,0.0,0.0
WAKE,13-13,PRECINCT 13-13,3291,541,0.0,3832.0,1374,24,419,1469,5,143,1149,7,21,311,0,492,1709,259,2187,1386,1891,1488,453,376,1119,811,543,513,303,167,0,0,0.0,0.0
WAKE,14-01,PRECINCT 14-01,884,59,0.0,943.0,184,6,336,358,0,7,55,7,3,26,0,74,771,19,646,278,454,421,68,85,119,135,159,183,159,103,0,0,0.0,0.0
WAKE,14-02,PRECINCT 14-02,8410,593,0.0,9003.0,1596,57,3034,3720,3,216,571,27,37,308,0,714,7130,241,6044,2718,4207,4124,672,1119,961,1237,1694,1921,1368,703,0,0,0.0,0.0
WAKE,15-01,PRECINCT 15-01,4226,440,0.0,4666.0,1146,35,1334,1707,4,56,633,9,17,283,1,454,3213,305,3066,1295,2223,2055,388,443,683,730,729,893,767,421,0,0,0.0,0.0
WAKE,15-02,PRECINCT 15-02,6580,828,0.0,7408.0,1906,45,1807,2816,6,217,1233,21,43,525,2,718,4649,506,4763,2139,3590,3180,638,780,1453,1288,1158,1221,889,619,0,0,0.0,0.0
WAKE,15-03,PRECINCT 15-03,5482,543,0.0,6025.0,1202,31,1934,2312,3,50,658,15,23,311,1,563,4404,349,3941,1735,2864,2634,527,619,861,1078,992,1084,901,490,0,0,0.0,0.0
WAKE,15-04,PRECINCT 15-04,2282,216,0.0,2498.0,631,12,736,901,2,30,387,4,16,124,0,185,1752,109,1786,603,1198,1131,169,248,342,349,382,477,391,309,0,0,0.0,0.0
WAKE,16-01,PRECINCT 16-01,3889,637,0.0,4526.0,1328,23,920,1614,4,123,1222,5,23,337,0,552,2264,360,2545,1621,2187,1788,551,441,1208,808,614,604,491,360,0,0,0.0,0.0
WAKE,16-02,PRECINCT 16-02,5236,901,0.0,6137.0,2615,36,542,2040,3,71,2820,27,48,489,0,918,1764,588,3315,2234,2981,2359,797,736,1426,1163,850,933,594,435,0,0,0.0,0.0
WAKE,16-03,PRECINCT 16-03,1481,217,0.0,1698.0,612,9,240,616,4,19,490,2,12,124,1,216,834,142,1028,528,807,689,202,175,311,276,258,233,265,180,0,0,0.0,0.0
WAKE,16-04,PRECINCT 16-04,2878,267,0.0,3145.0,1065,11,710,1091,1,29,797,6,18,121,0,265,1909,120,2169,856,1630,1272,243,243,503,461,387,500,497,554,0,0,0.0,0.0
WAKE,16-05,PRECINCT 16-05,2648,327,0.0,2975.0,910,20,577,1138,3,40,614,9,19,198,0,345,1750,207,1888,880,1446,1230,299,248,563,523,405,455,419,362,0,0,0.0,0.0
WAKE,16-06,PRECINCT 16-06,1258,214,0.0,1472.0,557,12,226,462,1,3,430,3,4,74,0,201,757,85,912,475,724,580,168,113,277,250,210,222,214,186,0,0,0.0,0.0
WAKE,16-07,PRECINCT 16-07,3400,326,0.0,3726.0,1232,21,761,1384,2,46,727,10,30,157,0,335,2421,140,2607,979,1848,1593,285,297,581,680,497,597,558,516,0,0,0.0,0.0
WAKE,16-09,PRECINCT 16-09,5630,645,0.0,6275.0,2140,28,1068,2391,3,210,2005,23,38,437,0,724,2838,396,3806,2073,3043,2564,668,690,1207,1229,1082,953,663,451,0,0,0.0,0.0
WAKE,16-10,PRECINCT 16-10,5016,789,0.0,5805.0,2797,19,402,1796,2,79,3347,12,52,439,1,880,995,549,3050,2206,2891,2217,697,777,1273,1044,1067,893,448,303,0,0,0.0,0.0
WAKE,16-11,PRECINCT 16-11,5349,688,0.0,6037.0,2643,29,618,2055,4,138,2809,13,43,469,1,850,1714,490,3220,2327,3057,2255,725,641,1460,1042,854,811,754,475,0,0,0.0,0.0
WAKE,17-01,PRECINCT 17-01,2737,534,0.0,3271.0,1238,21,375,1099,4,112,1093,11,26,280,0,534,1215,284,1801,1186,1547,1287,437,316,778,539,427,489,443,279,0,0,0.0,0.0
WAKE,17-02,PRECINCT 17-02,2337,252,0.0,2589.0,850,9,485,991,2,65,701,3,22,212,0,278,1308,236,1606,747,1281,1073,235,239,479,526,381,435,310,219,0,0,0.0,0.0
WAKE,17-03,PRECINCT 17-03,6275,1257,0.0,7532.0,2789,40,916,2522,8,263,2534,22,76,530,1,963,3143,473,4466,2593,3667,2992,873,660,1772,1514,1113,1131,794,548,0,0,0.0,0.0
WAKE,17-05,PRECINCT 17-05,3911,728,0.0,4639.0,1716,14,564,1612,5,218,1652,6,42,425,0,698,1598,444,2606,1589,2270,1805,564,520,1031,729,645,680,580,454,0,0,0.0,0.0
WAKE,17-06,PRECINCT 17-06,2410,298,0.0,2708.0,887,11,613,897,2,35,755,12,20,211,1,378,1296,264,1612,832,1263,1166,279,317,427,440,409,451,425,239,0,0,0.0,0.0
WAKE,17-07,PRECINCT 17-07,3695,804,0.0,4499.0,1973,15,280,1421,6,113,2275,3,33,412,0,773,890,467,2386,1646,2182,1714,603,609,968,761,666,736,520,239,0,0,0.0,0.0
WAKE,17-09,PRECINCT 17-09,3876,738,0.0,4614.0,2192,15,212,1450,7,89,2691,8,40,348,1,857,580,424,2358,1832,2310,1613,691,579,1091,947,753,653,397,194,0,0,0.0,0.0
WAKE,17-10,PRECINCT 17-10,1252,235,0.0,1487.0,541,6,223,482,0,65,451,4,5,165,0,252,545,172,787,528,712,574,201,151,256,241,201,219,228,191,0,0,0.0,0.0
WAKE,17-11,PRECINCT 17-11,4651,834,0.0,5485.0,2042,25,585,1989,10,454,1808,14,53,660,0,953,1543,703,2839,1943,2539,2210,736,774,1180,920,919,855,552,285,0,0,0.0,0.0
WAKE,17-12,PRECINCT 17-12,3866,515,0.0,4381.0,1740,16,536,1573,1,173,1756,9,31,334,2,543,1533,393,2500,1488,2210,1709,462,514,866,956,864,640,338,203,0,0,0.0,0.0
WAKE,17-13,PRECINCT 17-13,5355,774,0.0,6129.0,2303,35,923,2090,4,120,2192,7,55,332,0,713,2710,306,3837,1986,3060,2415,654,574,1184,1162,973,927,772,537,0,0,0.0,0.0
WAKE,17-15,PRECINCT 17-15,2758,323,0.0,3081.0,1152,8,499,1098,1,44,1131,2,13,261,1,368,1261,298,1812,971,1517,1268,296,337,511,518,506,519,416,274,0,0,0.0,0.0
WAKE,17-16,PRECINCT 17-16,2416,518,0.0,2934.0,1158,8,307,940,3,77,1310,6,23,235,1,392,890,232,1605,1097,1430,1135,369,314,709,545,507,418,290,151,0,0,0.0,0.0
WAKE,17-17,PRECINCT 17-17,2899,394,0.0,3293.0,1170,14,509,1204,2,127,1112,12,21,268,0,423,1330,250,1985,1058,1612,1318,363,312,628,738,557,513,333,212,0,0,0.0,0.0
WAKE,18-01,PRECINCT 18-01,4378,1129,2.0,5509.0,1636,13,433,2282,14,219,1148,17,53,354,0,1152,2566,292,2830,2387,2244,2207,1058,1343,2063,801,422,376,296,208,0,0,0.0,0.0
WAKE,18-02,PRECINCT 18-02,5104,377,0.0,5481.0,1142,31,1493,2434,4,173,198,11,22,234,2,348,4493,185,3853,1443,2648,2532,301,678,658,728,942,1076,850,549,0,0,0.0,0.0
WAKE,18-03,PRECINCT 18-03,2283,221,0.0,2504.0,664,10,509,1100,0,126,114,2,7,148,0,185,1922,65,1753,686,1234,1104,166,188,364,309,319,391,458,475,0,0,0.0,0.0
WAKE,18-04,PRECINCT 18-04,4910,455,0.0,5365.0,1279,24,1303,2301,3,252,484,14,27,384,1,447,3756,267,3723,1375,2545,2437,383,513,801,929,825,915,854,528,0,0,0.0,0.0
WAKE,18-05,PRECINCT 18-05,5298,304,0.0,5602.0,1367,12,1322,2594,3,312,148,9,18,266,0,341,4508,124,4068,1410,2744,2563,295,522,611,805,851,977,1110,726,0,0,0.0,0.0
WAKE,18-06,PRECINCT 18-06,3984,686,1.0,4671.0,1436,24,570,1949,5,268,615,19,31,369,2,547,2820,227,2810,1634,2170,1988,513,452,1492,968,598,532,420,209,0,0,0.0,0.0
WAKE,18-07,PRECINCT 18-07,4113,321,0.0,4434.0,951,22,1300,1836,4,123,353,18,19,253,0,319,3349,199,3063,1172,2100,2037,297,460,710,671,665,833,639,456,0,0,0.0,0.0
WAKE,18-08,PRECINCT 18-08,4249,642,0.0,4891.0,1248,21,849,2128,3,226,471,13,21,337,1,479,3343,203,3121,1567,2376,2062,453,432,1354,849,617,670,561,408,0,0,0.0,0.0
WAKE,19-03,PRECINCT 19-03,3609,456,0.0,4065.0,1054,31,948,1575,1,52,514,6,19,205,0,445,2824,209,2416,1440,1980,1645,440,432,804,744,656,617,489,323,0,0,0.0,0.0
WAKE,19-05,PRECINCT 19-05,3666,361,0.0,4027.0,787,30,1279,1569,1,81,288,2,12,165,0,311,3168,137,2708,1182,1933,1811,283,488,541,521,662,801,602,412,0,0,0.0,0.0
WAKE,19-07,PRECINCT 19-07,5878,604,1.0,6483.0,1719,31,1568,2553,7,139,1213,8,26,305,2,643,4147,286,3959,2238,3224,2638,621,652,945,1117,1141,945,878,805,0,0,0.0,0.0
WAKE,19-09,PRECINCT 19-09,5889,436,0.0,6325.0,1595,39,1850,2402,3,107,1176,8,25,325,1,583,4100,301,4056,1968,3004,2780,541,755,796,1041,1153,1147,837,596,0,0,0.0,0.0
WAKE,19-11,PRECINCT 19-11,3724,476,0.0,4200.0,1085,25,929,1685,0,68,574,12,21,214,1,424,2886,207,2631,1362,2130,1671,399,416,717,699,674,682,496,516,0,0,0.0,0.0
WAKE,19-13,PRECINCT 19-13,2252,376,0.0,2628.0,766,13,501,970,2,70,588,8,14,173,0,274,1501,164,1590,874,1389,979,260,280,501,405,357,417,290,378,0,0,0.0,0.0
WAKE,19-14,PRECINCT 19-14,3164,395,0.0,3559.0,965,17,820,1359,3,193,729,10,10,239,0,345,2033,154,2253,1152,1757,1474,328,426,695,529,577,639,410,283,0,0,0.0,0.0
WAKE,19-15,PRECINCT 19-15,3027,446,0.0,3473.0,859,10,885,1273,0,144,537,11,17,199,0,347,2218,159,2195,1119,1751,1407,315,402,535,404,586,659,467,420,0,0,0.0,0.0
WAKE,19-16,PRECINCT 19-16,3000,359,0.0,3359.0,1063,12,743,1182,0,89,913,12,13,198,0,422,1712,212,2095,1052,1605,1370,384,329,626,621,517,565,424,277,0,0,0.0,0.0
WAKE,19-17,PRECINCT 19-17,5457,705,0.0,6162.0,2235,34,849,2337,2,163,2049,18,54,459,0,763,2656,439,3675,2048,3010,2468,684,771,1093,1215,1211,994,586,292,0,0,0.0,0.0
WAKE,19-18,PRECINCT 19-18,4825,399,0.0,5224.0,1376,29,1220,2198,2,165,927,12,24,321,0,451,3324,306,3115,1803,2565,2222,437,672,724,1007,1149,826,536,310,0,0,0.0,0.0
WAKE,19-20,PRECINCT 19-20,3940,398,0.0,4338.0,1153,14,1117,1655,1,143,740,11,20,236,0,359,2829,170,2862,1306,2112,1896,330,594,581,687,907,768,505,296,0,0,0.0,0.0
WAKE,19-21,PRECINCT 19-21,5610,600,0.0,6210.0,1917,30,1248,2409,6,286,1638,14,37,460,1,647,3127,350,3915,1945,3012,2644,554,813,895,1210,1255,1009,580,448,0,0,0.0,0.0
WAKE,19-22,PRECINCT 19-22,3523,359,0.0,3882.0,940,21,943,1616,3,82,494,5,23,187,0,324,2767,179,2435,1268,1979,1602,301,501,535,547,740,605,456,498,0,0,0.0,0.0
WAKE,19-23,PRECINCT 19-23,5402,686,0.0,6088.0,1605,40,1415,2337,5,152,1105,10,37,388,0,587,3809,371,3628,2089,3058,2469,561,730,1074,1081,1161,916,574,552,0,0,0.0,0.0
WAKE,19-24,PRECINCT 19-24,4728,398,0.0,5126.0,1072,21,1527,2106,2,103,362,8,11,225,1,389,4027,215,3354,1557,2529,2253,344,758,416,689,1167,893,550,653,0,0,0.0,0.0
WAKE,19-25,PRECINCT 19-25,3107,315,0.0,3422.0,862,13,817,1413,2,74,655,5,10,175,0,319,2184,157,2208,1057,1672,1455,295,404,396,583,727,588,387,337,0,0,0.0,0.0
WAKE,20-01,PRECINCT 20-01,3937,471,0.0,4408.0,1230,34,792,1878,3,236,562,12,21,407,0,457,2713,317,2588,1503,2140,1862,406,577,808,840,754,718,425,286,0,0,0.0,0.0
WAKE,20-03,PRECINCT 20-03,4569,609,0.0,5178.0,1220,30,1069,2248,2,200,265,8,15,248,0,462,3980,215,3347,1616,2557,2166,455,460,986,930,787,743,718,554,0,0,0.0,0.0
WAKE,20-04,PRECINCT 20-04,3571,344,0.0,3915.0,929,11,588,2042,1,703,126,18,26,331,1,362,2348,115,2536,1264,1853,1734,328,530,575,530,781,879,436,184,0,0,0.0,0.0
WAKE,20-05,PRECINCT 20-05,4288,503,0.0,4791.0,1073,27,1085,2101,2,284,234,15,15,244,0,348,3651,103,3280,1408,2365,2084,342,412,696,614,542,932,842,753,0,0,0.0,0.0
WAKE,20-06A,PRECINCT 20-06A,5669,649,0.0,6318.0,1724,29,1117,2798,1,369,711,14,30,447,1,669,4077,354,3752,2212,3130,2600,588,722,971,1159,1305,963,598,600,0,0,0.0,0.0
WAKE,20-06B,PRECINCT 20-06B,3647,292,0.0,3939.0,899,25,787,1935,1,103,110,6,12,146,0,262,3300,120,2615,1204,1946,1762,231,538,649,651,778,793,343,187,0,0,0.0,0.0
WAKE,20-08,PRECINCT 20-08,5057,621,0.0,5678.0,1302,31,1114,2605,5,502,370,18,25,357,0,483,3923,195,3679,1804,2736,2502,440,708,858,832,1011,1123,617,529,0,0,0.0,0.0
WAKE,20-09,PRECINCT 20-09,2811,202,0.0,3013.0,737,12,612,1449,1,89,118,3,14,117,0,207,2465,70,2089,854,1455,1387,171,381,396,517,525,578,407,209,0,0,0.0,0.0
WAKE,20-10,PRECINCT 20-10,3253,283,0.0,3536.0,841,7,539,1866,0,512,151,8,20,254,0,330,2261,123,2323,1090,1662,1574,300,482,508,437,722,768,483,136,0,0,0.0,0.0
WAKE,20-11,PRECINCT 20-11,6702,648,0.0,7350.0,1730,33,1424,3510,5,720,401,24,28,507,0,714,4956,335,4413,2602,3447,3181,722,892,1065,1610,1599,1182,639,363,0,0,0.0,0.0
WAKE,20-12,PRECINCT 20-12,6887,704,0.0,7591.0,1736,21,1206,3920,4,1486,438,84,25,646,0,930,3982,234,4505,2852,3499,3205,887,991,1072,1308,1837,1209,691,483,0,0,0.0,0.0
WAKE,20-15,PRECINCT 20-15,5435,768,0.0,6203.0,1679,37,700,3014,5,1172,937,44,27,537,1,774,2711,300,3416,2487,2901,2535,767,856,1182,1204,1572,849,345,195,0,0,0.0,0.0
WAKE,20-17,PRECINCT 20-17,5559,438,0.0,5997.0,1535,13,872,3136,3,1348,399,44,28,516,1,662,2999,164,3612,2221,2793,2600,604,1091,727,779,1622,1058,455,265,0,0,0.0,0.0
WAKE,20-18,PRECINCT 20-18,3615,774,0.0,4389.0,1249,21,484,1855,6,587,799,21,21,412,0,507,2042,262,2376,1751,2112,1784,493,523,1082,877,905,535,273,194,0,0,0.0,0.0
WAKE,20-19,PRECINCT 20-19,5138,674,0.0,5812.0,1372,25,712,3028,1,1502,475,33,33,512,0,672,2585,173,3417,2222,2747,2468,597,1038,816,692,1505,1119,378,264,0,0,0.0,0.0
WAKE,20-20,PRECINCT 20-20,4111,315,0.0,4426.0,1032,16,653,2408,2,1347,158,54,31,457,0,476,1903,140,2639,1647,2037,1956,433,766,418,544,1298,808,336,256,0,0,0.0,0.0
WARREN,001,RIVER,1074,123,0.0,1197.0,336,3,386,349,0,2,235,8,1,10,0,81,860,15,722,460,607,507,83,61,100,90,125,235,313,273,0,0,0.0,0.0
WARREN,002,SIXPOUND,818,88,0.0,906.0,250,3,269,296,0,3,149,4,3,10,0,53,684,10,554,342,431,414,61,42,58,81,64,194,270,197,0,0,0.0,0.0
WARREN,003,HAWTREE,803,100,0.0,903.0,464,1,148,190,0,2,445,5,1,7,0,52,391,6,580,317,457,392,54,74,105,121,126,154,181,142,0,0,0.0,0.0
WARREN,004,SMITH CREEK,688,105,0.0,793.0,394,0,131,163,0,0,418,5,1,6,0,45,318,5,520,268,403,335,55,61,99,126,78,130,163,136,0,0,0.0,0.0
WARREN,005,NUTBUSH,1018,143,0.0,1161.0,672,1,127,218,0,1,763,5,5,15,0,81,291,10,694,457,596,484,81,80,151,135,151,214,240,190,0,0,0.0,0.0
WARREN,006,SANDY CREEK,1014,183,0.0,1197.0,578,4,166,265,1,2,662,6,4,37,0,90,396,22,704,471,590,516,91,101,188,183,146,213,206,160,0,0,0.0,0.0
WARREN,007,SHOCCO,700,129,0.0,829.0,404,3,111,182,0,1,458,7,5,31,0,53,274,29,505,295,412,357,60,73,120,100,124,151,146,115,0,0,0.0,0.0
WARREN,008,FISHING CREEK,965,154,0.0,1119.0,716,1,72,176,0,4,427,451,10,15,0,84,128,9,707,403,578,460,81,87,152,143,162,169,245,161,0,0,0.0,0.0
WARREN,009,JUDKINS,444,62,0.0,506.0,251,3,81,109,0,0,229,10,3,9,2,26,227,11,309,186,256,221,29,34,67,62,52,86,122,83,0,0,0.0,0.0
WARREN,010,WEST WARRENTON,1404,230,0.0,1634.0,968,6,128,300,2,10,1061,11,3,30,0,105,414,27,967,640,854,672,108,125,207,221,228,265,307,281,0,0,0.0,0.0
WARREN,011,FORK,280,36,0.0,316.0,165,0,53,62,0,4,162,10,1,11,0,20,108,3,179,134,163,128,25,28,39,32,37,62,64,54,0,0,0.0,0.0
WARREN,012,ROANOKE,973,130,0.0,1103.0,178,4,424,367,0,4,78,4,2,9,0,54,952,3,716,384,537,506,60,36,60,62,78,234,335,298,0,0,0.0,0.0
WARREN,013,NORLINA,511,122,0.0,633.0,290,1,78,142,0,2,313,4,2,11,0,34,267,11,386,236,346,254,33,61,88,84,97,94,118,91,0,0,0.0,0.0
WARREN,014,EAST WARRENTON,993,181,0.0,1174.0,653,5,100,235,0,2,675,8,2,24,0,77,386,18,720,436,606,485,83,67,164,186,131,210,235,181,0,0,0.0,0.0
WASHINGTON,LM,LEES MILL,1478,250,0.0,1728.0,839,4,258,377,0,1,917,2,1,21,1,162,623,23,1310,395,852,722,154,129,191,200,192,304,371,341,0,0,0.0,0.0
WASHINGTON,P1,PLYMOUTH 1,1096,194,0.0,1290.0,615,3,153,325,0,5,701,1,3,15,1,164,400,11,961,318,630,505,155,147,182,147,150,203,278,183,0,0,0.0,0.0
WASHINGTON,P2,PLYMOUTH 2,848,143,0.0,991.0,519,2,77,250,0,2,609,0,1,16,0,147,216,9,696,286,476,383,132,101,146,141,116,171,203,113,0,0,0.0,0.0
WASHINGTON,P3,PLYMOUTH 3,1990,265,0.0,2255.0,928,4,455,603,0,6,853,1,5,34,0,238,1118,18,1715,522,1159,864,232,224,298,290,284,367,421,371,0,0,0.0,0.0
WASHINGTON,SC,SCUPPERNONG,959,139,0.0,1098.0,373,3,252,330,1,2,282,2,3,22,0,78,709,19,789,290,543,476,79,87,149,141,126,194,217,184,0,0,0.0,0.0
WASHINGTON,SK,SKINNERSVILLE,760,91,0.0,851.0,307,3,199,250,1,0,244,2,0,6,0,61,538,4,616,231,404,371,76,64,91,84,114,154,194,150,0,0,0.0,0.0
WATAUGA,01,BALD MOUNTAIN,510,53,0.0,563.0,125,4,193,188,0,0,2,0,3,12,0,28,518,8,401,154,265,262,36,49,79,78,93,95,95,74,0,0,0.0,0.0
WATAUGA,02,BEAVER DAM,983,95,0.0,1078.0,157,2,443,380,1,1,5,0,2,5,0,56,1009,8,784,286,521,496,61,108,118,132,165,178,193,184,0,0,0.0,0.0
WATAUGA,03,BLOWING ROCK,2484,311,0.0,2795.0,593,5,867,1017,2,7,19,3,8,35,1,131,2591,20,1944,831,1391,1241,163,171,332,282,285,464,637,624,0,0,0.0,0.0
WATAUGA,04,BLUE RIDGE,3395,422,0.0,3817.0,742,9,1182,1458,4,30,41,4,7,73,1,173,3488,51,2624,1142,1935,1699,183,361,645,549,475,561,627,599,0,0,0.0,0.0
WATAUGA,05,BOONE 1,1359,354,0.0,1713.0,516,9,157,672,5,18,66,2,21,30,0,135,1441,61,1131,521,872,709,132,540,549,137,136,139,94,118,0,0,0.0,0.0
WATAUGA,06,BOONE 2,2500,666,0.0,3166.0,702,25,261,1506,6,47,116,7,85,70,4,584,2253,254,1708,1204,1495,1224,447,2339,655,58,37,29,26,22,0,0,0.0,0.0
WATAUGA,07,BRUSHY FORK,3121,690,0.0,3811.0,814,18,697,1587,5,37,83,3,47,92,0,312,3237,154,2507,1150,1899,1636,276,1104,1007,387,296,357,363,297,0,0,0.0,0.0
WATAUGA,08,COVE CREEK,2089,246,0.0,2335.0,384,9,891,802,3,9,8,3,2,35,0,89,2189,28,1757,550,1150,1094,91,210,350,380,336,381,362,316,0,0,0.0,0.0
WATAUGA,09,ELK,615,60,0.0,675.0,96,0,238,281,0,0,6,0,3,0,0,25,641,4,480,191,333,316,26,48,66,61,86,135,172,107,0,0,0.0,0.0
WATAUGA,10,LAUREL CREEK,954,149,0.0,1103.0,195,3,360,396,0,0,4,0,3,10,0,59,1027,13,798,292,522,510,71,108,137,171,154,169,201,163,0,0,0.0,0.0
WATAUGA,11,MEAT CAMP,2175,262,0.0,2437.0,407,6,838,923,1,8,24,3,6,34,0,100,2262,26,1730,681,1173,1138,126,260,366,366,382,336,396,331,0,0,0.0,0.0
WATAUGA,12,BOONE 3,2756,612,0.0,3368.0,763,31,335,1616,11,61,172,10,102,93,3,596,2331,312,1818,1238,1615,1317,436,2634,477,63,50,51,47,46,0,0,0.0,0.0
WATAUGA,13,NEW RIVER I,2275,577,0.0,2852.0,640,13,446,1172,4,36,68,2,34,80,0,245,2387,128,1748,976,1428,1195,229,1040,793,275,199,184,186,175,0,0,0.0,0.0
WATAUGA,14,NEW RIVER II,3053,595,0.0,3648.0,783,26,754,1484,6,43,95,3,27,93,1,251,3135,98,2319,1231,1810,1576,262,879,929,420,366,366,377,311,0,0,0.0,0.0
WATAUGA,15,NEW RIVER III,3607,642,0.0,4249.0,982,19,879,1718,9,56,76,7,36,121,1,329,3623,147,2760,1342,2200,1753,296,1084,928,477,470,429,421,440,0,0,0.0,0.0
WATAUGA,16,NORTH FORK,167,13,0.0,180.0,16,1,79,71,0,0,0,0,0,0,0,6,174,0,121,59,84,88,8,18,30,19,23,28,35,27,0,0,0.0,0.0
WATAUGA,17,SHAWNEEHAW,588,79,0.0,667.0,111,5,234,238,0,3,2,1,3,7,0,25,626,6,459,202,320,320,27,54,72,90,98,104,158,91,0,0,0.0,0.0
WATAUGA,18,STONY FORK,1721,197,0.0,1918.0,257,8,773,682,1,5,11,1,9,18,0,90,1784,26,1372,520,952,875,91,184,322,325,266,290,307,224,0,0,0.0,0.0
WATAUGA,19,WATAUGA,2830,423,0.0,3253.0,542,15,1016,1257,0,10,20,1,13,43,1,155,3010,35,2228,990,1597,1464,192,261,454,406,426,549,654,503,0,0,0.0,0.0
WATAUGA,20,BEECH MOUNTAIN,490,88,0.0,578.0,75,1,206,208,0,0,3,0,2,4,0,34,535,3,336,239,266,271,41,29,53,65,53,130,141,107,0,0,0.0,0.0
WAYNE,01,01,2061,310,0.0,2371.0,484,12,966,598,1,5,427,3,3,108,0,148,1677,90,1633,648,1149,1039,183,213,360,315,331,439,414,299,0,0,0.0,0.0
WAYNE,02,02,3457,509,0.0,3966.0,763,13,1656,1022,3,19,710,9,20,168,0,264,2776,147,2865,954,1959,1717,290,388,665,647,625,671,561,409,0,0,0.0,0.0
WAYNE,03,03,3238,497,0.0,3735.0,635,25,1599,979,0,17,557,4,19,182,0,249,2707,168,2591,976,1814,1637,284,415,603,620,590,631,502,374,0,0,0.0,0.0
WAYNE,04,04,4288,622,0.0,4910.0,853,23,2065,1347,0,27,772,8,18,204,0,335,3546,160,3518,1232,2383,2150,377,528,759,776,808,921,679,439,0,0,0.0,0.0
WAYNE,05,05,3425,404,0.0,3829.0,722,13,1655,1034,1,49,653,10,18,133,1,247,2718,96,2799,934,1814,1734,281,363,525,570,564,726,652,429,0,0,0.0,0.0
WAYNE,06,06,2303,323,0.0,2626.0,786,9,863,645,0,37,873,6,6,124,0,174,1406,82,1814,730,1326,1110,190,230,345,364,374,474,449,390,0,0,0.0,0.0
WAYNE,07,07,4019,671,0.0,4690.0,1121,30,1616,1251,1,32,1139,7,20,208,0,360,2924,182,3220,1288,2301,2008,381,453,750,803,702,817,701,464,0,0,0.0,0.0
WAYNE,08,08,2477,427,0.0,2904.0,459,11,1218,788,1,7,400,5,12,163,0,210,2107,160,1969,775,1408,1256,240,342,445,443,416,511,427,320,0,0,0.0,0.0
WAYNE,09,09,2313,330,0.0,2643.0,496,10,1132,674,1,37,414,4,9,139,1,146,1893,112,1913,618,1292,1178,173,264,366,349,423,468,462,311,0,0,0.0,0.0
WAYNE,10,10,1377,345,0.0,1722.0,738,6,241,389,3,9,1022,2,11,70,0,207,401,52,1059,611,879,639,204,170,270,262,258,250,312,200,0,0,0.0,0.0
WAYNE,11,11,2105,422,0.0,2527.0,987,7,536,573,2,43,1141,5,11,106,1,183,1037,78,1735,714,1360,963,204,199,386,363,310,370,450,449,0,0,0.0,0.0
WAYNE,12,12,2809,613,0.0,3422.0,1224,18,734,832,1,70,1449,7,22,162,0,265,1447,120,2334,968,1823,1319,280,346,569,474,425,521,610,477,0,0,0.0,0.0
WAYNE,13,13,1616,319,0.0,1935.0,803,12,332,468,1,18,1010,4,9,91,1,163,639,79,1255,601,1001,756,178,217,283,286,237,344,317,251,0,0,0.0,0.0
WAYNE,14,14,3042,367,0.0,3409.0,639,15,1474,914,0,35,490,2,14,190,0,223,2455,149,2368,892,1707,1467,235,299,442,507,478,575,602,506,0,0,0.0,0.0
WAYNE,15,15,2828,579,0.0,3407.0,657,16,1207,946,2,16,599,7,18,442,0,288,2037,467,2027,913,1637,1470,300,477,641,488,438,530,502,331,0,0,0.0,0.0
WAYNE,16,16,1962,368,0.0,2330.0,575,15,773,598,1,9,629,2,12,158,0,152,1368,151,1556,623,1175,987,168,252,370,328,343,382,368,287,0,0,0.0,0.0
WAYNE,17,17,955,465,0.0,1420.0,541,2,84,326,2,19,922,2,8,65,0,209,195,52,842,526,677,546,197,167,361,248,169,191,160,124,0,0,0.0,0.0
WAYNE,18,18,1058,312,0.0,1370.0,571,5,134,348,0,4,843,4,12,45,0,181,281,52,810,508,677,515,178,117,207,223,218,244,226,135,0,0,0.0,0.0
WAYNE,1920,1920,2268,748,0.0,3016.0,1476,9,163,617,3,14,2150,5,32,106,0,334,375,100,1832,1084,1573,1106,337,271,582,490,387,452,475,359,0,0,0.0,0.0
WAYNE,21,21,1444,301,0.0,1745.0,773,4,246,420,1,10,915,6,12,60,0,150,592,55,1167,523,909,683,153,147,265,229,242,274,309,279,0,0,0.0,0.0
WAYNE,22,22,1451,344,0.0,1795.0,592,5,398,456,0,27,673,5,7,76,0,154,853,68,1218,509,945,691,159,176,328,274,226,216,280,295,0,0,0.0,0.0
WAYNE,23,23,1535,425,0.0,1960.0,513,12,504,505,1,32,555,5,11,170,0,176,1011,158,1261,541,1001,788,171,190,446,385,215,267,263,194,0,0,0.0,0.0
WAYNE,24,24,2395,277,0.0,2672.0,336,11,1365,683,0,2,155,9,8,114,0,184,2200,122,1864,686,1286,1196,190,265,405,364,396,440,482,320,0,0,0.0,0.0
WAYNE,2530,2530,2789,520,0.0,3309.0,1093,4,918,774,0,7,1257,9,6,164,1,233,1632,169,2046,1094,1752,1333,224,322,445,428,395,549,642,528,0,0,0.0,0.0
WAYNE,26,26,1996,375,0.0,2371.0,814,4,555,620,3,6,921,7,11,294,0,177,955,287,1416,668,1198,997,176,276,397,313,338,378,389,280,0,0,0.0,0.0
WAYNE,27,27,1302,256,0.0,1558.0,740,2,226,334,0,2,911,3,5,126,1,113,397,131,1005,422,814,625,119,169,239,185,187,265,262,251,0,0,0.0,0.0
WAYNE,28,28,2892,553,0.0,3445.0,853,18,1044,974,3,11,777,6,16,598,0,274,1763,641,1944,860,1658,1530,257,495,660,454,446,523,503,364,0,0,0.0,0.0
WAYNE,29,29,1406,325,0.0,1731.0,702,8,273,423,0,8,902,2,13,48,1,186,571,44,1122,565,912,646,173,146,277,263,222,277,300,246,0,0,0.0,0.0
WILKES,101,ANTIOCH,622,70,0.0,692.0,89,2,338,193,0,1,30,0,2,10,0,48,601,13,515,164,322,322,48,62,93,86,89,117,150,95,0,0,0.0,0.0
WILKES,102,BOOMER,1400,187,0.0,1587.0,227,4,714,455,0,10,135,4,3,26,0,123,1286,27,1162,398,767,705,115,138,179,158,222,301,324,265,0,0,0.0,0.0
WILKES,103,BRUSHY MOUNTAIN,493,39,0.0,532.0,35,2,307,149,0,0,6,0,0,4,0,21,501,4,414,114,254,252,26,43,57,39,82,100,107,104,0,0,0.0,0.0
WILKES,104,CRICKET,1538,203,0.0,1741.0,176,4,870,488,0,7,39,3,5,85,0,118,1484,94,1261,386,883,737,121,196,256,229,255,290,264,251,0,0,0.0,0.0
WILKES,105,EDWARDS #1,1085,107,0.0,1192.0,83,4,692,306,0,3,20,2,2,17,0,84,1064,19,855,318,551,548,93,122,168,161,167,227,192,155,0,0,0.0,0.0
WILKES,106,EDWARDS #2,837,90,0.0,927.0,120,2,496,219,0,2,59,1,0,15,0,60,790,18,663,246,455,407,65,86,119,120,116,171,161,154,0,0,0.0,0.0
WILKES,107,EDWARDS #3,2538,246,0.0,2784.0,250,14,1588,685,1,2,17,0,4,40,0,210,2511,35,1934,815,1326,1229,229,233,387,330,381,508,501,444,0,0,0.0,0.0
WILKES,108,FAIRPLAINS,1290,185,0.0,1475.0,213,3,624,450,0,3,137,3,7,73,0,104,1148,84,1049,342,741,626,108,155,222,231,202,227,264,174,0,0,0.0,0.0
WILKES,109,FERGUSON,773,84,0.0,857.0,139,3,434,197,0,2,43,1,3,11,0,58,739,12,648,197,401,393,63,73,92,81,134,174,154,149,0,0,0.0,0.0
WILKES,111,MILLERS CREEK,1750,185,0.0,1935.0,198,6,971,575,0,10,23,0,5,46,0,155,1696,52,1497,386,938,859,138,168,252,263,266,296,357,333,0,0,0.0,0.0
WILKES,112,MORAVIAN FALLS,1859,230,0.0,2089.0,217,6,1073,563,0,9,67,2,6,70,0,155,1780,89,1512,488,1041,921,127,154,285,244,275,358,422,351,0,0,0.0,0.0
WILKES,113A,MOUNT PLEASANT,1955,194,0.0,2149.0,243,9,1102,601,0,7,7,3,2,17,0,113,2000,19,1660,470,1040,973,136,179,257,230,310,377,447,349,0,0,0.0,0.0
WILKES,114,MULBERRY #1,661,68,0.0,729.0,60,5,401,194,1,1,5,0,2,3,0,42,676,4,576,149,343,337,49,53,84,80,112,149,142,109,0,0,0.0,0.0
WILKES,115A,MULBERRY,3289,342,0.0,3631.0,294,12,2050,933,0,3,52,1,8,76,0,257,3234,76,2752,803,1755,1624,252,347,543,481,500,627,580,553,0,0,0.0,0.0
WILKES,117,NEW CASTLE,1088,87,0.0,1175.0,134,7,665,282,0,0,46,1,1,25,0,72,1030,23,830,322,566,521,88,96,159,165,168,205,204,178,0,0,0.0,0.0
WILKES,118,NORTH WILKESBORO,2009,367,0.0,2376.0,452,7,818,731,1,13,261,7,9,115,0,165,1806,144,1651,581,1281,951,144,231,388,351,301,341,395,369,0,0,0.0,0.0
WILKES,119,REDDIES RIVER,3709,369,0.0,4078.0,381,10,2183,1133,2,7,19,5,3,71,0,265,3708,78,3117,883,2001,1790,287,395,619,528,608,741,652,535,0,0,0.0,0.0
WILKES,120A,ROCK CREEK,3586,375,0.0,3961.0,343,11,2183,1048,1,7,55,1,6,68,0,279,3545,73,2929,959,1872,1799,290,384,604,587,591,661,625,509,0,0,0.0,0.0
WILKES,122,SOMERS,758,46,0.0,804.0,39,2,557,160,0,2,3,2,1,9,0,52,735,8,617,179,391,354,59,64,107,113,104,138,155,123,0,0,0.0,0.0
WILKES,123A,TRAPHILL,1997,198,0.0,2195.0,167,6,1254,570,0,1,21,3,5,29,0,174,1962,26,1482,687,1003,990,202,184,291,269,322,440,370,319,0,0,0.0,0.0
WILKES,125,UNION,737,67,0.0,804.0,78,3,458,196,2,3,13,1,0,10,0,51,726,13,617,174,374,381,49,60,82,90,127,144,161,140,0,0,0.0,0.0
WILKES,126,WALNUT GROVE,765,77,0.0,842.0,58,2,506,199,0,2,0,0,2,12,0,48,778,14,631,197,372,413,57,66,95,90,116,169,180,126,0,0,0.0,0.0
WILKES,127,WILKESBORO #1,1913,218,0.0,2131.0,408,4,872,629,0,46,180,4,6,74,0,131,1690,80,1604,447,1145,850,136,162,263,247,279,338,383,459,0,0,0.0,0.0
WILKES,128,WILKESBORO #2,2332,280,0.0,2612.0,333,10,1306,683,0,3,221,1,3,97,0,196,2091,115,1888,609,1273,1133,206,241,364,341,365,446,450,405,0,0,0.0,0.0
WILKES,129,WILKESBORO #3,1800,194,0.0,1994.0,275,8,975,542,0,13,101,3,8,69,0,106,1694,81,1533,380,955,921,118,170,290,214,286,370,362,302,0,0,0.0,0.0
WILSON,PRBL,BLACK CREEK,2393,341,0.0,2734.0,601,16,989,787,0,9,472,6,7,138,0,171,1931,152,1809,773,1362,1207,165,274,440,361,384,494,422,359,0,0,0.0,0.0
WILSON,PRCR,CROSSROADS,2012,344,0.0,2356.0,475,9,814,714,0,5,424,6,4,109,0,190,1618,112,1528,716,1149,1028,179,252,357,364,286,411,405,281,0,0,0.0,0.0
WILSON,PRGA,GARDNERS,1971,317,0.0,2288.0,726,8,638,598,1,7,753,2,9,151,0,214,1152,166,1443,679,1129,989,170,260,325,305,279,408,404,307,0,0,0.0,0.0
WILSON,PROL,OLDFIELDS,3993,418,0.0,4411.0,909,15,1649,1418,2,15,594,9,5,281,0,320,3187,288,2864,1259,2176,1930,305,517,675,647,714,728,633,497,0,0,0.0,0.0
WILSON,PRSA,SARATOGA,859,111,0.0,970.0,365,4,257,232,1,0,366,1,1,36,0,61,505,38,656,276,492,421,57,71,103,149,143,143,187,174,0,0,0.0,0.0
WILSON,PRSP,SPRING HILL,1950,237,0.0,2187.0,496,7,799,648,0,3,410,2,8,120,1,151,1492,115,1429,643,1083,938,166,239,318,306,381,374,310,259,0,0,0.0,0.0
WILSON,PRST,STANTONSBURG,1221,211,0.0,1432.0,497,6,336,380,2,5,555,4,3,64,0,117,684,75,918,439,744,585,103,135,244,204,218,255,215,161,0,0,0.0,0.0
WILSON,PRTA,TAYLORS,5946,1003,0.0,6949.0,2130,19,1795,1999,3,72,2267,13,14,347,1,457,3778,267,4467,2215,3662,2827,460,707,1173,1037,1030,1183,1012,807,0,0,0.0,0.0
WILSON,PRTO,TOISNOT,3280,464,0.0,3744.0,1193,15,1012,1060,0,7,1317,13,3,103,0,294,2007,105,2512,1127,1872,1588,284,370,520,486,503,654,671,540,0,0,0.0,0.0
WILSON,PRWA,WILSON A,784,237,0.0,1021.0,410,2,77,295,0,4,530,5,7,72,0,137,266,74,521,426,499,393,129,127,209,133,126,189,157,80,0,0,0.0,0.0
WILSON,PRWB,WILSON B,894,270,0.0,1164.0,552,1,53,288,0,0,822,1,3,54,0,168,116,52,611,501,578,427,159,128,254,184,167,187,142,102,0,0,0.0,0.0
WILSON,PRWC,WILSON C,1260,292,0.0,1552.0,869,1,102,287,1,3,1158,1,2,53,0,134,201,61,943,548,828,597,127,139,251,216,205,270,272,199,0,0,0.0,0.0
WILSON,PRWD,WILSON D,1523,149,0.0,1672.0,419,7,499,598,0,3,218,6,7,34,0,94,1310,32,1145,495,851,715,106,130,219,207,225,328,299,264,0,0,0.0,0.0
WILSON,PRWE,WILSON E,1152,280,0.0,1432.0,597,6,164,385,0,1,783,1,4,71,0,155,417,66,837,529,743,545,144,151,263,238,174,217,234,155,0,0,0.0,0.0
WILSON,PRWH,WILSON H,676,178,0.0,854.0,464,3,27,182,0,1,688,1,2,34,0,99,29,33,469,352,465,308,81,95,151,141,125,129,126,87,0,0,0.0,0.0
WILSON,PRWI,WILSON I,1456,359,0.0,1815.0,808,3,223,421,1,18,1040,7,7,107,0,188,448,108,1070,637,927,716,172,191,312,292,228,278,299,215,0,0,0.0,0.0
WILSON,PRWJ,WILSON J,3344,512,0.0,3856.0,1626,22,689,1005,2,40,1785,13,12,172,0,279,1555,125,2523,1208,2157,1423,276,325,616,568,530,635,577,605,0,0,0.0,0.0
WILSON,PRWK,WILSON K,1348,162,0.0,1510.0,471,4,401,470,2,11,357,1,1,48,0,87,1005,45,1068,397,768,649,93,117,180,196,189,255,258,315,0,0,0.0,0.0
WILSON,PRWL,WILSON L,2067,323,0.0,2390.0,799,4,562,699,3,29,816,2,8,85,0,141,1309,61,1631,698,1261,984,145,202,383,385,325,383,388,324,0,0,0.0,0.0
WILSON,PRWM,WILSON M,3869,561,0.0,4430.0,1543,14,1018,1293,1,37,1640,5,9,166,0,295,2278,109,2910,1411,2305,1836,289,411,701,609,655,694,723,637,0,0,0.0,0.0
WILSON,PRWN,WILSON N,1867,408,0.0,2275.0,1345,5,77,438,2,5,1820,5,10,70,0,236,129,89,1368,818,1265,812,198,216,401,331,288,329,366,344,0,0,0.0,0.0
WILSON,PRWP,WILSON P,1420,194,0.0,1614.0,485,4,469,462,0,24,368,12,3,75,0,89,1043,46,1109,459,836,690,88,140,223,219,180,317,292,243,0,0,0.0,0.0
WILSON,PRWQ,WILSON Q,503,120,0.0,623.0,364,0,17,121,1,0,487,1,2,32,0,68,33,35,344,244,332,234,57,58,107,114,68,117,91,68,0,0,0.0,0.0
WILSON,PRWR,WILSON R,1256,316,0.0,1572.0,808,3,98,344,3,3,1101,4,3,88,0,216,157,109,864,599,804,597,171,179,271,258,197,234,257,176,0,0,0.0,0.0
YADKIN,BNVL,BOONVILLE,2606,294,0.0,2900.0,267,9,1523,806,1,4,124,2,2,85,0,180,2503,114,2074,712,1443,1273,184,243,474,364,382,535,487,415,0,0,0.0,0.0
YADKIN,DCRK,DEEP CREEK,1761,212,0.0,1973.0,146,11,1011,593,0,7,29,3,5,137,0,166,1626,174,1302,497,911,908,154,244,286,270,269,382,286,236,0,0,0.0,0.0
YADKIN,EBND,EAST BEND,2058,253,0.0,2311.0,189,12,1245,612,0,7,31,1,3,66,0,176,2027,68,1620,623,1093,1012,206,201,352,301,325,450,412,270,0,0,0.0,0.0
YADKIN,FBSH,FORBUSH,2944,227,0.0,3171.0,277,9,1784,874,0,6,77,1,3,93,0,218,2773,103,2243,825,1511,1415,245,270,453,376,425,653,558,436,0,0,0.0,0.0
YADKIN,NBCK,NORTH BUCK SHOALS,1325,150,0.0,1475.0,124,14,855,331,1,7,15,4,0,70,0,117,1262,84,1004,387,696,669,110,132,217,202,204,264,209,247,0,0,0.0,0.0
YADKIN,NFAL,NORTH FALL CREEK,1038,92,0.0,1130.0,84,0,622,331,1,0,15,0,0,14,0,66,1035,18,824,288,538,522,70,94,166,137,145,241,199,148,0,0,0.0,0.0
YADKIN,NKNB,NORTH KNOBS,2556,355,0.0,2911.0,341,12,1371,831,1,13,201,5,9,118,0,238,2327,145,1900,866,1426,1263,222,260,428,424,414,517,445,423,0,0,0.0,0.0
YADKIN,NLIB,NORTH LIBERTY,3414,407,0.0,3821.0,375,10,1891,1137,1,14,127,3,3,248,2,258,3166,312,2489,1020,1923,1655,243,339,626,525,477,664,611,579,0,0,0.0,0.0
YADKIN,SBCK,SOUTH BUCK SHOALS,746,72,0.0,818.0,73,1,442,230,0,0,10,1,2,25,0,44,736,31,603,184,396,374,48,81,126,130,108,143,121,109,0,0,0.0,0.0
YADKIN,SFAL,SOUTH FALL CREEK,1635,166,0.0,1801.0,131,7,1036,461,0,2,39,1,2,55,0,107,1595,56,1259,486,870,817,114,187,266,229,233,356,286,244,0,0,0.0,0.0
YADKIN,SKNB,SOUTH KNOBS,1095,99,0.0,1194.0,84,2,731,278,0,1,10,2,3,41,0,62,1075,45,898,251,570,556,68,116,160,135,164,220,190,209,0,0,0.0,0.0
YADKIN,SLIB,SOUTH LIBERTY,1936,212,0.0,2148.0,155,8,1197,576,0,6,52,0,2,62,0,130,1896,71,1506,571,1019,990,139,192,327,236,282,398,393,320,0,0,0.0,0.0
YANCEY,01 BUR,BURNSVILLE,2757,476,0.0,3233.0,709,17,969,1060,2,9,46,6,4,74,0,243,2851,79,1981,1173,1638,1381,214,230,416,397,428,512,604,646,0,0,0.0,0.0
YANCEY,02 CAN,CANE RIVER,1261,226,0.0,1487.0,260,9,474,516,2,4,5,1,3,19,0,129,1326,15,890,582,699,666,122,112,239,235,201,263,229,208,0,0,0.0,0.0
YANCEY,03 EGY,EGYPT,504,86,0.0,590.0,102,3,179,219,1,3,1,2,2,5,0,51,526,6,353,231,274,279,37,41,59,77,96,88,115,114,0,0,0.0,0.0
YANCEY,04 RAM,RAMSEYTOWN,284,70,0.0,354.0,49,0,133,101,1,1,0,1,1,2,0,27,322,2,191,161,171,162,21,23,41,47,37,64,74,68,0,0,0.0,0.0
YANCEY,05 GRE,GREEN MOUNTAIN,407,76,0.0,483.0,87,3,186,131,0,2,0,3,1,0,0,30,447,0,308,175,249,206,28,32,51,75,63,90,87,85,0,0,0.0,0.0
YANCEY,06 JAC,JACKS CREEK,1328,190,0.0,1518.0,331,4,463,530,0,0,10,4,2,13,0,118,1371,8,925,585,718,700,100,136,193,218,236,231,266,238,0,0,0.0,0.0
YANCEY,07 BRU,BRUSH CREEK,407,37,0.0,444.0,82,1,154,170,0,0,0,1,0,5,0,37,401,5,270,169,212,204,28,32,47,59,62,90,85,69,0,0,0.0,0.0
YANCEY,08 CRA,CRABTREE,2212,266,0.0,2478.0,469,9,960,774,0,3,2,2,1,37,0,168,2265,45,1636,797,1224,1122,132,221,313,319,373,400,421,431,0,0,0.0,0.0
YANCEY,09 SOU,SOUTH TOE,1738,249,0.0,1987.0,478,8,620,631,1,4,4,3,6,27,0,155,1788,28,1213,746,945,901,141,128,261,218,273,314,387,406,0,0,0.0,0.0
YANCEY,10 PEN,PENSACOLA,500,67,0.0,567.0,90,3,211,195,1,1,0,2,1,5,1,40,517,7,347,213,258,273,36,35,56,70,63,109,114,120,0,0,0.0,0.0
YANCEY,11 PRI,PRICES CREEK,1102,221,0.0,1323.0,180,7,527,388,0,3,4,3,2,10,0,116,1185,13,782,528,648,596,79,116,187,156,173,229,262,200,0,0,0.0,0.0
