county_desc,precinct_abbrv,tv_18_24_p2026,tv_25_34_p2026,tv_35_44_p2026,tv_45_54_p2026,tv_55_64_p2026,tv_65_74_p2026,tv_75plus_p2026,tv_under_18_p2026,tv_unknown_p2026,tv_total_p2026,tv_18_24_g2025,tv_25_34_g2025,tv_35_44_g2025,tv_45_54_g2025,tv_55_64_g2025,tv_65_74_g2025,tv_75plus_g2025,tv_under_18_g2025,tv_unknown_g2025,tv_total_g2025,tv_18_24_g2024,tv_25_34_g2024,tv_35_44_g2024,tv_45_54_g2024,tv_55_64_g2024,tv_65_74_g2024,tv_75plus_g2024,tv_under_18_g2024,tv_unknown_g2024,tv_total_g2024,tv_18_24_g2018,tv_25_34_g2018,tv_35_44_g2018,tv_45_54_g2018,tv_55_64_g2018,tv_65_74_g2018,tv_75plus_g2018,tv_under_18_g2018,tv_unknown_g2018,tv_total_g2018
ALAMANCE,01,29,58,78,123,188,233,162,0,0,871,0,0,0,0,1,0,0,0,0,1,270,366,437,515,592,529,308,0,0,3017,85,185,272,359,417,303,95,0,0,1716
ALAMANCE,02,30,63,96,170,276,283,201,0,0,1119,12,7,30,50,57,57,54,0,0,267,288,362,469,629,611,523,345,0,0,3227,84,172,364,452,444,305,128,0,0,1949
ALAMANCE,035,33,62,85,90,172,146,204,0,0,792,17,4,28,34,27,43,42,0,0,195,964,389,457,451,504,369,389,0,0,3523,101,194,270,334,290,274,170,0,0,1633
ALAMANCE,03C,22,29,56,71,157,201,178,0,0,714,19,44,107,127,197,266,181,0,0,941,158,202,238,295,397,377,320,0,0,1987,68,121,187,288,338,299,139,0,0,1440
ALAMANCE,03N,42,22,48,62,143,183,160,0,0,660,31,16,40,64,115,119,79,0,0,464,826,175,228,285,431,372,311,0,0,2628,129,106,177,303,331,279,125,0,0,1450
ALAMANCE,03N2,0,0,1,1,4,39,377,0,0,422,0,1,1,1,7,42,286,0,0,338,7,1,9,6,18,76,544,0,0,661,1,4,5,12,31,210,330,0,0,593
ALAMANCE,03SE,21,46,78,65,149,204,171,0,0,734,30,44,89,96,146,171,128,0,0,704,264,478,411,383,493,482,345,0,0,2856,115,212,225,299,356,319,143,0,0,1669
ALAMANCE,03SM,26,50,77,127,144,159,158,0,0,741,21,60,135,161,140,152,141,0,0,810,261,458,570,576,488,410,323,0,0,3086,96,207,322,359,274,279,111,0,0,1648
ALAMANCE,03W,26,40,47,94,160,189,146,0,0,702,17,26,42,75,104,119,77,0,0,460,211,292,354,422,462,436,302,0,0,2479,65,147,233,321,341,271,103,0,0,1481
ALAMANCE,04,34,64,97,118,221,309,204,0,0,1047,0,5,1,2,7,4,2,0,0,21,272,398,527,544,679,609,375,0,0,3404,84,229,254,410,487,356,135,0,0,1955
ALAMANCE,05,27,58,97,129,199,250,147,0,0,907,0,0,1,1,1,3,0,0,0,6,190,274,315,393,461,412,251,0,0,2296,61,128,204,280,325,223,94,0,0,1315
ALAMANCE,063,23,30,34,55,89,113,86,0,0,430,23,30,36,53,78,95,57,0,0,372,217,244,213,212,333,287,182,0,0,1688,72,101,111,178,216,165,63,0,0,906
ALAMANCE,064,37,82,105,150,271,320,321,0,0,1286,39,68,122,147,240,262,206,0,0,1084,342,513,545,645,763,695,542,0,0,4045,130,263,329,488,547,455,229,0,0,2441
ALAMANCE,06E,8,36,39,43,98,147,113,0,0,484,17,48,67,68,89,128,85,0,0,502,142,257,236,243,311,310,187,0,0,1686,67,125,130,184,239,179,83,0,0,1007
ALAMANCE,06N,16,38,35,45,79,81,64,0,0,358,21,37,54,47,68,87,50,0,0,364,164,239,237,201,311,265,126,0,0,1543,58,98,105,162,206,120,52,0,0,801
ALAMANCE,06S,18,45,78,105,162,192,158,0,0,758,10,39,74,82,107,102,77,0,0,491,236,494,437,439,503,426,300,0,0,2835,95,213,202,342,339,284,110,0,0,1585
ALAMANCE,06W,4,11,18,23,28,44,40,0,0,168,3,10,16,22,25,38,27,0,0,141,54,121,113,103,151,108,92,0,0,742,21,61,58,72,78,67,39,0,0,396
ALAMANCE,07,39,61,92,149,232,220,193,0,0,986,0,0,1,0,1,0,0,0,0,2,232,326,359,469,566,437,287,0,0,2676,80,165,234,379,359,267,108,0,0,1592
ALAMANCE,08N,16,57,66,88,153,208,129,0,0,717,1,0,0,1,0,0,0,0,0,2,210,291,386,398,504,407,224,0,0,2420,73,170,216,305,356,235,59,0,0,1414
ALAMANCE,08S,19,16,33,33,85,127,61,0,0,374,0,0,0,0,0,0,0,0,0,0,114,153,182,204,273,219,123,0,0,1268,43,94,92,153,209,118,53,1,0,763
ALAMANCE,09N,18,42,59,84,135,186,154,0,0,678,6,13,35,38,71,60,51,0,0,274,180,263,337,357,415,326,248,0,0,2126,70,159,187,257,288,219,79,0,0,1259
ALAMANCE,09S,41,73,138,151,247,326,176,0,0,1152,0,0,1,0,1,1,0,0,0,3,337,479,664,653,842,683,325,0,0,3983,93,261,351,508,586,352,100,0,0,2251
ALAMANCE,103,33,78,129,165,215,234,133,0,0,987,7,37,40,46,41,35,13,0,0,219,308,579,653,662,648,502,332,0,0,3684,123,259,356,441,435,271,110,0,0,1995
ALAMANCE,104,17,38,73,52,116,95,83,0,0,474,5,17,33,25,47,56,39,0,0,222,133,251,335,288,322,206,152,0,0,1687,61,171,209,194,195,136,56,0,0,1022
ALAMANCE,10N,31,50,74,113,189,221,203,0,0,881,12,14,20,50,67,68,53,0,0,284,256,344,388,500,628,444,376,0,0,2936,99,185,275,402,435,336,129,0,0,1861
ALAMANCE,10S1,46,101,138,194,275,291,246,0,0,1291,17,35,87,98,117,138,112,0,0,604,456,721,818,841,784,598,444,0,0,4662,198,375,504,599,489,383,158,0,0,2706
ALAMANCE,11,19,45,64,113,215,187,156,0,0,799,0,3,0,3,4,0,0,0,0,10,241,350,421,529,594,451,301,0,0,2887,75,203,276,377,409,269,122,0,0,1731
ALAMANCE,1210,6,33,46,21,57,94,68,0,0,325,9,50,41,27,56,78,48,0,0,309,108,239,162,172,243,195,141,0,0,1260,59,101,93,124,157,134,53,0,0,721
ALAMANCE,124,14,24,36,42,88,125,92,0,0,421,16,39,49,51,101,141,90,0,0,487,112,188,200,159,252,258,156,0,0,1325,43,107,103,147,223,168,60,0,0,851
ALAMANCE,125,10,21,33,34,77,133,146,0,0,454,6,15,46,40,68,133,128,0,0,436,66,177,171,171,275,317,331,0,0,1508,43,90,84,162,228,235,159,0,0,1001
ALAMANCE,126,18,15,46,56,96,164,218,0,0,613,21,35,76,88,124,194,229,0,0,767,91,131,184,184,225,292,408,0,0,1515,32,90,127,154,238,239,218,0,0,1098
ALAMANCE,127,28,42,61,99,152,161,120,0,0,663,12,31,46,57,89,91,76,0,0,402,280,389,457,487,583,394,243,0,0,2833,89,194,251,353,355,208,98,0,0,1548
ALAMANCE,128,6,24,29,23,42,70,55,0,0,249,8,36,37,28,39,67,48,0,0,263,102,191,160,145,190,207,135,0,0,1130,36,84,74,103,133,117,51,0,0,598
ALAMANCE,129,9,26,28,40,91,130,159,0,0,483,6,20,16,35,73,99,83,0,0,332,108,171,162,188,259,281,238,0,0,1407,41,85,107,173,220,213,94,0,0,933
ALAMANCE,12E,11,25,23,31,51,57,43,0,0,241,6,19,24,31,43,46,37,0,0,206,87,157,113,133,198,167,87,0,0,942,40,58,61,113,132,92,22,0,0,518
ALAMANCE,12N,17,45,53,45,101,130,131,0,0,522,16,38,70,58,109,131,114,0,0,536,183,293,285,284,391,370,299,0,0,2105,71,146,139,229,268,246,117,0,0,1216
ALAMANCE,12S,12,19,19,17,27,34,27,0,0,155,7,17,23,25,20,30,15,0,0,137,91,118,121,121,142,95,52,0,0,740,30,45,62,71,86,50,14,0,0,358
ALAMANCE,12W,8,35,42,74,92,141,126,0,0,518,13,38,84,100,135,169,129,0,0,668,118,181,205,206,302,281,193,0,0,1486,59,107,124,186,251,183,87,0,0,997
ALAMANCE,13,19,45,92,89,176,196,154,0,0,771,6,16,24,29,62,68,64,0,0,269,227,387,392,442,581,472,278,0,0,2779,77,176,183,344,386,279,94,0,0,1539
ALEXANDER,B1,14,30,48,69,148,174,137,0,0,620,0,2,0,0,0,0,0,0,0,2,180,271,312,387,520,444,336,0,0,2450,55,119,198,309,334,303,135,0,0,1453
ALEXANDER,B2,21,39,71,98,152,202,181,0,0,764,0,0,1,1,0,0,0,0,0,2,237,315,372,506,581,531,379,0,0,2921,77,140,234,373,420,363,117,0,0,1724
ALEXANDER,E,23,32,63,80,125,139,113,0,0,575,0,0,0,1,0,0,0,0,0,1,152,226,256,342,410,349,235,0,0,1970,54,124,162,270,302,225,83,0,0,1220
ALEXANDER,G1G2,14,34,45,46,81,93,62,0,0,375,0,0,0,0,0,0,0,0,0,0,117,148,194,197,264,236,157,0,0,1313,44,88,114,160,195,162,57,0,0,820
ALEXANDER,LRSL,24,37,47,93,124,132,76,0,0,533,0,0,0,0,0,0,0,0,0,0,122,188,220,259,305,271,177,0,0,1542,51,103,160,203,219,177,67,0,0,980
ALEXANDER,M,16,21,40,47,71,79,65,0,0,339,0,0,0,0,0,0,0,0,0,0,140,157,213,254,277,208,139,0,0,1388,18,66,125,182,163,144,41,0,0,739
ALEXANDER,S1S2,30,67,44,67,142,163,131,0,0,644,0,0,2,0,0,0,0,0,0,2,194,274,259,346,434,354,264,0,0,2125,68,123,152,251,306,222,118,0,0,1240
ALEXANDER,T1T4T5,31,67,91,111,172,218,201,0,0,891,0,0,0,0,0,0,0,0,0,0,253,390,425,484,566,533,355,0,0,3006,99,198,252,344,429,345,151,0,0,1818
ALEXANDER,T2T3,29,44,39,82,126,136,146,0,0,602,0,0,1,0,0,1,0,0,0,2,185,290,250,347,416,364,281,0,0,2133,81,115,164,250,281,242,130,0,0,1263
ALEXANDER,W,9,40,33,45,97,126,99,0,0,449,0,0,0,0,0,1,0,0,0,1,135,165,162,246,337,291,186,0,0,1522,42,93,115,213,232,190,69,0,0,954
ALLEGHANY,01,4,22,17,36,77,116,94,0,0,366,0,0,0,0,0,1,0,0,0,1,54,104,73,147,240,277,194,0,0,1089,27,41,55,130,206,192,58,0,0,709
ALLEGHANY,03A,16,52,68,92,184,274,239,0,0,925,3,3,6,13,14,21,27,0,0,87,191,267,291,372,549,674,499,0,0,2843,66,145,219,323,498,446,229,0,0,1926
ALLEGHANY,04,18,29,27,50,82,130,114,0,0,450,0,0,0,0,0,0,0,0,0,0,88,100,111,176,231,253,171,0,0,1130,25,50,88,159,195,164,73,0,0,754
ALLEGHANY,06A,7,20,24,42,59,137,93,0,0,382,0,0,0,0,0,0,0,0,0,0,75,115,147,203,269,339,216,0,0,1364,26,60,95,160,237,217,81,0,0,876
ANSON,ANS,4,8,11,34,40,84,53,0,0,234,0,1,0,0,0,0,0,0,0,1,61,84,98,119,150,178,92,0,0,782,19,42,74,84,134,112,48,0,0,513
ANSON,BURN,8,17,23,17,67,63,65,0,0,260,0,0,0,1,0,0,0,0,0,1,111,157,129,186,221,167,130,0,0,1101,39,55,88,142,175,125,52,0,0,676
ANSON,GULL,9,9,12,25,60,52,48,0,0,215,0,0,0,0,0,0,0,0,0,0,44,74,84,122,169,134,103,0,0,730,17,43,58,99,111,92,43,0,0,463
ANSON,LILE,12,41,34,69,136,178,130,0,0,600,1,1,5,4,12,15,12,0,0,50,131,173,203,232,333,338,196,0,0,1606,47,96,136,209,288,220,75,0,0,1071
ANSON,MM,9,10,19,39,63,69,42,0,0,251,1,2,2,4,14,6,8,0,0,37,61,95,98,120,177,139,98,0,0,788,22,49,57,116,123,91,41,0,0,499
ANSON,PEAC,7,9,17,22,54,59,41,0,0,209,2,8,9,7,29,16,9,0,0,80,80,127,138,155,211,176,117,0,0,1004,35,68,83,118,159,110,50,0,0,623
ANSON,POLK,9,5,14,11,25,47,36,0,0,147,3,6,6,10,22,34,19,0,0,100,53,69,82,91,121,106,85,0,0,607,16,42,40,67,79,88,27,0,0,359
ANSON,WADES,48,91,110,164,311,364,300,0,0,1388,40,74,69,112,182,186,140,0,0,803,307,477,464,592,777,747,540,0,0,3904,136,229,321,512,606,531,221,0,0,2556
ANSON,WS,5,1,9,9,19,15,15,0,0,73,0,0,0,0,0,0,0,0,0,0,23,25,25,40,56,53,31,0,0,253,4,16,22,33,40,29,15,0,0,159
ASHE,02,15,20,44,49,82,98,82,0,0,390,0,0,0,0,0,0,0,0,0,0,74,95,104,153,199,191,165,0,0,981,29,68,79,133,170,159,71,0,0,709
ASHE,03,8,16,11,20,31,38,34,0,0,158,0,0,0,0,0,0,0,0,0,0,21,44,47,51,65,87,59,0,0,374,10,24,35,45,62,75,18,0,0,269
ASHE,04,5,8,8,21,22,41,31,0,0,136,0,0,0,0,1,0,0,0,0,1,19,39,42,60,79,108,60,0,0,407,18,31,34,46,80,68,20,0,0,297
ASHE,06,6,5,13,20,22,35,32,0,0,133,0,0,0,0,0,0,0,0,0,0,19,18,48,61,79,98,60,0,0,383,5,14,50,46,70,57,30,0,0,272
ASHE,07,3,10,16,18,25,38,15,0,0,125,0,0,0,0,0,0,0,0,0,0,15,29,32,32,70,69,34,0,0,281,9,20,22,42,64,37,11,0,0,205
ASHE,08,1,1,10,4,10,13,6,0,0,45,0,0,0,0,0,1,0,0,0,1,8,11,19,19,30,40,30,0,0,157,1,10,6,17,26,27,13,0,0,100
ASHE,09,25,84,108,161,184,226,235,0,0,1023,1,2,7,11,20,10,14,0,0,65,185,335,306,393,510,542,464,0,0,2735,87,155,225,323,425,406,206,0,0,1827
ASHE,10,2,5,6,9,13,19,15,0,0,69,0,0,0,0,0,0,0,0,0,0,12,18,12,25,41,33,29,0,0,170,6,7,9,21,26,15,19,0,0,103
ASHE,11,13,35,52,68,122,210,124,0,0,624,0,0,0,0,0,1,0,0,0,1,111,160,181,244,324,402,212,0,0,1634,50,94,119,194,294,262,77,0,0,1090
ASHE,12,2,6,12,16,36,48,39,0,0,159,0,0,0,0,0,0,0,0,0,0,21,39,58,58,123,111,88,0,0,498,14,26,35,64,89,81,36,0,0,345
ASHE,13,16,24,36,47,65,80,72,0,0,340,0,0,0,0,0,0,0,0,0,0,59,121,118,126,201,198,145,0,0,968,29,58,74,126,156,157,54,0,0,654
ASHE,14,13,43,39,79,119,205,196,0,0,694,1,1,3,0,3,0,0,0,0,8,98,178,201,259,388,460,347,0,0,1931,56,98,133,229,344,391,113,0,0,1364
ASHE,15,9,8,34,31,58,84,52,0,0,276,0,0,0,0,0,0,0,0,0,0,47,59,93,117,162,175,93,0,0,746,13,34,67,96,153,106,44,0,0,513
ASHE,16,22,38,48,80,142,159,114,0,0,603,0,0,0,0,0,0,0,0,0,0,111,202,221,274,412,382,229,0,0,1831,65,102,188,228,298,244,72,0,0,1197
ASHE,17,11,20,22,43,55,62,57,0,0,270,0,0,3,4,6,5,6,0,0,24,45,48,79,97,125,112,94,0,0,600,24,40,57,81,101,67,47,0,0,417
ASHE,18,2,2,6,2,5,9,16,0,0,42,0,0,0,0,0,0,0,0,0,0,5,7,13,17,22,18,30,0,0,112,3,4,7,11,23,18,13,0,0,79
ASHE,20,29,72,101,115,164,212,174,0,0,867,0,16,20,13,35,46,47,0,0,177,134,258,313,348,422,484,393,0,0,2352,61,145,192,277,367,361,191,0,0,1594
AVERY,01,13,32,34,49,67,78,65,0,0,338,0,2,1,3,6,7,4,0,0,23,58,91,97,124,112,168,94,0,0,744,29,45,73,93,101,114,35,0,0,490
AVERY,02,10,27,37,63,105,125,139,0,0,506,2,9,11,16,28,53,48,0,0,167,116,144,171,262,347,373,289,1,0,1703,52,75,127,196,255,261,108,1,0,1075
AVERY,03,4,8,9,14,13,21,24,0,0,93,0,0,0,0,0,0,0,0,0,0,27,37,50,73,73,62,45,0,0,367,10,21,36,55,45,42,26,0,0,235
AVERY,04,0,1,1,0,9,9,4,0,0,24,0,0,0,0,0,0,0,0,0,0,6,6,4,16,26,19,6,0,0,83,3,2,2,16,16,8,2,0,0,49
AVERY,05,4,5,7,21,16,16,12,0,0,81,0,0,1,0,0,0,0,0,0,1,23,28,35,56,46,42,28,0,0,258,4,13,32,33,28,34,13,0,0,157
AVERY,06,8,18,19,31,34,32,32,0,0,174,9,19,28,26,20,30,40,0,0,172,42,85,99,96,88,94,67,0,0,571,17,41,50,44,68,68,35,0,0,323
AVERY,07,0,2,12,10,19,16,17,0,0,76,0,0,0,0,0,0,0,0,0,0,15,21,29,27,33,28,28,0,0,181,6,9,17,22,21,32,11,0,0,118
AVERY,08,6,3,11,18,21,28,18,0,0,105,0,0,0,0,2,0,0,0,0,2,21,18,34,58,57,46,27,0,0,261,5,15,19,39,45,34,11,0,0,168
AVERY,09,4,10,17,16,27,24,22,0,0,120,0,0,0,0,0,0,0,0,0,0,20,37,28,45,47,43,35,0,0,255,13,13,27,38,38,32,15,0,0,176
AVERY,10,7,14,25,23,42,52,43,0,0,206,0,0,0,0,0,0,0,0,0,0,45,69,84,85,151,116,64,0,0,614,18,38,56,77,91,90,24,0,0,394
AVERY,11,5,3,15,11,37,37,35,0,0,143,0,0,0,0,0,7,6,0,0,13,21,30,41,42,86,110,64,0,0,394,5,21,27,49,71,92,22,0,0,287
AVERY,12,1,3,10,14,12,26,17,0,0,83,0,0,0,0,0,0,0,0,0,0,11,12,31,25,43,41,33,0,0,196,6,12,20,31,33,30,14,0,0,146
AVERY,13,8,6,9,25,30,45,39,0,0,162,0,0,0,0,0,0,0,0,0,0,23,39,47,64,83,82,64,0,0,402,16,21,27,58,65,59,37,0,0,283
AVERY,14,7,19,28,23,55,60,68,0,0,260,3,11,17,14,21,25,23,0,0,114,40,74,72,95,132,134,123,0,0,670,16,33,47,88,97,100,43,0,0,424
AVERY,15,12,9,17,22,55,48,28,0,0,191,3,3,6,11,15,23,20,0,0,81,37,68,71,89,114,121,85,0,0,585,17,33,23,67,85,75,38,0,0,338
AVERY,16,9,8,33,46,67,123,135,0,0,421,0,0,0,0,0,0,0,0,0,0,43,71,95,121,202,352,272,0,0,1156,13,58,65,100,185,269,122,0,0,812
AVERY,17,5,15,15,26,35,42,22,0,0,160,0,0,0,0,0,0,0,0,0,0,43,46,56,67,82,87,53,0,0,434,15,19,39,55,57,42,23,0,0,250
AVERY,18,7,8,14,22,28,37,20,0,0,136,0,0,0,0,0,0,0,0,0,0,16,40,37,47,52,54,28,0,0,274,8,18,30,30,34,29,9,0,0,158
AVERY,19,1,11,6,18,9,17,16,0,0,78,0,0,0,0,0,0,0,0,0,0,18,31,29,30,30,42,24,0,0,204,8,9,19,25,27,27,16,0,0,131
BEAUFORT,AUROR,5,12,6,22,77,113,100,0,0,335,0,2,5,13,32,22,35,0,0,109,31,56,65,91,191,187,137,0,0,758,15,22,36,97,167,112,61,0,0,510
BEAUFORT,BEADM,20,50,59,106,118,158,114,0,0,625,2,9,7,11,17,13,8,0,0,67,111,171,179,257,285,286,164,0,0,1453,36,64,142,184,229,177,60,0,0,892
BEAUFORT,BELHV,11,23,28,47,80,146,125,0,0,460,1,8,20,30,62,108,83,0,0,312,66,79,86,137,227,282,202,0,0,1079,20,43,72,118,215,186,81,0,0,735
BEAUFORT,BLCK,5,8,9,35,65,100,64,0,0,286,0,0,0,0,0,0,0,0,0,0,41,46,68,105,180,186,118,0,0,744,9,18,48,86,135,120,36,0,0,452
BEAUFORT,CHOCO,38,59,74,116,190,245,193,0,0,915,3,10,9,17,26,41,46,0,0,152,236,330,354,515,541,586,342,0,0,2904,75,122,228,327,388,361,104,0,0,1605
BEAUFORT,EDWAR,9,7,8,28,65,94,80,0,0,291,1,0,0,0,0,0,0,0,0,1,48,50,54,85,179,186,123,0,0,725,9,23,38,77,144,106,59,0,0,456
BEAUFORT,GILEA,10,21,30,71,140,280,310,0,0,862,1,4,3,6,3,10,15,0,0,42,67,97,108,183,369,531,483,0,0,1838,30,49,80,147,308,449,168,0,0,1231
BEAUFORT,HB,12,23,42,48,71,66,41,0,0,303,0,0,0,0,0,3,0,0,0,3,57,65,89,115,127,109,72,0,0,634,12,39,67,93,105,69,28,0,0,413
BEAUFORT,NCRK,13,18,30,63,99,193,120,0,0,536,0,0,0,0,0,0,0,0,0,0,73,84,108,154,264,339,196,0,0,1218,19,39,59,119,227,189,87,0,0,739
BEAUFORT,OLDF,17,42,39,64,75,99,108,0,0,444,3,15,17,17,15,19,10,0,0,96,94,176,173,196,235,234,159,0,0,1267,45,95,125,140,162,155,50,0,0,772
BEAUFORT,PANTE,18,25,38,48,70,103,97,0,0,399,1,2,2,5,10,4,5,0,0,29,73,73,96,106,150,168,142,0,0,808,21,41,74,81,140,129,59,0,0,545
BEAUFORT,PINET,17,23,42,52,72,96,64,0,0,366,0,0,0,0,0,0,0,0,0,0,71,71,83,114,131,139,90,0,0,699,13,38,63,76,123,97,28,0,0,438
BEAUFORT,PSJW3,5,8,24,21,42,70,88,0,0,258,13,13,41,52,93,117,116,0,0,445,66,68,112,116,177,191,174,0,0,904,19,47,83,85,131,142,73,0,0,580
BEAUFORT,RVRD,17,42,54,88,134,222,177,0,0,734,0,0,1,0,0,0,0,0,0,1,128,173,166,216,298,372,255,0,0,1608,37,86,133,185,273,287,74,0,0,1075
BEAUFORT,SURBA,27,50,106,119,159,237,229,0,0,927,0,0,2,3,7,13,16,0,0,41,104,161,213,244,309,365,283,0,0,1679,40,103,137,178,284,274,111,0,0,1127
BEAUFORT,TCRK,27,41,57,96,164,197,173,0,0,755,0,3,7,9,7,14,12,0,0,52,165,193,213,312,353,371,264,0,0,1871,43,89,156,234,274,246,99,0,0,1141
BEAUFORT,WASH1,9,23,21,42,79,135,94,0,0,403,8,33,42,61,136,201,102,0,0,583,63,107,102,149,227,283,145,0,0,1076,26,51,77,138,204,149,59,0,0,704
BEAUFORT,WASH2,4,13,28,34,71,98,99,0,0,347,9,21,40,61,118,157,104,0,0,510,61,99,99,133,216,232,163,0,0,1003,34,64,76,121,181,164,64,0,0,704
BEAUFORT,WASH4,37,27,49,76,111,163,221,0,0,684,29,29,72,109,162,217,240,0,0,858,120,136,176,216,285,345,328,0,0,1606,35,77,118,178,240,279,130,0,0,1057
BEAUFORT,WASHP,9,24,46,56,88,130,131,0,0,484,0,0,5,11,28,26,27,0,0,97,71,80,116,132,174,215,176,0,0,964,24,57,77,125,163,167,72,0,0,685
BEAUFORT,WDPD,15,29,58,65,86,138,144,0,0,535,0,2,0,0,0,0,0,0,0,2,90,126,158,198,213,285,194,0,0,1264,31,65,99,121,174,186,69,0,0,745
BERTIE,C1,2,16,23,21,57,77,62,0,0,258,1,0,1,3,6,8,10,0,0,29,36,57,71,82,143,127,107,0,0,623,15,36,39,80,107,86,43,0,0,406
BERTIE,C2,10,16,22,58,83,109,94,0,0,392,1,1,5,3,2,7,9,0,0,28,40,96,93,138,191,206,148,0,0,912,21,62,63,112,144,139,63,0,0,604
BERTIE,IW,6,0,5,10,22,35,27,0,0,105,0,0,0,0,1,0,0,0,0,1,15,14,26,26,54,63,35,0,0,233,5,11,14,29,53,38,12,0,0,162
BERTIE,M1,4,15,25,30,40,66,37,0,0,217,0,0,0,0,0,0,0,0,0,0,39,56,80,87,110,118,49,0,0,539,13,30,52,67,99,52,22,0,0,335
BERTIE,M2,1,10,16,26,47,87,48,0,0,235,0,14,11,14,21,40,26,0,0,126,27,43,43,83,93,133,67,0,0,489,11,29,36,52,98,77,28,0,0,331
BERTIE,MH,1,5,14,18,47,101,85,0,0,271,0,0,0,0,0,0,0,0,0,0,29,47,39,80,120,170,97,0,0,582,11,23,35,60,140,107,35,0,0,411
BERTIE,RX,9,14,26,50,75,109,74,0,0,357,4,3,11,18,12,30,22,0,0,100,46,62,77,126,152,177,96,0,0,736,10,31,59,80,139,98,31,0,0,448
BERTIE,SN,5,10,22,25,65,93,47,0,0,267,0,0,0,0,0,0,0,0,0,0,33,56,58,73,138,132,60,0,0,550,15,22,42,75,130,70,23,0,0,377
BERTIE,W1,23,45,90,116,228,335,259,0,0,1096,15,25,42,50,82,104,94,0,0,412,145,252,286,347,542,585,375,0,0,2532,65,157,189,298,477,367,154,0,0,1707
BERTIE,W2,12,9,19,38,25,44,42,0,0,189,1,0,2,3,3,6,4,0,0,19,52,59,72,85,99,114,73,0,0,554,10,26,48,53,77,77,22,0,0,313
BERTIE,WD,3,7,21,20,60,70,47,0,0,228,2,2,6,5,23,23,11,0,0,72,23,33,75,58,119,120,65,0,0,493,8,34,37,53,106,61,27,0,0,326
BERTIE,WH,8,4,19,38,52,119,84,0,0,324,0,0,0,0,0,0,0,0,0,0,39,59,89,105,162,198,138,0,0,790,14,33,69,78,175,128,49,0,0,546
BLADEN,P10,9,7,18,24,27,37,34,0,0,156,0,0,0,0,0,0,0,0,0,0,39,62,59,82,96,96,55,0,0,489,18,39,45,58,80,59,21,0,0,320
BLADEN,P15,26,33,50,82,113,156,159,0,0,619,1,0,5,1,2,3,3,0,0,15,192,253,257,334,397,348,249,0,0,2030,75,157,208,285,301,251,110,0,0,1387
BLADEN,P201,13,13,26,49,67,93,133,0,0,394,3,6,5,11,20,17,29,0,0,91,81,110,122,185,200,237,188,0,0,1123,32,52,98,158,151,178,84,0,0,753
BLADEN,P202,12,20,29,54,88,150,113,0,0,466,1,4,2,4,7,15,8,0,0,41,162,194,221,272,320,331,211,0,0,1711,57,99,144,237,240,225,70,0,0,1072
BLADEN,P25,9,5,15,26,29,76,54,0,0,214,3,1,11,6,11,26,19,0,0,77,56,68,79,95,137,182,90,0,0,707,18,40,71,72,154,113,35,0,0,503
BLADEN,P30,7,14,25,28,44,106,103,0,0,327,5,7,5,11,11,21,15,0,0,75,37,92,111,139,164,218,136,0,0,897,28,57,74,112,176,140,59,0,0,646
BLADEN,P35,2,5,12,9,17,39,28,0,0,112,0,0,0,0,0,0,0,0,0,0,49,42,52,63,89,100,51,0,0,446,16,28,39,50,77,60,20,1,0,291
BLADEN,P40,11,15,23,48,69,128,117,0,0,411,8,10,18,38,55,80,53,0,0,262,86,117,148,206,277,299,182,0,0,1315,37,66,108,173,208,205,51,0,0,848
BLADEN,P45,3,4,7,15,9,21,22,0,0,81,0,0,0,0,0,0,0,0,0,0,39,46,43,67,69,70,35,0,0,369,17,19,40,45,52,49,11,0,0,233
BLADEN,P501,19,30,50,85,128,203,198,0,0,713,7,23,41,51,65,120,111,0,0,418,160,218,278,323,362,423,258,0,0,2022,79,168,223,235,336,292,111,0,0,1444
BLADEN,P502,16,18,19,42,69,120,103,0,0,387,7,12,12,25,40,55,53,0,0,204,97,131,159,177,250,291,174,0,0,1279,42,89,109,156,210,181,80,0,0,867
BLADEN,P55,4,7,4,12,27,48,33,0,0,135,0,0,0,0,0,0,0,0,0,0,26,41,50,78,88,96,74,0,0,453,15,13,45,45,64,64,28,0,0,274
BLADEN,P60,11,10,17,38,68,90,84,0,0,318,0,0,1,3,1,4,6,0,0,15,80,112,160,196,218,235,141,0,0,1142,23,80,112,159,173,169,49,0,0,765
BLADEN,P65,3,5,5,10,36,80,52,0,0,191,0,0,0,0,0,0,0,0,0,0,28,45,38,55,108,141,77,0,0,492,7,16,33,52,114,80,31,0,0,333
BLADEN,P70,3,5,7,11,24,27,20,0,0,97,0,0,0,0,0,0,0,0,0,0,30,44,35,63,86,58,53,0,0,369,8,13,33,41,62,43,22,0,0,222
BLADEN,P75,9,10,22,25,46,70,50,0,0,232,0,0,0,1,0,0,0,0,0,1,57,78,125,122,181,158,105,0,0,826,25,66,70,115,120,120,38,0,0,554
BLADEN,P80,11,12,11,34,45,64,72,0,0,249,0,0,0,0,0,0,0,0,0,0,76,85,101,145,161,141,113,0,0,822,34,42,67,109,131,101,40,0,0,524
BRUNSWICK,CB01,15,22,47,77,109,121,81,0,0,472,0,0,0,4,2,1,0,0,0,7,144,178,315,298,378,317,177,0,0,1807,26,105,115,163,204,156,69,0,0,838
BRUNSWICK,CB02,50,55,112,193,259,421,357,0,0,1447,3,14,39,46,96,231,161,0,0,590,330,549,617,762,1064,1243,787,0,0,5352,104,210,347,477,753,706,277,0,0,2874
BRUNSWICK,CB03,13,16,51,60,125,214,201,0,0,680,0,0,0,0,3,2,0,0,0,5,113,144,231,247,475,594,452,0,0,2256,26,74,126,197,355,400,185,0,0,1363
BRUNSWICK,CB04,18,21,30,74,191,333,245,0,0,912,9,10,12,57,149,202,135,0,0,574,156,241,230,452,868,939,562,0,0,3448,39,84,116,361,587,557,202,0,0,1946
BRUNSWICK,CB05,13,30,40,71,147,319,236,0,0,856,0,4,0,2,13,17,10,0,0,46,137,258,222,343,653,843,621,0,0,3077,49,64,120,292,483,574,215,0,0,1797
BRUNSWICK,CB06,20,48,100,97,297,760,508,0,0,1830,0,0,1,5,4,4,0,0,0,14,243,548,599,612,1316,1818,929,0,0,6065,69,154,218,389,825,951,246,0,0,2852
BRUNSWICK,NB01,11,18,31,29,73,105,59,0,0,326,11,8,26,30,57,77,46,0,0,255,140,239,241,253,330,270,183,0,0,1656,56,96,126,173,201,147,60,0,0,859
BRUNSWICK,NB02,12,58,70,74,305,788,389,0,0,1696,13,32,47,52,105,247,146,0,0,642,324,771,739,657,1630,2196,766,0,0,7083,112,244,277,405,817,718,125,0,0,2698
BRUNSWICK,NB03,33,56,111,133,202,212,147,0,0,894,5,21,28,36,52,55,25,0,0,222,309,794,812,784,826,610,352,0,0,4487,115,243,328,416,405,325,115,0,0,1947
BRUNSWICK,NB04,16,24,78,95,206,522,682,0,0,1623,11,27,57,85,199,609,580,0,0,1568,229,424,567,663,918,1587,1297,0,0,5685,82,209,329,416,755,1252,381,0,0,3424
BRUNSWICK,NB05,10,41,57,56,95,138,88,0,0,485,13,39,65,66,118,130,72,0,0,503,176,447,484,382,433,393,246,0,0,2561,95,192,199,246,301,229,92,0,0,1354
BRUNSWICK,NB06,9,30,28,39,269,1042,773,0,0,2190,10,21,46,49,426,1378,789,0,0,2719,147,245,201,267,1164,2439,1356,0,0,5819,40,53,62,173,780,1260,263,0,0,2631
BRUNSWICK,NB07,34,85,147,176,245,403,323,0,0,1413,21,72,118,152,180,309,234,0,0,1086,605,1160,1248,1133,1116,1152,786,0,0,7200,185,425,595,581,658,721,207,0,0,3372
BRUNSWICK,SB01,13,36,62,79,117,170,119,0,0,596,0,3,1,4,3,5,6,0,0,22,144,287,290,324,400,382,236,0,0,2063,52,112,139,199,263,236,75,0,0,1076
BRUNSWICK,SB02,24,56,86,154,220,369,214,0,0,1123,20,35,80,159,235,370,192,0,0,1091,308,518,598,737,892,853,431,0,0,4337,87,186,309,454,573,453,154,0,0,2216
BRUNSWICK,SB03,8,13,14,24,347,1373,1268,0,0,3047,4,3,7,13,245,772,624,0,0,1668,118,169,137,277,1520,3406,2278,0,0,7905,29,41,56,259,1116,2257,666,0,0,4424
BRUNSWICK,SB04,6,15,37,59,173,340,296,0,0,926,19,19,55,92,350,560,402,0,0,1497,125,153,215,310,674,947,631,0,0,3055,35,89,127,281,514,651,197,0,0,1894
BRUNSWICK,SB05,11,13,36,66,172,296,253,0,0,847,13,20,41,84,218,354,241,0,0,971,133,164,231,360,617,782,536,0,0,2823,35,77,147,273,454,490,178,0,0,1654
BRUNSWICK,SB06,9,13,19,53,197,360,266,0,0,917,14,21,48,119,354,498,261,0,0,1315,110,119,150,408,777,896,481,0,0,2941,40,43,163,378,563,528,148,0,0,1863
BRUNSWICK,SB07,11,17,24,62,217,349,205,0,0,885,15,19,42,106,356,506,223,0,0,1267,106,126,160,338,840,857,371,0,0,2798,35,56,101,356,603,436,113,0,0,1700
BRUNSWICK,SB08,3,8,8,34,91,223,237,0,0,604,6,8,10,56,137,280,224,0,0,721,91,65,78,205,369,574,452,0,0,1834,22,26,70,194,301,399,170,0,0,1182
BRUNSWICK,WB01,19,41,48,73,118,100,61,0,0,460,0,0,0,0,1,0,0,0,0,1,161,213,221,247,332,248,166,0,0,1588,43,74,119,172,206,145,58,0,0,817
BRUNSWICK,WB02,9,15,31,37,239,682,527,0,0,1540,0,0,0,5,24,31,6,0,0,66,125,179,230,411,1209,2208,1493,0,0,5855,37,72,92,285,755,1296,413,0,0,2950
BRUNSWICK,WB03,11,23,21,67,79,90,61,0,0,352,0,0,0,0,0,0,0,0,0,0,80,116,154,184,266,233,131,0,0,1164,26,46,82,139,164,147,40,0,0,644
BRUNSWICK,WB04,12,26,36,63,244,686,535,0,0,1602,3,6,11,20,113,363,288,0,0,804,185,291,294,539,1322,2171,1416,0,0,6218,52,87,153,345,944,1149,551,0,0,3281
BRUNSWICK,WB05,9,14,22,40,198,588,547,0,0,1418,8,14,18,48,300,785,668,0,0,1841,96,101,140,279,892,1498,1189,0,0,4195,29,40,80,238,692,1043,471,0,0,2593
BRUNSWICK,WB06,19,24,50,94,342,855,647,0,0,2031,6,6,8,19,110,133,96,0,0,378,255,275,289,529,1505,2384,1334,0,0,6571,53,110,157,454,1050,1329,344,0,0,3497
BUNCOMBE,01.1,11,92,85,66,81,120,167,0,0,622,0,0,1,0,0,0,0,0,0,1,79,288,250,184,208,299,229,0,0,1537,64,137,121,138,179,218,78,0,0,935
BUNCOMBE,02.1,35,95,179,187,184,182,165,0,0,1027,0,0,1,0,1,0,0,0,0,2,231,353,431,400,325,314,186,0,0,2240,110,246,291,278,205,222,54,0,0,1406
BUNCOMBE,03.1,32,106,147,134,138,135,127,0,0,819,0,0,0,0,0,0,0,0,0,0,123,330,309,290,248,229,166,0,0,1695,95,191,220,218,162,153,60,0,0,1099
BUNCOMBE,04.1,21,32,78,92,123,153,135,0,0,634,0,0,0,0,0,0,0,0,0,0,83,127,160,219,198,258,148,0,0,1193,42,87,131,172,181,185,46,0,0,844
BUNCOMBE,05.1,45,42,96,159,223,327,286,0,0,1178,0,2,7,15,18,31,25,0,0,98,180,149,286,393,379,497,356,0,0,2240,70,130,275,319,331,393,135,0,0,1653
BUNCOMBE,06.1,11,35,97,76,77,129,150,0,0,575,0,0,0,0,0,0,0,0,0,0,52,133,223,161,160,241,199,0,0,1169,38,114,146,119,163,195,79,0,0,854
BUNCOMBE,07.1,18,48,110,154,140,181,142,0,0,793,0,0,0,0,0,0,0,0,0,0,82,174,273,301,249,260,144,0,0,1483,49,148,211,204,188,183,55,0,0,1038
BUNCOMBE,08.2,20,83,119,82,92,127,116,0,0,639,0,0,0,0,0,0,0,0,0,0,152,371,342,282,261,289,178,0,0,1875,105,205,215,169,225,209,72,0,0,1200
BUNCOMBE,08.3,13,71,148,128,96,137,126,0,0,719,0,0,0,0,0,0,0,0,0,0,108,341,444,339,289,310,203,0,0,2034,62,240,277,208,218,212,68,0,0,1285
BUNCOMBE,09.1,23,154,245,187,158,166,92,0,0,1025,0,3,0,0,1,0,0,0,0,4,187,639,682,462,346,373,197,0,0,2886,138,378,378,261,245,209,77,0,0,1686
BUNCOMBE,10.1,14,31,71,74,84,69,58,0,0,401,0,0,0,0,1,0,0,0,0,1,80,169,176,159,198,157,95,0,0,1034,45,114,123,130,139,107,39,0,0,697
BUNCOMBE,11.1,3,66,76,59,74,83,58,0,0,419,0,1,0,1,1,0,0,0,0,3,48,265,195,157,167,168,78,0,0,1078,49,110,107,115,115,94,25,0,0,615
BUNCOMBE,12.1,23,106,263,251,154,129,65,0,0,991,0,1,0,1,0,0,0,0,0,2,82,351,577,426,260,187,92,0,0,1975,67,283,370,240,165,101,14,0,0,1240
BUNCOMBE,13.1,17,125,172,162,97,79,59,0,0,711,0,4,0,0,0,0,0,0,0,4,104,371,421,320,189,149,95,0,0,1649,73,258,264,187,117,87,38,0,0,1024
BUNCOMBE,14.2,20,107,197,129,91,90,62,0,0,696,0,0,0,0,1,0,0,0,0,1,116,408,465,317,226,175,109,0,0,1816,86,270,244,175,160,102,43,0,0,1080
BUNCOMBE,14.3,17,59,70,28,21,36,22,0,0,253,0,0,0,0,0,0,0,0,0,0,111,233,172,107,72,79,47,0,0,821,56,108,86,59,60,49,18,0,0,436
BUNCOMBE,15.1,24,90,217,214,132,135,93,0,0,905,0,0,0,0,0,0,0,0,0,0,97,265,466,398,233,205,143,0,0,1807,54,253,340,236,159,129,53,0,0,1224
BUNCOMBE,16.2,36,137,242,215,138,125,88,0,0,981,0,0,0,0,0,1,0,0,0,1,153,471,612,474,258,248,143,0,0,2359,98,340,409,222,180,167,55,0,0,1471
BUNCOMBE,17.1,13,58,50,62,110,125,124,0,0,542,0,0,0,0,0,0,0,0,0,0,73,196,165,197,217,222,183,0,0,1253,60,101,100,168,166,189,69,0,0,853
BUNCOMBE,18.2,25,58,132,133,214,273,641,0,0,1476,0,1,1,0,0,4,5,0,0,11,291,437,486,518,571,607,1141,0,0,4051,136,198,283,410,435,607,591,0,0,2660
BUNCOMBE,19.1,6,46,18,15,17,61,146,0,0,309,0,0,0,0,1,0,0,0,0,1,88,255,118,96,103,173,284,0,0,1117,64,53,50,61,111,187,126,0,0,652
BUNCOMBE,20.1,10,42,45,59,68,97,85,0,0,406,1,0,0,0,0,0,0,0,0,1,42,131,163,114,120,171,91,0,0,832,33,79,98,78,104,117,31,0,0,540
BUNCOMBE,21.1,22,44,108,158,123,235,220,0,0,910,0,0,1,0,0,1,0,0,0,2,117,219,354,328,326,438,328,0,0,2110,74,177,242,211,298,339,112,0,0,1453
BUNCOMBE,22.2,29,30,99,148,162,325,348,0,0,1141,0,0,0,0,0,0,0,0,0,0,73,122,255,273,291,504,452,0,0,1970,37,109,209,201,309,433,164,0,0,1462
BUNCOMBE,23.2,3,15,20,22,31,77,64,0,0,232,0,0,0,0,0,0,0,0,0,0,21,55,54,48,84,140,137,0,0,539,10,21,32,35,89,107,52,0,0,346
BUNCOMBE,23.3,9,18,53,64,59,113,90,0,0,406,0,0,0,0,0,0,0,0,0,0,48,45,118,133,136,140,123,0,0,743,18,60,92,85,127,128,40,0,0,550
BUNCOMBE,24.1,7,61,140,104,84,107,96,0,0,599,2,2,0,0,0,2,0,0,0,6,116,326,453,320,268,255,203,0,0,1941,63,259,256,185,209,188,85,0,0,1245
BUNCOMBE,25.1,16,73,112,125,91,165,88,0,0,670,0,1,0,0,0,0,0,0,0,1,105,322,325,284,258,298,172,0,0,1764,84,180,212,179,217,188,77,0,0,1137
BUNCOMBE,26.1,20,83,134,133,54,70,54,0,0,548,0,0,0,0,0,0,0,0,0,0,124,325,382,265,155,152,89,0,0,1492,57,206,253,137,116,93,31,0,0,893
BUNCOMBE,27.2,8,13,21,21,62,122,85,0,0,332,0,0,0,0,0,0,0,0,0,0,33,43,76,72,152,226,103,0,0,705,19,32,50,80,165,139,28,0,0,513
BUNCOMBE,28.1,113,74,77,103,95,135,106,0,0,703,1,0,0,0,0,0,0,0,0,1,421,218,220,193,198,230,128,0,0,1608,131,118,169,140,154,164,36,0,0,912
BUNCOMBE,29.2,16,37,78,87,106,140,444,0,0,908,0,1,1,0,0,0,0,0,0,2,124,341,308,286,314,341,799,0,0,2513,76,144,189,205,231,387,396,0,0,1628
BUNCOMBE,30.2,17,80,70,61,101,190,124,0,0,643,0,0,2,0,1,0,0,0,0,3,234,451,358,381,423,457,249,0,0,2553,116,146,205,251,265,247,72,0,0,1302
BUNCOMBE,30.3,27,44,93,84,121,212,212,0,0,793,0,0,0,0,0,0,0,0,0,0,193,343,441,447,429,509,456,0,0,2818,72,180,280,290,338,319,199,0,0,1678
BUNCOMBE,31.1,9,13,28,52,96,120,150,0,0,468,0,0,0,0,0,0,0,0,0,0,87,61,87,151,237,249,230,0,0,1102,31,44,106,162,201,216,111,0,0,871
BUNCOMBE,32.1,11,21,59,57,100,190,218,0,0,656,0,0,0,0,0,0,0,0,0,0,109,156,229,231,310,392,340,0,0,1767,46,106,139,177,269,283,133,0,0,1153
BUNCOMBE,33.2,13,21,42,49,61,142,154,0,0,482,0,0,0,0,0,0,1,0,0,1,72,118,162,183,194,266,180,0,0,1175,21,93,107,118,175,189,59,0,0,762
BUNCOMBE,33.3,14,35,60,65,99,147,133,0,0,553,0,0,0,0,0,0,0,0,0,0,85,187,256,217,261,341,228,0,0,1575,41,128,143,160,237,231,82,0,0,1022
BUNCOMBE,34.1,9,10,30,54,74,161,129,0,0,467,0,0,0,0,0,0,0,0,0,0,47,81,124,143,174,252,145,0,0,966,13,58,85,130,168,167,54,0,0,675
BUNCOMBE,35.1,8,33,49,53,72,151,388,0,0,754,0,0,0,0,0,0,2,0,0,2,52,114,162,164,193,314,497,0,0,1496,29,89,96,133,193,289,263,0,0,1092
BUNCOMBE,36.1,11,19,65,50,75,187,162,0,0,569,1,0,0,0,1,0,0,0,0,2,115,193,237,237,240,355,234,0,0,1611,52,100,155,152,224,261,89,0,0,1033
BUNCOMBE,37.1,6,12,44,59,57,134,81,0,0,393,0,0,0,1,0,0,0,0,0,1,83,109,193,179,238,310,130,0,0,1242,21,79,124,162,217,179,42,0,0,824
BUNCOMBE,38.2,17,28,48,87,109,200,151,0,0,640,0,0,0,0,0,0,0,0,0,0,139,134,245,263,351,342,192,0,0,1666,49,123,161,220,252,216,68,0,0,1089
BUNCOMBE,38.3,21,47,103,124,173,254,181,0,0,903,0,0,0,0,0,0,0,0,0,0,211,305,425,490,541,503,328,0,0,2803,95,178,304,392,434,315,114,0,0,1832
BUNCOMBE,39.2,19,30,66,102,89,127,99,0,0,532,0,0,0,0,0,1,1,0,0,2,80,158,266,248,237,266,148,0,0,1403,42,93,184,163,204,171,60,0,0,917
BUNCOMBE,39.3,13,42,108,109,162,272,239,0,0,945,0,0,0,0,0,0,0,0,0,0,143,214,375,366,435,520,293,0,0,2346,48,161,250,247,359,380,81,0,0,1526
BUNCOMBE,40.2,30,41,98,123,124,212,146,0,0,774,0,0,0,0,0,0,0,0,0,0,250,358,484,593,590,555,348,0,0,3178,116,217,374,443,454,356,121,0,0,2081
BUNCOMBE,41.1,24,52,76,102,126,194,132,0,0,706,0,3,2,0,2,0,0,0,0,7,193,354,460,475,507,485,267,0,0,2741,97,209,320,324,364,298,76,0,0,1688
BUNCOMBE,42.1,17,54,53,60,88,84,77,0,0,433,0,0,4,3,16,27,21,0,0,71,124,253,279,241,274,253,165,0,0,1589,57,145,134,170,209,158,64,0,0,937
BUNCOMBE,43.2,12,39,60,68,53,71,34,0,0,337,0,0,0,0,0,0,0,0,0,0,98,221,250,223,181,152,94,0,0,1219,50,158,163,130,129,82,27,0,0,739
BUNCOMBE,44.1,46,117,151,153,244,466,426,0,0,1603,0,1,0,0,0,2,0,0,0,3,316,787,693,680,764,944,665,0,0,4849,158,301,405,488,584,636,213,0,0,2785
BUNCOMBE,45.1,23,71,166,156,106,213,211,0,0,946,2,0,0,0,0,0,0,0,0,2,236,562,742,541,510,483,388,0,0,3462,106,354,372,344,391,361,169,0,0,2097
BUNCOMBE,46.1,16,25,52,89,50,72,42,0,0,346,1,0,0,0,0,0,0,0,0,1,96,168,189,240,211,162,135,0,0,1201,35,119,197,140,177,105,66,0,0,839
BUNCOMBE,47.1,24,54,137,130,170,238,156,0,0,909,0,0,0,0,0,0,0,0,0,0,226,384,570,586,649,554,316,0,0,3285,76,269,341,396,476,344,112,0,0,2014
BUNCOMBE,48.1,19,44,124,91,143,215,197,0,0,833,0,0,0,0,0,0,0,0,0,0,207,388,557,463,558,525,377,0,0,3075,77,280,265,374,403,379,143,0,0,1921
BUNCOMBE,49.1,17,43,90,122,145,193,140,0,0,750,0,0,2,0,0,0,0,0,0,2,219,476,587,572,640,497,348,0,0,3339,85,290,312,396,420,297,141,0,0,1941
BUNCOMBE,50.1,5,18,44,40,67,91,48,0,0,313,0,0,0,0,0,0,0,0,0,0,63,149,177,179,230,221,133,0,0,1152,42,101,117,164,200,137,38,0,0,799
BUNCOMBE,51.2,11,12,48,51,72,140,94,0,0,428,0,0,0,0,0,0,0,0,0,0,122,177,270,264,300,331,211,0,0,1675,52,144,187,181,261,226,81,0,0,1132
BUNCOMBE,52.1,18,59,112,109,171,236,133,0,0,838,0,0,0,0,0,0,0,0,0,0,222,484,572,564,662,570,307,0,0,3381,129,271,340,389,435,348,97,0,0,2009
BUNCOMBE,53.1,18,42,64,69,104,243,168,0,0,708,0,0,0,0,0,0,0,0,0,0,168,324,386,389,499,531,336,0,0,2633,84,190,223,292,388,316,109,0,0,1602
BUNCOMBE,54.2,21,62,83,96,122,178,140,0,0,702,0,0,0,0,0,0,0,0,0,0,279,504,510,518,538,492,337,0,0,3178,113,235,285,366,336,276,139,0,0,1750
BUNCOMBE,55.1,20,47,84,107,160,206,145,0,0,769,0,0,0,0,0,0,0,0,0,0,125,314,463,465,453,436,303,0,0,2559,72,215,282,332,374,298,118,0,0,1691
BUNCOMBE,56.2,18,32,81,86,70,139,115,0,0,541,0,0,1,0,0,0,0,0,0,1,89,201,324,275,243,306,206,0,0,1644,39,181,209,186,257,229,75,0,0,1176
BUNCOMBE,57.1,18,41,76,103,146,223,176,0,0,783,0,0,0,0,0,2,0,0,0,2,168,202,380,406,487,508,312,0,0,2463,69,133,254,290,402,340,99,0,0,1587
BUNCOMBE,58.1,20,35,51,70,99,195,221,0,0,691,3,10,13,4,10,9,10,0,0,59,143,293,311,255,355,460,357,0,0,2174,47,138,183,216,285,336,115,0,0,1320
BUNCOMBE,59.1,25,45,109,142,156,424,325,0,0,1226,1,9,20,15,19,116,88,0,0,268,181,344,449,471,534,849,559,0,0,3387,96,231,359,357,483,630,196,0,0,2352
BUNCOMBE,60.2,12,41,27,45,47,88,60,0,0,320,0,0,0,0,0,0,0,0,0,0,93,194,136,136,152,180,120,0,0,1011,44,70,80,102,124,128,29,0,0,577
BUNCOMBE,60.4,8,24,55,69,87,160,146,0,0,549,0,0,0,0,0,0,0,0,0,0,86,176,204,200,251,319,220,0,0,1456,46,101,150,147,230,229,74,0,0,977
BUNCOMBE,61.1,19,45,87,95,144,226,192,0,0,808,0,0,0,0,0,0,0,0,0,0,131,195,319,313,391,426,263,0,0,2038,60,134,246,257,341,295,81,0,0,1414
BUNCOMBE,62.1,15,45,84,82,134,207,179,0,0,746,0,1,1,0,0,0,0,0,0,2,86,174,294,296,366,453,314,0,0,1983,51,142,185,248,320,293,126,0,0,1365
BUNCOMBE,63.1,6,4,12,29,30,35,35,0,0,151,0,0,0,0,0,0,0,0,0,0,47,54,67,98,81,92,57,0,0,496,13,39,52,68,65,62,22,0,0,321
BUNCOMBE,64.1,8,37,79,81,95,110,76,0,0,486,0,0,0,0,0,0,0,0,0,0,71,209,282,258,320,274,153,0,0,1567,53,157,159,212,225,164,46,0,0,1016
BUNCOMBE,65.1,60,53,117,114,136,240,175,0,0,895,0,0,0,0,0,0,0,0,0,0,244,286,386,350,396,476,281,0,0,2419,98,224,263,256,378,321,89,0,0,1629
BUNCOMBE,66.1,29,27,41,55,60,98,116,0,0,426,0,0,0,0,0,0,0,0,0,0,146,154,193,205,211,218,192,0,0,1319,58,85,157,142,160,191,56,0,0,849
BUNCOMBE,67.1,11,41,87,103,113,296,332,0,0,983,7,41,102,106,141,320,285,0,0,1002,97,187,262,292,310,537,456,0,0,2141,56,142,200,206,338,428,184,0,0,1554
BUNCOMBE,68.1,30,89,106,108,127,185,142,0,0,787,0,1,1,5,9,7,7,0,0,30,313,599,601,534,535,518,365,0,0,3465,136,300,339,357,387,336,152,0,0,2007
BUNCOMBE,681,1,6,7,10,25,25,10,0,0,84,0,0,0,0,0,0,0,0,0,0,28,29,47,51,80,48,30,0,0,313,9,21,34,49,60,32,6,0,0,211
BUNCOMBE,69.1,21,51,128,118,135,183,110,0,0,746,0,8,19,27,45,47,18,0,0,164,184,332,489,416,479,466,265,0,0,2631,93,245,315,311,371,271,95,0,0,1701
BUNCOMBE,70.1,25,96,130,117,100,143,146,0,0,757,9,65,84,93,75,120,99,0,0,545,181,492,417,347,303,356,309,0,0,2405,132,234,274,211,253,215,136,0,0,1455
BUNCOMBE,71.1,20,81,137,144,179,353,336,0,0,1250,3,28,43,40,61,140,127,0,0,442,175,408,566,473,541,730,529,0,0,3422,93,276,310,349,476,541,162,0,0,2207
BURKE,0001,11,44,35,45,108,165,135,0,0,543,6,9,13,26,32,80,30,0,0,196,177,320,286,348,499,441,332,0,0,2403,57,117,162,260,349,252,140,0,0,1337
BURKE,0003,1,6,22,16,43,58,57,0,0,203,0,1,0,0,0,0,0,0,0,1,75,95,127,136,170,166,149,0,0,918,14,39,62,99,120,136,42,0,0,512
BURKE,0011,6,21,28,40,90,121,71,0,0,377,3,2,5,10,22,28,20,0,0,90,174,255,319,372,557,386,229,0,0,2292,39,108,152,260,302,190,69,0,0,1120
BURKE,0012,12,15,20,42,63,88,83,0,0,323,0,0,0,0,0,0,0,0,0,0,113,208,177,254,297,262,186,0,0,1497,41,83,105,181,213,177,67,0,0,867
BURKE,0013,7,27,24,43,95,120,124,0,0,440,0,0,0,0,0,0,0,0,0,0,157,281,302,357,430,321,324,0,0,2172,65,114,155,269,239,237,139,0,0,1218
BURKE,0014,8,13,14,37,68,96,89,0,0,325,0,0,0,0,2,5,5,0,0,12,129,183,195,252,325,263,186,0,0,1533,42,76,100,177,200,149,66,0,0,810
BURKE,0015,1,9,16,24,40,47,38,0,0,175,1,4,6,10,6,11,7,0,0,45,78,169,141,150,234,190,109,0,0,1071,28,58,60,124,157,98,41,0,0,566
BURKE,0018,2,3,5,6,17,28,27,0,0,88,0,0,0,1,0,0,0,0,0,1,24,40,31,63,88,96,68,0,0,410,8,9,30,54,56,61,24,0,0,242
BURKE,0019,3,2,6,17,26,77,43,0,0,174,0,0,0,0,0,0,0,0,0,0,25,35,46,80,116,153,75,0,0,530,9,20,36,70,111,86,24,0,0,356
BURKE,0020,3,5,18,19,51,125,73,0,0,294,0,0,0,0,2,1,0,0,0,3,30,53,70,116,187,227,132,0,0,815,11,29,41,103,159,127,45,0,0,515
BURKE,0021,3,10,16,26,45,73,59,0,0,232,3,10,23,34,60,66,72,0,0,268,73,132,138,152,228,242,170,0,0,1135,30,45,82,111,172,143,62,0,0,645
BURKE,0022,7,17,21,40,77,109,98,0,0,369,1,7,0,5,16,18,20,0,0,67,122,168,179,229,320,297,211,0,0,1526,32,68,119,174,215,204,78,0,0,890
BURKE,0024,14,11,35,46,98,132,120,0,0,456,23,28,69,95,147,173,136,0,0,671,151,212,275,306,459,345,267,0,0,2015,39,114,161,256,306,229,101,0,0,1206
BURKE,0031,11,32,39,45,71,125,113,0,0,436,1,12,14,13,30,67,45,0,0,182,103,234,177,167,255,275,216,0,0,1427,57,110,81,133,219,207,70,0,0,877
BURKE,0034,6,19,30,37,101,104,94,0,0,391,0,8,11,12,27,45,50,0,0,153,114,193,204,195,286,241,173,0,0,1406,49,92,105,184,200,168,67,0,0,865
BURKE,0035,11,21,17,20,51,76,121,0,0,317,1,4,7,5,16,38,49,0,0,120,89,120,108,112,183,202,258,0,0,1072,28,47,50,97,148,145,142,0,0,657
BURKE,0036,5,17,20,28,73,92,78,0,0,313,0,0,0,0,0,0,0,0,0,0,100,193,178,222,313,257,185,0,0,1448,38,77,98,174,183,175,60,0,0,805
BURKE,0038,13,18,34,37,74,109,91,0,0,376,0,1,3,1,7,3,12,0,0,27,137,188,204,266,322,300,210,0,0,1627,39,94,119,191,223,200,84,0,0,950
BURKE,0039,4,17,17,35,62,92,69,0,0,296,0,6,9,5,11,37,12,0,0,80,100,184,169,210,252,268,200,0,0,1383,44,82,100,153,170,153,82,0,0,784
BURKE,0040,5,16,31,32,51,96,72,0,0,303,0,0,3,5,6,7,4,0,0,25,111,177,174,218,257,247,169,0,0,1353,31,83,122,138,157,140,75,0,0,746
BURKE,0047-A,6,14,26,41,92,150,125,0,0,454,0,0,0,0,2,2,6,0,0,10,94,162,166,226,315,355,234,0,0,1552,31,72,105,175,274,218,82,0,0,957
BURKE,0047-B,10,8,25,38,60,68,57,0,0,266,0,0,0,0,0,0,0,0,0,0,95,132,130,181,212,173,122,0,0,1045,22,54,91,116,145,102,45,0,0,575
BURKE,0048,5,20,36,55,102,134,116,0,0,468,1,4,2,8,12,19,29,0,0,75,121,180,218,258,308,310,263,0,0,1658,47,94,106,195,224,226,100,0,0,992
BURKE,0051,13,34,36,67,114,196,164,0,0,624,4,14,17,29,43,45,39,0,0,191,174,335,335,431,483,487,381,0,0,2626,79,139,189,270,355,337,140,0,0,1509
BURKE,0052,2,9,15,22,26,69,43,0,0,186,0,0,0,0,0,0,0,0,0,0,87,127,119,144,198,229,105,0,0,1009,23,48,54,116,141,113,37,0,0,532
BURKE,0062,1,5,16,11,44,52,36,0,0,165,0,0,0,0,0,0,0,0,0,0,51,69,79,104,168,124,84,0,0,679,12,29,45,76,117,70,25,0,0,374
BURKE,0064,3,6,19,21,30,46,29,0,0,154,0,0,0,0,0,0,0,0,0,0,45,81,86,108,128,121,95,0,0,664,24,28,53,77,101,74,29,0,0,386
BURKE,0066,7,14,13,29,71,86,54,0,0,274,0,0,0,0,0,0,0,0,0,0,106,147,198,268,341,293,183,0,0,1536,24,67,109,166,209,160,69,0,0,804
BURKE,0070,17,21,36,48,80,116,104,0,0,422,0,0,0,1,0,1,2,0,0,4,168,253,256,324,369,322,305,0,0,1997,52,104,153,237,214,274,105,0,0,1139
BURKE,0071,9,31,24,35,87,96,66,0,0,348,1,0,1,0,0,0,0,0,0,2,140,206,221,284,407,319,160,0,0,1737,47,76,125,205,237,172,58,0,0,920
BURKE,0072,6,14,26,45,86,126,86,0,0,389,0,0,0,0,1,0,0,0,0,1,186,342,349,404,529,445,277,0,0,2532,64,146,173,271,320,243,103,0,0,1320
CABARRUS,01-02,27,27,47,92,141,141,129,0,0,604,1,1,16,29,9,4,4,0,0,64,270,276,483,532,552,366,211,0,0,2690,80,153,304,381,334,228,65,0,0,1545
CABARRUS,01-04,45,55,122,257,260,219,160,0,0,1118,50,21,159,313,221,113,88,0,0,965,578,461,922,1273,974,598,369,0,0,5175,157,311,683,795,567,369,96,1,0,2979
CABARRUS,01-07,22,27,40,88,139,172,101,0,0,589,18,25,65,136,113,79,51,0,0,487,248,226,343,541,451,387,218,0,0,2414,57,117,270,366,351,212,72,0,0,1445
CABARRUS,01-08,47,43,147,194,219,183,90,0,0,923,23,49,129,196,152,75,39,0,0,663,419,590,1054,986,659,426,198,0,0,4332,134,374,598,561,363,212,62,0,0,2304
CABARRUS,01-10,22,47,58,86,146,112,104,0,0,575,19,39,92,102,157,118,75,0,0,602,262,371,409,479,489,309,242,0,0,2561,107,153,268,380,268,177,89,0,0,1442
CABARRUS,01-11,43,45,88,166,220,247,191,0,0,1000,42,79,171,249,258,231,162,0,0,1192,383,411,661,844,739,532,364,0,0,3934,135,227,477,572,535,358,145,0,0,2449
CABARRUS,02-01,17,31,72,72,146,153,139,0,0,630,24,43,75,83,161,154,134,0,0,674,214,425,449,421,587,448,338,0,0,2882,84,189,215,341,343,290,99,0,0,1561
CABARRUS,02-02,30,46,88,123,193,167,190,0,0,837,33,53,111,160,182,159,162,0,0,860,351,471,554,599,654,437,455,0,0,3521,139,213,319,428,392,311,225,0,0,2027
CABARRUS,02-03,38,73,111,158,239,242,198,0,0,1059,35,76,130,185,207,182,128,0,0,943,548,770,835,996,898,688,440,0,0,5175,161,323,478,642,519,411,145,0,0,2679
CABARRUS,02-05,24,40,81,139,200,235,186,0,0,905,26,50,125,188,228,238,181,0,0,1036,315,404,530,629,724,553,382,0,0,3537,104,201,413,502,498,363,128,0,0,2209
CABARRUS,02-06,17,34,54,61,105,118,110,0,0,499,22,46,57,108,106,114,75,0,0,528,243,465,449,439,459,331,237,0,0,2623,107,181,243,287,287,199,62,0,0,1366
CABARRUS,02-07,21,36,89,93,172,195,155,0,0,761,18,50,128,130,187,191,121,0,0,825,263,403,449,520,528,454,290,0,0,2907,95,194,289,408,405,305,85,0,0,1781
CABARRUS,02-08,58,70,112,267,247,187,151,0,0,1092,55,73,140,315,180,93,60,0,0,916,748,681,1340,1646,895,503,321,0,0,6134,168,319,858,780,409,305,104,0,0,2943
CABARRUS,02-09,76,71,157,385,302,158,90,0,0,1239,72,70,227,489,289,93,49,0,0,1289,821,670,1159,1983,1024,362,228,0,0,6247,191,326,912,1079,411,212,78,0,0,3209
CABARRUS,03-00,30,18,88,165,191,218,143,0,0,853,17,14,106,153,71,52,24,0,0,437,485,423,1040,1135,802,633,363,0,0,4881,115,281,621,674,504,363,101,0,0,2659
CABARRUS,04-01,17,34,51,54,64,131,109,0,0,460,18,59,59,95,95,138,132,0,0,596,210,420,371,370,387,312,256,0,0,2326,99,176,200,226,288,197,100,0,0,1286
CABARRUS,04-03,12,30,55,68,108,135,116,0,0,524,16,63,75,97,145,173,129,0,0,698,184,337,328,313,398,358,241,0,0,2159,81,152,195,248,299,223,87,0,0,1285
CABARRUS,04-08,8,40,44,45,76,73,62,0,0,348,7,47,38,61,65,73,35,0,0,326,146,336,291,281,251,204,104,0,0,1613,56,114,128,168,168,107,25,0,0,766
CABARRUS,04-09,29,43,85,122,168,192,169,0,0,808,20,56,74,135,139,118,105,0,0,647,329,538,588,692,708,463,348,0,0,3666,118,245,381,479,390,291,132,0,0,2036
CABARRUS,04-11,16,47,27,55,101,104,77,0,0,427,27,77,70,99,145,148,92,0,0,658,235,500,363,358,452,369,244,0,0,2521,131,177,191,280,309,216,93,0,0,1397
CABARRUS,04-12,26,54,47,73,129,149,115,0,0,593,29,94,97,128,172,159,122,0,0,801,316,599,541,531,580,428,275,0,0,3270,166,230,293,397,383,253,109,0,0,1831
CABARRUS,04-13,37,69,82,104,206,246,192,0,0,936,41,90,141,166,235,277,204,0,0,1154,362,620,639,656,804,640,421,0,0,4142,149,297,331,533,546,405,160,0,0,2421
CABARRUS,05-00,9,28,44,65,125,151,137,0,0,559,2,9,13,14,10,7,8,0,0,63,178,298,358,374,481,365,293,0,0,2347,74,136,192,303,314,254,132,0,0,1405
CABARRUS,06-00,26,18,53,89,129,146,110,0,0,571,0,0,1,1,0,0,0,0,0,2,195,192,275,366,370,298,197,0,0,1893,39,116,189,274,247,183,81,0,0,1129
CABARRUS,07-00,10,17,32,43,60,80,47,0,0,289,0,0,0,0,0,0,0,0,0,0,112,146,199,209,219,178,83,0,0,1146,42,80,134,156,171,88,33,0,0,704
CABARRUS,08-00,21,56,89,103,228,209,198,0,0,904,3,15,31,37,50,58,41,0,0,235,299,459,536,547,677,565,405,0,0,3488,104,230,290,430,442,389,152,0,0,2037
CABARRUS,09-00,14,28,65,86,155,196,88,0,0,632,1,0,1,1,2,0,0,0,0,5,194,283,361,402,535,439,237,0,0,2451,57,162,169,319,388,238,84,0,0,1417
CABARRUS,10-00,56,50,102,150,226,269,213,0,0,1066,11,25,59,71,91,84,69,0,0,410,485,706,827,913,994,741,493,0,0,5159,150,336,437,602,605,412,169,0,0,2711
CABARRUS,11-01,37,79,112,165,173,126,84,0,0,776,14,33,84,78,60,29,22,0,0,320,481,673,833,793,647,389,219,0,0,4035,132,340,420,471,337,219,78,0,0,1997
CABARRUS,11-02,33,46,95,108,196,235,147,0,0,860,13,32,84,95,100,98,50,0,0,472,240,321,485,517,607,439,289,0,0,2898,84,208,293,387,391,284,90,0,0,1737
CABARRUS,12-03,14,22,33,44,94,141,136,0,0,484,9,19,52,73,106,132,127,0,0,518,140,167,185,278,296,299,246,0,0,1611,56,85,130,207,241,211,94,0,0,1024
CABARRUS,12-04,5,46,51,47,66,106,123,0,0,444,10,63,73,71,69,113,98,0,0,497,121,341,302,278,244,291,314,0,0,1891,79,144,149,153,204,202,147,0,0,1078
CABARRUS,12-05,20,27,66,71,125,134,150,0,0,593,24,45,99,117,151,144,121,0,0,701,152,208,275,302,323,304,207,0,0,1771,49,138,169,242,251,217,68,0,0,1134
CABARRUS,12-08,12,21,18,15,36,46,32,0,0,180,12,20,15,11,44,36,37,0,0,175,95,158,140,133,178,157,97,0,0,958,39,64,55,85,126,81,32,0,0,482
CABARRUS,12-09,18,31,60,91,102,113,92,0,0,507,17,27,91,87,101,94,61,0,0,478,188,357,421,377,391,294,183,0,0,2211,72,162,215,259,245,173,61,0,0,1187
CABARRUS,12-11,11,23,34,41,55,79,54,0,0,297,22,26,56,52,69,78,55,0,0,358,103,205,198,200,192,174,117,0,0,1189,40,92,100,130,140,96,62,0,0,660
CABARRUS,12-12,12,21,54,51,67,107,68,0,0,380,9,28,36,47,59,62,38,0,0,279,152,293,271,263,237,235,124,0,0,1575,63,118,148,165,196,115,53,0,0,858
CABARRUS,12-13,13,61,73,78,102,119,110,0,0,556,24,70,102,116,136,143,114,0,0,705,253,481,425,372,441,367,241,0,0,2580,131,227,241,269,316,253,88,0,0,1525
CABARRUS,12-14,18,40,78,88,129,162,133,0,0,648,20,50,119,115,167,172,109,0,0,752,136,387,383,376,428,350,224,0,0,2284,81,195,222,277,279,211,101,0,0,1366
CALDWELL,1,27,37,61,104,164,216,161,0,0,770,5,14,17,29,38,51,42,0,0,196,306,479,468,628,778,678,450,0,0,3787,107,170,245,404,473,371,179,0,0,1949
CALDWELL,10,21,32,51,91,129,143,104,0,0,571,1,3,9,15,20,25,25,0,0,98,230,310,352,425,529,458,288,0,0,2592,67,135,182,323,307,240,107,0,0,1361
CALDWELL,11,22,53,65,81,166,214,142,0,0,743,2,5,10,26,38,56,35,0,0,172,226,340,352,463,592,519,354,0,0,2846,85,123,206,346,351,311,138,0,0,1560
CALDWELL,12,12,32,38,52,110,162,108,0,0,514,0,1,0,0,2,11,9,0,0,23,152,198,212,323,440,424,299,0,0,2048,42,98,133,260,330,272,107,0,0,1242
CALDWELL,13,34,73,91,123,232,229,199,0,0,981,9,18,27,47,84,82,73,0,0,340,362,596,629,740,971,722,554,0,0,4574,132,241,359,540,552,424,216,0,0,2464
CALDWELL,14,25,52,73,99,232,292,214,0,0,987,1,7,14,15,23,36,17,0,0,113,325,459,577,691,856,700,458,0,0,4066,84,214,324,486,587,421,165,0,0,2281
CALDWELL,15,14,29,64,60,116,115,121,0,0,519,0,0,0,0,0,0,0,0,0,0,173,283,278,312,470,355,250,0,0,2121,61,106,113,258,279,209,82,0,0,1108
CALDWELL,2,10,18,20,50,108,181,80,0,0,467,0,2,0,1,3,3,1,0,0,10,102,166,141,228,449,448,229,0,0,1763,41,51,69,205,317,200,77,0,0,960
CALDWELL,3,4,8,13,22,45,60,44,0,0,196,0,0,0,0,0,0,0,0,0,0,76,114,124,148,232,208,121,0,0,1023,23,32,61,114,164,107,41,0,0,542
CALDWELL,4,15,32,58,82,125,161,119,0,0,592,0,0,0,1,0,0,0,0,0,1,186,279,294,389,541,493,266,0,0,2448,60,136,192,296,387,251,90,0,0,1412
CALDWELL,5,13,34,54,62,122,155,110,0,0,550,12,10,24,45,86,91,62,0,0,330,194,332,297,385,462,421,256,0,0,2347,71,118,151,257,316,228,84,0,0,1225
CALDWELL,6,28,42,62,98,147,227,192,0,0,796,11,25,40,51,92,114,95,0,0,428,323,535,462,662,804,756,517,0,0,4059,119,190,274,444,517,471,193,0,0,2208
CALDWELL,7,16,42,69,91,161,197,189,0,0,765,8,26,46,65,116,133,90,0,0,484,285,475,431,531,705,608,449,0,0,3484,81,177,232,378,418,361,176,0,0,1823
CALDWELL,8,26,35,74,110,170,229,285,0,0,929,16,21,57,80,98,148,178,0,0,598,255,320,396,525,611,597,578,0,0,3282,68,175,275,425,419,487,231,0,0,2080
CALDWELL,9,13,39,44,64,110,152,85,0,0,507,0,0,0,0,2,0,0,0,0,2,200,252,290,383,490,434,293,0,0,2342,59,117,161,299,310,256,103,0,0,1305
CAMDEN,CH,11,25,44,56,142,174,121,0,0,573,0,0,0,0,0,0,0,0,0,0,185,285,358,388,481,391,269,0,0,2357,68,119,192,312,339,240,107,0,0,1377
CAMDEN,SH,12,15,21,53,75,94,91,0,0,361,0,0,0,0,0,0,0,0,0,0,125,209,256,262,302,275,168,0,0,1597,54,86,109,192,235,174,67,0,0,917
CAMDEN,SM,14,23,48,67,123,134,80,0,0,489,0,0,0,0,0,0,0,0,0,0,171,268,426,402,465,340,193,0,0,2265,51,118,169,274,298,191,73,0,0,1174
CARTERET,ABCH,3,5,13,22,64,156,127,0,0,390,0,1,8,8,39,85,56,0,0,197,40,64,81,118,264,364,199,0,0,1130,13,38,49,122,237,228,68,0,0,755
CARTERET,ASCI,6,7,17,37,71,79,51,0,0,268,0,0,0,0,0,0,0,0,0,0,35,46,59,108,147,156,99,0,0,650,12,18,48,86,108,93,36,0,0,401
CARTERET,BCRK,12,7,38,52,112,171,105,0,0,497,0,0,0,0,0,0,0,0,0,0,116,143,215,248,355,382,197,0,0,1656,28,45,92,181,287,189,60,0,0,882
CARTERET,BFT1,1,21,19,31,96,183,160,0,0,511,5,9,19,29,82,184,111,0,0,439,47,85,87,130,263,336,203,0,0,1151,28,45,59,136,258,229,61,0,0,816
CARTERET,BFT2,15,48,95,144,237,362,312,0,0,1213,1,13,35,43,84,167,102,0,0,445,152,273,387,430,672,758,493,0,0,3165,51,154,227,341,532,474,146,0,0,1925
CARTERET,BOGE,18,26,58,109,171,257,177,0,0,816,10,11,35,41,70,83,39,0,0,289,169,210,386,469,622,539,303,0,0,2698,30,107,181,312,401,292,83,0,0,1406
CARTERET,CAPE,31,30,74,122,222,348,272,0,0,1099,12,36,70,133,187,286,181,0,0,905,201,221,417,531,618,692,476,0,0,3156,46,104,240,340,464,442,160,0,0,1796
CARTERET,DASW,11,8,25,36,60,83,41,0,0,264,0,0,0,0,0,0,0,0,0,0,31,40,68,86,119,113,69,0,0,526,3,33,48,57,96,68,22,0,0,327
CARTERET,HAIS,12,12,20,37,84,151,96,0,0,412,0,0,0,0,0,0,0,0,0,0,56,51,66,108,209,247,151,0,0,888,10,37,45,99,176,149,56,0,0,572
CARTERET,IBPK,3,6,14,26,93,256,159,0,0,557,2,2,11,24,102,249,179,0,0,569,65,54,98,167,351,497,329,0,0,1561,16,32,73,174,318,319,132,0,0,1064
CARTERET,ISLE,13,15,32,84,257,425,335,0,0,1161,19,29,92,164,446,595,336,0,0,1681,161,164,245,408,896,952,576,0,0,3402,46,93,140,401,692,548,227,0,0,2147
CARTERET,MASM,8,10,18,31,59,70,52,0,0,248,0,0,0,0,0,0,0,0,0,0,33,52,68,73,129,137,70,0,0,562,12,24,50,65,107,73,26,0,0,357
CARTERET,MCRK,4,9,19,17,41,47,33,0,0,170,0,0,0,0,0,0,0,0,0,0,22,54,52,52,103,76,51,0,0,410,9,20,33,40,68,50,20,0,0,240
CARTERET,MERR,0,3,5,9,20,55,54,0,0,146,0,0,1,0,0,0,0,0,0,1,13,17,36,56,93,121,85,0,0,421,3,7,16,40,66,83,33,0,0,248
CARTERET,MHD1,24,44,132,177,236,288,192,0,0,1093,8,23,60,71,127,159,77,0,0,525,138,165,311,363,412,413,225,0,0,2027,30,107,190,237,308,258,67,0,0,1197
CARTERET,MHD2,15,75,98,123,168,275,257,0,0,1011,5,24,50,55,94,158,125,0,0,511,158,276,257,273,382,468,378,0,0,2192,56,84,112,185,323,301,132,0,0,1193
CARTERET,MHD3,22,57,98,122,222,325,281,0,0,1127,4,20,28,30,22,49,41,0,0,194,150,286,359,375,471,580,453,0,0,2674,50,160,217,261,418,409,170,0,0,1685
CARTERET,MHD4,17,29,71,119,217,346,339,0,0,1138,2,3,11,34,46,101,96,0,0,293,152,140,303,346,478,611,458,0,0,2488,24,111,185,298,477,463,184,0,0,1742
CARTERET,NPT1,12,31,50,84,167,223,161,0,0,728,9,34,32,52,70,105,77,0,0,379,186,328,364,443,515,480,292,0,0,2608,61,112,186,271,373,269,113,0,0,1385
CARTERET,NPT2,9,25,51,67,142,222,138,0,0,654,1,3,4,5,7,16,10,0,0,46,204,312,398,355,498,475,252,0,0,2494,50,117,166,239,362,225,92,0,0,1251
CARTERET,NRIV,3,4,9,21,46,71,45,0,0,199,0,0,3,1,8,16,6,0,0,34,35,52,67,67,117,136,79,0,0,553,9,28,38,66,103,88,25,0,0,357
CARTERET,OTBEG,14,34,61,75,147,198,137,0,0,666,0,2,0,0,0,0,0,0,0,2,78,165,194,244,391,348,196,0,0,1616,28,91,127,195,270,207,68,0,0,986
CARTERET,PELE,4,19,35,48,87,119,96,0,0,408,3,2,13,10,18,40,31,0,0,117,95,145,209,218,292,272,172,0,0,1403,31,71,84,134,183,149,59,0,0,711
CARTERET,STEL,14,12,43,55,94,116,104,0,0,438,0,0,1,0,0,2,0,0,0,3,108,140,254,294,307,269,184,0,0,1556,19,67,114,147,194,154,47,0,0,742
CARTERET,WIHA,16,16,31,66,130,206,165,0,0,630,0,0,1,0,0,0,0,0,0,1,105,147,191,225,361,378,225,0,0,1632,27,72,116,197,259,253,68,0,0,992
CARTERET,WILD,12,27,41,57,169,248,234,0,0,788,1,4,8,12,7,25,5,0,0,62,156,253,289,340,525,560,432,0,0,2555,44,87,135,227,413,369,180,0,0,1455
CASWELL,ANDE,4,13,9,21,42,50,47,0,0,186,0,1,0,0,0,0,0,0,0,1,66,94,89,129,147,125,87,0,0,737,26,40,56,95,98,84,27,0,0,426
CASWELL,LEAS,1,1,4,10,33,30,40,0,0,119,0,0,0,0,0,0,0,0,0,0,30,49,52,64,108,102,80,0,0,485,16,20,52,61,86,74,34,0,0,343
CASWELL,LOCU,8,17,30,50,99,130,123,0,0,457,0,0,0,0,0,0,0,0,0,0,122,175,174,236,330,347,186,0,0,1570,47,82,119,221,267,194,76,0,0,1006
CASWELL,MILT,11,16,28,38,94,169,120,0,0,476,0,0,0,0,0,0,0,0,0,0,93,145,151,217,301,331,224,0,0,1462,44,97,109,188,293,223,83,0,0,1037
CASWELL,PELH,13,23,37,58,92,149,152,0,0,524,0,0,0,0,1,0,0,0,0,1,181,221,254,369,444,454,305,0,0,2228,59,82,148,259,340,321,131,0,0,1340
CASWELL,PH,9,22,21,39,73,136,110,0,0,410,0,0,0,0,0,0,0,0,0,0,99,184,168,212,299,311,191,0,0,1464,40,80,123,186,254,203,76,0,0,962
CASWELL,PROVI,7,10,20,24,34,71,59,0,0,225,0,0,0,0,0,0,0,0,0,0,38,62,85,88,118,146,98,0,0,635,15,31,53,65,102,98,36,0,0,400
CASWELL,STON,2,20,30,45,93,138,100,0,0,428,0,0,0,0,0,0,0,0,0,0,149,236,209,304,409,312,207,0,0,1826,43,97,112,227,265,173,92,0,0,1009
CASWELL,YANC,9,18,34,42,104,163,147,0,0,517,3,14,24,19,48,55,52,0,0,215,98,159,183,213,333,334,220,0,0,1540,38,92,106,188,285,227,92,0,0,1028
CATAWBA,01,17,47,64,92,164,227,150,0,0,761,0,2,0,0,2,0,0,0,0,4,244,393,411,471,598,483,318,0,0,2918,79,167,230,329,431,297,103,0,0,1636
CATAWBA,02,17,20,41,78,125,149,96,0,0,526,0,0,0,0,0,0,0,0,0,0,158,227,233,341,399,365,223,0,0,1946,46,91,150,222,285,216,83,0,0,1093
CATAWBA,03,23,24,33,74,120,125,80,0,0,479,0,0,0,0,0,0,0,0,0,0,160,225,255,319,428,318,212,0,0,1917,49,80,159,247,259,169,65,0,0,1028
CATAWBA,04,4,6,16,26,32,38,37,0,0,159,7,12,19,33,26,38,23,0,0,158,62,88,82,123,136,100,71,0,0,662,19,33,42,70,83,58,22,0,0,327
CATAWBA,05,23,44,73,79,116,190,134,0,0,659,2,2,5,9,15,21,16,0,0,70,233,414,388,474,525,432,271,1,0,2738,75,144,209,284,344,251,86,1,0,1394
CATAWBA,06,18,27,39,56,121,162,164,0,0,587,5,12,12,25,36,66,45,0,0,201,153,208,218,314,385,441,305,0,0,2024,55,78,121,245,282,308,120,0,0,1209
CATAWBA,07,21,40,51,73,110,160,126,0,0,581,10,16,36,54,83,100,84,0,0,383,192,332,310,385,420,368,263,0,0,2270,72,134,168,261,263,225,93,0,0,1216
CATAWBA,08,28,34,57,97,154,208,216,0,0,794,14,19,38,71,114,155,177,0,0,588,166,213,230,309,433,423,404,0,0,2178,54,86,160,260,321,316,160,0,0,1357
CATAWBA,09,23,28,43,99,99,153,107,0,0,552,8,7,10,14,10,17,12,0,0,78,193,251,299,370,416,338,237,0,0,2104,53,127,178,256,261,220,81,0,0,1176
CATAWBA,10,5,2,4,17,16,28,18,0,0,90,1,3,11,19,17,31,21,0,0,103,33,43,40,65,85,75,37,0,0,378,7,22,17,50,64,32,11,0,0,203
CATAWBA,11,6,17,16,30,48,59,72,0,0,248,7,9,19,40,40,56,58,0,0,229,100,93,64,104,131,126,136,0,0,754,31,34,54,98,95,107,58,0,0,477
CATAWBA,12,6,25,9,24,37,54,50,0,0,205,3,17,16,30,44,59,55,0,0,224,78,144,118,139,202,193,112,0,0,986,46,62,82,106,145,130,43,0,0,614
CATAWBA,13,12,13,20,22,42,38,40,0,0,187,10,11,17,24,29,35,36,0,0,162,95,135,138,162,181,151,97,0,0,959,24,54,67,113,99,98,21,0,0,476
CATAWBA,14,5,16,52,48,106,108,110,0,0,445,3,27,80,77,129,111,108,0,0,535,105,142,204,194,253,191,188,0,0,1277,37,116,106,213,185,152,79,0,0,888
CATAWBA,15,1,4,1,9,14,18,15,0,0,62,3,6,5,12,23,29,14,0,0,92,22,48,37,62,92,71,41,0,0,373,9,20,20,41,73,37,10,0,0,210
CATAWBA,16,10,35,39,49,85,86,99,0,0,403,10,45,47,34,70,87,67,0,0,360,163,328,259,275,329,304,235,0,0,1893,65,109,125,174,225,191,88,0,0,977
CATAWBA,17,9,20,12,19,44,76,33,0,0,213,6,10,6,19,45,73,36,0,0,195,99,142,139,168,244,218,108,0,0,1118,39,45,70,130,163,89,45,0,0,581
CATAWBA,19,10,13,10,26,50,59,48,0,0,216,2,6,13,20,34,33,28,0,0,136,59,109,109,109,171,164,124,0,0,845,17,39,53,94,139,82,53,0,0,477
CATAWBA,20,24,54,60,104,142,136,134,0,0,654,12,32,25,44,79,70,78,0,0,340,258,413,376,476,541,407,318,0,0,2789,92,133,215,301,339,274,112,0,0,1466
CATAWBA,21,7,24,32,39,95,149,93,0,0,439,0,1,0,1,1,0,0,0,0,3,127,209,239,273,393,367,173,0,0,1781,47,91,124,228,281,173,49,0,0,993
CATAWBA,22,22,45,62,75,131,142,170,0,0,647,2,7,16,13,24,29,41,0,0,132,222,350,401,409,495,423,442,0,0,2742,77,156,169,288,290,304,190,0,0,1474
CATAWBA,23,40,42,81,133,199,277,171,0,0,943,4,5,9,14,13,16,13,0,0,74,288,373,499,641,671,593,353,0,0,3418,79,186,292,443,490,376,110,0,0,1976
CATAWBA,24,19,29,91,91,218,242,203,0,0,893,0,4,1,4,14,8,3,0,0,34,282,352,423,544,661,592,350,0,0,3204,66,188,228,404,500,346,124,0,0,1856
CATAWBA,25,13,41,27,41,72,75,60,0,0,329,4,25,28,44,64,69,51,0,0,285,134,247,183,237,254,256,151,0,0,1462,39,66,102,134,157,135,54,0,0,687
CATAWBA,26,8,20,24,43,83,128,107,0,0,413,11,33,35,66,81,161,107,0,0,494,120,173,170,224,268,308,198,0,0,1461,46,81,114,193,231,203,84,0,0,952
CATAWBA,27,20,54,62,86,177,189,174,0,0,762,0,1,1,2,7,11,9,0,0,31,276,374,412,504,685,516,366,0,0,3133,66,136,216,349,440,335,104,0,0,1646
CATAWBA,28,17,31,45,58,96,136,102,0,0,485,4,8,9,9,11,9,11,0,0,61,215,283,315,373,419,417,297,0,0,2319,53,119,154,244,302,252,112,0,0,1236
CATAWBA,29,23,36,68,114,190,270,209,0,0,910,5,4,13,32,41,65,35,0,0,195,352,403,485,611,733,661,433,0,0,3678,98,171,279,456,553,376,157,0,0,2090
CATAWBA,30,17,42,44,64,114,162,165,0,0,608,11,29,39,34,53,73,55,0,0,294,262,395,388,439,492,445,414,0,0,2835,74,161,189,301,324,284,171,0,0,1504
CATAWBA,31,18,58,74,107,287,330,252,0,0,1126,0,2,1,4,0,1,2,0,0,10,377,680,631,780,1108,843,493,0,0,4912,116,208,310,548,635,482,133,0,0,2432
CATAWBA,32,28,50,61,87,163,155,131,0,0,675,11,33,37,52,109,110,64,0,0,416,201,335,362,370,442,369,239,0,0,2318,68,151,171,250,305,229,93,0,0,1267
CATAWBA,33,29,59,64,124,165,231,140,0,0,812,3,4,8,8,13,15,8,0,0,59,327,512,500,640,690,612,382,0,0,3663,120,162,268,408,443,308,135,0,0,1844
CATAWBA,34,26,49,76,103,215,285,222,0,0,976,3,10,23,28,51,88,57,0,0,260,290,396,505,620,706,665,416,0,0,3598,83,163,278,425,500,444,112,0,0,2005
CATAWBA,35,23,39,41,48,115,138,130,0,0,534,11,12,9,22,19,30,16,0,0,119,261,378,300,367,475,367,289,0,0,2437,64,128,169,276,285,228,88,0,0,1238
CATAWBA,36,9,18,27,59,115,173,167,0,0,568,13,15,43,84,122,143,126,0,0,546,170,191,239,342,395,382,280,0,0,1999,53,91,188,293,297,272,92,0,0,1286
CATAWBA,37,9,24,35,51,71,109,182,0,0,481,3,18,42,38,58,104,132,0,0,395,164,289,236,240,284,331,367,0,0,1911,61,103,108,164,203,284,166,0,0,1089
CATAWBA,38,17,39,59,77,159,212,178,0,0,741,10,24,58,58,101,129,119,0,0,499,222,298,341,386,526,429,421,0,0,2623,80,141,214,300,393,309,162,0,0,1599
CATAWBA,39,15,23,42,72,108,186,153,0,0,599,11,17,51,51,92,134,100,0,0,456,169,186,246,371,385,399,270,0,0,2026,50,80,203,287,307,278,102,0,0,1307
CATAWBA,40,11,19,36,50,90,102,96,0,0,404,12,25,29,65,89,86,68,0,0,374,102,144,153,185,219,210,169,0,0,1182,29,66,89,156,156,158,57,0,0,711
CATAWBA,41,19,17,52,68,207,286,182,0,0,831,0,1,0,0,0,0,0,0,0,1,288,413,438,664,895,691,403,0,0,3792,76,135,238,474,547,402,120,0,0,1992
CHATHAM,15,32,37,52,97,164,243,148,0,0,773,0,0,0,2,1,0,2,0,0,5,158,201,260,361,450,451,173,0,0,2054,72,117,211,317,419,257,53,0,0,1446
CHATHAM,21,7,20,35,49,107,144,119,0,0,481,0,0,0,0,0,0,0,0,0,0,90,119,179,242,320,285,160,0,0,1395,49,88,139,255,237,194,51,0,0,1013
CHATHAM,3,12,11,21,29,51,90,77,0,0,291,0,0,0,0,0,2,0,0,0,2,130,131,179,231,312,292,205,0,0,1480,52,74,85,226,227,189,80,0,0,933
CHATHAM,30,9,22,36,38,71,153,91,0,0,420,0,1,0,0,1,0,0,0,0,2,131,147,225,231,343,336,168,0,0,1581,43,108,149,206,288,208,58,0,0,1060
CHATHAM,42,10,17,34,42,118,194,97,0,0,512,2,1,10,7,36,52,13,0,0,121,175,171,264,392,556,440,211,0,0,2209,66,110,165,353,399,223,70,0,0,1386
CHATHAM,75,30,27,48,91,193,368,728,0,0,1485,15,14,62,59,144,353,622,0,0,1269,180,206,350,427,763,1002,1379,0,0,4307,78,106,261,381,626,1022,470,0,0,2944
CHATHAM,78,35,36,82,115,263,574,1014,0,0,2119,0,0,0,0,3,5,4,0,0,12,280,254,441,635,865,1174,1514,0,0,5163,70,173,299,528,683,1046,763,0,0,3562
CHATHAM,85,23,25,30,43,76,138,107,0,0,442,5,16,25,20,40,43,41,0,0,190,216,249,260,244,338,381,274,0,0,1962,81,133,136,206,299,240,113,0,0,1208
CHATHAM,9,3,12,15,23,40,87,51,0,0,231,0,1,0,0,0,0,0,0,0,1,112,127,169,176,250,214,154,0,0,1202,56,78,82,161,177,142,69,0,0,765
CHATHAM,CRD118,11,11,20,36,63,75,81,0,0,297,0,0,0,0,0,0,0,0,0,0,136,156,195,257,236,208,153,0,0,1341,48,90,148,191,172,149,57,0,0,855
CHATHAM,ECL109,51,108,290,310,289,457,426,0,0,1931,0,4,0,4,0,2,2,0,0,12,304,551,1081,995,761,878,614,0,0,5184,127,421,712,530,591,551,159,0,0,3091
CHATHAM,EPP112,36,77,128,142,210,283,231,0,0,1107,21,48,141,134,186,203,162,0,0,895,263,418,566,550,613,597,419,0,0,3426,91,267,333,409,444,355,141,0,0,2040
CHATHAM,ESC114,29,31,47,57,108,186,185,0,0,643,20,17,41,42,73,111,86,0,0,390,347,320,356,347,521,553,409,0,0,2853,119,183,195,335,418,384,178,0,0,1812
CHATHAM,GLD118,14,25,55,58,130,213,188,0,0,683,1,6,7,4,6,23,16,0,0,63,203,311,307,387,518,502,332,0,0,2560,96,164,189,352,409,369,127,0,0,1706
CHATHAM,MON113,23,17,28,39,92,131,103,0,0,433,1,0,0,0,2,0,0,0,0,3,156,180,234,309,427,323,192,0,0,1821,55,108,175,296,312,211,65,0,0,1222
CHATHAM,NWM117,40,87,92,152,220,434,944,0,0,1969,1,4,2,1,4,3,6,0,0,21,358,416,497,642,843,1062,1557,0,0,5375,142,231,376,532,693,988,795,0,0,3757
CHATHAM,WCL108,51,54,136,160,275,354,200,0,0,1230,0,2,2,1,0,0,0,0,0,5,250,292,437,630,676,702,311,0,0,3298,91,228,354,557,575,420,93,0,0,2318
CHATHAM,WPP114,33,86,140,169,301,427,334,0,0,1490,17,35,97,91,95,115,99,0,0,549,351,463,620,777,982,930,612,0,0,4735,131,292,411,580,766,527,216,0,0,2923
CHEROKEE,ANNW,7,18,39,52,87,105,87,0,0,395,3,8,8,15,29,25,28,0,0,116,83,102,149,185,231,228,196,0,0,1174,21,54,79,122,172,154,73,0,0,675
CHEROKEE,ANSW,16,28,36,54,75,105,107,0,0,421,10,32,31,29,42,50,36,0,0,230,81,139,142,152,189,238,181,0,0,1122,32,70,85,109,159,166,62,0,0,683
CHEROKEE,BELL,3,12,15,24,55,72,97,0,0,278,0,0,0,0,0,0,0,0,0,0,49,76,98,107,229,271,219,0,0,1049,16,37,35,91,100,195,82,0,0,556
CHEROKEE,BRAS,4,11,17,25,40,89,92,0,0,278,0,0,0,0,0,0,0,0,0,0,46,69,46,99,151,213,144,0,0,768,18,25,44,68,94,131,52,0,0,432
CHEROKEE,CSON,6,21,15,20,47,73,57,0,0,239,0,0,0,0,0,0,0,0,0,0,46,70,74,121,144,207,132,0,0,794,21,30,37,80,111,83,64,0,0,426
CHEROKEE,GCRK,2,1,10,16,29,49,29,0,0,136,0,0,0,0,0,0,0,0,0,0,18,21,45,64,72,109,59,0,0,388,6,14,23,36,53,49,27,0,0,208
CHEROKEE,HANG,4,14,10,31,27,80,65,0,0,231,0,0,0,0,0,0,0,0,0,0,32,61,47,85,120,171,104,0,0,620,18,16,35,52,85,110,47,0,0,363
CHEROKEE,HIWA,7,17,18,57,120,191,115,0,0,525,0,0,0,0,0,0,0,0,0,0,93,117,142,241,419,533,264,0,0,1809,16,34,90,144,246,250,83,0,0,863
CHEROKEE,HOTH,9,13,10,20,95,112,74,0,0,333,0,0,0,0,0,0,0,0,0,0,52,84,91,133,326,325,206,0,0,1217,14,31,43,84,179,171,83,0,0,605
CHEROKEE,MARB,11,13,32,35,70,75,52,0,0,288,0,0,0,0,0,0,0,0,0,0,61,108,116,171,213,218,155,0,0,1042,16,39,55,102,152,137,60,0,0,561
CHEROKEE,MURN,3,31,38,62,116,136,122,0,0,508,2,5,11,17,11,15,12,0,0,73,99,142,161,259,306,330,275,0,0,1572,40,53,107,157,172,230,112,0,0,871
CHEROKEE,MURS,15,41,68,85,112,184,143,0,0,648,0,6,16,15,18,18,17,0,0,90,106,181,204,268,356,466,286,0,0,1867,39,98,123,171,249,258,107,0,0,1045
CHEROKEE,PCHT,13,34,40,68,90,166,139,0,0,550,0,0,0,0,0,0,0,0,0,0,121,180,173,231,348,447,299,0,0,1799,35,68,104,152,260,275,104,0,0,998
CHEROKEE,RGER,3,13,28,33,86,156,135,0,0,454,0,0,0,0,0,0,0,0,0,0,62,84,137,163,325,449,307,0,0,1527,19,44,70,109,204,233,120,0,0,799
CHEROKEE,TOPT,5,8,2,14,15,29,37,0,0,110,0,0,0,0,0,0,0,0,0,0,28,27,27,36,57,63,67,0,0,305,9,13,18,35,40,58,30,0,0,203
CHEROKEE,UNKA,10,8,12,17,30,62,39,0,0,178,0,0,0,0,0,0,0,0,0,0,28,26,45,61,117,125,67,0,0,469,6,12,23,43,69,72,28,0,0,253
CHOWAN,1,7,11,17,28,76,163,147,0,0,449,2,6,13,14,52,107,85,0,0,279,66,102,125,144,262,343,250,0,0,1292,27,58,93,138,223,225,79,0,0,843
CHOWAN,2,11,15,37,75,132,224,234,0,0,728,3,18,28,44,70,123,110,0,0,396,133,202,306,346,415,528,377,0,0,2307,40,138,200,235,359,353,148,0,0,1473
CHOWAN,3,6,10,15,24,65,118,66,0,0,304,0,1,0,0,0,0,0,0,0,1,83,159,128,170,250,272,185,0,0,1247,35,63,77,117,197,145,78,0,0,712
CHOWAN,4,1,2,6,10,20,45,38,0,0,122,0,0,0,0,0,0,0,0,0,0,36,70,72,98,122,156,83,0,0,637,12,23,59,68,102,95,33,0,0,392
CHOWAN,5,4,7,9,15,35,62,39,0,0,171,0,0,0,0,0,0,0,0,0,0,45,98,76,114,149,125,95,0,0,702,14,40,46,92,111,79,33,0,0,415
CHOWAN,6,2,11,19,27,77,159,118,0,0,413,0,0,0,0,0,0,0,0,0,0,60,79,129,139,249,308,213,0,0,1177,15,57,74,119,205,208,75,0,0,753
CLAY,BRAS,9,13,25,24,48,79,80,0,0,278,0,0,0,0,0,0,0,0,0,0,46,55,82,88,139,166,126,0,0,702,11,26,45,67,105,124,44,0,0,422
CLAY,HAY1,5,18,50,44,68,125,98,0,0,408,1,1,2,6,4,6,5,0,0,25,48,98,120,123,167,251,183,0,0,990,23,57,81,80,163,161,65,0,0,630
CLAY,HAY2,10,17,26,42,75,147,158,0,0,475,0,0,3,4,4,10,7,0,0,28,77,89,106,162,262,333,265,0,0,1294,20,53,71,116,183,193,105,0,0,741
CLAY,HAYC,2,4,12,10,20,44,44,0,0,136,0,2,6,2,6,15,9,0,0,40,17,23,35,47,60,106,56,0,0,344,4,20,25,25,51,68,34,0,0,227
CLAY,HIAW,8,9,27,47,78,174,144,0,0,487,0,0,0,0,0,0,0,0,0,0,79,82,106,154,254,363,239,0,0,1277,20,32,75,120,146,207,99,0,0,699
CLAY,SHCR,4,15,14,44,73,159,113,0,0,422,0,0,0,0,0,0,0,0,0,0,59,72,98,111,229,328,191,0,0,1088,10,30,56,103,188,178,80,0,0,645
CLAY,SWEE,2,7,17,18,52,82,64,0,0,242,0,0,0,0,0,0,0,0,0,0,35,43,75,97,121,161,106,0,0,638,10,24,30,72,97,93,45,0,0,371
CLAY,TUSQ,6,4,14,24,37,87,81,0,0,253,0,0,0,0,0,0,0,0,0,0,35,30,58,70,109,163,128,0,0,593,5,16,32,38,87,113,38,0,0,329
CLAY,WARN,4,4,14,22,39,77,76,0,0,236,0,0,0,0,0,0,0,0,0,0,38,47,70,84,127,184,116,0,0,666,9,31,54,48,98,116,34,0,0,390
CLEVELAND,BETHWR,10,25,26,45,95,80,65,0,0,346,1,5,12,15,16,15,8,0,0,72,112,189,196,257,320,199,142,0,0,1415,39,93,93,221,198,128,57,0,0,829
CLEVELAND,BR,25,47,66,93,205,249,153,0,0,838,7,30,28,42,103,104,60,0,0,374,376,494,500,623,801,596,354,0,0,3744,129,234,322,528,529,341,125,0,0,2208
CLEVELAND,CASAR,9,23,24,30,67,73,56,0,0,282,1,4,14,6,27,16,14,0,0,82,100,146,161,189,256,206,153,0,0,1211,38,43,93,145,161,151,58,0,0,689
CLEVELAND,FALSTN,6,22,29,40,78,96,69,0,0,340,1,6,10,19,32,34,25,0,0,127,103,179,176,245,259,206,156,0,0,1324,28,88,94,173,158,144,59,0,0,744
CLEVELAND,GROVER,8,16,23,64,124,133,95,0,0,463,2,4,9,21,37,39,19,0,0,131,184,330,321,452,545,390,215,0,0,2437,69,141,187,331,316,232,81,0,0,1357
CLEVELAND,KINGST,2,6,15,13,43,66,52,0,0,197,3,3,11,5,21,42,29,0,0,114,39,64,89,78,141,147,85,0,0,643,18,59,42,78,110,116,35,0,0,458
CLEVELAND,KM N,14,35,57,95,168,231,229,0,0,829,14,41,66,119,158,210,155,0,0,763,279,473,459,604,769,607,480,0,0,3671,106,204,282,467,488,438,166,0,0,2151
CLEVELAND,KM S,23,34,69,83,155,223,191,0,0,778,27,62,69,127,178,189,119,0,0,771,272,466,466,597,633,570,391,0,0,3395,100,191,289,423,430,348,157,0,0,1938
CLEVELAND,LATT,17,20,38,56,100,117,107,0,0,455,7,6,11,17,22,23,31,0,0,117,198,279,282,334,422,348,272,0,0,2135,75,112,154,253,270,255,93,0,0,1212
CLEVELAND,LAWNDL,10,22,26,32,79,85,84,0,0,338,1,16,10,19,34,46,29,0,0,155,98,170,169,195,271,225,176,0,0,1304,32,67,106,146,179,153,77,0,0,760
CLEVELAND,MRB-YO,4,7,13,37,65,85,57,0,0,268,1,0,7,10,19,24,19,0,0,80,86,166,170,213,280,198,150,0,0,1263,41,69,112,167,182,122,52,0,0,745
CLEVELAND,MULLS,11,21,37,56,90,100,80,0,0,395,1,5,5,19,16,30,37,0,0,113,123,207,224,296,349,278,187,0,0,1664,37,78,136,200,195,163,68,0,0,877
CLEVELAND,OAKGRV,16,40,21,69,145,186,123,0,0,600,3,7,9,18,31,34,20,0,0,122,235,389,378,483,616,485,297,0,0,2883,81,156,217,367,368,318,97,0,0,1604
CLEVELAND,POLKVL,8,27,47,62,103,144,101,0,0,492,1,6,11,18,32,61,49,0,0,178,154,237,289,323,429,348,218,0,0,1998,37,102,163,243,280,211,83,0,0,1119
CLEVELAND,RIPPY,24,30,42,78,146,180,118,0,0,618,6,6,20,18,45,70,44,0,0,209,216,332,367,470,575,472,286,0,0,2718,75,130,218,347,377,300,91,0,0,1538
CLEVELAND,S C,20,65,89,122,222,349,320,0,0,1187,6,15,22,53,88,125,84,0,0,393,307,575,633,631,929,910,703,0,0,4688,136,286,384,532,700,542,302,0,0,2882
CLEVELAND,S E,8,19,35,52,108,188,161,0,0,571,1,7,8,11,22,52,31,0,0,132,129,229,247,264,399,430,301,0,0,1999,56,117,128,243,341,280,133,0,0,1298
CLEVELAND,S N,16,35,37,69,179,253,265,0,0,854,4,7,12,31,51,99,77,0,0,281,228,364,399,513,677,694,535,0,0,3410,94,186,278,411,505,486,196,0,0,2156
CLEVELAND,S S,18,53,58,86,156,227,235,0,0,833,2,16,24,23,57,75,68,0,0,265,354,644,614,674,768,740,588,0,0,4382,124,264,343,486,565,519,222,0,0,2523
CLEVELAND,SHANGI,15,19,25,75,110,154,126,0,0,524,0,0,4,9,24,24,26,0,0,87,175,249,232,353,419,375,299,0,0,2102,47,115,175,247,313,274,125,0,0,1296
CLEVELAND,WACO,18,21,34,68,127,195,159,0,0,622,0,4,6,12,16,40,26,0,0,104,198,257,322,418,537,496,305,0,0,2533,55,121,196,305,398,304,102,0,0,1481
COLUMBUS,P02B,3,8,14,17,39,49,45,0,0,175,3,2,8,16,26,35,20,0,0,110,64,88,70,101,171,137,100,0,0,731,19,41,54,101,110,101,35,0,0,461
COLUMBUS,P06,7,8,30,38,58,55,48,0,0,244,1,2,1,5,7,4,10,0,0,30,44,82,80,109,129,126,86,0,0,656,30,42,65,100,108,67,39,0,0,451
COLUMBUS,P07,15,32,50,63,119,151,138,0,0,568,10,19,25,52,49,95,42,0,0,292,171,234,258,312,398,420,266,0,0,2059,61,107,199,217,347,260,106,0,0,1297
COLUMBUS,P117,11,29,32,45,107,134,129,0,0,487,0,0,0,0,1,0,0,0,0,1,141,259,207,287,415,341,306,0,0,1956,61,92,133,255,301,258,126,0,0,1226
COLUMBUS,P121,24,48,44,59,101,104,68,0,0,448,0,0,0,0,0,0,1,0,0,1,141,165,159,285,278,241,170,0,0,1439,43,81,129,201,187,178,65,0,0,884
COLUMBUS,P14,20,34,48,71,129,188,178,0,0,668,0,5,1,11,22,20,21,0,0,80,199,323,334,389,496,456,355,0,0,2552,83,171,197,322,358,333,130,0,0,1594
COLUMBUS,P15,28,34,64,86,117,175,109,0,0,613,0,0,1,4,3,10,4,0,0,22,124,156,200,237,322,340,214,0,0,1593,44,94,147,181,264,220,79,0,0,1029
COLUMBUS,P16B,10,17,15,50,86,108,113,0,0,399,29,32,38,104,131,152,129,0,0,615,98,136,142,195,276,293,232,0,0,1372,26,54,119,181,221,226,91,1,0,919
COLUMBUS,P19,7,19,30,58,84,129,129,0,0,456,6,17,36,73,103,122,126,0,0,483,129,154,200,247,329,327,290,0,0,1676,50,95,170,194,246,237,119,0,0,1111
COLUMBUS,P223,17,38,46,51,86,136,108,0,0,482,0,3,7,4,20,21,27,0,0,82,146,229,265,315,402,406,262,0,0,2025,65,116,165,237,305,251,104,0,0,1243
COLUMBUS,P22A,13,26,48,68,64,89,78,0,0,386,0,3,9,8,16,22,11,0,0,69,96,159,191,245,290,250,199,0,0,1430,40,72,109,175,206,169,89,0,0,860
COLUMBUS,P245,44,92,140,131,164,182,138,0,0,891,0,0,0,1,0,0,0,0,0,1,261,337,399,424,499,393,277,0,0,2590,77,175,244,305,287,250,103,0,0,1441
COLUMBUS,P26B,17,39,43,58,89,120,90,0,0,456,11,17,43,55,80,96,85,0,0,387,126,250,268,322,388,410,294,0,0,2058,68,116,193,269,305,255,129,0,0,1335
COLUMBUS,P534,14,37,43,38,84,97,79,0,0,392,0,0,0,0,0,0,0,0,0,0,143,197,203,254,301,281,160,0,0,1539,59,91,141,186,209,163,68,0,0,917
COLUMBUS,P82,15,31,34,61,65,87,65,0,0,358,0,0,0,0,2,0,1,0,0,3,107,153,163,209,259,232,149,0,0,1272,43,83,111,190,181,170,49,0,0,827
COLUMBUS,P89,12,18,33,49,52,82,76,0,0,322,4,7,15,16,34,47,50,0,0,173,96,109,127,163,189,204,165,0,0,1053,26,77,86,116,183,179,54,1,0,722
CRAVEN,02,39,65,83,115,248,409,243,0,0,1202,0,0,0,0,0,0,0,0,0,0,705,1026,998,956,1149,1086,470,0,0,6390,156,274,405,539,848,530,170,1,0,2923
CRAVEN,03,16,26,68,82,151,321,299,0,0,963,0,0,1,1,0,0,5,0,0,7,181,291,425,390,564,655,557,0,0,3063,55,185,290,343,525,520,227,0,0,2145
CRAVEN,05,4,10,23,26,83,200,228,0,0,574,0,0,0,0,0,0,1,0,0,1,94,154,207,204,400,522,465,0,0,2046,31,71,79,165,260,372,192,0,0,1170
CRAVEN,07,4,14,18,46,77,155,117,0,0,431,0,0,0,0,0,0,0,0,0,0,117,202,228,270,380,378,223,0,0,1798,41,83,132,223,318,219,94,0,0,1110
CRAVEN,11,9,19,39,71,120,157,135,0,0,550,0,0,0,4,3,13,7,0,0,27,123,233,247,403,454,409,269,0,0,2138,45,74,166,249,297,235,77,0,0,1143
CRAVEN,16,11,21,61,68,136,237,205,0,0,739,1,1,1,0,0,0,1,0,0,4,266,428,518,525,633,593,402,0,0,3365,76,160,278,306,433,384,129,0,0,1766
CRAVEN,17,5,18,25,38,80,155,112,0,0,433,0,1,0,0,1,0,0,0,0,2,126,240,342,276,336,345,270,0,0,1935,42,90,140,163,262,232,93,0,0,1022
CRAVEN,19,6,24,29,57,156,229,170,0,0,671,0,1,0,0,1,0,0,0,0,2,162,240,319,396,556,493,294,0,0,2460,42,88,168,292,383,279,106,0,0,1358
CRAVEN,20,6,13,17,32,138,361,362,0,0,929,0,0,0,2,1,3,2,0,0,8,86,153,178,288,554,831,707,0,0,2797,17,55,85,168,364,532,269,0,0,1490
CRAVEN,21,14,17,55,75,164,299,225,0,0,849,7,7,19,27,43,40,18,0,0,161,213,288,498,490,551,602,371,0,0,3013,51,126,244,293,390,337,106,0,0,1547
CRAVEN,23,19,22,62,93,227,560,503,0,0,1486,22,41,89,130,256,545,424,0,0,1507,301,485,631,634,874,1158,889,0,0,4972,80,179,283,416,602,744,296,0,0,2600
CRAVEN,CFB8,6,8,22,35,50,83,87,0,0,291,0,0,0,0,2,1,0,0,0,3,91,127,154,200,206,236,166,0,0,1180,25,68,111,132,179,145,68,0,0,728
CRAVEN,CLR4,6,19,26,32,94,168,141,0,0,486,11,23,27,51,54,84,48,0,0,298,153,280,296,324,405,427,294,0,0,2179,57,101,142,204,272,249,106,0,0,1131
CRAVEN,DFB9,4,2,14,15,33,55,44,0,0,167,0,0,0,0,0,0,0,0,0,0,46,48,74,107,137,130,90,0,0,632,8,37,53,62,123,73,37,0,0,393
CRAVEN,N1,5,4,20,20,78,166,167,0,0,460,8,19,39,53,175,235,208,0,0,737,72,96,139,183,334,392,294,0,0,1510,16,41,75,151,252,266,93,0,0,894
CRAVEN,N2,6,10,29,29,64,149,104,0,0,391,11,30,52,56,146,219,128,0,0,642,102,148,179,191,317,376,206,0,0,1519,48,82,90,153,254,194,75,0,0,896
CRAVEN,N3N5,8,21,32,40,94,210,159,0,0,564,15,52,88,112,169,290,194,0,0,920,164,317,354,384,498,563,342,0,0,2622,68,125,163,208,366,312,125,0,0,1367
CRAVEN,N4,13,42,42,55,110,243,191,0,0,696,27,87,118,98,186,319,187,0,0,1022,306,538,473,395,516,671,458,0,0,3357,98,205,193,236,425,331,172,0,0,1660
CRAVEN,N6,15,24,39,56,129,317,450,0,0,1030,22,58,72,90,208,433,550,0,0,1433,238,407,361,404,568,815,899,0,0,3692,75,148,175,265,499,639,424,0,0,2225
CRAVEN,TE13,7,28,28,36,69,92,71,0,0,331,0,0,0,0,0,0,0,0,0,0,72,130,181,194,207,208,126,0,0,1118,29,65,90,146,157,130,42,0,0,659
CRAVEN,VE14,18,33,60,81,179,265,237,0,0,873,0,0,0,0,0,0,0,0,0,0,278,453,411,523,678,584,400,0,0,3327,108,166,251,388,473,347,151,0,0,1884
CUMBERLAND,AH49,12,25,42,47,102,155,101,0,0,484,6,27,37,59,86,157,81,0,0,453,151,337,307,308,389,356,199,0,0,2047,77,137,167,227,284,198,83,0,0,1173
CUMBERLAND,AL51-1,10,5,22,39,64,68,39,0,0,247,0,0,1,0,1,0,0,0,0,2,112,177,262,266,262,175,105,0,0,1359,31,84,134,183,144,96,36,0,0,708
CUMBERLAND,AL51-2,14,19,37,73,117,127,72,0,0,459,0,1,0,1,0,1,0,0,0,3,158,173,328,395,365,266,128,0,0,1813,35,90,192,249,249,142,42,0,0,999
CUMBERLAND,AL51-3,3,7,24,41,58,104,50,0,0,287,0,1,0,0,0,1,0,0,0,2,103,148,175,240,280,231,109,0,0,1286,36,61,110,172,209,112,34,0,0,734
CUMBERLAND,CC01,6,14,24,25,50,104,77,0,0,300,10,17,30,32,63,99,79,0,0,330,74,160,182,168,237,281,185,0,0,1287,35,94,100,133,225,161,78,0,0,826
CUMBERLAND,CC03,7,21,16,17,25,33,13,0,0,132,5,16,10,17,25,37,13,0,0,123,115,289,164,138,143,108,58,0,0,1015,34,55,62,79,81,52,22,0,0,385
CUMBERLAND,CC04,1,13,20,21,35,48,48,0,0,186,3,17,29,28,56,58,54,0,0,245,59,143,124,111,143,120,92,0,0,792,33,55,64,98,128,80,42,0,0,500
CUMBERLAND,CC06,0,4,23,20,38,57,56,0,0,198,1,4,29,33,47,68,48,0,0,230,43,100,147,113,148,157,93,0,0,801,21,44,72,83,114,99,27,0,0,460
CUMBERLAND,CC07,3,4,32,32,40,61,53,0,0,225,3,14,31,37,47,83,63,0,0,278,48,131,132,112,125,131,97,0,0,776,22,52,57,68,113,92,42,0,0,446
CUMBERLAND,CC08,5,9,28,29,45,97,89,0,0,302,10,22,56,67,84,137,116,0,0,492,85,107,175,154,181,222,167,0,0,1091,18,63,95,127,184,162,73,0,0,722
CUMBERLAND,CC10,2,4,20,16,36,55,63,0,0,196,4,8,16,24,41,62,59,0,0,214,50,70,113,113,127,135,116,0,0,724,16,42,59,82,103,105,50,1,0,458
CUMBERLAND,CC12,4,21,34,39,59,99,76,0,0,332,13,35,116,73,114,143,108,0,0,602,105,139,279,223,240,226,165,0,0,1377,46,124,140,184,189,166,80,0,0,929
CUMBERLAND,CC13,19,10,2,14,30,51,41,0,0,167,14,7,6,13,32,45,37,0,0,154,412,118,78,78,125,125,68,0,0,1004,41,32,45,71,110,56,42,0,0,397
CUMBERLAND,CC14,6,17,47,65,94,131,113,0,0,473,18,26,65,124,160,164,128,0,0,685,137,231,273,319,384,289,220,0,0,1853,52,111,163,245,287,209,84,0,0,1151
CUMBERLAND,CC15,7,14,25,36,78,149,122,0,0,431,10,17,40,66,105,185,149,0,0,572,115,222,232,235,340,362,334,0,0,1840,61,88,127,210,300,261,143,0,0,1190
CUMBERLAND,CC16,11,19,20,36,103,110,209,0,0,508,6,15,28,39,95,97,187,0,0,467,73,102,133,158,232,186,296,0,0,1180,41,62,85,137,177,168,192,1,0,863
CUMBERLAND,CC17,6,9,24,31,82,138,113,0,0,403,6,10,32,44,93,138,110,0,0,433,85,168,168,207,294,308,189,0,0,1419,30,81,113,177,238,172,84,0,0,895
CUMBERLAND,CC18,2,5,24,22,53,78,83,0,0,267,4,13,33,49,89,102,110,0,0,400,71,116,177,169,243,220,193,0,0,1189,23,62,96,142,192,166,86,0,0,767
CUMBERLAND,CC21,12,17,45,43,87,145,129,0,0,478,15,25,49,63,111,140,122,0,0,525,190,307,325,315,379,360,239,0,0,2115,50,119,161,197,302,228,100,0,0,1157
CUMBERLAND,CC22A,14,30,62,64,112,232,135,0,0,649,16,32,66,88,127,199,116,0,0,644,282,430,429,407,508,493,277,0,0,2826,94,169,219,276,401,281,117,0,0,1557
CUMBERLAND,CC23-2,19,22,38,96,139,138,79,0,0,531,17,29,53,83,164,129,82,0,0,557,201,278,345,371,377,271,151,0,0,1994,70,122,197,247,251,144,69,0,0,1100
CUMBERLAND,CC24,5,13,11,13,39,61,42,0,0,184,1,8,25,16,49,56,30,0,0,185,89,200,136,112,149,137,78,0,0,901,36,74,52,77,127,84,30,0,0,480
CUMBERLAND,CC25,8,18,33,22,52,100,82,0,0,315,9,15,34,37,64,108,77,0,0,344,95,202,191,182,206,203,162,0,0,1241,36,78,93,109,169,147,70,0,0,702
CUMBERLAND,CC26,19,21,23,42,108,181,158,0,0,552,16,23,38,39,116,187,145,0,0,564,174,337,301,264,390,388,270,0,0,2124,59,114,146,195,322,246,135,0,0,1217
CUMBERLAND,CC27,11,23,49,46,95,129,49,0,0,402,4,32,39,57,113,122,42,0,0,409,185,459,381,333,405,332,120,0,0,2215,87,133,159,234,263,138,40,0,0,1054
CUMBERLAND,CC29,8,11,8,27,57,66,70,0,0,247,10,4,22,39,54,79,63,0,0,271,137,211,208,196,235,184,150,0,0,1321,60,78,90,125,186,126,73,0,0,738
CUMBERLAND,CC31,3,14,17,26,44,80,62,0,0,246,2,10,24,24,47,65,37,0,0,209,74,164,186,174,247,239,143,0,0,1227,27,63,77,110,186,135,54,0,0,652
CUMBERLAND,CC32,2,12,17,16,32,45,57,0,0,181,1,3,17,23,38,44,48,0,0,174,65,130,134,93,125,119,105,0,0,771,14,56,49,64,99,89,48,0,0,419
CUMBERLAND,CC33,8,6,22,17,75,117,117,0,0,362,9,14,28,35,77,124,123,0,0,410,84,198,217,212,281,301,267,0,0,1560,37,64,90,142,233,212,136,0,0,914
CUMBERLAND,CC34,7,10,33,43,59,112,108,0,0,372,10,14,45,65,100,135,107,0,0,476,136,197,205,238,319,264,179,0,0,1538,43,105,119,201,254,189,68,0,0,979
CUMBERLAND,CC519,9,20,26,27,72,112,101,0,0,367,6,16,32,29,70,108,83,0,0,344,122,231,257,197,319,273,174,0,0,1573,39,93,131,152,226,176,65,0,0,882
CUMBERLAND,CL57-1,4,27,38,48,123,195,79,0,0,514,8,31,52,68,120,191,65,0,0,535,143,365,374,296,418,422,141,0,0,2159,54,130,166,241,376,196,33,0,0,1196
CUMBERLAND,CL57-2,10,34,51,82,174,214,107,0,0,672,17,31,62,105,196,200,89,0,0,700,166,301,347,336,435,410,157,0,0,2152,60,149,168,308,371,210,30,0,0,1296
CUMBERLAND,CU02,9,14,16,23,53,77,46,0,0,238,3,15,26,30,47,77,46,0,0,244,78,158,190,209,233,224,135,0,0,1227,28,60,94,138,160,124,53,0,0,657
CUMBERLAND,EO01,12,22,47,87,140,209,179,0,0,696,4,4,21,32,41,50,38,0,0,190,172,243,381,407,466,457,299,0,0,2425,54,126,211,315,351,330,132,0,0,1519
CUMBERLAND,EO02,6,12,30,47,106,129,95,0,0,425,0,0,14,18,19,24,14,0,0,89,139,177,281,321,348,302,182,0,0,1750,34,105,150,227,257,178,59,0,0,1010
CUMBERLAND,G10A,31,25,67,112,261,190,99,0,0,785,18,28,55,111,169,100,23,0,0,504,380,365,600,806,929,485,262,0,0,3827,118,181,323,634,518,245,95,0,0,2114
CUMBERLAND,G10B,16,13,30,46,102,115,77,0,0,399,6,10,44,46,80,96,56,0,0,338,155,278,327,325,415,357,161,0,0,2018,50,127,162,237,305,191,44,0,0,1116
CUMBERLAND,G10C,31,24,42,128,136,150,86,0,0,597,7,10,18,41,31,37,18,0,0,162,299,282,585,663,574,365,204,0,0,2972,73,120,311,419,321,192,83,0,0,1519
CUMBERLAND,G11B,6,10,20,12,14,18,14,0,0,94,3,4,18,6,5,2,1,0,0,39,386,613,320,124,93,72,27,0,0,1635,46,47,45,50,58,26,14,0,0,286
CUMBERLAND,G1A,8,9,32,43,70,112,80,0,0,354,1,12,29,33,61,66,44,0,0,246,103,163,227,201,273,248,130,0,0,1345,32,85,119,144,195,145,45,0,0,765
CUMBERLAND,G1B,12,19,61,116,195,233,159,0,0,795,1,0,3,5,1,3,0,0,0,13,270,280,476,541,702,540,299,0,0,3108,75,155,262,466,493,312,116,0,0,1879
CUMBERLAND,G2A,29,29,61,110,218,294,247,0,0,988,22,37,101,118,225,293,215,0,0,1011,226,380,425,437,606,579,404,0,0,3057,90,164,211,392,484,374,170,0,0,1885
CUMBERLAND,G2C-1,14,31,46,62,116,155,107,0,0,531,15,31,50,75,118,177,105,0,0,571,175,314,345,310,384,346,214,0,0,2088,64,146,181,240,306,188,88,0,0,1213
CUMBERLAND,G2E-1,11,21,24,30,62,99,80,0,0,327,5,11,20,26,46,74,53,0,0,235,128,173,195,202,245,254,122,0,0,1319,44,81,116,134,206,152,31,0,0,764
CUMBERLAND,G2E-2,5,24,29,31,68,106,90,0,0,353,9,29,30,39,55,91,86,0,0,339,147,254,213,236,259,275,139,0,0,1523,82,89,131,142,205,169,49,0,0,867
CUMBERLAND,G3A-1,9,22,43,50,120,121,60,0,0,425,0,0,1,2,1,0,0,0,0,4,217,349,462,440,463,330,146,0,0,2407,71,155,248,298,302,142,45,0,0,1261
CUMBERLAND,G3A-2C,11,13,25,40,82,61,37,0,0,269,1,1,0,1,2,1,1,0,0,7,165,248,285,278,351,284,158,0,0,1769,62,117,138,202,215,127,50,0,0,911
CUMBERLAND,G3B,4,8,10,14,36,41,30,0,0,143,8,8,17,17,29,41,20,0,0,140,55,106,114,121,162,132,73,0,0,763,18,39,57,68,106,61,35,0,0,384
CUMBERLAND,G3C,6,12,7,21,42,65,45,0,0,198,0,2,1,1,0,1,0,0,0,5,63,106,150,142,203,184,127,0,0,975,28,54,70,131,156,110,59,0,0,608
CUMBERLAND,G4A,5,13,14,21,40,48,32,0,0,173,3,7,12,20,35,43,34,0,0,154,73,146,147,148,181,189,112,0,0,996,20,51,57,111,149,89,52,0,0,529
CUMBERLAND,G4B,4,8,13,22,43,77,49,0,0,216,4,6,13,17,40,57,43,0,0,180,73,114,145,163,236,261,144,0,0,1136,21,46,70,116,201,126,64,0,0,644
CUMBERLAND,G4C,3,18,28,36,59,46,18,0,0,208,0,0,0,0,0,0,0,0,0,0,106,186,250,236,229,150,70,0,0,1227,33,84,127,141,129,67,18,0,0,599
CUMBERLAND,G5A-1,15,17,34,60,119,162,110,0,0,517,17,19,35,72,134,165,116,0,0,558,157,208,280,276,343,310,200,0,0,1774,59,103,155,208,292,172,82,0,0,1071
CUMBERLAND,G5A-2,14,18,25,50,129,156,108,0,0,500,7,15,33,52,150,140,89,0,0,486,113,200,240,235,367,323,189,0,0,1667,66,89,126,217,310,214,56,0,0,1078
CUMBERLAND,G5B-1,5,24,43,38,84,148,164,0,0,506,9,20,44,53,101,136,132,0,0,495,133,272,307,263,345,341,254,0,0,1915,51,119,141,207,254,206,127,0,0,1105
CUMBERLAND,G5B-2,10,20,30,55,130,153,76,0,0,474,7,22,32,57,136,142,64,0,0,460,114,235,220,172,357,282,136,0,0,1516,51,105,118,206,283,143,36,0,0,942
CUMBERLAND,G5C,2,17,18,26,57,95,61,0,0,276,4,16,19,34,59,101,61,0,0,294,94,193,194,190,248,226,137,0,0,1282,37,90,94,126,207,122,52,0,0,728
CUMBERLAND,G6A,23,25,74,112,206,260,150,0,0,850,16,16,43,31,52,56,36,0,0,250,289,450,661,598,808,627,349,0,0,3782,83,204,287,453,552,339,140,0,0,2058
CUMBERLAND,G6B,7,4,8,32,58,69,55,0,0,233,0,0,0,0,0,0,0,0,0,0,73,88,114,157,188,182,113,0,0,915,19,46,82,127,136,110,40,0,0,560
CUMBERLAND,G6C,8,12,22,32,69,122,92,0,0,357,0,0,0,0,0,0,0,0,0,0,95,141,206,236,327,288,168,0,0,1461,34,69,116,187,248,182,71,0,0,907
CUMBERLAND,G7A,7,9,19,24,59,67,72,0,0,257,16,12,22,27,36,26,29,0,0,168,86,104,138,157,208,198,132,0,0,1023,35,64,83,117,169,113,55,0,0,636
CUMBERLAND,G7B,2,0,25,18,44,74,48,0,0,211,2,4,3,8,16,13,20,0,0,66,84,82,165,176,189,171,104,0,0,971,19,72,98,123,150,102,37,0,0,601
CUMBERLAND,G8A,14,33,45,55,106,141,66,0,0,460,11,18,50,67,103,131,48,0,0,428,184,327,420,397,500,382,163,0,0,2373,56,148,184,322,313,195,47,0,0,1265
CUMBERLAND,G8B,15,21,48,74,102,82,33,0,0,375,7,8,40,62,48,35,20,0,0,220,227,238,514,452,348,208,95,0,0,2082,44,120,210,282,179,97,22,0,0,954
CUMBERLAND,G8C,6,19,11,42,69,95,51,0,0,293,1,4,10,18,32,31,12,0,0,108,96,212,224,276,277,298,137,0,0,1520,34,87,136,176,214,116,40,0,0,803
CUMBERLAND,G8D,10,18,27,42,110,136,56,0,0,399,12,24,35,48,116,113,57,0,0,405,172,298,312,341,465,306,156,0,0,2050,65,101,141,256,311,132,50,0,0,1056
CUMBERLAND,G9A-3,8,23,35,55,109,116,74,0,0,420,14,17,30,56,109,83,54,0,0,363,185,256,319,358,411,274,180,0,0,1983,67,102,180,294,248,151,68,0,0,1110
CUMBERLAND,G9B-1,18,22,41,76,125,142,64,0,0,488,4,4,25,24,19,9,0,0,0,85,312,371,546,618,627,453,182,0,0,3109,73,153,293,390,380,188,55,0,0,1532
CUMBERLAND,G9B-2,29,36,64,122,184,140,81,0,0,656,0,1,1,1,3,2,0,0,0,8,391,435,737,782,653,379,177,0,0,3554,83,207,407,469,370,210,64,0,0,1810
CUMBERLAND,LI65,20,21,48,77,161,192,107,0,0,626,0,0,2,8,2,6,5,0,0,23,224,296,431,487,613,527,241,0,0,2819,51,145,231,363,421,294,72,0,0,1577
CUMBERLAND,LO66A,33,33,65,115,249,317,175,0,0,987,19,22,35,87,144,141,56,0,0,504,289,395,539,566,694,654,300,0,0,3437,97,178,253,440,587,337,93,0,0,1985
CUMBERLAND,LR63,26,40,64,93,171,263,102,0,0,759,16,48,93,102,169,248,68,0,0,744,263,551,625,507,583,545,173,0,0,3247,93,216,300,337,473,234,47,0,0,1700
CUMBERLAND,MB62,9,19,47,43,96,115,46,0,0,375,10,28,50,60,101,115,30,0,0,394,163,325,356,297,361,273,70,0,0,1845,73,122,147,187,233,99,22,0,0,883
CUMBERLAND,MR02,11,14,30,37,80,124,121,0,0,417,3,11,35,40,90,115,120,0,0,414,156,305,276,268,314,293,267,0,0,1879,65,94,142,157,215,236,107,0,0,1016
CUMBERLAND,SH77,20,11,34,75,99,117,81,0,0,437,0,0,1,0,0,0,0,0,0,1,197,236,346,471,454,322,178,0,0,2204,53,101,236,313,294,190,65,0,0,1252
CUMBERLAND,SL78-3,14,38,42,51,114,154,132,0,0,545,24,47,70,88,125,163,128,0,0,645,283,489,408,428,474,479,270,0,0,2831,101,182,177,267,382,243,100,0,0,1452
CURRITUCK,CB,1,0,4,8,24,38,11,0,0,86,0,0,0,0,0,0,0,0,0,0,9,11,11,28,64,67,21,0,0,211,1,5,13,20,34,26,4,0,0,103
CURRITUCK,CH,21,28,65,108,235,292,192,0,0,941,0,0,0,0,0,0,0,0,0,0,233,323,569,564,707,661,316,0,0,3373,56,144,234,370,469,315,140,0,0,1728
CURRITUCK,CO,3,10,15,23,56,67,43,0,0,217,0,0,0,0,0,0,0,0,0,0,60,81,88,118,179,134,94,0,0,754,18,36,39,80,120,75,45,0,0,413
CURRITUCK,EM,6,20,59,70,124,176,94,0,0,549,0,0,0,0,0,0,0,0,0,0,155,350,582,472,496,418,180,0,0,2653,27,110,134,188,278,157,41,0,0,935
CURRITUCK,GW,0,2,6,3,18,24,12,0,0,65,0,0,0,0,0,0,0,0,0,0,17,26,42,47,58,49,31,0,0,270,3,11,18,20,42,24,9,0,0,127
CURRITUCK,IR,2,13,14,41,89,89,59,0,0,307,0,0,0,0,0,0,0,0,0,0,70,125,178,196,245,163,112,0,0,1089,27,44,84,139,152,110,38,0,0,594
CURRITUCK,KI,5,8,11,22,55,78,43,0,0,222,0,0,0,0,0,0,0,0,0,0,49,102,128,111,208,166,78,0,0,842,8,48,41,93,134,89,24,0,0,437
CURRITUCK,PB,19,38,70,127,197,279,183,0,0,913,0,0,0,0,0,1,0,0,0,1,219,287,411,527,687,660,380,0,0,3171,61,129,243,337,429,369,124,0,0,1692
CURRITUCK,PP,5,14,30,45,86,140,91,0,0,411,0,0,0,0,0,1,1,0,0,2,77,133,190,230,322,326,195,0,0,1473,9,64,94,143,219,193,71,0,0,793
CURRITUCK,WH,2,8,7,12,41,107,57,0,0,234,0,0,0,0,1,2,0,0,0,3,26,56,54,76,201,248,112,0,0,773,3,26,17,36,79,118,40,0,0,319
CURRITUCK,WM,12,26,62,88,170,191,82,0,0,631,0,0,0,0,0,0,0,0,0,0,231,411,619,574,663,455,171,0,0,3124,65,116,193,323,373,187,58,0,0,1315
DARE,AVON,3,11,21,34,48,87,36,0,0,240,0,0,0,0,0,0,0,0,0,0,27,49,95,102,163,193,63,0,0,692,6,30,47,67,99,88,18,0,0,355
DARE,BUX,12,16,37,45,65,103,52,0,0,330,1,0,0,0,0,0,0,0,0,1,61,85,127,155,190,200,97,0,0,915,23,58,75,118,140,104,32,0,0,550
DARE,CHCA,1,4,21,19,32,53,34,0,0,164,0,0,0,0,0,0,0,0,0,0,40,56,79,98,137,121,59,0,0,590,3,32,37,51,75,66,30,0,0,294
DARE,COL,24,52,108,125,208,339,152,0,0,1008,0,2,1,0,1,0,0,0,0,4,159,246,388,452,622,754,310,0,0,2931,37,111,193,276,441,364,100,0,0,1522
DARE,DUCK,1,3,3,11,38,95,71,0,0,222,1,4,8,23,67,125,94,0,0,322,19,18,31,63,137,173,133,0,0,574,4,9,15,35,64,90,53,0,0,270
DARE,EL,4,2,7,5,3,11,3,0,0,35,0,0,0,0,0,0,0,0,0,0,3,7,13,5,18,14,8,0,0,68,1,4,5,7,14,8,1,0,0,40
DARE,FRCO,3,6,21,17,58,81,26,0,0,212,0,0,0,0,0,0,0,0,0,0,26,51,74,89,148,167,60,0,0,615,8,27,28,67,131,75,24,0,0,360
DARE,HAT,4,10,17,14,41,63,31,0,0,180,0,0,0,0,0,0,0,0,0,0,21,31,47,67,92,129,49,0,0,436,5,20,46,42,87,76,14,0,0,290
DARE,KDH,38,102,180,242,322,414,248,0,0,1546,9,30,48,61,99,143,82,0,0,472,293,547,704,816,1019,918,498,0,0,4795,96,225,373,512,577,473,150,0,0,2406
DARE,KTHK,31,38,90,131,218,266,183,0,0,957,16,29,62,86,165,237,141,0,0,736,166,244,346,399,543,540,306,0,0,2544,37,125,193,289,432,327,112,0,0,1515
DARE,MATO,49,119,198,257,368,470,389,0,0,1850,15,18,42,50,93,131,87,0,0,436,296,358,521,593,814,874,601,0,0,4057,76,199,328,436,631,542,203,0,0,2415
DARE,MH,5,16,29,25,33,56,19,0,0,183,0,0,0,0,0,0,0,0,0,0,27,38,57,54,66,83,38,0,0,363,8,27,27,36,68,37,15,0,0,218
DARE,NGHD,15,39,77,108,176,251,164,0,0,830,19,32,80,122,226,322,182,0,0,983,120,180,253,317,478,585,263,0,0,2196,27,104,141,233,312,310,97,0,0,1224
DARE,SOSH,26,26,63,113,223,348,278,0,0,1077,0,3,13,40,65,174,146,0,0,441,168,155,274,376,650,745,570,0,0,2938,37,82,190,293,491,512,216,0,0,1821
DARE,STPT,0,6,12,11,13,19,8,0,0,69,0,0,0,0,0,0,0,0,0,0,5,16,25,20,20,30,18,0,0,134,5,5,9,11,19,20,5,0,0,74
DARE,WAN,19,28,61,79,103,83,68,0,0,441,0,0,0,0,0,0,1,0,0,1,74,106,131,146,170,159,99,0,0,885,18,50,77,114,117,86,41,0,0,503
DAVIDSON,04,27,46,96,131,244,395,303,0,0,1242,0,1,3,5,10,13,9,0,0,41,407,578,819,874,1008,998,639,0,0,5323,106,325,461,608,798,603,207,0,0,3108
DAVIDSON,06,12,39,72,70,141,145,96,0,0,575,0,0,0,0,0,0,0,0,0,0,267,378,397,445,508,391,219,0,0,2605,70,163,187,326,299,206,84,0,0,1335
DAVIDSON,08,8,12,23,29,45,61,70,0,0,248,0,0,0,0,0,0,0,0,0,0,69,123,117,117,162,152,129,0,0,869,19,56,63,81,122,92,68,0,0,501
DAVIDSON,10,15,27,50,55,131,142,120,0,0,540,0,0,0,0,0,0,0,0,0,0,184,257,273,353,452,394,246,0,0,2159,50,119,147,257,287,231,79,0,0,1170
DAVIDSON,12,3,17,13,25,30,55,38,0,0,181,5,15,12,16,41,67,33,0,0,189,66,127,87,123,138,122,68,0,0,731,24,39,53,70,110,60,34,0,0,390
DAVIDSON,14,11,15,36,50,89,101,130,0,0,432,0,4,4,4,11,18,16,0,0,57,130,179,226,253,320,294,237,0,0,1639,44,87,122,180,226,210,88,0,0,957
DAVIDSON,16,12,30,38,40,121,164,117,0,0,522,0,2,1,2,9,18,17,0,0,49,201,330,389,431,551,412,302,0,0,2616,79,159,212,323,390,252,102,0,0,1517
DAVIDSON,18,15,18,27,56,128,166,115,0,0,525,0,0,0,0,0,2,0,0,0,2,110,209,202,297,460,395,231,0,0,1904,41,79,119,266,286,244,73,0,0,1108
DAVIDSON,20,25,38,46,88,135,146,125,0,0,603,0,0,0,0,0,0,0,0,0,0,190,311,330,403,459,405,246,0,0,2344,80,115,183,306,316,225,87,0,0,1312
DAVIDSON,22,6,13,7,16,57,29,51,0,0,179,0,1,0,2,3,0,1,0,0,7,67,127,112,125,154,106,94,0,0,785,22,40,65,99,69,89,31,0,0,415
DAVIDSON,24,15,37,27,44,67,70,69,0,0,329,0,2,3,3,1,5,0,0,0,14,157,228,228,235,270,189,155,0,0,1462,42,79,107,157,146,118,50,0,0,699
DAVIDSON,26,8,17,20,36,47,75,56,0,0,259,0,1,3,8,4,8,4,0,0,28,93,137,144,190,180,178,113,0,0,1035,26,61,82,135,129,104,42,0,0,579
DAVIDSON,28,20,21,48,61,103,166,107,0,0,526,1,2,1,2,3,10,1,0,0,20,196,345,329,360,432,361,254,0,0,2277,73,136,179,272,274,219,98,0,0,1251
DAVIDSON,30,5,12,17,23,49,116,76,0,0,298,1,3,10,15,24,61,38,0,0,152,104,155,126,157,227,269,155,0,0,1193,34,61,60,132,219,159,61,0,0,726
DAVIDSON,32,6,15,16,28,37,44,46,0,0,192,2,2,14,12,24,23,11,0,0,88,110,156,130,165,189,137,105,0,0,992,27,43,82,97,98,90,37,0,0,474
DAVIDSON,34,10,25,13,20,55,93,62,0,0,278,6,8,9,12,34,58,30,0,0,157,106,151,173,167,264,224,162,0,0,1247,31,60,59,134,165,144,56,0,0,649
DAVIDSON,36,7,18,13,25,50,74,73,0,0,260,3,11,8,16,35,48,37,0,0,158,66,126,113,126,171,157,135,0,0,894,21,60,63,109,120,120,47,0,0,540
DAVIDSON,38,1,8,8,13,30,46,26,0,0,132,1,5,5,11,27,32,22,0,0,103,61,124,87,106,155,129,73,0,0,735,18,28,39,72,112,65,26,0,0,360
DAVIDSON,40,8,27,20,42,69,140,159,0,0,465,5,6,15,19,43,65,80,0,0,233,109,190,154,196,268,324,268,0,0,1509,46,75,108,164,244,237,108,0,0,982
DAVIDSON,42,21,30,31,60,119,138,97,0,0,496,0,0,0,0,0,0,0,0,0,0,200,257,272,380,450,345,210,0,0,2114,54,95,150,260,276,185,70,0,0,1090
DAVIDSON,44,26,31,72,83,160,253,180,0,0,805,2,2,4,7,13,8,8,0,0,44,267,345,520,531,612,598,369,0,0,3242,65,215,299,417,494,386,142,0,0,2018
DAVIDSON,46,14,29,39,66,140,185,107,0,0,580,0,0,0,0,0,0,0,0,0,0,178,273,309,332,486,371,232,0,0,2181,64,140,148,290,352,228,66,0,0,1288
DAVIDSON,48,22,23,38,65,129,172,114,0,0,563,0,0,0,0,1,0,0,0,0,1,188,267,266,349,453,373,252,0,0,2148,54,111,142,262,297,220,99,0,0,1185
DAVIDSON,50,20,36,57,88,159,174,118,0,0,652,1,0,0,0,0,0,0,0,0,1,256,420,449,557,664,441,310,0,0,3097,64,173,282,385,364,262,119,0,0,1649
DAVIDSON,52,29,38,74,129,231,287,194,0,0,982,0,0,0,0,0,0,0,0,0,0,314,472,512,637,803,694,415,0,0,3847,108,208,309,523,557,397,130,0,0,2232
DAVIDSON,54,12,8,21,44,80,89,88,0,0,342,0,0,1,0,0,0,0,0,0,1,113,190,222,232,341,263,171,0,0,1532,35,75,113,179,179,166,60,0,0,807
DAVIDSON,56,9,8,20,21,64,76,59,0,0,257,0,0,0,0,0,0,0,0,0,0,79,137,143,186,219,223,140,0,0,1127,26,59,84,146,157,140,51,0,0,663
DAVIDSON,58,11,25,49,87,194,273,168,0,0,807,0,0,1,0,0,0,0,0,0,1,183,304,330,504,675,589,340,0,0,2925,55,128,221,383,477,325,122,0,0,1711
DAVIDSON,60,14,36,48,66,133,147,122,0,0,566,12,39,42,72,131,152,94,0,0,542,279,436,494,541,609,484,311,0,0,3154,97,186,240,382,392,277,136,0,0,1710
DAVIDSON,62,2,16,16,15,39,49,37,0,0,174,23,18,29,35,59,74,42,0,0,280,91,160,94,151,202,169,91,0,0,958,46,41,66,103,121,89,38,0,0,504
DAVIDSON,64,6,14,18,22,40,82,53,0,0,235,8,15,30,45,68,84,60,0,0,310,82,127,115,137,164,166,131,0,0,922,24,41,67,109,130,124,42,0,0,537
DAVIDSON,66,5,22,13,27,46,82,50,0,0,245,16,27,27,35,62,76,36,0,0,279,104,166,158,181,238,203,122,0,0,1172,48,61,81,125,160,110,48,0,0,633
DAVIDSON,68,7,18,21,32,73,79,80,0,0,310,9,15,32,37,97,82,66,0,0,338,120,210,178,224,275,248,209,0,0,1464,55,78,93,151,194,163,87,0,0,821
DAVIDSON,70,9,25,43,50,112,133,105,0,0,477,4,5,20,18,27,27,21,0,0,122,170,265,266,330,377,338,220,0,0,1966,58,131,156,248,269,217,84,0,0,1163
DAVIDSON,72,17,29,40,86,127,135,107,0,0,541,1,4,2,3,2,7,1,0,0,20,285,284,386,507,482,319,274,0,0,2537,89,114,280,329,299,218,114,0,0,1443
DAVIDSON,74,16,37,60,76,140,197,177,0,0,703,3,4,17,27,41,50,58,0,0,200,242,359,381,501,634,527,487,0,0,3131,77,152,194,366,384,327,229,0,0,1729
DAVIDSON,76,14,30,54,87,143,182,126,0,0,636,7,12,17,35,49,39,38,0,0,197,194,342,382,434,544,406,290,0,0,2592,70,162,188,311,388,249,111,0,0,1479
DAVIDSON,78,23,46,75,85,149,182,111,0,0,671,0,0,0,0,0,0,0,0,0,0,265,425,447,447,596,447,263,0,0,2890,84,181,217,331,379,256,95,0,0,1543
DAVIDSON,80A,29,37,68,105,200,319,236,0,0,994,2,2,8,15,28,36,30,0,0,121,384,466,724,864,933,866,542,0,0,4779,106,315,453,590,752,508,186,0,0,2910
DAVIDSON,82,21,30,49,71,150,152,128,0,0,601,0,0,0,0,0,0,0,0,0,0,220,329,397,403,500,383,252,0,0,2484,69,148,213,301,331,235,86,0,0,1383
DAVIDSON,84,30,52,83,119,242,358,344,0,0,1228,0,0,0,0,0,0,0,0,0,0,348,531,662,760,983,1026,722,0,0,5032,101,262,360,618,744,660,213,0,0,2958
DAVIDSON,86A,21,44,52,64,108,137,97,0,0,523,1,0,0,0,0,0,2,0,0,3,264,364,447,521,518,402,256,0,0,2772,86,181,249,376,307,205,113,0,0,1517
DAVIDSON,88,9,18,33,45,94,135,112,0,0,446,0,0,0,0,0,0,0,0,0,0,184,195,270,333,464,418,313,0,0,2177,51,101,179,284,343,328,111,0,0,1397
DAVIE,01,6,16,21,28,72,58,69,0,0,270,0,0,0,0,0,0,0,0,0,0,66,142,136,196,216,153,128,0,0,1037,37,67,85,141,110,120,55,0,0,615
DAVIE,02,4,14,21,17,54,61,50,0,0,221,0,0,0,0,0,0,0,0,0,0,79,116,137,149,194,172,97,0,0,944,27,57,70,109,144,83,39,0,0,529
DAVIE,03,15,25,27,69,136,164,137,0,0,573,0,0,0,0,0,2,0,0,0,2,160,287,303,389,490,394,259,0,0,2282,73,117,185,328,332,238,89,0,0,1362
DAVIE,04,5,19,25,26,50,68,59,0,0,252,0,2,3,5,6,10,12,0,0,38,100,205,177,222,287,230,130,0,0,1351,32,73,84,140,165,114,59,0,0,667
DAVIE,05,13,28,33,57,142,192,174,0,0,639,0,0,0,0,0,1,0,0,0,1,194,257,232,385,455,470,334,0,0,2327,62,112,183,308,376,312,129,0,0,1482
DAVIE,06,6,9,33,40,62,120,78,0,0,348,0,0,0,0,0,0,0,0,0,0,112,157,216,249,262,287,182,0,0,1465,33,79,124,178,223,187,66,0,0,890
DAVIE,07,10,19,15,37,98,90,85,0,0,354,0,0,0,0,0,0,0,0,0,0,117,193,169,216,301,268,172,0,0,1436,51,73,100,184,203,179,59,0,0,849
DAVIE,08,9,17,32,39,87,105,125,0,0,414,5,11,16,39,69,83,89,0,0,312,129,238,252,248,289,308,260,0,0,1724,51,98,125,189,207,185,127,0,0,982
DAVIE,09,15,31,25,51,97,122,97,0,0,438,7,16,8,20,44,35,31,0,0,161,201,294,252,343,345,310,198,0,0,1943,61,128,170,256,237,208,70,0,0,1130
DAVIE,10,19,27,51,74,144,149,126,0,0,590,0,0,0,0,0,0,0,0,0,0,222,263,405,400,520,395,225,0,0,2430,62,161,230,342,369,251,81,0,0,1496
DAVIE,11,4,21,20,44,84,116,81,0,0,370,0,0,0,0,0,0,0,0,0,0,101,161,191,229,324,275,161,0,0,1442,42,73,107,206,243,165,56,0,0,892
DAVIE,12,16,28,51,76,175,210,221,0,0,777,0,0,0,0,0,1,0,0,0,1,271,310,392,596,646,550,441,0,0,3206,87,174,296,480,455,413,174,0,0,2079
DAVIE,13,8,15,33,46,99,240,339,0,0,780,3,9,26,27,56,159,252,0,0,532,155,228,275,376,488,618,800,0,0,2940,69,105,193,344,424,563,362,0,0,2060
DAVIE,14,13,30,37,47,117,177,113,0,0,534,0,0,1,2,1,2,0,0,0,6,152,247,300,310,420,409,221,0,0,2059,68,122,161,260,313,233,76,0,0,1233
DUPLIN,ALBE,10,26,22,31,44,59,59,0,0,251,0,0,0,0,0,0,0,0,0,0,118,153,150,150,167,156,96,0,0,990,46,62,84,115,119,91,39,0,0,556
DUPLIN,BEUL,31,29,68,89,124,178,158,0,0,677,4,3,4,11,22,32,36,0,0,112,187,241,339,354,422,416,302,0,0,2261,45,123,174,222,329,236,127,0,0,1256
DUPLIN,CALY,3,4,17,25,35,54,43,0,0,181,2,2,11,13,15,23,10,0,0,76,45,47,78,102,100,120,63,0,0,555,14,25,61,62,91,76,15,0,0,344
DUPLIN,CFRK,5,8,24,24,38,48,50,0,0,197,0,0,0,0,0,0,0,0,0,0,43,57,69,96,115,99,81,0,0,560,8,36,40,60,95,67,34,0,0,340
DUPLIN,CHAR,8,14,27,29,70,85,85,0,0,318,1,0,0,4,15,25,18,0,0,63,65,97,134,136,214,166,121,0,0,933,24,58,53,120,150,131,51,0,0,587
DUPLIN,CHIN,6,16,27,24,30,55,54,0,0,212,0,0,0,2,0,0,0,0,0,2,55,85,96,107,125,123,105,0,0,696,9,32,54,81,86,87,49,0,0,398
DUPLIN,CYCK,13,30,42,36,87,87,63,0,0,358,0,0,0,0,0,0,0,0,0,0,99,142,123,164,233,157,124,0,0,1042,27,73,84,133,148,96,48,0,0,609
DUPLIN,FAIS,16,21,19,48,56,77,63,0,0,300,3,10,11,19,22,12,25,0,0,102,99,111,101,160,167,199,112,0,0,949,30,40,75,114,132,122,40,0,0,553
DUPLIN,GLIS,10,13,20,22,43,48,35,0,0,191,0,0,0,0,0,1,0,0,0,1,62,88,75,74,117,84,61,0,0,561,18,39,38,64,100,49,22,0,0,330
DUPLIN,HALL,8,16,19,41,61,88,70,0,0,303,0,0,0,0,0,0,0,0,0,0,103,113,156,168,187,193,122,0,0,1042,21,66,73,116,149,108,44,0,0,577
DUPLIN,KENA,20,34,78,97,140,245,186,0,0,800,0,4,15,2,17,31,37,0,0,106,167,244,279,326,462,450,318,0,0,2246,81,141,174,272,373,301,123,0,0,1465
DUPLIN,MAGN,8,16,14,27,45,100,59,0,0,269,1,3,10,4,17,32,13,0,0,80,90,109,108,137,155,211,115,0,0,925,31,48,74,85,154,122,44,0,0,558
DUPLIN,ROSE,15,23,30,41,68,128,105,0,0,410,4,6,12,11,27,54,43,0,0,157,96,130,143,154,210,253,166,0,0,1152,30,66,71,117,199,146,72,0,0,701
DUPLIN,SMCA,10,16,32,43,45,79,56,0,0,281,0,0,0,0,0,0,0,0,0,0,82,144,141,151,196,168,91,0,0,973,28,69,85,82,156,87,33,0,0,540
DUPLIN,WARS,16,29,51,82,134,184,155,0,0,651,4,21,26,47,85,101,77,0,0,361,160,229,233,298,411,394,290,0,0,2015,47,118,184,240,354,253,130,0,0,1326
DUPLIN,WLLC,42,61,92,136,211,386,374,0,0,1302,8,21,38,45,89,98,114,0,0,413,328,476,512,622,869,925,772,0,0,4504,95,218,293,426,610,698,278,0,0,2618
DUPLIN,WOLF,10,8,33,50,46,82,61,0,0,290,0,0,0,0,0,0,0,0,0,0,112,140,162,174,193,189,119,0,0,1089,39,61,87,123,144,131,39,0,0,624
DURHAM,01,9,44,76,79,67,94,40,0,0,409,11,30,78,76,61,79,28,0,0,363,77,144,158,147,126,128,51,0,0,831,63,105,113,125,125,70,14,0,0,615
DURHAM,02,109,197,188,95,112,84,58,0,0,843,72,139,155,89,91,66,43,0,0,655,1136,460,295,212,194,155,76,0,0,2528,215,264,187,177,143,94,22,0,0,1102
DURHAM,03,39,198,125,110,108,140,86,0,0,806,44,146,118,100,94,135,55,0,0,692,414,589,253,186,155,193,69,0,0,1859,322,250,173,123,159,121,15,0,0,1163
DURHAM,04,28,65,194,165,143,178,104,0,0,877,21,64,167,144,128,168,99,0,0,791,83,200,336,226,201,228,121,0,0,1395,50,184,253,173,198,159,39,0,0,1056
DURHAM,05,167,149,49,20,30,47,26,0,0,488,88,86,36,13,29,33,22,0,0,307,2429,537,195,117,159,133,74,0,0,3644,662,206,68,73,103,95,19,0,0,1226
DURHAM,06,22,99,115,93,104,145,120,0,0,698,13,84,96,90,98,140,95,0,0,616,112,281,257,209,212,221,135,0,0,1427,76,176,163,176,203,148,47,0,0,989
DURHAM,07,40,256,139,124,104,100,74,0,0,837,31,182,123,108,94,93,59,0,0,690,362,621,351,243,214,146,86,0,0,2023,218,282,191,160,157,94,30,0,0,1132
DURHAM,08,30,221,177,135,109,119,90,0,0,881,21,158,152,120,87,98,56,0,0,692,229,668,406,270,261,290,146,0,0,2270,159,301,252,170,201,162,46,0,0,1291
DURHAM,09,41,88,211,196,181,243,194,0,0,1154,20,91,200,185,158,231,146,0,0,1031,151,311,433,369,329,379,233,0,0,2205,79,246,316,287,315,282,81,0,0,1606
DURHAM,10,23,212,143,44,45,63,40,0,0,570,21,156,119,57,36,52,26,0,0,467,240,751,323,173,175,162,74,0,0,1898,151,243,131,102,132,81,24,0,0,864
DURHAM,12,1,38,24,23,20,28,29,0,0,163,2,36,22,23,19,31,15,0,0,148,33,106,79,76,75,62,24,0,0,455,31,63,44,52,56,32,10,0,0,288
DURHAM,13,6,11,21,16,22,30,18,0,0,124,4,14,22,11,16,28,9,0,0,104,66,100,109,96,95,75,32,0,0,573,26,37,43,56,70,35,18,0,0,285
DURHAM,14,14,58,86,61,72,79,56,0,0,426,8,50,70,54,60,67,30,0,0,339,161,273,313,237,229,175,90,0,0,1478,89,182,150,150,162,89,33,0,0,855
DURHAM,15,12,96,81,54,47,35,27,0,0,352,14,87,86,46,38,33,17,0,0,321,81,266,189,119,141,98,52,0,0,946,54,141,96,92,79,62,26,0,0,550
DURHAM,17,24,269,295,137,139,135,89,0,0,1088,20,227,281,126,121,121,58,0,0,954,227,878,621,346,333,282,136,0,0,2823,184,380,272,206,203,166,40,0,0,1451
DURHAM,18,24,66,80,47,62,79,73,0,0,431,23,47,62,39,57,60,57,0,0,345,153,291,232,194,214,185,108,0,0,1377,69,148,122,133,145,114,34,0,0,765
DURHAM,19,28,152,225,133,194,175,81,0,0,988,24,114,199,132,150,119,59,0,0,797,200,513,526,374,399,269,125,0,0,2406,131,340,273,299,286,146,53,0,0,1528
DURHAM,20,30,175,229,151,140,136,71,0,0,932,27,167,200,156,131,121,55,0,0,857,146,439,361,254,204,185,76,0,0,1665,123,280,230,188,164,120,16,0,0,1121
DURHAM,21,18,133,244,140,80,107,73,0,0,795,12,130,204,120,70,87,49,0,0,672,58,343,392,238,166,161,89,0,0,1447,64,292,230,139,156,103,30,0,0,1014
DURHAM,22,28,137,220,118,152,199,150,0,0,1004,16,113,173,96,117,154,94,0,0,763,269,554,562,399,501,449,258,0,0,2992,143,374,282,297,407,277,94,0,0,1874
DURHAM,23,70,229,332,251,287,386,355,0,0,1910,49,164,252,220,202,277,224,0,0,1388,455,1002,911,799,757,682,473,0,0,5079,244,573,551,569,579,506,169,0,0,3191
DURHAM,24,24,137,178,117,153,209,435,0,0,1253,17,91,142,103,127,191,362,0,0,1033,183,441,426,381,385,478,836,0,0,3130,132,303,235,282,374,492,422,0,0,2240
DURHAM,25,23,66,136,87,152,256,186,0,0,906,0,12,10,11,20,34,10,0,0,97,188,320,434,379,461,575,393,0,0,2750,81,212,247,315,433,394,138,0,0,1820
DURHAM,26,7,11,35,36,69,113,94,0,0,365,0,0,0,0,0,0,0,0,0,0,76,120,166,176,235,261,195,0,0,1229,21,78,99,160,247,179,84,0,0,868
DURHAM,27,21,107,154,133,131,220,366,0,0,1132,12,62,76,83,83,123,185,0,0,624,193,407,450,329,348,440,658,0,0,2825,89,258,250,246,335,404,323,0,0,1905
DURHAM,28,30,39,87,112,194,321,283,0,0,1066,4,10,33,38,46,92,100,0,0,323,217,265,423,494,607,717,431,0,0,3154,80,189,331,373,599,485,141,0,0,2198
DURHAM,29,51,94,154,154,196,181,154,0,0,984,18,49,71,103,97,58,36,0,0,432,358,521,517,589,564,488,320,0,0,3357,141,271,369,432,393,302,140,0,0,2048
DURHAM,30-2,68,298,365,390,493,419,207,0,0,2240,30,171,267,281,281,192,89,0,0,1311,524,1261,1164,1075,1027,757,342,0,0,6150,299,741,733,867,714,419,101,0,0,3874
DURHAM,30-3,56,193,257,235,250,267,168,0,0,1426,28,111,181,175,171,160,87,0,0,913,362,858,876,683,622,481,267,0,0,4149,192,525,528,494,445,286,92,0,0,2562
DURHAM,30-4,45,160,376,361,320,226,90,0,0,1578,36,126,295,306,231,158,48,0,0,1200,290,896,1079,905,663,404,176,0,0,4413,173,629,692,538,399,190,47,0,0,2668
DURHAM,31,73,392,463,270,271,234,149,0,0,1852,42,280,319,219,200,151,83,0,0,1294,548,1772,1305,882,732,518,282,0,0,6039,395,850,563,555,453,274,84,0,0,3174
DURHAM,32,29,167,201,123,285,692,772,0,0,2269,9,81,80,49,152,573,501,0,0,1445,252,960,713,602,1119,1721,1406,0,0,6773,196,415,334,530,986,1236,381,0,0,4078
DURHAM,33-1,37,305,237,182,193,329,272,0,0,1555,24,194,157,123,130,189,139,0,0,956,374,1286,820,581,675,731,481,0,0,4948,275,485,415,384,521,431,112,0,0,2623
DURHAM,33-2,38,378,188,120,105,92,49,0,0,970,38,212,129,100,86,57,29,0,0,651,518,1635,787,518,464,252,111,0,0,4285,347,468,330,304,230,107,31,0,0,1817
DURHAM,34-1,35,179,223,145,202,232,165,0,0,1181,25,149,180,111,169,175,118,0,0,927,271,692,527,374,403,344,221,0,0,2832,163,390,266,312,322,217,87,0,0,1757
DURHAM,34-2,63,291,356,216,256,221,198,0,0,1601,46,249,304,204,213,167,140,0,0,1323,462,1104,895,624,570,454,267,0,0,4376,284,603,445,444,386,257,112,0,0,2531
DURHAM,35-4,92,126,285,368,372,383,253,0,0,1879,24,62,178,206,211,191,127,0,0,999,305,463,841,853,751,615,378,0,0,4206,128,454,612,661,542,384,105,0,0,2886
DURHAM,35-5,62,179,372,229,305,346,275,0,0,1768,42,141,267,200,248,248,182,0,0,1328,265,686,755,591,661,540,397,0,0,3895,184,522,435,507,482,386,128,0,0,2644
DURHAM,36,34,119,211,102,108,133,84,0,0,791,17,82,205,82,85,118,59,0,0,648,203,480,462,279,260,244,113,0,0,2041,122,336,222,179,207,141,40,0,0,1247
DURHAM,37,74,181,348,302,380,507,462,0,0,2254,40,160,312,235,290,429,271,0,0,1737,366,754,938,756,852,991,721,0,0,5378,185,533,549,615,754,700,255,0,0,3591
DURHAM,38,86,380,284,226,207,356,329,0,0,1868,68,239,205,186,179,295,233,0,0,1405,702,1576,893,697,610,714,522,0,0,5714,365,566,507,427,537,467,184,0,0,3053
DURHAM,40,23,125,217,164,106,126,65,0,0,826,13,100,201,139,83,115,37,0,0,688,92,316,396,284,191,185,85,0,0,1549,81,251,247,171,146,122,34,0,0,1052
DURHAM,41,11,41,50,29,74,111,138,0,0,454,7,32,37,26,73,83,93,0,0,351,73,156,123,101,175,197,162,0,0,987,48,97,69,108,164,137,84,0,0,707
DURHAM,42,8,30,42,39,51,90,98,0,0,358,8,22,33,41,46,76,63,0,0,289,75,122,124,118,133,154,134,0,0,860,48,70,77,84,135,116,67,0,0,597
DURHAM,43,99,226,310,411,341,525,606,0,0,2518,47,168,238,334,276,367,363,0,0,1793,506,850,880,882,822,896,979,0,0,5815,303,472,699,672,742,732,422,0,0,4042
DURHAM,44,71,154,310,305,374,505,404,0,0,2123,30,54,79,124,127,85,66,0,0,565,447,696,928,921,1051,1051,701,0,0,5795,195,507,637,790,889,789,249,0,0,4056
DURHAM,45,57,116,287,212,329,475,334,0,0,1810,25,72,190,120,199,274,143,0,0,1023,315,578,760,655,763,836,567,0,0,4474,168,444,456,576,676,603,233,0,0,3156
DURHAM,46,28,135,180,120,119,147,108,0,0,837,21,99,153,84,102,124,82,0,0,665,184,543,454,331,326,330,192,0,0,2360,107,290,244,229,269,213,76,0,0,1428
DURHAM,47,11,76,71,47,100,114,145,0,0,564,6,60,68,40,103,97,108,0,0,482,117,319,208,173,225,207,178,0,0,1427,70,177,102,161,177,164,86,0,0,937
DURHAM,50,46,257,209,167,189,226,126,0,0,1220,39,170,169,159,158,175,86,0,0,956,339,812,506,414,449,404,214,0,0,3138,171,395,322,324,345,249,63,0,0,1869
DURHAM,51,62,360,476,347,313,392,228,0,0,2178,42,269,424,296,255,308,143,0,0,1737,276,1096,1066,720,689,628,307,0,0,4782,251,794,659,573,570,371,84,0,0,3302
DURHAM,52,35,94,96,110,147,188,87,0,0,757,21,73,77,89,105,140,57,0,0,562,254,485,387,371,401,353,160,0,0,2411,136,235,256,271,343,205,46,0,0,1492
DURHAM,53-2,59,230,200,177,199,314,312,0,0,1491,52,120,127,118,133,209,183,0,0,942,412,867,645,544,546,537,444,0,0,3995,221,374,398,396,411,397,170,0,0,2367
DURHAM,54,74,454,452,264,231,284,288,0,0,2047,72,334,312,213,179,230,183,0,0,1523,631,1795,1129,767,626,520,447,0,0,5915,401,806,591,484,443,336,168,0,0,3229
DURHAM,55-11,17,50,72,32,71,75,93,0,0,410,12,52,71,30,47,67,68,0,0,347,90,218,198,130,173,159,108,0,0,1076,48,128,78,118,133,114,58,0,0,677
DURHAM,55-49,138,6,3,0,4,3,5,0,0,159,58,5,1,4,4,2,4,0,0,78,1403,62,13,14,23,8,11,0,0,1534,166,20,6,11,13,3,10,0,0,229
DURHAM,56,84,155,260,252,313,393,408,0,0,1865,44,113,223,259,270,362,295,0,0,1566,380,514,739,753,709,743,540,0,0,4378,163,398,542,643,610,574,200,0,0,3130
DURHAM,57,69,280,358,305,250,295,196,0,0,1753,42,190,275,239,171,197,106,0,0,1220,390,969,905,728,553,510,295,0,0,4350,234,597,562,497,451,307,105,0,0,2753
EDGECOMBE,0101,3,11,20,32,71,150,111,0,0,398,5,18,34,46,96,131,91,0,0,421,82,138,184,179,289,289,157,0,0,1318,36,80,117,167,242,177,51,0,0,870
EDGECOMBE,0102,4,26,23,42,84,157,197,0,0,533,5,10,27,17,56,73,71,0,0,259,110,223,267,280,410,458,419,0,0,2167,53,120,143,235,313,347,164,0,0,1375
EDGECOMBE,0103,11,12,23,34,81,143,123,0,0,427,6,10,32,36,53,97,81,0,0,315,136,167,204,238,307,332,239,0,0,1623,44,92,121,209,245,209,103,0,0,1023
EDGECOMBE,0104,8,13,27,47,71,140,103,0,0,409,6,11,29,46,66,110,56,0,0,324,119,188,221,236,279,339,220,0,0,1602,44,99,155,162,278,195,85,0,0,1018
EDGECOMBE,0201,3,6,5,14,52,69,42,0,0,191,1,1,1,4,9,20,6,0,0,42,49,75,115,122,195,205,95,0,0,856,19,37,66,93,160,106,32,0,0,513
EDGECOMBE,0301,0,3,3,6,12,23,17,0,0,64,0,1,0,0,0,0,0,0,0,1,13,31,43,43,71,68,43,0,0,312,3,18,23,36,56,42,14,0,0,192
EDGECOMBE,0401,4,3,2,14,27,42,32,0,0,124,0,0,0,0,0,0,0,0,0,0,36,59,42,90,96,103,52,0,0,478,17,16,31,80,83,51,16,0,0,294
EDGECOMBE,0501,7,3,11,11,26,24,27,0,0,109,0,0,0,0,0,0,0,0,0,0,48,49,76,54,86,80,47,0,0,440,13,22,32,51,53,45,19,0,0,235
EDGECOMBE,0601,1,3,8,12,49,73,34,0,0,180,1,1,1,5,12,15,14,0,0,49,41,67,67,109,151,157,78,0,0,670,15,30,49,86,136,72,31,0,0,419
EDGECOMBE,0701,10,9,16,17,57,105,68,0,0,282,0,0,0,0,0,0,0,0,0,0,68,98,135,161,235,242,146,0,0,1085,18,63,95,136,197,121,60,0,0,690
EDGECOMBE,0801,3,4,10,18,49,64,53,0,0,201,0,0,0,0,0,2,0,0,0,2,101,126,153,159,231,206,114,0,0,1090,26,49,69,118,154,131,36,0,0,583
EDGECOMBE,0901,3,11,5,11,30,63,47,0,0,170,1,1,0,2,5,9,5,0,0,23,77,93,102,156,162,170,106,0,0,866,33,35,70,107,129,109,44,0,0,527
EDGECOMBE,1001,5,18,12,24,61,111,94,0,0,325,0,4,3,2,11,19,15,0,0,54,124,181,183,248,303,286,200,0,0,1525,33,80,103,177,225,215,71,0,0,904
EDGECOMBE,1101,6,8,8,20,28,69,51,0,0,190,0,0,1,0,0,0,0,0,0,1,57,82,80,119,138,170,80,0,0,726,21,38,60,76,120,103,30,0,0,448
EDGECOMBE,1201,18,39,53,77,156,308,238,0,0,889,3,2,11,14,16,38,25,0,0,109,146,287,325,344,468,540,280,0,0,2390,91,139,182,264,438,334,104,0,0,1552
EDGECOMBE,1202,10,11,21,24,54,106,70,0,0,296,8,14,23,32,57,102,62,0,0,298,55,115,147,141,223,258,125,0,0,1064,31,57,68,116,192,134,52,0,0,650
EDGECOMBE,1203,14,41,32,87,144,193,167,0,0,678,1,3,2,6,4,5,3,0,0,24,191,249,278,393,472,424,283,0,0,2290,84,105,210,297,325,276,100,0,0,1397
EDGECOMBE,1204,1,7,26,24,61,124,132,0,0,375,0,0,0,0,2,0,0,0,0,2,65,108,126,151,162,227,194,0,0,1033,32,60,72,113,158,176,97,0,0,708
EDGECOMBE,1205,4,5,17,12,43,67,51,0,0,199,0,0,0,1,0,0,0,0,0,1,35,47,82,97,144,148,80,0,0,633,20,36,35,78,119,86,35,0,0,409
EDGECOMBE,1301,4,3,18,20,36,79,55,0,0,215,0,0,0,0,0,0,0,0,0,0,90,96,106,152,169,187,105,0,0,905,27,42,72,106,135,114,33,0,0,529
EDGECOMBE,1401,7,5,5,31,28,53,42,0,0,171,0,0,1,2,1,1,2,0,0,7,74,73,97,140,138,122,81,0,0,725,13,28,68,83,90,74,29,0,0,385
FORSYTH,012,11,20,37,35,102,140,87,0,0,432,0,0,0,0,0,0,0,0,0,0,218,321,294,404,521,406,277,0,0,2441,61,124,179,294,352,227,96,0,0,1333
FORSYTH,013,17,58,65,89,132,175,147,0,0,683,1,11,17,16,18,12,14,0,0,89,303,469,468,559,625,467,377,0,0,3268,124,206,306,420,401,325,129,0,0,1911
FORSYTH,014,12,22,22,44,80,111,119,0,0,410,9,14,23,31,57,71,70,0,0,275,169,227,172,289,358,342,307,0,0,1864,62,79,124,223,281,245,107,0,0,1121
FORSYTH,015,19,54,62,94,142,189,114,0,0,674,9,46,56,75,99,101,51,0,0,437,316,636,612,603,689,525,299,0,0,3680,125,244,316,393,394,252,111,0,0,1835
FORSYTH,016,21,43,57,91,134,122,98,0,0,566,0,0,0,0,0,0,0,0,0,0,192,343,378,434,424,331,220,0,0,2322,79,167,204,328,275,206,82,0,0,1341
FORSYTH,017,21,29,30,50,83,75,44,0,0,332,0,0,2,0,1,0,0,0,0,3,157,239,258,293,354,259,139,0,0,1699,51,128,151,237,241,136,43,0,0,987
FORSYTH,021,10,29,39,63,135,213,133,0,0,622,0,0,0,1,1,1,0,0,0,3,246,368,456,549,754,627,339,0,0,3339,80,143,276,397,501,347,126,0,0,1870
FORSYTH,031,11,22,32,57,100,128,96,0,0,446,1,6,3,2,15,17,12,0,0,56,128,228,208,249,318,336,214,0,0,1681,52,121,141,222,268,187,83,0,0,1074
FORSYTH,032,19,25,66,74,114,166,157,0,0,621,2,2,3,11,10,11,11,0,0,50,195,385,402,445,506,453,320,0,0,2706,73,189,214,308,358,318,102,0,0,1562
FORSYTH,033,14,40,31,52,92,106,83,0,0,418,0,0,0,0,0,0,0,0,0,0,194,284,276,253,387,289,191,0,0,1874,72,118,129,232,275,150,71,0,0,1047
FORSYTH,034,6,28,33,43,74,113,91,0,0,388,5,11,17,16,41,65,31,0,0,186,142,268,276,290,314,306,228,0,0,1824,64,122,137,210,225,185,95,0,0,1038
FORSYTH,042,16,58,71,70,122,144,74,0,0,555,0,0,0,0,0,0,0,0,0,0,231,527,468,423,486,442,218,0,0,2795,104,213,252,309,328,238,86,1,0,1531
FORSYTH,043,14,42,35,42,64,92,67,0,0,356,0,0,0,0,0,0,0,0,0,0,242,327,297,321,382,347,210,0,0,2126,87,131,155,203,273,191,74,0,0,1114
FORSYTH,051,16,18,65,71,113,171,169,0,0,623,6,17,51,52,76,117,105,0,0,424,185,328,402,391,484,420,365,0,0,2575,82,177,186,288,308,293,146,0,0,1480
FORSYTH,052,8,12,22,30,63,88,89,0,0,312,6,11,26,23,52,69,73,0,0,260,65,89,120,142,178,214,194,0,0,1002,26,38,85,126,168,158,67,0,0,668
FORSYTH,053,12,26,62,49,106,195,130,0,0,580,0,0,1,0,0,1,0,0,0,2,175,250,377,407,464,484,270,0,0,2427,57,172,180,299,369,297,87,0,0,1461
FORSYTH,054,19,23,43,65,122,199,159,0,0,630,6,17,28,49,87,174,111,0,0,472,190,184,321,362,447,462,300,0,0,2266,44,146,186,321,384,285,109,0,0,1475
FORSYTH,055,26,26,53,112,167,227,186,0,0,797,11,14,55,72,114,158,119,0,0,543,314,293,470,546,641,549,461,0,0,3274,79,170,296,418,493,365,205,0,0,2026
FORSYTH,061,9,21,38,45,71,114,101,0,0,399,6,17,27,41,57,72,58,0,0,278,134,243,256,251,321,339,271,0,0,1815,50,105,145,192,258,207,92,0,0,1049
FORSYTH,062,10,20,39,39,98,104,85,0,0,395,6,11,8,25,50,42,38,0,0,180,136,161,232,259,356,292,198,0,0,1634,44,98,141,244,251,196,70,0,0,1044
FORSYTH,063,24,25,44,73,135,206,156,0,0,663,13,14,22,42,91,102,81,0,0,365,297,363,462,536,613,566,360,1,0,3198,86,161,259,402,462,356,117,0,0,1843
FORSYTH,064,7,14,19,30,46,82,67,0,0,265,3,15,19,17,47,67,65,0,0,233,75,170,153,157,179,190,137,0,0,1061,45,71,88,75,140,112,56,0,0,587
FORSYTH,065,22,37,51,100,173,307,237,0,0,927,26,32,53,116,185,266,198,0,0,876,286,396,450,546,699,722,540,0,0,3639,107,178,252,476,552,437,208,0,0,2210
FORSYTH,066,12,22,31,37,76,77,76,0,0,331,4,13,6,17,23,22,16,0,0,101,208,256,253,319,439,328,243,0,0,2046,63,91,148,265,240,181,105,0,0,1093
FORSYTH,067,3,24,25,20,43,67,83,0,0,265,1,15,12,23,39,50,56,0,0,196,102,229,183,167,261,232,215,0,0,1389,51,88,78,139,165,175,92,0,0,788
FORSYTH,068,10,22,33,58,121,137,74,0,0,455,1,1,2,4,4,4,1,0,0,17,225,322,353,419,491,344,158,0,0,2312,65,119,231,334,330,162,53,0,0,1294
FORSYTH,071,21,46,58,78,178,235,182,0,0,798,23,53,73,104,214,249,174,0,0,890,278,386,444,484,631,573,354,0,0,3150,91,193,236,408,457,390,123,0,0,1898
FORSYTH,073,27,23,84,99,163,236,188,0,0,820,19,18,68,73,87,129,103,0,0,497,279,303,467,523,572,540,346,0,0,3030,75,193,300,396,440,345,136,0,0,1885
FORSYTH,074,28,56,65,83,113,175,139,0,0,659,0,0,3,1,2,2,5,0,0,13,281,402,424,510,512,471,366,0,0,2966,92,177,263,347,331,324,129,0,0,1663
FORSYTH,075,2,7,10,13,27,48,42,0,0,149,1,10,9,12,25,31,23,0,0,111,64,72,95,130,125,133,73,0,0,692,24,38,63,88,94,85,27,0,0,419
FORSYTH,076,17,26,57,69,104,151,142,0,0,566,9,11,37,51,36,55,47,0,0,246,185,309,394,409,470,436,285,0,0,2488,71,154,226,284,331,270,113,0,0,1449
FORSYTH,077,19,44,55,72,87,125,102,0,0,504,8,18,29,45,59,72,48,0,0,279,245,331,328,399,397,316,247,0,0,2263,90,126,196,278,255,215,82,0,0,1242
FORSYTH,081,28,45,49,78,120,168,119,0,0,607,0,1,0,0,2,0,0,0,0,3,236,396,393,382,489,442,261,0,0,2599,106,185,208,285,365,257,110,0,0,1516
FORSYTH,083,14,27,30,44,84,123,98,0,0,420,0,3,1,4,6,14,7,0,0,35,133,211,246,239,314,276,206,0,0,1625,60,113,118,164,220,175,83,0,0,933
FORSYTH,084,17,32,40,77,137,115,139,0,0,557,1,2,0,1,14,7,14,0,0,39,157,245,296,318,377,266,264,0,0,1923,71,131,197,250,246,223,93,0,0,1211
FORSYTH,085,10,30,37,54,105,101,84,0,0,421,2,3,11,14,23,36,27,0,0,116,152,264,259,321,344,323,192,0,0,1855,68,107,173,241,240,208,64,0,0,1101
FORSYTH,091,10,23,38,35,79,133,94,0,0,412,0,4,5,0,8,21,8,0,0,46,117,228,254,280,402,336,197,0,0,1814,54,120,125,214,302,205,73,0,0,1093
FORSYTH,092,13,20,28,35,62,111,81,0,0,350,3,3,7,11,16,30,16,0,0,86,127,169,210,248,296,326,189,0,0,1565,46,82,131,174,248,191,75,0,0,947
FORSYTH,101,14,36,33,65,85,162,127,0,0,522,1,0,0,4,6,17,13,0,0,41,116,203,204,223,335,353,223,0,0,1657,73,94,135,182,312,218,86,0,0,1100
FORSYTH,111,8,20,34,27,69,123,69,0,0,350,1,1,0,0,2,3,0,0,0,7,107,203,190,223,326,334,163,0,0,1546,47,91,108,174,274,168,54,0,0,916
FORSYTH,112,18,30,34,45,109,151,116,0,0,503,2,13,8,11,38,45,42,0,0,159,200,380,323,421,601,428,271,0,0,2624,73,167,170,319,372,233,125,0,0,1459
FORSYTH,121,12,54,63,92,114,131,77,0,0,543,0,1,0,0,0,0,0,0,0,1,188,421,457,420,484,360,188,0,0,2518,116,175,240,302,306,178,54,0,0,1371
FORSYTH,123,7,50,54,68,85,157,151,0,0,572,0,0,0,0,0,0,2,0,0,2,166,428,343,355,379,417,317,0,0,2405,105,178,176,209,299,261,117,0,0,1345
FORSYTH,124,25,49,65,94,132,120,76,0,0,561,0,0,0,0,0,0,0,0,0,0,246,394,476,419,440,313,161,0,0,2449,102,190,245,271,255,172,39,0,0,1274
FORSYTH,131,37,38,81,119,149,225,143,0,0,792,3,11,19,28,34,47,28,0,0,170,257,377,510,555,556,542,343,0,0,3140,83,228,308,358,471,302,129,0,0,1879
FORSYTH,132,35,63,108,134,219,246,169,0,0,974,1,3,7,3,21,21,9,0,0,65,350,461,652,714,726,590,361,0,0,3854,103,288,347,518,491,344,138,0,0,2229
FORSYTH,134,26,24,68,114,142,241,159,0,0,774,18,28,108,131,155,220,126,0,0,786,233,241,470,536,539,529,298,0,0,2846,67,176,279,379,432,322,104,0,0,1759
FORSYTH,135,30,29,70,106,144,169,146,0,0,694,4,9,34,25,40,39,27,0,0,178,288,304,499,594,546,404,283,0,0,2918,88,160,310,401,301,266,89,0,0,1615
FORSYTH,202,2,26,30,22,53,58,228,0,0,419,0,1,0,0,0,0,0,0,0,1,141,259,175,131,165,188,389,0,0,1448,55,116,95,91,127,182,237,0,0,903
FORSYTH,203,7,12,20,23,40,66,41,0,0,209,0,0,0,0,0,0,0,0,0,0,101,169,157,161,190,199,88,0,0,1065,31,78,82,96,167,108,23,0,0,585
FORSYTH,204,5,17,15,16,42,56,55,0,0,206,0,0,0,1,0,0,0,0,0,1,241,155,121,124,163,136,101,0,0,1041,42,66,55,101,120,81,50,0,0,515
FORSYTH,205,2,10,7,8,21,29,23,0,0,100,0,0,0,0,0,0,0,0,0,0,44,68,44,80,92,96,51,0,0,475,14,29,31,61,68,47,21,0,0,271
FORSYTH,206,10,23,23,18,41,72,93,0,0,280,0,0,0,0,0,0,0,0,0,0,113,145,128,144,193,185,155,0,0,1063,41,75,73,106,152,149,65,0,0,661
FORSYTH,207,14,30,33,42,72,85,47,0,0,323,0,0,1,0,0,0,0,0,0,1,175,295,258,237,280,231,99,0,0,1575,68,111,130,192,180,101,35,0,0,817
FORSYTH,208,12,25,28,20,33,50,38,0,0,206,0,0,0,0,0,0,0,0,0,0,422,231,150,151,144,160,82,0,0,1340,60,81,78,87,114,90,29,0,0,539
FORSYTH,301,6,6,9,6,18,31,19,0,0,95,0,0,0,0,0,0,0,0,0,0,46,63,75,69,93,79,45,0,0,470,26,34,38,41,69,33,16,0,0,257
FORSYTH,302,2,11,3,6,20,35,22,0,0,99,0,0,0,1,0,0,0,0,0,1,63,71,74,72,123,115,64,0,0,582,20,37,32,57,90,65,22,0,0,323
FORSYTH,303,4,4,12,13,14,15,23,0,0,85,0,0,0,0,0,0,0,0,0,0,45,44,59,49,61,45,46,0,0,349,7,19,25,36,51,30,18,0,0,186
FORSYTH,304,16,17,24,40,81,118,141,0,0,437,0,0,0,0,0,1,0,0,0,1,83,123,156,155,233,234,225,0,0,1209,40,77,96,155,221,170,127,0,0,886
FORSYTH,305,4,18,27,41,60,99,83,0,0,332,0,0,1,0,0,0,0,0,0,1,98,120,143,162,194,195,146,0,0,1058,41,67,101,129,171,145,65,0,0,719
FORSYTH,306,10,13,13,18,40,62,32,0,0,188,0,0,0,0,0,0,0,0,0,0,130,137,121,123,162,167,66,0,0,906,43,56,68,99,139,85,20,0,0,510
FORSYTH,401,12,7,21,29,53,82,82,0,0,286,0,0,0,0,0,0,0,0,0,0,95,146,135,145,196,183,132,0,0,1032,31,69,74,116,157,127,58,0,0,632
FORSYTH,402,4,15,10,14,32,58,37,0,0,170,0,0,0,0,0,0,0,0,0,0,50,88,82,96,141,151,78,0,0,686,28,37,38,87,126,73,38,0,0,427
FORSYTH,403,6,31,19,18,36,67,51,0,0,228,0,0,0,0,0,0,0,0,0,0,119,253,137,153,194,217,98,0,0,1171,40,65,62,108,144,100,39,0,0,558
FORSYTH,404,7,73,33,28,44,75,57,0,0,317,0,0,0,1,0,0,0,0,0,1,224,438,211,174,246,220,113,0,0,1626,79,148,98,123,192,114,39,0,0,793
FORSYTH,405,38,9,6,9,16,15,21,0,0,114,0,0,0,0,0,0,0,0,0,0,1014,74,48,49,71,72,36,0,0,1364,51,27,26,29,51,36,17,0,0,237
FORSYTH,501,16,23,24,42,86,133,121,0,0,445,0,0,0,0,0,0,0,0,0,0,117,186,153,211,227,278,190,0,0,1362,48,92,108,174,243,186,74,0,0,925
FORSYTH,502,11,12,15,25,36,69,71,0,0,239,1,0,0,0,0,0,0,0,0,1,87,129,101,106,139,172,121,0,0,855,21,49,49,77,116,127,52,0,0,491
FORSYTH,503,27,26,42,35,52,52,45,0,0,279,0,0,0,0,0,0,0,0,0,0,256,147,137,135,126,104,80,0,0,985,50,78,94,92,96,88,24,0,0,522
FORSYTH,504,13,13,12,5,25,47,33,0,0,148,0,0,0,0,0,0,0,0,0,0,93,106,81,88,151,128,73,0,0,720,29,38,47,57,108,65,29,0,0,373
FORSYTH,505,14,21,15,25,48,71,58,0,0,252,0,0,0,0,0,0,0,0,0,0,121,171,126,170,226,176,128,0,0,1118,50,71,80,124,164,98,51,0,0,638
FORSYTH,506,14,35,54,45,67,71,40,0,0,326,0,0,0,0,0,0,0,0,0,0,153,254,251,214,236,202,88,0,0,1398,66,127,118,155,160,88,30,0,0,744
FORSYTH,508,19,37,46,79,89,93,59,0,0,422,0,0,2,0,0,0,0,0,0,2,205,376,358,383,339,256,139,0,0,2056,92,143,187,243,216,137,45,0,0,1063
FORSYTH,509,21,35,42,92,105,70,42,0,0,407,0,0,0,1,0,0,0,0,0,1,208,317,342,398,312,213,108,0,0,1898,78,146,219,250,188,111,45,0,0,1037
FORSYTH,601,6,44,52,36,70,81,91,0,0,380,1,0,0,0,0,0,0,0,0,1,103,229,193,157,189,174,104,0,0,1149,71,124,118,129,154,111,39,0,0,746
FORSYTH,602,28,67,115,96,192,214,146,0,0,858,0,0,0,0,0,0,0,0,0,0,277,581,539,489,630,525,334,0,0,3375,123,254,292,391,444,316,91,0,0,1911
FORSYTH,603,15,65,103,86,75,121,76,0,0,541,0,1,0,2,0,0,0,0,0,3,135,291,282,229,223,270,144,0,0,1574,69,194,165,155,202,151,52,0,0,988
FORSYTH,604,9,51,50,41,48,49,35,0,0,283,0,0,0,0,0,0,0,0,0,0,129,275,186,164,184,143,75,0,0,1156,62,134,109,125,120,68,24,0,0,642
FORSYTH,605,17,66,60,69,117,157,94,0,0,580,0,0,1,0,1,1,0,0,0,3,249,476,357,379,438,415,206,0,0,2520,105,175,198,265,324,199,81,0,0,1347
FORSYTH,606,19,39,26,32,55,82,49,0,0,302,0,0,0,0,0,0,0,0,0,0,140,191,171,193,202,204,107,0,0,1208,43,87,88,122,155,96,42,0,0,633
FORSYTH,607,8,37,56,52,87,133,117,0,0,490,0,1,0,0,0,0,0,0,0,1,100,299,274,249,319,309,250,0,0,1800,64,157,151,174,254,198,101,0,0,1099
FORSYTH,701,14,25,56,50,83,103,84,0,0,415,0,0,0,0,0,0,0,0,0,0,116,154,190,158,213,199,117,0,0,1147,38,106,121,155,173,143,51,0,0,787
FORSYTH,702,6,46,67,56,78,113,78,0,0,444,0,0,0,1,0,0,0,0,0,1,79,321,224,157,202,205,126,0,0,1314,58,161,119,145,176,130,52,0,0,841
FORSYTH,703,12,47,63,67,77,70,44,0,0,380,0,0,0,0,0,0,0,0,0,0,66,247,188,143,161,134,66,0,0,1005,50,126,109,117,113,94,17,0,0,626
FORSYTH,704,6,63,121,62,67,89,82,0,0,490,0,0,0,0,0,0,0,0,0,0,79,397,304,194,212,194,127,0,0,1507,69,261,143,133,149,130,48,0,0,933
FORSYTH,705,8,57,46,59,74,112,105,0,0,461,0,0,0,0,0,0,0,0,0,0,142,366,273,217,305,283,287,0,0,1873,83,154,132,170,204,189,137,0,0,1069
FORSYTH,706,7,20,26,25,28,61,45,0,0,212,0,0,1,0,0,1,0,0,0,2,67,138,147,130,152,146,125,0,0,905,33,69,72,86,126,96,60,0,0,542
FORSYTH,707,9,28,36,28,44,61,91,0,0,297,0,1,0,0,0,0,1,0,0,2,69,221,135,131,176,164,165,0,0,1061,46,91,77,98,136,138,67,0,0,653
FORSYTH,708,24,61,73,91,157,184,214,0,0,804,0,1,0,0,0,1,0,0,0,2,297,515,527,512,583,535,391,0,0,3360,113,229,277,368,387,356,143,0,0,1873
FORSYTH,709,11,36,63,50,112,143,211,0,0,626,0,0,0,0,0,2,4,0,0,6,150,392,292,325,371,395,505,0,0,2430,105,171,186,232,280,297,264,0,0,1535
FORSYTH,801,6,21,52,40,53,84,86,0,0,342,0,1,1,0,0,0,0,0,0,2,133,138,169,153,140,189,171,0,0,1093,32,85,104,96,133,167,74,0,0,691
FORSYTH,802,16,17,55,78,84,137,102,0,0,489,0,0,0,0,0,0,0,0,0,0,120,160,264,230,233,230,214,0,0,1451,47,128,186,211,190,206,77,0,0,1045
FORSYTH,803,6,17,57,57,91,133,115,0,0,476,0,0,0,0,0,0,0,0,0,0,135,149,241,206,271,277,191,0,0,1470,54,126,165,200,279,193,79,0,0,1096
FORSYTH,804,15,13,52,65,79,106,73,0,0,403,0,0,0,0,0,0,0,0,0,0,69,103,192,202,208,190,120,0,0,1084,26,115,145,165,178,124,59,0,0,812
FORSYTH,805,22,35,99,93,141,215,173,0,0,778,0,0,0,0,0,1,0,0,0,1,158,227,310,297,385,400,328,0,0,2105,57,178,204,269,348,303,143,0,0,1502
FORSYTH,806,7,23,30,39,70,135,174,0,0,478,0,0,0,0,0,0,0,0,0,0,106,166,174,185,259,352,361,0,0,1603,46,86,111,176,242,283,146,0,0,1090
FORSYTH,807,16,29,44,60,67,107,121,0,0,444,1,0,0,0,0,0,0,0,0,1,132,194,227,265,266,259,238,0,0,1581,58,111,127,182,220,201,96,0,0,995
FORSYTH,808,22,73,80,61,84,122,96,0,0,538,0,0,0,0,0,0,0,0,0,0,239,555,427,316,317,313,186,0,0,2353,124,228,185,216,237,168,69,0,0,1227
FORSYTH,809,19,37,103,103,132,209,233,0,0,836,0,0,0,0,0,0,1,0,0,1,178,203,392,377,422,498,372,0,0,2442,56,188,251,321,350,414,125,0,0,1705
FORSYTH,901,18,55,77,78,111,148,110,0,0,597,0,0,0,0,0,0,0,0,0,0,136,203,254,211,292,246,165,0,0,1507,80,137,158,235,227,167,72,0,0,1076
FORSYTH,902,15,81,72,56,65,71,62,0,0,422,0,0,0,0,0,1,1,0,0,2,163,465,269,196,262,175,81,0,0,1611,107,134,118,136,186,98,24,0,0,803
FORSYTH,903,43,4,20,28,52,104,263,0,0,514,0,0,0,0,0,0,0,0,0,0,1378,103,101,145,189,218,542,0,0,2676,58,51,83,135,171,249,313,0,0,1060
FORSYTH,904,15,31,40,39,68,97,89,0,0,379,0,0,0,0,0,0,1,0,0,1,170,273,215,219,258,269,194,0,0,1598,68,121,121,151,197,167,78,0,0,903
FORSYTH,905,33,49,34,27,48,81,131,0,0,403,0,0,0,1,0,1,0,0,0,2,740,266,167,168,163,192,303,0,0,1999,80,83,83,112,126,180,144,0,0,808
FORSYTH,906,22,35,98,101,136,255,172,0,0,819,0,1,0,0,0,1,0,0,0,2,218,346,441,380,435,545,301,0,0,2666,90,206,261,305,396,338,108,0,0,1704
FORSYTH,907,14,37,59,59,81,125,128,0,0,503,0,1,0,0,0,0,0,0,0,1,94,210,249,217,259,270,235,0,0,1534,50,119,139,137,230,207,94,0,0,976
FORSYTH,908,30,30,93,135,156,241,147,0,0,832,0,0,1,0,0,1,0,0,0,2,190,204,383,419,461,455,248,0,0,2360,70,158,258,331,406,264,92,0,0,1579
FORSYTH,909,16,12,32,34,83,88,77,0,0,342,0,0,0,0,0,0,0,0,0,0,102,140,171,154,231,201,127,0,0,1126,39,69,90,143,185,111,51,0,0,688
FRANKLIN,01,8,29,38,46,93,138,150,0,0,502,9,28,52,55,96,158,148,0,0,546,78,156,169,171,234,265,214,0,0,1287,41,80,109,149,204,201,96,0,0,880
FRANKLIN,02,10,11,23,33,84,97,89,0,0,347,0,0,0,2,2,3,1,0,0,8,82,158,145,166,269,247,158,0,0,1225,32,94,83,166,224,150,74,0,0,823
FRANKLIN,03,16,40,59,101,175,204,167,0,0,762,4,13,26,30,59,69,47,0,0,248,286,537,571,558,627,519,308,0,0,3406,121,263,280,423,443,322,110,0,0,1962
FRANKLIN,05,21,20,38,40,93,121,100,0,0,433,0,0,0,0,0,0,0,0,0,0,178,247,301,308,390,291,170,0,0,1885,79,147,192,249,264,201,54,0,0,1186
FRANKLIN,06,8,11,40,42,77,106,65,0,0,349,4,7,8,18,32,44,24,0,0,137,87,198,196,213,296,244,147,0,0,1381,55,122,121,192,221,144,69,0,0,924
FRANKLIN,07,17,30,18,26,87,99,34,0,0,311,0,1,1,0,0,1,0,0,0,3,148,256,241,265,341,230,103,0,0,1584,70,130,133,253,226,117,36,0,0,965
FRANKLIN,08,24,30,38,74,144,278,156,0,0,744,0,0,0,0,0,0,0,0,0,0,193,282,336,510,742,682,338,0,0,3083,70,112,232,345,494,354,96,0,0,1703
FRANKLIN,09,5,15,16,32,55,89,74,0,0,286,0,0,0,0,0,0,0,0,0,0,91,169,154,185,290,222,138,0,0,1249,54,95,109,174,208,149,62,0,0,851
FRANKLIN,10,3,7,12,20,27,57,53,0,0,179,0,0,0,0,0,0,0,0,0,0,55,92,106,129,169,171,80,0,0,802,27,59,92,91,137,108,41,0,0,555
FRANKLIN,11,6,22,27,28,56,94,84,0,0,317,0,0,0,0,0,1,0,0,0,1,83,165,155,200,276,254,168,0,0,1301,43,83,113,180,230,183,64,0,0,896
FRANKLIN,12,7,13,10,26,53,86,48,0,0,243,0,0,0,0,0,0,0,0,0,0,89,134,149,186,215,208,126,0,0,1107,35,58,101,158,175,130,67,0,0,724
FRANKLIN,13,12,21,49,52,92,124,85,0,0,435,0,0,0,0,0,0,0,0,0,0,159,248,227,289,400,306,159,0,0,1788,69,107,166,254,315,159,76,0,0,1146
FRANKLIN,14,42,66,94,154,240,270,174,0,0,1040,0,1,4,0,1,0,7,0,0,13,371,557,715,751,846,635,368,0,0,4243,129,294,444,504,584,334,130,0,0,2419
FRANKLIN,15,33,46,108,126,159,208,141,0,0,821,1,7,11,6,9,6,0,0,0,40,264,506,683,542,557,449,238,0,0,3239,90,310,341,347,376,219,82,0,0,1765
FRANKLIN,16,16,13,35,38,85,157,118,0,0,462,0,0,0,3,1,2,9,0,0,15,105,189,190,211,283,320,203,0,0,1501,41,111,124,180,277,206,88,0,0,1027
FRANKLIN,17,33,46,83,98,203,204,154,0,0,821,0,0,0,0,1,0,0,0,0,1,326,466,560,643,688,499,322,0,0,3504,98,249,334,478,410,313,93,0,0,1975
FRANKLIN,18,18,36,92,88,168,260,158,0,0,820,9,12,24,26,33,82,50,0,0,236,256,456,571,513,646,563,367,0,0,3372,101,230,279,403,402,287,80,0,0,1782
FRANKLIN,19,58,95,181,230,331,404,269,0,0,1568,6,41,108,77,45,55,22,0,0,354,520,889,1191,1234,1254,1031,562,0,0,6681,177,456,615,819,770,585,154,0,0,3576
GASTON,10A,18,55,52,83,153,189,136,0,0,686,4,12,18,21,50,69,52,0,0,226,202,348,338,395,545,431,329,0,0,2588,66,110,163,320,320,264,125,0,0,1368
GASTON,11A,17,27,60,94,159,170,144,0,0,671,2,7,13,28,36,66,67,0,0,219,179,340,342,425,488,411,320,0,0,2505,56,125,212,275,312,230,129,0,0,1339
GASTON,12A,15,15,46,49,101,113,88,0,0,427,0,0,0,0,0,0,0,0,0,0,141,229,256,346,376,319,203,0,0,1870,43,98,124,215,211,189,69,0,0,949
GASTON,13A,22,48,66,98,152,132,116,0,0,634,0,4,3,5,9,8,5,0,0,34,232,308,326,434,517,365,264,0,0,2446,60,145,174,326,291,237,108,0,0,1341
GASTON,14A,34,47,84,129,166,203,176,0,0,839,10,17,41,54,69,57,45,0,0,293,355,595,653,773,778,509,353,0,0,4016,109,224,338,460,456,328,125,0,0,2040
GASTON,15A,20,36,43,51,100,131,113,0,0,494,16,26,36,54,96,103,74,0,0,405,203,344,401,414,510,451,272,0,0,2595,65,148,195,269,342,246,93,0,0,1358
GASTON,16A,13,20,35,52,83,107,61,0,0,371,4,24,38,50,100,117,56,0,0,389,145,253,304,323,366,283,145,0,0,1819,64,133,160,217,248,138,59,0,0,1019
GASTON,17A,14,27,35,42,78,121,97,0,0,414,2,9,20,16,33,53,41,0,0,174,155,291,267,277,408,339,258,0,0,1995,48,118,122,207,267,208,109,0,0,1079
GASTON,18A,20,42,88,98,126,118,104,0,0,596,0,14,31,44,47,34,34,0,0,204,264,495,555,522,516,363,257,0,0,2972,73,201,258,283,294,215,92,0,0,1416
GASTON,19A,28,33,67,96,180,157,127,0,0,688,0,0,1,0,0,0,0,0,0,1,216,420,427,523,621,441,276,0,0,2924,70,162,244,342,372,267,101,0,0,1558
GASTON,1A,7,32,52,53,81,101,100,0,0,426,7,40,63,74,109,111,81,0,0,485,116,301,318,315,382,351,244,0,0,2027,64,150,176,232,243,225,96,0,0,1186
GASTON,20A,33,75,89,129,175,197,148,0,0,846,5,63,64,56,57,40,31,0,0,316,375,708,701,831,770,524,381,0,0,4290,121,264,393,530,442,330,138,0,0,2218
GASTON,21A,11,15,31,63,141,245,137,0,0,643,4,5,15,38,68,142,52,0,0,324,167,224,310,448,660,690,318,0,0,2817,56,102,201,354,424,270,83,0,0,1490
GASTON,22A,13,35,82,90,113,132,86,0,0,551,19,59,143,142,134,137,80,0,0,714,205,536,611,580,533,383,231,0,0,3079,96,253,281,363,317,210,90,0,0,1610
GASTON,23A,23,56,73,98,183,208,136,0,0,777,16,61,78,106,145,127,93,0,0,626,338,571,637,711,784,641,362,0,0,4044,132,241,381,480,532,355,124,0,0,2245
GASTON,24A,20,49,87,130,182,242,178,0,0,888,12,43,79,101,92,100,54,0,0,481,312,568,603,680,785,649,393,0,0,3990,100,250,352,490,562,425,150,0,0,2329
GASTON,25A,21,32,32,87,106,87,63,0,0,428,13,43,69,115,109,95,55,0,0,499,170,377,374,402,390,278,142,0,0,2133,66,154,201,260,202,139,50,0,0,1072
GASTON,26A,11,39,46,69,96,103,102,0,0,466,13,52,59,100,114,140,104,0,0,582,126,320,277,308,325,295,184,0,0,1835,66,106,157,204,205,178,77,0,0,993
GASTON,27A,17,35,59,63,113,169,162,0,0,618,11,38,64,71,108,133,111,0,0,536,138,308,324,329,394,354,306,0,0,2153,70,140,192,258,301,252,133,0,0,1346
GASTON,28A,26,45,65,87,160,208,239,0,0,830,16,30,56,92,117,166,165,0,0,642,199,423,416,448,563,539,526,0,0,3114,91,197,214,375,397,387,262,0,0,1923
GASTON,29A,13,51,69,83,115,190,162,0,0,683,11,37,57,71,84,135,124,0,0,519,256,437,454,490,573,529,357,0,0,3096,94,168,263,339,394,360,135,0,0,1753
GASTON,2A,11,42,66,71,116,161,115,0,0,582,9,27,63,74,122,148,105,0,0,548,203,402,425,406,506,423,275,0,0,2640,73,173,217,319,337,231,96,0,0,1446
GASTON,30A,54,78,146,200,292,377,315,0,0,1462,30,44,118,155,206,261,174,0,0,988,438,657,904,971,1034,879,557,0,0,5440,160,375,555,687,742,548,192,0,0,3259
GASTON,31A,33,44,86,137,237,257,223,0,0,1017,19,18,46,95,141,153,135,0,0,607,335,372,579,689,736,616,442,0,0,3769,92,221,352,515,536,434,138,0,0,2288
GASTON,32A,13,39,85,81,179,199,118,0,0,714,0,10,25,16,24,19,8,0,0,102,242,424,578,570,683,537,308,0,0,3342,72,230,251,403,433,289,95,0,0,1773
GASTON,33A,25,38,95,115,217,308,200,0,0,998,7,36,94,100,122,157,73,0,0,589,346,526,785,864,942,814,398,0,0,4675,107,284,429,569,642,428,108,0,0,2567
GASTON,34A,15,72,107,132,197,203,150,0,0,876,14,58,130,126,190,158,125,0,0,801,279,636,654,639,677,513,346,0,0,3744,120,321,326,466,424,322,112,0,0,2091
GASTON,35A,11,29,34,68,68,81,56,0,0,347,12,25,61,65,55,51,29,0,0,298,116,245,256,306,317,240,132,0,0,1612,33,124,127,162,205,118,51,0,0,820
GASTON,36A,7,25,37,34,67,76,55,0,0,301,7,24,32,38,39,24,22,0,0,186,127,226,217,211,261,237,162,0,0,1441,48,111,99,185,166,148,55,0,0,812
GASTON,37A,12,55,75,93,99,129,93,0,0,556,12,69,98,96,111,124,63,0,0,573,222,573,514,464,498,344,183,0,0,2798,107,235,242,283,318,202,57,0,0,1444
GASTON,38A,10,46,48,52,80,144,97,0,0,477,10,87,108,91,112,139,91,0,0,638,183,489,340,366,422,391,290,0,0,2481,70,153,183,237,279,225,93,0,0,1240
GASTON,39A,18,42,109,110,148,214,143,0,0,784,24,93,284,206,242,255,159,0,0,1263,206,471,654,526,556,460,310,0,0,3183,78,273,348,370,414,302,96,0,0,1881
GASTON,3A,25,53,53,103,196,255,182,0,0,867,23,47,66,113,173,236,156,0,0,814,244,436,507,552,657,565,457,0,0,3418,105,226,259,406,532,376,180,0,0,2084
GASTON,40A,25,52,104,182,221,246,112,0,0,942,26,91,234,266,207,156,93,0,0,1073,412,551,916,912,837,589,335,0,0,4552,110,356,578,585,576,342,103,0,0,2650
GASTON,4A,17,47,67,79,166,180,136,0,0,692,0,1,3,2,1,1,0,0,0,8,257,473,496,516,687,555,344,0,0,3328,95,168,222,363,397,331,121,0,0,1697
GASTON,5A,25,53,69,96,155,210,116,0,0,724,13,19,38,62,87,85,39,0,0,343,330,485,566,637,710,596,328,0,0,3652,113,191,278,436,462,320,108,0,0,1908
GASTON,6A,13,47,62,115,147,200,178,0,0,762,3,8,20,39,47,37,48,0,0,202,245,455,430,583,613,533,374,0,0,3233,92,166,279,407,424,345,131,0,0,1844
GASTON,7A,6,27,19,50,59,94,79,0,0,334,3,20,18,35,40,69,43,0,0,228,125,227,216,290,293,270,167,0,0,1588,47,86,114,189,188,162,54,0,0,840
GASTON,8A,14,39,53,62,122,146,118,0,0,554,5,26,29,40,73,76,52,0,0,301,209,415,406,464,566,469,285,0,0,2814,78,146,180,347,311,256,94,0,0,1412
GASTON,9A,10,27,28,48,85,95,59,0,0,352,0,0,0,1,0,0,0,0,0,1,139,260,239,316,420,260,182,0,0,1816,52,94,106,238,238,155,61,0,0,944
GATES,1,15,33,39,57,90,116,116,0,0,466,0,0,0,0,4,13,2,0,0,19,60,125,134,161,211,207,166,0,0,1064,34,59,84,142,180,139,78,0,0,716
GATES,2,15,18,48,50,65,80,54,0,0,330,0,0,0,0,0,0,0,0,0,0,56,65,121,122,135,140,89,0,0,728,15,49,69,107,136,88,38,0,0,502
GATES,3,17,35,60,82,143,136,96,0,0,569,0,0,0,0,0,0,0,0,0,0,97,138,218,224,353,259,160,0,0,1449,42,88,104,177,235,155,67,0,0,868
GATES,4N,10,23,29,38,102,102,61,0,0,365,0,0,0,0,0,0,0,0,0,0,61,128,128,129,266,204,139,0,0,1055,28,50,63,128,189,142,55,0,0,655
GATES,4S,6,13,26,29,70,86,51,0,0,281,0,0,0,0,0,0,0,0,0,0,43,84,87,100,156,133,77,0,0,680,24,43,41,90,137,77,34,0,0,446
GATES,5,12,31,38,54,61,102,62,0,0,360,0,0,0,0,0,0,0,0,0,0,59,84,118,126,159,149,106,0,0,801,19,45,80,92,144,97,50,0,0,527
GRAHAM,EAST,57,108,104,143,169,208,162,0,0,951,4,4,8,2,10,12,4,0,0,44,176,242,241,299,362,334,277,0,0,1931,92,137,190,247,299,246,121,0,0,1332
GRAHAM,STEC,15,27,35,27,75,103,75,0,0,357,0,0,2,1,0,0,0,0,0,3,69,81,95,132,207,228,155,0,0,967,26,51,72,108,144,149,66,0,0,616
GRAHAM,TAPO,9,14,16,28,37,50,30,0,0,184,0,0,2,0,9,8,10,0,0,29,28,23,37,40,87,72,51,0,0,338,12,20,30,50,64,40,23,0,0,239
GRAHAM,WEST,52,75,90,121,146,136,111,0,0,731,2,3,7,12,15,24,18,0,0,81,129,185,195,220,302,276,206,0,0,1513,68,128,149,216,221,205,97,0,0,1084
GRANVILLE,ANTI,4,14,19,34,91,74,125,0,0,361,0,0,2,0,1,0,0,0,0,3,53,81,79,126,182,169,160,0,0,850,21,55,62,139,134,152,67,0,0,630
GRANVILLE,BERE,11,32,26,46,114,145,75,0,0,449,0,0,0,0,0,0,0,0,0,0,76,138,145,206,290,277,147,0,0,1279,37,63,87,204,233,151,60,0,0,835
GRANVILLE,BTNR,23,46,52,64,122,183,170,0,0,660,8,27,38,56,117,172,139,0,0,557,178,264,232,299,391,373,292,0,0,2029,63,128,143,227,294,253,113,0,0,1221
GRANVILLE,CORI,25,41,65,70,145,172,139,0,0,657,1,4,5,14,12,11,10,0,0,57,154,240,272,275,405,345,225,0,0,1916,66,113,146,217,329,206,91,0,0,1168
GRANVILLE,CRDL,5,31,37,49,96,148,135,0,0,501,11,37,49,75,128,169,127,0,0,596,89,187,191,192,258,266,197,0,0,1380,34,96,115,168,227,198,75,0,0,913
GRANVILLE,CRDM,42,70,127,185,270,296,198,0,0,1188,21,42,75,111,167,158,112,0,0,686,335,511,587,687,756,527,355,0,0,3758,126,277,396,517,504,324,151,0,0,2295
GRANVILLE,EAOX,15,20,46,56,94,170,171,0,0,572,24,30,73,74,131,211,193,0,0,736,100,146,214,178,281,279,244,0,0,1442,37,102,118,159,253,202,129,0,0,1000
GRANVILLE,MTEN,44,74,140,241,354,267,169,0,0,1289,25,22,61,88,111,49,35,0,0,391,324,537,723,778,921,590,309,0,0,4182,114,295,397,620,506,302,109,0,0,2343
GRANVILLE,OKHL,14,20,30,45,73,92,64,0,0,338,0,0,0,0,0,0,0,0,0,0,77,102,111,166,198,197,114,0,0,965,21,47,78,146,159,107,45,0,0,603
GRANVILLE,SALM,25,17,30,93,116,162,97,0,0,540,3,8,22,32,19,14,7,0,0,105,154,155,201,234,316,280,152,0,0,1492,35,84,135,211,236,158,58,0,0,917
GRANVILLE,SASS,19,48,42,57,107,162,83,0,0,518,1,5,11,7,18,32,19,0,0,93,105,178,160,209,340,329,194,0,0,1515,32,73,102,182,244,173,73,0,0,879
GRANVILLE,SOOX,4,19,37,35,90,106,88,0,0,379,10,26,54,65,112,129,92,0,0,488,87,126,137,158,221,229,144,0,0,1102,28,73,99,138,166,152,60,0,0,716
GRANVILLE,TYHO,34,63,109,147,260,266,165,0,0,1044,10,20,30,34,41,32,22,0,0,189,254,469,520,582,741,535,339,0,0,3440,85,200,263,465,451,310,95,0,0,1869
GRANVILLE,WILT,47,88,151,230,325,403,206,0,0,1450,0,1,0,0,0,1,0,0,0,2,417,581,748,972,1135,871,431,0,0,5155,143,305,502,676,753,456,120,0,0,2955
GRANVILLE,WOEL,10,12,24,38,76,99,100,0,0,359,0,0,0,0,0,0,0,0,0,0,91,113,147,175,252,197,143,0,0,1118,28,70,79,156,155,137,53,0,0,678
GREENE,ARBA,8,10,13,22,44,83,47,0,0,227,0,0,0,0,0,0,0,0,0,0,59,92,79,109,137,142,78,0,0,696,30,43,66,92,136,85,29,0,0,481
GREENE,BEAR,2,5,8,25,34,66,42,0,0,182,0,0,0,0,0,0,0,0,0,0,49,79,85,97,129,145,72,0,0,656,19,40,65,86,114,83,28,0,0,435
GREENE,BULL,6,9,7,12,39,44,35,0,0,152,0,0,0,0,0,0,0,0,0,0,41,72,49,95,129,133,74,0,0,593,19,29,29,81,115,86,32,0,0,391
GREENE,CAST,5,3,7,7,21,44,27,0,0,114,0,0,0,0,0,0,0,0,0,0,64,72,99,103,123,150,65,0,0,676,20,56,70,75,132,73,24,0,0,450
GREENE,HOOK,3,1,10,13,22,39,35,0,0,123,0,0,0,0,0,0,0,0,0,0,57,76,82,86,115,113,56,0,0,585,17,42,57,58,102,70,23,0,0,369
GREENE,MAUR,8,19,23,17,70,91,77,0,0,305,0,0,0,1,0,0,0,0,0,1,95,159,155,161,211,215,164,0,0,1160,48,91,100,121,198,153,57,0,0,768
GREENE,SH#1,13,17,18,56,60,129,140,0,0,433,5,28,18,75,70,142,118,0,0,456,69,141,134,210,189,275,199,0,0,1217,45,71,107,128,198,187,82,0,0,818
GREENE,SHIN,6,22,16,17,52,88,59,0,0,260,0,0,0,0,0,0,0,0,0,0,113,169,139,168,220,219,144,0,0,1172,47,78,103,139,174,143,55,0,0,739
GREENE,SUGG,4,10,2,23,33,57,43,0,0,172,0,0,0,0,0,0,0,0,0,0,74,75,84,116,136,158,89,0,0,732,27,46,66,93,117,101,21,0,0,471
GREENE,WALS,7,8,14,12,34,72,40,0,0,187,0,0,0,0,0,0,0,0,0,0,69,102,104,104,168,155,84,0,0,786,31,52,66,100,149,83,36,0,0,517
GUILFORD,CG1,17,45,70,55,113,137,104,0,0,541,18,47,84,73,137,127,84,0,0,570,228,372,338,331,440,315,256,0,0,2280,108,191,204,283,325,189,99,0,0,1399
GUILFORD,CG2,12,30,46,55,116,164,111,0,0,534,13,32,73,70,151,157,83,0,0,579,161,197,304,292,391,325,213,0,0,1883,74,135,187,292,302,204,83,0,0,1277
GUILFORD,CG3A,14,11,26,48,64,154,178,0,0,495,13,16,41,73,114,195,175,0,0,627,116,129,154,176,263,329,271,0,0,1438,29,59,112,155,244,266,111,0,0,976
GUILFORD,CG3B,21,31,56,90,203,229,175,0,0,805,24,31,101,157,227,237,139,0,0,916,211,233,357,465,550,457,266,0,0,2539,101,138,261,472,410,305,87,0,0,1774
GUILFORD,FEN1,37,62,74,100,190,224,173,0,0,860,21,53,63,90,101,97,72,0,0,497,301,465,414,455,491,432,292,0,0,2850,153,234,263,354,376,297,114,0,0,1791
GUILFORD,FEN2,17,30,50,84,116,193,183,0,0,673,4,2,10,28,5,7,4,0,0,60,134,161,231,300,311,324,290,0,0,1751,47,124,187,237,262,238,139,0,0,1234
GUILFORD,FR1,31,79,87,86,136,143,183,0,0,745,17,73,73,71,125,121,110,0,0,590,329,773,516,476,485,366,361,0,0,3306,185,329,251,329,310,292,149,0,0,1845
GUILFORD,FR2,18,28,38,70,115,156,123,0,0,548,0,0,0,0,0,0,0,0,0,0,180,218,256,286,389,376,218,0,0,1923,84,121,175,265,326,247,78,0,0,1296
GUILFORD,FR3,18,28,47,47,63,75,57,0,0,335,15,27,63,67,93,79,55,0,0,399,128,170,290,243,282,166,98,0,0,1377,47,128,166,204,158,113,35,0,0,851
GUILFORD,FR4,9,19,30,44,50,68,104,0,0,324,8,21,45,43,75,93,91,0,0,376,107,143,207,205,225,195,187,0,0,1269,37,91,148,161,166,169,88,0,0,860
GUILFORD,FR5A,22,22,49,46,74,103,72,0,0,388,16,26,65,73,92,102,53,0,0,427,181,250,324,340,313,226,132,0,0,1766,65,137,208,232,214,148,43,0,0,1047
GUILFORD,FR5B,11,20,28,38,41,61,44,0,0,243,6,18,18,26,42,27,18,0,0,155,105,222,184,173,225,152,86,0,0,1147,44,83,102,124,165,89,25,0,0,632
GUILFORD,G01,26,25,35,28,29,42,17,0,0,202,24,40,55,36,34,46,17,0,0,252,306,110,88,72,98,93,42,0,0,809,79,77,53,49,85,45,14,0,0,402
GUILFORD,G02,7,28,16,27,52,54,29,0,0,213,8,37,28,27,44,50,19,0,0,213,107,182,157,161,193,142,61,0,0,1003,41,80,94,119,128,73,21,0,0,556
GUILFORD,G03,7,14,28,30,57,83,85,0,0,304,5,18,27,37,63,82,74,0,0,306,77,139,172,168,202,209,140,0,0,1107,46,86,86,113,179,123,71,0,0,704
GUILFORD,G04,15,14,21,29,39,80,55,0,0,253,17,12,29,28,43,81,44,0,0,254,161,154,184,176,184,183,116,0,0,1158,45,76,93,106,150,119,45,0,0,634
GUILFORD,G05,7,10,18,25,53,84,116,0,0,313,10,13,13,28,53,86,95,0,0,298,65,120,112,139,160,157,161,0,0,914,33,59,81,96,132,136,86,0,0,623
GUILFORD,G06,9,32,21,52,73,94,84,0,0,365,8,28,25,46,87,80,74,0,0,348,99,132,142,178,201,158,132,0,0,1042,49,71,111,144,170,119,68,0,0,732
GUILFORD,G07,14,33,34,31,50,71,39,0,0,272,14,21,36,41,49,62,35,0,0,258,146,234,204,224,263,233,106,0,0,1410,47,118,118,132,183,118,40,0,0,756
GUILFORD,G08,15,23,32,37,60,122,69,0,0,358,11,25,30,42,55,125,52,0,0,340,177,281,212,221,292,318,144,0,0,1645,56,116,121,184,224,149,66,0,0,916
GUILFORD,G09,30,59,83,101,99,69,37,0,0,478,22,50,75,103,97,61,24,0,0,432,275,425,429,398,323,192,82,0,0,2124,112,225,262,243,184,95,26,0,0,1147
GUILFORD,G10,26,32,48,72,118,125,56,0,0,477,17,36,51,83,102,94,45,0,0,428,221,297,300,337,394,262,131,0,0,1942,92,161,192,280,243,151,41,0,0,1160
GUILFORD,G11,17,55,67,56,88,103,78,0,0,464,18,63,99,71,128,118,79,0,0,576,111,290,221,149,217,173,93,0,0,1254,81,138,119,155,176,117,33,0,0,819
GUILFORD,G12,6,29,48,54,59,71,47,0,0,314,13,60,69,63,82,87,49,0,0,423,90,165,167,127,128,125,59,0,0,861,77,97,83,107,116,84,16,0,0,580
GUILFORD,G13,10,45,66,50,82,123,83,0,0,459,16,58,83,64,99,128,87,0,0,535,89,186,163,156,192,214,126,0,0,1126,64,121,92,149,166,157,50,0,0,799
GUILFORD,G14,16,20,49,73,84,130,73,0,0,445,10,32,88,120,116,158,69,0,0,593,88,105,166,194,178,198,83,0,0,1012,33,79,160,154,198,107,35,0,0,766
GUILFORD,G15,8,31,66,62,68,116,77,0,0,428,17,61,91,87,95,130,79,0,0,560,77,204,196,174,188,199,107,0,0,1145,73,145,148,130,194,133,35,0,0,858
GUILFORD,G16,20,26,55,78,94,157,122,0,0,552,20,31,117,127,153,184,145,0,0,777,99,110,196,225,238,263,174,0,0,1305,48,106,163,176,246,209,47,0,0,995
GUILFORD,G17,10,34,60,50,92,128,104,0,0,478,15,51,100,71,124,163,115,0,0,639,95,195,256,196,264,284,185,0,0,1475,62,156,160,166,232,197,74,0,0,1047
GUILFORD,G18,5,18,35,42,80,96,91,0,0,367,8,34,79,85,162,150,106,0,0,624,85,107,166,188,223,216,134,0,0,1119,39,79,140,178,203,162,46,0,0,847
GUILFORD,G19,7,26,25,41,93,99,86,0,0,377,24,42,68,96,156,161,105,0,0,652,141,134,158,216,265,251,159,0,0,1324,48,83,139,227,199,162,58,0,0,916
GUILFORD,G20,14,34,52,55,100,149,150,0,0,554,21,82,88,134,203,215,175,0,0,918,146,299,293,306,344,346,280,0,0,2014,67,167,213,256,296,267,105,0,0,1371
GUILFORD,G21,14,33,44,66,100,189,248,0,0,694,22,46,96,118,192,258,302,0,0,1034,209,275,332,344,435,450,517,0,0,2562,88,171,216,292,350,401,255,0,0,1773
GUILFORD,G22,16,16,46,64,87,115,192,0,0,536,16,47,121,135,155,153,227,0,0,854,132,158,254,274,249,205,295,0,0,1567,40,145,213,206,203,230,120,0,0,1157
GUILFORD,G23,13,26,62,54,54,72,64,0,0,345,14,38,78,61,63,71,68,0,0,393,89,183,204,166,167,167,120,0,0,1096,54,118,131,106,147,125,44,0,0,725
GUILFORD,G24,12,49,29,29,53,59,72,0,0,303,16,43,41,44,69,70,65,0,0,348,144,279,154,142,166,146,121,0,0,1152,85,101,85,102,133,108,51,0,0,665
GUILFORD,G25,3,17,54,55,60,118,136,0,0,443,6,31,71,65,89,145,138,0,0,545,85,151,206,189,206,291,258,0,0,1386,58,105,137,146,200,248,87,0,0,981
GUILFORD,G26,37,79,103,133,151,170,81,0,0,754,28,79,112,127,148,154,73,0,0,721,262,457,452,467,421,310,187,0,0,2556,123,260,302,330,275,164,64,0,0,1518
GUILFORD,G27,12,40,63,73,125,185,212,0,0,710,12,59,94,114,187,226,191,0,0,883,183,335,317,323,484,439,386,0,0,2467,83,178,204,320,388,351,162,0,0,1686
GUILFORD,G28,5,15,37,23,38,70,76,0,0,264,9,16,42,40,43,84,69,0,0,303,42,102,138,129,145,172,140,0,0,868,26,81,80,100,114,126,65,0,0,592
GUILFORD,G29,7,34,37,31,40,62,55,0,0,266,11,46,44,41,42,58,50,0,0,292,133,243,188,167,151,182,104,0,0,1168,68,124,84,91,125,85,47,0,0,624
GUILFORD,G30,20,19,69,57,92,152,150,0,0,559,13,32,99,84,120,206,145,0,0,699,94,130,235,230,268,301,284,0,0,1542,42,114,159,189,261,215,123,0,0,1103
GUILFORD,G31,9,23,52,65,66,89,82,0,0,386,9,34,83,87,110,93,86,0,0,502,78,177,231,204,200,185,144,0,0,1219,46,135,144,158,174,129,57,0,0,843
GUILFORD,G32,16,23,55,78,135,225,234,0,0,766,25,26,131,138,214,293,244,0,0,1071,151,148,320,304,375,438,317,0,0,2053,68,128,232,293,385,338,131,0,0,1575
GUILFORD,G33,20,15,60,97,90,155,150,0,0,587,16,27,121,137,126,211,167,0,0,805,96,109,251,268,216,291,236,0,0,1467,32,131,202,194,226,233,107,0,0,1125
GUILFORD,G34,20,23,53,82,119,174,184,0,0,655,15,28,114,145,175,261,205,0,0,943,110,124,227,246,270,329,275,0,0,1581,44,116,183,210,292,275,104,0,0,1224
GUILFORD,G35,3,8,41,45,89,142,118,0,0,446,6,20,74,69,140,171,138,0,0,618,66,92,155,143,237,214,162,0,0,1069,30,79,104,152,200,184,50,0,0,799
GUILFORD,G36,17,24,35,81,100,138,115,0,0,510,16,31,70,115,139,168,131,0,0,670,131,150,241,251,268,235,175,0,0,1451,62,117,165,209,237,206,68,0,0,1064
GUILFORD,G37,15,56,54,39,45,86,102,0,0,397,8,53,54,45,53,102,89,0,0,404,164,351,263,239,269,244,178,0,0,1708,93,160,169,165,184,167,85,0,0,1023
GUILFORD,G38,15,43,74,56,95,160,161,0,0,604,20,61,92,88,129,203,178,0,0,771,136,263,296,245,309,359,304,0,0,1912,77,172,179,211,288,247,153,0,0,1327
GUILFORD,G39,14,6,29,28,54,86,83,0,0,300,15,25,63,58,72,104,89,0,0,426,164,99,144,143,156,179,153,0,0,1038,94,73,113,123,148,124,76,0,0,751
GUILFORD,G40A1,17,36,36,55,66,115,90,0,0,415,15,39,44,75,110,139,87,0,0,509,109,200,198,226,246,260,153,0,0,1392,62,100,133,194,250,159,54,0,0,952
GUILFORD,G40A2,5,20,20,30,35,65,218,0,0,393,7,24,36,40,35,57,279,0,0,478,61,121,119,133,108,100,395,0,0,1037,29,73,79,72,101,139,277,0,0,770
GUILFORD,G40B,9,28,26,36,55,105,80,0,0,339,17,25,49,58,81,143,91,0,0,464,123,168,141,177,222,214,140,0,0,1185,61,84,99,156,209,150,48,0,0,807
GUILFORD,G41A,6,40,22,18,43,65,65,0,0,259,9,44,28,26,51,61,65,0,0,284,116,265,128,127,180,171,152,0,0,1139,77,79,87,95,127,129,63,0,0,657
GUILFORD,G41B,14,28,30,52,63,142,156,0,0,485,18,27,44,65,75,173,143,0,0,545,113,223,221,220,241,356,259,0,0,1633,57,117,145,173,269,274,99,0,0,1134
GUILFORD,G42A,8,32,31,38,77,108,129,0,0,423,11,35,40,56,87,120,121,0,0,470,76,161,150,172,223,242,260,0,0,1284,39,86,112,157,168,222,124,0,0,908
GUILFORD,G42B,0,9,10,6,28,56,317,0,0,426,0,12,11,5,32,66,346,0,0,472,15,38,47,27,76,122,633,0,0,958,7,31,21,40,74,208,446,0,0,827
GUILFORD,G43,22,45,39,46,61,95,53,0,0,361,17,50,47,45,64,99,55,0,0,377,192,428,291,264,290,215,117,0,0,1797,125,159,163,170,214,118,45,0,0,994
GUILFORD,G44,76,75,47,34,37,56,45,0,0,370,72,87,57,43,47,61,36,0,0,403,542,303,167,116,126,169,78,0,0,1501,169,142,75,89,113,96,23,0,0,707
GUILFORD,G45,235,23,8,5,3,2,2,0,0,278,103,17,9,4,3,6,4,0,0,146,1504,71,30,17,11,16,5,0,0,1654,88,21,18,8,12,13,1,0,0,161
GUILFORD,G46,65,20,23,33,48,81,55,0,0,325,49,15,22,36,40,75,53,0,0,290,442,220,198,194,188,201,113,0,0,1556,100,119,124,115,154,118,57,0,0,787
GUILFORD,G47,66,54,73,56,62,58,42,0,0,411,24,66,89,64,76,74,31,0,0,424,472,296,249,211,212,177,94,0,0,1711,132,143,131,141,148,113,28,0,0,836
GUILFORD,G48,112,89,76,102,90,96,128,0,0,693,91,94,106,119,121,95,119,0,0,745,890,384,290,252,214,180,303,0,0,2513,202,213,192,195,155,168,164,0,0,1289
GUILFORD,G49,17,24,23,20,25,21,10,0,0,140,7,29,29,20,34,18,9,0,0,146,93,175,145,109,126,64,34,0,0,746,47,86,80,82,70,25,12,0,0,402
GUILFORD,G50,57,40,32,29,44,63,33,0,0,298,42,31,34,34,48,56,31,0,0,276,534,417,233,209,221,161,96,0,0,1871,178,121,115,132,143,82,32,0,0,803
GUILFORD,G51,15,27,24,18,45,65,51,0,0,245,12,25,31,28,44,89,50,0,0,279,124,180,199,166,220,208,129,0,0,1226,45,102,83,122,182,112,57,0,0,703
GUILFORD,G52,15,24,12,34,54,84,96,0,0,319,8,19,21,39,56,79,83,0,0,305,102,169,147,158,225,197,147,0,0,1145,43,82,93,138,173,142,50,0,0,721
GUILFORD,G53,22,29,49,67,86,144,114,0,0,511,14,40,49,82,98,134,115,0,0,532,193,311,273,286,290,283,173,0,0,1809,95,164,167,257,247,193,67,0,0,1190
GUILFORD,G54,15,30,39,31,79,74,50,0,0,318,9,23,45,37,86,75,36,0,0,311,178,299,268,217,269,187,78,0,0,1496,84,149,140,184,173,114,21,0,0,865
GUILFORD,G55,23,37,50,61,103,149,102,0,0,525,13,32,58,58,109,147,70,0,0,487,159,246,249,249,322,298,175,0,0,1698,74,156,150,217,265,205,53,0,0,1120
GUILFORD,G56,20,18,26,39,56,97,65,0,0,321,15,27,26,42,65,96,63,0,0,334,122,185,162,173,181,231,121,0,0,1175,45,79,92,138,183,139,49,0,0,725
GUILFORD,G57,21,23,30,37,84,108,90,0,0,393,16,21,29,35,74,96,69,0,0,340,129,185,173,188,251,236,154,0,0,1316,55,104,86,165,200,166,50,0,0,826
GUILFORD,G58,18,24,31,32,62,63,40,0,0,270,18,27,28,28,59,52,37,0,0,249,156,217,159,157,194,155,89,0,0,1127,62,94,95,114,118,106,29,0,0,618
GUILFORD,G59,10,23,26,41,52,65,36,0,0,253,7,21,28,36,45,63,34,0,0,234,101,142,133,175,173,149,74,0,0,947,39,64,96,128,126,74,28,0,0,555
GUILFORD,G60,12,29,20,37,36,69,43,0,0,246,16,36,20,42,40,66,26,0,0,246,114,181,190,184,198,226,133,0,0,1226,48,89,95,119,140,129,55,0,0,675
GUILFORD,G61,19,30,27,52,53,67,66,0,0,314,9,40,31,48,54,65,57,0,0,304,138,229,221,201,188,165,125,0,0,1267,44,115,138,133,153,122,46,0,0,751
GUILFORD,G62,8,32,36,38,46,68,41,0,0,269,8,34,41,39,57,84,36,0,0,299,103,233,165,172,178,199,106,0,0,1156,73,97,104,127,144,111,32,0,0,688
GUILFORD,G63,11,35,41,44,79,109,81,0,0,400,6,25,50,47,80,98,76,0,0,382,103,216,211,179,214,210,192,0,0,1325,64,122,132,147,186,154,111,0,0,916
GUILFORD,G64,23,64,35,32,76,65,48,0,0,343,21,54,46,35,73,65,49,0,0,343,242,480,338,244,258,219,123,0,0,1904,122,193,147,179,172,121,39,0,0,973
GUILFORD,G65,22,36,46,60,105,80,51,0,0,400,16,45,43,77,88,73,43,0,0,385,186,292,302,335,321,209,116,0,0,1761,76,137,208,217,214,116,35,0,0,1003
GUILFORD,G66,21,26,66,80,92,111,53,0,0,449,19,30,70,90,102,118,45,0,0,474,206,271,302,313,336,252,105,0,0,1785,92,136,201,253,248,134,29,0,0,1093
GUILFORD,G67,48,11,9,7,20,14,19,0,0,128,23,13,11,10,16,10,13,0,0,96,513,93,65,54,71,41,28,0,0,865,74,32,29,41,35,24,14,0,0,249
GUILFORD,G68,141,2,4,2,4,11,5,0,0,169,104,3,2,2,0,10,3,0,0,124,856,21,14,19,32,28,9,1,0,980,137,13,8,17,27,11,7,0,0,220
GUILFORD,G69,23,44,37,38,62,72,37,0,0,313,43,46,48,57,70,73,44,0,0,381,243,251,205,184,220,153,65,0,0,1321,140,143,106,144,141,78,30,0,0,782
GUILFORD,G70,137,26,12,22,47,60,68,0,0,372,120,28,13,32,63,62,60,0,0,378,830,145,133,137,175,150,108,0,0,1678,165,83,84,90,142,109,55,0,0,728
GUILFORD,G71,11,28,41,24,70,79,71,0,0,324,12,27,36,36,61,93,58,0,0,323,121,201,224,216,270,252,126,0,0,1410,60,100,123,161,188,146,46,0,0,824
GUILFORD,G72,19,33,33,59,89,103,60,0,0,396,12,26,30,65,86,98,39,0,0,356,186,337,268,282,331,209,89,0,0,1702,97,146,174,220,207,104,39,0,0,987
GUILFORD,G73,10,10,24,28,67,90,76,0,0,305,11,11,25,51,82,100,62,0,0,342,78,110,116,149,205,187,108,0,0,953,42,71,84,137,155,113,65,0,0,667
GUILFORD,G74,18,20,27,39,82,137,120,0,0,443,10,27,44,42,86,127,109,0,0,445,85,183,197,183,247,275,203,0,0,1373,61,105,113,157,226,168,122,0,0,952
GUILFORD,G75,14,19,28,48,72,107,112,0,0,400,10,26,36,52,80,103,111,0,0,418,103,158,151,186,205,228,189,0,0,1220,67,90,114,135,194,174,75,0,0,849
GUILFORD,GIB,19,39,70,60,108,186,199,0,0,681,9,25,45,49,74,122,79,0,0,403,166,336,349,351,422,428,357,0,0,2409,48,174,181,226,305,312,124,0,0,1370
GUILFORD,GR,12,30,33,72,129,171,133,0,0,580,0,0,1,0,0,0,0,0,0,1,169,296,306,405,469,403,243,0,0,2291,70,144,184,334,311,266,83,0,0,1392
GUILFORD,H01,20,15,14,46,43,50,36,0,0,224,0,1,1,0,0,0,0,0,0,2,132,178,202,204,237,174,85,0,0,1212,53,71,116,131,129,83,37,0,0,620
GUILFORD,H02,4,11,15,18,43,96,80,0,0,267,0,0,0,0,0,0,0,0,0,0,90,118,132,144,183,240,265,0,0,1172,41,55,85,122,182,166,127,0,0,778
GUILFORD,H03,7,6,10,16,34,40,21,0,0,134,0,0,0,0,0,0,0,0,0,0,104,132,125,167,173,148,77,0,0,926,33,48,69,84,129,70,28,0,0,461
GUILFORD,H04,12,23,26,37,73,53,48,0,0,272,0,0,0,0,1,0,0,0,0,1,157,285,268,285,346,244,173,0,0,1758,81,91,129,196,168,118,65,0,0,848
GUILFORD,H05,17,27,21,30,88,53,44,0,0,280,0,0,0,0,1,0,0,0,0,1,124,200,216,200,319,191,110,0,0,1360,56,69,115,173,150,106,42,0,0,711
GUILFORD,H06,32,43,59,74,125,118,82,0,0,533,1,0,0,0,1,0,0,0,0,2,215,294,338,417,390,297,163,0,0,2114,108,183,236,302,263,188,56,0,0,1336
GUILFORD,H07,6,10,19,21,34,52,42,0,0,184,0,0,0,0,1,0,0,0,0,1,61,114,109,125,161,146,93,0,0,809,19,59,58,91,123,80,34,0,0,464
GUILFORD,H08,3,9,11,15,22,33,24,0,0,117,0,0,1,0,0,1,0,0,0,2,49,99,89,100,115,101,50,0,0,603,20,40,51,50,90,59,15,0,0,325
GUILFORD,H09,8,8,11,18,24,31,28,0,0,128,0,0,0,0,0,0,0,0,0,0,83,111,138,125,165,135,62,0,0,819,15,50,62,77,102,64,33,0,0,403
GUILFORD,H10,19,27,44,60,113,144,123,0,0,530,0,0,0,0,1,0,0,0,0,1,145,233,290,297,299,275,182,0,0,1721,57,133,145,217,211,203,64,0,0,1030
GUILFORD,H11,12,15,18,22,55,89,72,0,0,283,1,0,0,0,0,0,0,0,0,1,363,121,112,109,177,190,135,0,0,1207,92,57,62,102,153,122,79,0,0,667
GUILFORD,H12,7,13,16,34,46,52,45,0,0,213,0,0,0,0,0,0,0,0,0,0,70,110,133,123,183,133,85,0,0,837,26,52,71,102,109,99,24,0,0,483
GUILFORD,H13,7,12,41,32,88,105,70,0,0,355,0,0,0,0,0,0,0,0,0,0,108,161,192,207,274,260,154,0,0,1356,40,89,127,194,222,152,62,0,0,886
GUILFORD,H14,12,16,33,47,69,104,119,0,0,400,0,0,0,0,0,0,0,0,0,0,71,113,169,168,251,219,228,0,0,1219,31,89,122,148,232,185,98,0,0,905
GUILFORD,H15,9,18,26,49,55,82,74,0,0,313,1,2,0,0,0,1,0,0,0,4,126,197,206,233,221,257,168,0,0,1408,49,112,134,158,195,176,58,0,0,882
GUILFORD,H16,8,14,13,29,48,60,55,0,0,227,0,0,0,0,0,0,1,0,0,1,88,122,132,150,207,176,95,0,0,970,32,70,78,144,139,86,46,0,0,595
GUILFORD,H17,8,14,16,14,48,38,40,0,0,178,0,0,0,0,0,0,0,0,0,0,94,128,113,120,166,103,83,0,0,807,26,53,56,88,89,83,31,0,0,426
GUILFORD,H18,10,25,30,38,97,85,82,0,0,367,1,0,0,0,0,0,0,0,0,1,126,186,157,178,266,207,148,0,0,1268,58,72,100,173,168,156,52,0,0,779
GUILFORD,H19A,6,13,14,27,46,90,45,0,0,241,0,0,0,0,0,0,0,0,0,0,57,131,126,109,169,160,75,0,0,827,32,52,60,98,153,88,22,0,0,505
GUILFORD,H19B,4,6,8,12,27,46,172,0,0,275,0,0,0,0,0,0,2,0,0,2,34,63,71,89,115,137,351,0,0,860,14,32,33,65,100,138,222,0,0,604
GUILFORD,H20A,10,20,25,24,44,67,44,0,0,234,0,0,0,0,0,0,0,0,0,0,70,141,137,135,163,160,104,0,0,910,27,69,65,113,138,89,40,0,0,541
GUILFORD,H20B,13,12,38,44,65,90,52,0,0,314,0,0,1,2,0,0,0,0,0,3,96,148,197,207,210,184,120,0,0,1162,38,92,133,146,148,115,53,0,0,725
GUILFORD,H21,5,18,18,17,54,71,55,0,0,238,0,0,1,0,0,0,0,0,0,1,77,160,134,162,213,181,150,0,0,1077,49,54,81,123,155,129,64,0,0,655
GUILFORD,H22,6,16,10,20,35,48,43,0,0,178,0,0,0,0,0,0,0,0,0,0,85,128,134,152,178,164,126,0,0,967,35,41,68,106,105,88,55,0,0,498
GUILFORD,H23,8,10,20,23,57,92,92,0,0,302,0,0,0,0,0,0,0,0,0,0,68,120,145,133,220,222,180,0,0,1088,25,69,80,123,184,145,89,0,0,715
GUILFORD,H24,16,30,32,42,120,178,148,0,0,566,0,0,0,0,0,1,0,0,0,1,156,216,230,304,413,406,301,0,0,2026,73,105,153,289,327,268,143,0,0,1358
GUILFORD,H25,25,35,49,103,178,230,161,0,0,781,0,0,0,0,0,0,0,0,0,0,253,251,312,494,609,541,308,0,0,2768,81,153,260,455,488,377,105,0,0,1919
GUILFORD,H26,12,31,34,54,97,123,102,0,0,453,0,1,1,0,0,1,0,0,0,3,136,172,248,276,311,272,201,0,0,1616,52,109,177,247,238,209,64,0,0,1096
GUILFORD,H27-A,28,19,43,56,101,104,72,0,0,423,0,0,0,0,0,0,0,0,0,0,201,168,254,360,349,246,121,0,0,1699,62,110,193,275,270,144,46,0,0,1100
GUILFORD,H27-B,14,33,44,50,78,86,59,0,0,364,0,0,0,0,0,0,0,0,0,0,167,178,265,307,324,210,145,0,0,1596,60,100,183,226,212,118,68,0,0,967
GUILFORD,H28,15,43,56,81,122,172,146,0,0,635,0,0,0,0,0,0,0,0,0,0,152,264,341,397,424,416,247,0,0,2241,81,151,233,310,327,253,82,0,0,1437
GUILFORD,H29A,17,41,58,59,116,111,51,0,0,453,0,1,0,0,0,0,0,0,0,1,164,260,298,340,381,283,140,0,0,1866,68,154,192,285,252,146,54,0,0,1151
GUILFORD,H29B,8,49,66,57,80,106,125,0,0,491,0,3,1,0,0,0,0,0,0,4,181,445,309,291,292,287,264,0,0,2069,107,185,185,194,208,203,99,0,0,1181
GUILFORD,JAM1,28,28,57,106,180,261,231,0,0,891,26,26,83,133,211,246,189,0,0,914,177,228,282,371,452,456,350,0,0,2316,81,143,205,322,409,346,135,0,0,1641
GUILFORD,JAM2,18,30,38,67,127,132,130,0,0,542,4,6,13,12,37,48,37,0,0,157,131,168,225,259,336,255,195,0,0,1569,53,112,156,227,237,170,84,0,0,1039
GUILFORD,JAM3,16,27,28,61,121,179,165,0,0,597,4,13,5,15,40,46,30,0,0,153,169,208,207,252,390,343,270,0,0,1839,74,103,156,245,310,228,139,0,0,1255
GUILFORD,JAM4,13,36,41,55,153,236,258,0,0,792,4,8,9,10,31,69,60,0,0,191,198,286,277,346,487,509,408,0,0,2511,87,130,200,292,402,381,169,0,0,1661
GUILFORD,JAM5,10,12,10,29,48,99,84,0,0,292,1,0,1,0,0,0,0,0,0,2,90,141,131,192,214,245,159,0,0,1172,31,45,68,133,175,142,72,0,0,666
GUILFORD,JEF1,31,38,73,141,151,209,120,0,0,763,12,19,63,76,51,34,22,0,0,277,252,311,494,473,458,400,236,0,0,2624,82,218,319,335,341,229,96,0,0,1620
GUILFORD,JEF2,29,42,76,90,116,123,92,0,0,568,11,25,55,51,42,19,6,0,0,209,204,343,401,421,331,236,173,0,0,2109,98,202,288,250,216,143,72,0,0,1269
GUILFORD,JEF3,60,80,109,188,281,209,183,0,0,1110,16,12,50,77,75,36,20,0,0,286,367,411,469,604,616,379,303,0,0,3149,160,227,401,571,372,289,127,0,0,2147
GUILFORD,JEF4,20,28,45,67,143,125,92,0,0,520,3,7,14,18,16,21,3,0,0,82,158,187,239,292,353,251,166,0,0,1646,66,102,177,251,232,154,61,0,0,1043
GUILFORD,MON1,43,60,90,146,146,137,86,0,0,708,21,48,75,114,85,48,17,0,0,408,298,412,495,511,441,303,199,0,0,2659,106,236,324,295,279,165,62,0,0,1467
GUILFORD,MON2A,30,49,70,109,107,116,63,0,0,544,18,39,65,98,67,50,7,0,0,344,314,372,454,467,384,271,159,0,0,2421,122,225,324,294,240,150,66,0,0,1421
GUILFORD,MON2B,15,32,38,68,91,57,45,0,0,346,3,12,29,47,29,8,11,0,0,139,148,201,221,280,262,161,101,0,0,1374,61,98,161,233,153,115,33,0,0,854
GUILFORD,MON3,59,51,110,221,318,335,245,0,0,1339,0,2,4,1,2,0,0,0,0,9,372,435,711,882,831,641,387,0,0,4259,105,252,499,600,509,418,147,0,0,2530
GUILFORD,NCGR1,21,21,47,138,200,163,125,0,0,715,6,7,23,47,88,65,31,0,0,267,374,269,427,677,691,416,205,0,0,3059,100,151,369,551,445,263,64,0,0,1943
GUILFORD,NCGR2,21,18,30,82,150,174,84,0,0,559,2,6,19,27,24,41,23,0,0,142,275,176,383,525,515,366,154,0,0,2394,63,135,267,417,341,186,53,0,0,1462
GUILFORD,NCLAY1,39,36,62,97,142,195,167,0,0,738,0,0,0,0,0,1,0,0,0,1,198,232,293,363,437,337,287,0,0,2147,71,137,214,308,371,233,128,0,0,1462
GUILFORD,NCLAY2,8,9,31,32,81,107,101,0,0,369,0,0,0,0,0,0,0,0,0,0,87,119,188,168,254,248,171,0,0,1235,38,52,103,165,194,174,61,0,0,787
GUILFORD,NDRI,18,54,38,118,153,164,108,0,0,653,6,18,11,11,18,13,12,0,0,89,290,342,421,535,434,345,162,0,0,2529,95,147,304,380,291,193,57,0,0,1467
GUILFORD,NMAD,31,57,126,137,164,222,131,0,0,868,10,34,95,79,43,42,17,0,0,320,239,528,679,572,563,411,260,0,0,3252,91,277,320,363,338,249,90,0,0,1728
GUILFORD,NWASH,6,17,35,36,84,106,83,0,0,367,0,0,0,1,0,0,0,0,0,1,67,123,163,162,235,196,126,0,0,1072,26,64,94,167,160,136,43,0,0,690
GUILFORD,OR1,33,35,75,160,302,306,174,0,0,1085,28,25,109,176,214,191,117,0,0,860,373,296,605,849,841,540,276,0,0,3780,96,183,396,598,512,288,77,0,0,2150
GUILFORD,OR2,25,13,52,117,187,196,135,0,0,725,14,15,71,109,141,156,96,0,0,602,275,187,371,548,565,354,220,0,0,2520,62,111,264,397,333,217,64,0,0,1448
GUILFORD,PG1,11,19,26,43,83,118,93,0,0,393,7,11,19,25,63,65,55,0,0,245,131,178,204,220,272,243,180,0,0,1428,55,78,116,165,226,167,65,0,0,872
GUILFORD,PG2,27,38,56,84,165,211,215,0,0,796,13,16,31,50,83,101,86,0,0,380,202,268,307,341,461,416,362,0,0,2357,78,141,192,298,366,316,146,0,0,1537
GUILFORD,RC1,37,55,107,148,229,245,204,0,0,1025,0,5,5,11,21,23,22,0,0,87,316,471,593,626,677,552,375,0,0,3610,120,244,346,481,447,355,126,0,0,2119
GUILFORD,RC2,45,82,165,207,276,316,249,0,0,1340,15,37,71,59,69,65,40,0,0,356,373,703,980,850,927,657,420,0,0,4910,145,368,520,565,535,397,122,0,0,2652
GUILFORD,SCLAY,12,22,22,76,119,164,131,0,0,546,0,0,0,1,0,0,0,0,0,1,136,185,225,282,324,356,208,0,0,1716,45,80,152,202,281,227,86,0,0,1073
GUILFORD,SDRI,55,99,122,257,333,345,483,0,0,1694,0,3,1,3,2,0,3,0,0,12,512,594,898,1033,936,761,945,0,0,5679,160,320,598,705,629,612,474,0,0,3498
GUILFORD,SF1,24,21,57,99,172,176,118,0,0,667,28,26,89,136,181,141,92,0,0,693,331,258,483,644,673,386,240,0,0,3015,92,157,348,540,400,245,76,0,0,1858
GUILFORD,SF2,11,10,37,62,92,134,78,0,0,424,6,13,40,44,67,91,51,0,0,312,139,167,244,259,329,273,161,0,0,1572,42,106,159,211,262,175,54,0,0,1009
GUILFORD,SF3,29,46,31,52,118,185,155,0,0,616,26,38,46,72,141,153,105,0,0,581,242,287,313,420,430,394,262,0,0,2348,96,122,218,299,345,274,102,0,0,1456
GUILFORD,SF4,37,34,74,109,155,237,184,0,0,830,20,36,63,104,136,198,134,0,0,691,305,313,512,614,589,510,310,0,0,3153,98,191,362,478,479,330,103,0,0,2041
GUILFORD,SMAD,11,30,44,76,147,181,127,0,0,616,1,5,13,23,17,22,10,0,0,91,169,274,288,313,457,397,239,0,0,2137,77,149,188,279,328,233,86,0,0,1340
GUILFORD,STOK,48,48,108,205,335,316,195,0,0,1255,26,40,94,169,209,226,123,0,0,887,435,454,772,947,896,554,321,0,0,4379,91,269,448,625,505,292,107,0,0,2337
GUILFORD,SUM1,18,31,47,76,119,124,69,0,0,484,4,15,21,51,57,34,18,0,0,200,171,286,250,313,311,250,152,0,0,1733,82,133,199,227,228,143,67,0,0,1079
GUILFORD,SUM2,25,64,66,74,130,113,66,0,0,538,10,29,44,51,62,33,9,0,0,238,212,388,334,338,331,266,131,0,0,2000,104,171,208,267,221,148,42,0,0,1161
GUILFORD,SUM3,11,11,19,40,47,105,91,0,0,324,0,0,0,0,0,0,0,0,0,0,61,99,133,112,170,199,152,0,0,926,26,52,85,85,159,147,67,0,0,621
GUILFORD,SUM4,17,21,43,53,96,168,144,0,0,542,0,0,1,0,0,1,0,0,0,2,109,182,213,255,350,319,247,0,0,1675,50,112,146,231,294,221,111,0,0,1165
GUILFORD,SWASH,5,9,21,17,70,81,61,0,0,264,0,0,1,0,0,0,0,0,0,1,74,119,138,129,192,149,102,0,0,903,29,63,60,118,130,93,39,0,0,532
HALIFAX,BUTWD,3,2,3,11,18,33,25,0,0,95,0,0,0,0,0,0,0,0,0,0,14,24,21,38,59,65,30,0,0,251,7,10,19,38,51,36,15,0,0,176
HALIFAX,CONC,1,2,5,7,15,35,36,0,0,101,0,0,0,0,0,0,0,0,0,0,10,13,25,27,39,75,44,0,0,233,9,17,14,16,44,53,19,0,0,172
HALIFAX,ENF 2,7,4,27,37,56,113,81,0,0,325,16,23,51,44,47,77,38,0,0,296,54,68,122,124,131,202,114,0,0,815,16,66,68,96,170,138,36,0,0,590
HALIFAX,ENF1,16,24,48,63,116,163,116,0,0,546,16,33,59,55,85,96,50,0,0,394,83,157,216,206,305,308,179,0,0,1454,38,89,128,193,251,178,79,0,0,956
HALIFAX,FAUCT,8,8,18,37,64,80,73,0,0,288,0,1,0,0,0,1,0,0,0,2,56,88,84,143,201,175,125,0,0,872,12,44,80,112,144,121,61,0,0,574
HALIFAX,HAL,9,13,25,48,84,105,83,0,0,367,0,1,5,2,10,2,8,0,0,28,43,89,97,128,217,177,126,0,0,877,17,47,79,112,160,144,60,0,0,619
HALIFAX,HOL,20,24,47,65,122,184,114,0,0,576,0,0,0,0,0,0,0,0,0,0,99,120,219,229,281,303,156,0,0,1407,29,78,132,156,244,159,81,0,0,879
HALIFAX,HPR,1,6,7,22,45,88,73,0,0,242,0,1,3,8,15,21,20,0,0,68,37,66,63,97,150,177,121,0,0,711,22,37,57,91,132,123,45,0,0,507
HALIFAX,LIT,13,20,38,72,140,264,232,0,0,779,1,2,11,5,15,27,24,0,0,85,103,195,192,283,493,567,368,0,0,2201,39,84,132,271,414,385,164,0,0,1489
HALIFAX,RINGW,12,25,34,38,89,95,86,0,0,379,0,0,0,0,0,0,0,0,0,0,71,118,132,141,195,166,126,0,0,949,34,73,87,126,144,108,37,0,0,609
HALIFAX,RR 10,25,31,49,84,128,218,159,0,0,694,8,20,52,77,104,131,97,0,0,489,133,189,231,264,334,336,257,0,0,1744,57,112,132,229,295,237,100,0,0,1162
HALIFAX,RR 11,5,32,45,67,158,209,126,0,0,642,1,7,21,22,51,41,21,0,0,164,135,162,228,269,420,344,233,0,0,1791,32,98,134,267,310,208,94,0,0,1143
HALIFAX,RR1-2,3,15,20,24,45,79,48,0,0,234,1,7,24,15,36,63,31,0,0,177,59,110,120,102,156,140,82,0,0,769,25,43,64,76,122,75,38,0,0,443
HALIFAX,RR3-4,12,19,19,62,86,115,110,0,0,423,15,23,39,67,80,93,82,0,0,399,132,196,200,241,240,242,178,0,0,1429,29,70,137,153,195,157,82,0,0,823
HALIFAX,RR7-9,27,33,63,95,188,290,189,0,0,885,0,2,8,4,16,18,15,0,0,63,179,228,300,368,540,505,313,0,0,2433,42,117,186,271,409,300,112,0,0,1437
HALIFAX,RRCE,9,26,44,63,109,152,107,0,0,510,3,18,35,54,85,78,64,0,0,337,161,246,284,309,366,321,232,0,0,1919,49,118,156,226,255,205,103,0,0,1112
HALIFAX,SN,7,19,24,32,91,177,151,0,0,501,9,32,62,63,95,137,101,0,0,499,75,129,163,190,282,350,226,0,0,1415,31,84,102,135,267,214,113,0,0,946
HALIFAX,WEL 3,9,17,22,58,129,183,136,0,0,554,1,0,1,3,11,21,20,0,0,57,99,126,142,222,299,295,205,0,0,1388,31,64,108,192,228,194,89,0,0,906
HALIFAX,WEL1-2,10,13,21,33,56,80,71,0,0,284,4,5,15,24,33,49,35,0,0,165,58,70,88,117,163,161,109,0,0,766,18,29,53,101,142,97,39,0,0,479
HARNETT,PR08,53,130,128,163,284,434,316,0,0,1508,17,57,88,81,101,142,95,0,0,581,642,1307,1204,1187,1372,1194,721,0,0,7627,245,452,586,796,845,627,233,0,0,3784
HARNETT,PR23,21,55,73,119,168,221,176,0,0,833,1,0,2,0,2,0,0,0,0,5,439,680,775,848,936,754,482,0,0,4914,132,261,388,559,590,428,186,0,0,2544
HARNETT,PR24,32,57,82,122,216,243,228,0,0,980,9,26,18,38,38,51,44,0,0,224,527,730,771,847,1101,863,569,0,0,5408,163,308,409,651,708,563,186,0,0,2988
HARNETT,PR25,11,27,31,44,93,159,150,0,0,515,0,1,0,0,0,0,0,0,0,1,203,288,274,388,444,481,352,0,0,2430,82,120,186,287,356,349,134,0,0,1514
HARNETT,PR26,19,31,50,98,161,193,146,0,0,698,0,0,1,0,0,0,0,0,0,1,280,402,442,476,611,545,373,0,0,3129,110,186,239,406,459,328,158,0,0,1886
HARNETT,PR28,48,102,129,160,314,398,234,0,0,1385,0,4,5,2,4,5,0,0,0,20,572,1142,1237,1193,1388,1008,548,0,0,7088,238,471,644,821,806,520,178,0,0,3678
HARNETT,PR29,24,38,48,75,157,249,235,0,0,826,0,1,0,2,1,0,0,0,0,4,268,415,432,519,718,656,582,0,0,3590,109,181,244,413,522,503,242,0,0,2214
HARNETT,PR32,22,57,68,88,139,197,153,0,0,724,1,4,3,7,7,5,0,0,0,27,432,642,570,624,679,529,345,0,0,3821,162,245,333,425,434,323,129,0,0,2051
HARNETT,PR33,32,71,108,153,215,251,134,0,0,964,0,1,1,0,0,0,1,0,0,3,473,805,993,915,912,609,316,0,0,5023,148,299,456,572,514,253,128,0,0,2370
HARNETT,PR34,31,36,93,148,234,253,131,0,0,926,1,0,1,2,0,0,0,0,0,4,366,716,1040,937,831,586,275,0,0,4751,119,262,401,582,466,251,86,0,0,2167
HARNETT,PR35,17,35,59,70,130,146,97,0,0,554,0,0,0,0,0,0,0,0,0,0,215,377,500,452,471,362,197,0,0,2574,61,153,195,321,283,194,72,0,0,1279
HARNETT,PR36,48,52,114,208,270,253,116,0,0,1061,0,0,1,0,0,0,0,0,0,1,379,734,938,919,858,573,231,0,0,4632,114,243,395,522,501,235,71,0,0,2081
HARNETT,PR37,23,49,94,83,195,214,130,0,0,788,0,1,1,1,1,0,0,0,0,4,349,818,897,706,788,585,276,0,0,4419,120,259,324,450,467,289,108,0,0,2017
HARNETT,PR38,18,34,40,84,140,138,113,0,0,567,1,0,0,0,0,0,0,0,0,1,166,343,341,430,462,352,212,0,0,2306,68,137,196,335,304,202,75,0,0,1317
HARNETT,PR39,16,32,38,66,96,153,130,0,0,531,3,6,6,12,18,25,23,0,0,93,203,351,377,362,376,376,237,0,0,2282,73,134,185,248,303,235,95,0,0,1273
HAYWOOD,AC,9,37,54,70,122,154,141,0,0,587,5,12,22,17,25,35,34,0,0,150,104,219,254,242,322,327,246,0,0,1714,57,82,136,160,203,222,94,0,0,954
HAYWOOD,BC,0,0,0,1,2,1,2,0,0,6,0,0,0,0,0,0,0,0,0,0,1,0,0,5,2,4,4,0,0,16,0,0,2,3,2,5,1,0,0,13
HAYWOOD,BE1,9,27,48,30,67,75,51,0,0,307,1,0,3,2,4,4,3,0,0,17,96,194,166,175,218,158,114,0,0,1121,40,87,78,120,131,96,42,0,0,594
HAYWOOD,BE2,10,27,30,31,65,86,53,0,0,302,0,0,1,4,4,6,2,0,0,17,87,142,125,147,200,158,117,0,0,976,36,53,61,108,138,98,42,0,0,536
HAYWOOD,BE3,14,39,66,56,99,129,70,0,0,473,2,10,22,13,14,31,16,0,0,108,110,237,264,256,280,244,157,0,0,1548,55,136,125,172,216,144,67,0,0,915
HAYWOOD,BE4,7,35,72,62,97,95,75,0,0,443,0,6,23,9,17,24,11,0,0,90,97,216,243,249,243,209,139,0,0,1396,43,123,109,168,170,138,51,0,0,802
HAYWOOD,BE5-6,12,47,84,62,77,107,103,0,0,492,2,14,49,33,32,48,42,0,0,220,101,233,247,214,231,224,194,0,0,1444,58,133,123,148,185,155,85,0,0,887
HAYWOOD,BE7,11,27,36,60,83,88,46,0,0,351,0,0,3,1,2,3,2,0,0,11,93,138,145,182,212,146,95,0,0,1011,46,73,86,131,130,85,33,0,0,584
HAYWOOD,CE,2,6,8,14,37,37,18,0,0,122,0,0,0,0,0,0,0,0,0,0,15,39,41,59,75,54,46,0,0,329,8,15,20,44,54,40,15,0,0,196
HAYWOOD,CLN,14,49,81,68,92,134,111,0,0,549,1,3,8,3,14,20,14,0,0,63,140,243,306,240,295,282,194,0,0,1700,60,121,127,161,206,188,76,0,0,939
HAYWOOD,CLS,20,39,75,85,121,152,128,0,0,620,2,16,12,5,18,12,10,0,0,75,146,244,293,346,349,312,233,0,0,1923,45,118,158,233,218,218,96,0,0,1086
HAYWOOD,CR,17,30,51,69,71,181,137,0,0,556,0,0,1,0,0,0,0,0,0,1,92,137,193,212,251,306,211,0,0,1402,31,82,130,137,213,204,84,0,0,881
HAYWOOD,EF,15,20,40,45,87,102,65,0,0,374,0,0,0,0,0,0,0,0,0,0,80,118,129,133,208,189,118,0,0,975,22,64,74,134,140,104,42,0,0,580
HAYWOOD,FC-1,4,16,27,24,49,74,57,0,0,251,0,0,0,0,0,0,0,0,0,0,29,65,106,70,140,155,72,0,0,637,17,29,41,60,99,93,19,0,0,358
HAYWOOD,FC-2,0,4,5,4,15,11,18,0,0,57,0,0,0,0,0,0,0,0,0,0,10,15,11,24,27,29,22,0,0,138,0,6,13,10,19,27,9,0,0,84
HAYWOOD,HA,5,25,26,29,40,51,60,0,0,236,6,21,15,29,39,39,39,0,0,188,55,150,124,93,149,119,121,0,0,811,27,52,59,71,99,85,53,0,0,446
HAYWOOD,ID,7,19,24,37,50,91,81,0,0,309,0,0,0,0,0,0,0,0,0,0,42,78,110,101,177,193,152,0,0,853,25,43,51,99,133,118,47,0,0,516
HAYWOOD,IH,12,50,77,81,210,380,361,0,0,1171,0,8,3,12,25,73,57,0,0,178,132,262,314,362,693,913,629,0,0,3305,57,124,144,305,449,581,215,0,0,1875
HAYWOOD,JC,16,47,65,84,159,307,209,0,0,887,0,1,3,1,2,3,8,0,0,18,165,269,289,365,559,674,414,0,0,2735,50,117,167,254,433,363,151,0,0,1535
HAYWOOD,LJ,4,31,37,52,114,201,235,0,0,674,0,0,1,1,3,3,0,0,0,8,83,133,164,174,267,409,397,0,0,1627,38,85,94,146,259,308,175,0,0,1105
HAYWOOD,P,18,69,73,106,165,176,176,0,0,783,0,0,0,0,0,0,0,0,0,0,166,288,294,348,404,394,317,0,0,2211,76,129,194,251,287,280,117,0,0,1334
HAYWOOD,PC,11,21,27,35,85,93,49,0,0,321,0,0,0,0,0,0,0,0,0,0,74,160,130,138,207,133,105,0,0,947,26,62,57,120,120,93,37,0,0,515
HAYWOOD,SA,10,31,69,49,99,208,149,0,0,615,0,0,0,0,1,0,1,0,0,2,100,171,210,235,373,426,240,0,0,1755,33,90,93,198,258,265,79,0,0,1016
HAYWOOD,WC,7,26,22,23,33,53,45,0,0,209,7,8,20,19,35,47,39,0,0,175,50,108,93,95,102,109,79,0,0,636,22,36,67,68,72,58,36,0,0,359
HAYWOOD,WE,5,27,40,54,69,169,111,0,0,475,0,1,12,12,18,34,18,0,0,95,73,132,162,180,254,326,193,0,0,1320,33,79,95,133,221,177,82,0,0,820
HAYWOOD,WO,5,11,8,13,21,30,16,0,0,104,0,0,0,0,0,0,0,0,0,0,21,29,44,46,55,49,34,0,0,278,7,12,21,36,40,23,14,0,0,153
HAYWOOD,WS-1,8,30,54,60,109,184,210,0,0,655,3,20,33,45,65,126,141,0,0,433,64,130,194,192,266,409,398,0,0,1653,32,75,122,143,247,291,163,0,0,1073
HAYWOOD,WS-2,6,18,44,51,86,163,148,0,0,516,6,13,34,35,69,101,86,0,0,344,81,131,182,170,265,341,249,0,0,1419,26,81,88,123,221,218,116,0,0,873
HAYWOOD,WW,10,27,39,39,56,112,120,0,0,403,1,4,7,6,8,27,28,0,0,81,86,140,172,149,231,264,230,0,0,1272,42,78,88,114,188,195,83,0,0,788
HENDERSON,AR,10,25,22,30,61,119,133,0,0,400,0,0,0,0,0,0,0,0,0,0,74,121,135,135,212,258,232,0,0,1167,34,57,71,113,175,194,107,0,0,751
HENDERSON,AT,23,23,66,86,157,356,306,0,0,1017,0,0,0,0,0,1,0,0,0,1,127,188,284,345,578,782,561,0,0,2865,57,123,174,278,453,554,187,0,0,1826
HENDERSON,BC,2,12,18,25,58,108,68,0,0,291,0,0,0,0,0,0,0,0,0,0,25,70,75,97,175,175,103,0,0,720,17,39,58,89,151,109,32,0,0,495
HENDERSON,BK,12,18,54,58,56,48,50,0,0,296,0,0,0,0,0,0,0,0,0,0,128,159,388,255,166,122,78,0,0,1296,34,124,184,129,105,76,26,0,0,678
HENDERSON,CB,6,9,43,48,62,108,92,0,0,368,0,0,1,0,0,0,0,0,0,1,60,111,146,174,207,225,145,0,0,1068,20,71,106,123,162,159,46,0,0,687
HENDERSON,CC,18,50,81,72,129,254,245,0,0,849,0,1,0,0,0,0,0,0,0,1,182,371,385,360,546,601,589,0,0,3034,89,156,183,289,412,458,228,0,0,1815
HENDERSON,CV,0,0,0,0,1,18,290,0,0,309,0,0,0,0,0,0,0,0,0,0,1,1,1,0,3,28,443,0,0,477,0,0,1,0,6,117,317,0,0,441
HENDERSON,ED,21,34,46,68,136,287,162,0,0,754,0,0,0,0,0,0,0,0,0,0,162,291,266,353,529,583,310,0,0,2494,64,133,155,299,363,297,106,0,0,1417
HENDERSON,EF,30,32,60,56,89,113,129,0,0,509,0,0,1,0,0,0,0,0,0,1,170,282,313,274,340,353,271,0,0,2003,57,165,151,203,257,242,126,0,0,1201
HENDERSON,ES,9,20,48,47,100,204,187,0,0,615,0,0,0,0,0,0,0,0,0,0,90,195,212,250,342,444,364,0,0,1897,41,107,123,165,278,266,138,0,0,1118
HENDERSON,EV,4,24,43,53,132,244,233,0,0,733,0,0,0,0,0,0,0,0,0,0,130,197,271,306,432,488,405,0,0,2229,42,120,159,249,328,354,181,0,0,1433
HENDERSON,FL,17,49,124,122,186,237,201,0,0,936,0,0,0,0,0,0,0,0,0,0,197,476,587,553,646,586,436,0,0,3481,111,237,333,405,431,382,155,0,0,2054
HENDERSON,FR,8,14,37,55,153,417,542,0,0,1226,0,0,0,0,0,0,2,0,0,2,87,94,151,185,426,894,865,0,0,2702,43,67,104,197,419,775,332,0,0,1937
HENDERSON,GM,9,12,48,32,55,89,67,0,0,312,0,1,0,0,1,1,0,0,0,3,75,123,210,195,202,213,144,0,0,1162,30,79,110,122,146,125,59,0,0,671
HENDERSON,GR,20,40,42,73,124,176,176,0,0,651,0,0,0,0,0,0,0,0,0,0,168,233,280,341,355,456,320,0,0,2153,78,142,188,259,313,309,111,0,0,1400
HENDERSON,HC,20,35,80,100,151,204,171,0,0,761,0,0,1,0,0,0,0,0,0,1,216,285,448,479,512,536,345,0,0,2821,55,184,306,323,363,336,112,0,0,1679
HENDERSON,HS,6,19,39,62,90,288,302,0,0,806,0,0,0,0,0,1,0,0,0,1,108,145,222,243,407,622,458,0,0,2205,30,79,111,195,320,436,164,0,0,1335
HENDERSON,HV-1,14,31,67,65,100,198,307,0,0,782,0,0,0,0,0,0,0,0,0,0,87,159,204,213,246,447,544,0,0,1900,39,115,117,151,257,408,230,0,0,1317
HENDERSON,HV-2,16,33,48,36,76,121,199,0,0,529,0,0,0,0,0,0,2,0,0,2,99,224,200,188,246,301,555,0,0,1813,52,105,128,148,198,275,341,0,0,1247
HENDERSON,HV-3,12,35,63,78,104,222,167,0,0,681,0,0,0,0,0,0,0,0,0,0,101,200,252,254,341,422,291,0,0,1861,40,114,153,185,292,280,110,0,0,1174
HENDERSON,LJ,9,15,35,61,100,218,244,0,0,682,0,0,0,0,1,0,1,0,0,2,96,96,201,214,310,465,398,0,0,1780,46,83,133,199,233,392,136,0,0,1222
HENDERSON,LP,10,14,23,48,94,232,252,0,0,673,0,0,0,0,0,0,0,0,0,0,59,89,116,169,267,463,377,0,0,1540,23,58,97,139,256,339,156,0,0,1068
HENDERSON,MG,8,9,21,21,35,66,66,0,0,226,0,0,0,0,0,0,0,0,0,0,60,109,131,121,157,187,159,0,0,924,23,47,63,88,116,116,61,0,0,514
HENDERSON,NB,27,54,79,82,164,224,194,0,0,824,0,0,0,0,2,0,0,0,0,2,259,408,438,438,599,548,413,0,0,3103,111,210,203,338,389,378,155,0,0,1784
HENDERSON,NE,16,55,55,50,79,135,115,0,0,505,0,0,0,0,0,0,1,0,0,1,148,311,294,236,344,351,286,0,0,1970,67,132,131,145,243,231,104,0,0,1053
HENDERSON,NM,17,25,81,93,112,216,197,0,0,741,0,0,0,0,0,0,0,0,0,0,157,250,423,489,489,501,381,0,0,2690,48,153,279,315,365,379,152,0,0,1691
HENDERSON,NW,11,24,52,53,81,125,157,0,0,503,0,0,0,0,1,0,0,0,0,1,88,196,244,219,276,302,286,0,0,1611,46,133,105,145,193,211,129,0,0,962
HENDERSON,PR,13,32,51,75,92,183,180,0,0,626,0,0,0,0,1,1,0,0,0,2,131,280,307,311,392,409,402,0,0,2232,74,146,163,214,317,277,199,0,0,1390
HENDERSON,PV,8,15,53,63,98,179,214,0,0,630,0,0,0,0,2,0,0,0,0,2,65,127,208,211,306,390,410,0,0,1717,23,98,119,161,225,350,156,0,0,1132
HENDERSON,RG,19,18,52,68,107,164,160,0,0,588,0,0,0,0,0,1,0,0,0,1,151,174,295,306,350,391,267,0,0,1934,46,113,172,233,280,256,91,0,0,1191
HENDERSON,RR,4,15,19,34,49,113,69,0,0,303,0,0,0,0,1,0,0,0,0,1,55,65,89,144,183,205,132,0,0,873,13,30,68,108,147,137,37,0,0,540
HENDERSON,SB,20,56,52,87,145,280,264,0,0,904,0,0,0,0,0,0,0,0,0,0,175,262,257,363,483,622,496,0,0,2658,64,157,162,271,343,405,176,0,0,1578
HENDERSON,SE,14,25,28,32,55,71,81,0,0,306,0,0,0,0,0,0,0,0,0,0,111,169,151,175,196,199,178,0,0,1179,42,63,89,98,144,127,67,0,0,630
HENDERSON,SM,35,44,83,116,216,267,199,0,0,960,0,0,0,0,0,0,0,0,0,0,240,340,452,554,684,630,400,0,0,3300,78,196,286,426,516,376,155,0,0,2033
HENDERSON,SW,16,34,68,82,132,204,196,0,0,732,0,0,0,0,0,0,0,0,0,0,111,211,256,275,409,450,366,0,0,2078,51,113,162,234,320,310,138,0,0,1328
HERTFORD,A1,4,12,25,29,61,115,65,0,0,311,0,5,21,16,39,56,36,0,0,173,91,159,167,223,279,297,162,0,0,1378,50,95,127,158,255,152,76,0,0,913
HERTFORD,A2,6,10,10,33,56,97,80,0,0,292,1,2,4,4,10,26,16,0,0,63,83,124,173,196,273,293,192,0,0,1334,42,90,121,164,223,197,83,0,0,920
HERTFORD,A3,1,3,9,11,38,65,58,0,0,185,1,1,5,6,22,37,29,0,0,101,40,57,87,107,144,180,96,0,0,711,19,53,65,93,147,97,53,0,0,527
HERTFORD,BR,1,2,2,1,11,26,20,0,0,63,0,0,0,0,0,0,0,0,0,0,12,17,29,40,63,68,46,0,0,275,3,12,20,41,51,51,20,0,0,198
HERTFORD,CM,5,6,8,7,12,31,22,0,0,91,1,2,3,0,7,3,2,0,0,18,22,35,41,53,70,89,51,0,0,361,2,22,28,39,68,59,24,0,0,242
HERTFORD,CO,0,2,8,9,13,34,23,0,0,89,1,5,4,13,14,25,15,0,0,77,29,28,30,44,72,92,63,0,0,358,9,9,24,46,79,58,30,0,0,255
HERTFORD,HV,5,5,7,14,35,45,39,0,0,150,0,3,1,2,4,5,10,0,0,25,42,48,61,81,124,123,90,0,0,569,13,26,50,73,89,91,34,0,0,376
HERTFORD,M1,4,15,25,34,74,131,106,0,0,389,9,24,57,60,64,129,115,0,0,458,110,115,216,207,295,306,246,0,0,1495,53,103,128,170,268,247,95,0,0,1064
HERTFORD,M2,2,8,7,18,36,75,49,0,0,195,0,0,0,0,0,0,0,0,0,0,30,74,90,132,154,192,107,0,0,779,26,40,71,106,146,117,47,0,0,553
HERTFORD,ML,5,6,6,21,20,26,25,0,0,109,0,0,0,0,0,0,0,0,0,0,33,40,55,70,89,77,44,0,0,408,15,29,40,54,64,44,19,0,0,265
HERTFORD,SJ,1,6,13,19,12,40,23,0,0,114,0,0,0,0,0,1,0,0,0,1,33,51,63,87,76,133,64,0,0,507,11,29,52,49,93,94,18,0,0,346
HERTFORD,UN,2,3,8,11,33,49,28,0,0,134,0,0,0,0,0,0,0,0,0,0,28,65,101,67,122,137,90,0,0,610,9,59,47,69,115,95,34,1,0,429
HERTFORD,WN,1,5,10,9,42,79,68,0,0,214,0,0,10,9,18,41,31,0,0,109,52,86,110,115,173,196,132,0,0,864,31,56,89,92,173,121,62,0,0,624
HOKE,01,1,11,5,17,16,16,15,0,0,81,0,0,0,0,0,0,0,0,0,0,22,37,31,63,40,48,27,0,0,268,7,10,24,33,25,26,8,0,0,133
HOKE,02,7,19,22,48,90,97,53,0,0,336,0,1,0,1,0,0,0,0,0,2,100,154,183,233,261,234,100,0,0,1265,37,54,116,138,184,142,25,0,0,696
HOKE,03,6,14,22,20,34,62,36,0,0,194,0,0,0,0,0,0,0,0,0,0,47,64,78,106,126,133,52,0,0,606,13,30,43,76,101,58,16,0,0,337
HOKE,04,5,7,12,9,43,56,48,0,0,180,0,0,0,0,0,0,0,0,0,0,61,128,124,130,184,157,94,0,0,878,21,49,48,113,119,85,34,0,0,469
HOKE,05,3,15,17,39,69,82,60,0,0,285,0,0,0,0,0,0,0,0,0,0,82,204,205,260,273,208,116,0,0,1348,25,71,90,159,196,114,39,0,0,694
HOKE,06B,24,38,81,105,182,189,76,0,0,695,0,0,0,1,1,1,0,0,0,3,239,503,649,594,555,384,130,0,0,3054,76,201,300,380,353,168,37,0,0,1515
HOKE,12,15,25,45,83,144,187,80,0,0,579,1,1,2,1,0,0,0,0,0,5,210,439,542,550,569,385,195,1,0,2891,57,165,263,358,361,196,72,1,0,1473
HOKE,13,7,10,18,17,79,77,60,0,0,268,1,0,0,0,0,0,0,0,0,1,87,152,127,194,213,181,115,0,0,1069,37,47,83,129,157,111,33,0,0,597
HOKE,14,18,42,62,106,221,160,51,0,0,660,0,1,1,1,0,0,0,0,0,3,286,522,727,658,667,380,130,1,0,3371,90,194,341,459,349,139,36,0,0,1608
HOKE,15,15,33,52,93,135,139,64,0,0,531,0,0,0,0,0,0,0,0,0,0,202,354,421,431,391,267,101,0,0,2167,53,129,200,249,217,106,32,0,0,986
HOKE,61,9,26,31,43,109,124,100,0,0,442,11,22,29,30,79,111,72,0,0,354,69,110,118,154,200,210,131,0,0,992,28,54,73,127,178,125,48,0,0,633
HOKE,62,7,7,12,22,56,59,47,0,0,210,2,9,12,28,50,51,44,0,0,196,45,65,93,83,120,141,87,0,0,634,24,23,53,93,91,89,25,0,0,398
HOKE,63,21,32,62,86,131,165,95,0,0,592,0,0,0,0,1,0,0,0,0,1,206,334,367,404,373,337,128,0,0,2149,74,138,198,247,274,153,46,0,0,1130
HOKE,64,16,13,41,63,83,138,81,0,0,435,4,4,16,21,44,59,34,0,0,182,97,209,250,245,248,267,141,0,0,1457,27,86,117,163,204,151,60,0,0,808
HOKE,65,6,6,13,24,50,78,49,0,0,226,0,1,0,1,2,3,3,0,0,10,21,38,42,55,97,108,68,0,0,429,12,24,37,50,112,64,35,0,0,334
HYDE,BM,1,10,8,8,23,45,23,0,0,118,0,0,0,0,0,0,0,0,0,0,22,35,18,27,59,66,34,0,0,261,6,16,13,28,46,34,16,0,0,159
HYDE,ENG,4,6,6,14,33,48,32,0,0,143,1,0,0,0,0,0,0,0,0,1,24,18,27,39,69,87,58,0,0,322,7,9,18,42,69,57,22,0,0,224
HYDE,FF,3,1,10,20,25,32,20,0,0,111,0,0,0,0,0,0,0,0,0,0,11,13,30,41,53,52,30,0,0,230,3,13,37,28,59,34,12,0,0,186
HYDE,LL,3,9,11,18,25,50,31,0,0,147,0,0,0,0,0,0,0,0,0,0,15,25,27,42,67,86,56,0,0,318,11,16,25,47,61,59,23,0,0,242
HYDE,OCK,2,8,19,46,53,77,55,0,0,260,0,0,0,0,0,0,0,0,0,0,42,48,78,98,126,143,87,0,0,622,11,38,57,97,94,113,27,0,0,437
HYDE,SLAD,6,13,14,16,26,38,26,0,0,139,0,0,0,0,0,0,0,0,0,0,10,21,23,34,53,63,34,0,0,238,10,19,20,38,49,51,7,0,0,194
HYDE,SQ,11,8,16,30,41,53,50,0,0,209,0,1,0,0,0,0,0,0,0,1,27,31,55,51,65,95,58,0,0,382,9,27,46,38,70,58,26,0,0,274
IREDELL,BA-1,25,61,85,88,190,196,168,0,0,813,1,19,21,14,34,22,13,0,0,124,424,961,964,905,987,725,440,0,0,5406,161,312,415,565,553,376,147,0,0,2529
IREDELL,BE,25,45,64,113,190,230,263,0,0,930,1,8,8,8,20,10,2,0,0,57,357,562,600,752,804,705,579,0,0,4359,109,260,410,532,618,517,211,0,0,2657
IREDELL,CC1,52,53,99,147,180,191,156,0,0,878,37,69,134,217,202,185,121,0,0,965,574,773,1041,1129,876,589,368,0,0,5350,175,361,578,638,489,357,132,0,0,2730
IREDELL,CC2,29,49,64,93,139,204,157,0,0,735,21,37,75,74,94,117,69,0,0,487,424,776,904,934,888,699,403,0,0,5028,142,298,418,530,525,384,140,0,0,2437
IREDELL,CC3-1,52,80,155,246,279,376,256,0,0,1444,57,94,199,289,269,297,205,0,0,1410,875,1220,1685,1740,1464,1136,711,1,0,8832,201,526,856,974,728,594,209,1,0,4089
IREDELL,CC4-1,14,42,59,86,158,176,129,0,0,664,7,14,33,36,56,65,58,0,0,269,371,519,759,783,755,602,359,0,0,4148,112,227,372,446,466,296,124,0,0,2043
IREDELL,CD,24,31,58,74,174,226,182,0,0,769,0,0,1,1,0,0,0,0,0,2,305,541,560,562,838,664,470,0,0,3940,106,212,279,475,588,427,178,0,0,2265
IREDELL,CH-A,7,23,50,35,121,140,111,0,0,487,1,9,4,12,24,14,15,0,0,79,164,294,279,357,500,386,270,0,0,2250,73,131,169,297,358,244,98,0,0,1370
IREDELL,CH-B,12,15,24,46,104,92,70,0,0,363,0,0,1,4,1,0,0,0,0,6,229,318,385,402,540,326,184,0,0,2384,63,136,184,304,286,174,68,0,0,1215
IREDELL,CS,17,25,28,64,133,156,102,0,0,525,0,0,0,0,2,1,1,0,0,4,179,266,255,389,490,401,242,0,0,2222,77,104,172,348,331,234,90,0,0,1356
IREDELL,DV1A1A,23,30,33,95,205,247,170,0,0,803,7,27,22,35,30,53,38,0,0,212,509,546,640,993,1008,760,435,0,0,4891,100,188,373,576,555,360,121,0,0,2273
IREDELL,DV1B-1,47,43,70,194,525,540,429,0,0,1848,8,8,18,35,45,42,62,0,0,218,906,593,911,1737,2156,1369,940,0,0,8612,129,257,703,1378,1225,756,342,0,0,4790
IREDELL,DV2A-1,31,37,80,118,220,259,170,0,0,915,8,31,36,52,97,66,50,0,0,340,447,637,681,800,977,711,466,0,0,4719,121,207,377,598,591,411,174,0,0,2479
IREDELL,DV2B-1,21,47,78,96,200,321,184,0,0,947,12,17,42,60,65,94,36,0,0,326,564,883,879,1076,1183,922,543,0,0,6050,164,289,446,756,741,508,176,0,0,3080
IREDELL,DV3A,18,36,49,84,152,156,94,0,0,589,19,29,54,90,96,57,49,0,0,394,494,572,632,844,825,442,268,0,0,4077,110,192,331,552,371,236,76,0,0,1868
IREDELL,EM,7,7,16,26,46,61,55,0,0,218,0,0,0,1,2,0,0,0,0,3,84,144,131,194,213,174,134,0,0,1074,28,51,86,118,144,115,56,0,0,598
IREDELL,FT,37,61,99,183,383,479,347,0,0,1589,7,25,45,67,101,98,51,0,0,394,615,965,1207,1397,1735,1380,810,0,0,8109,171,373,594,975,952,772,253,0,0,4090
IREDELL,NH,15,14,16,37,52,78,70,0,0,282,0,0,0,0,1,0,0,0,0,1,98,113,119,199,221,223,138,0,0,1111,34,43,120,126,153,163,39,0,0,678
IREDELL,OL,8,22,26,29,61,59,61,0,0,266,0,0,0,0,1,0,0,0,0,1,91,136,148,181,209,172,145,0,0,1082,34,66,83,144,142,119,42,0,0,630
IREDELL,SB,12,19,26,39,73,95,73,0,0,337,0,0,0,0,0,0,0,0,0,0,148,201,225,263,312,276,198,0,0,1623,47,80,154,215,228,180,74,0,0,978
IREDELL,SH-A,10,21,23,43,104,171,135,0,0,507,0,0,0,0,0,0,0,0,0,0,188,272,320,404,547,446,332,0,0,2509,54,124,194,318,411,296,118,0,0,1515
IREDELL,SH-B,8,15,29,48,112,135,106,0,0,453,0,0,0,0,0,2,0,0,0,2,206,294,327,432,558,489,285,0,0,2591,44,138,198,347,392,259,108,0,0,1486
IREDELL,ST1,11,33,71,88,148,225,215,0,0,791,26,67,90,133,232,289,231,0,0,1068,274,454,457,482,568,618,439,0,0,3292,103,195,249,370,412,415,169,0,0,1913
IREDELL,ST2,14,31,45,52,80,130,133,0,0,485,15,48,70,83,120,187,175,0,0,698,180,353,284,308,365,351,310,0,0,2151,85,152,167,228,259,251,142,0,0,1284
IREDELL,ST3,9,25,21,63,92,128,69,0,0,407,9,32,26,51,79,85,44,0,0,326,219,458,468,507,559,405,211,0,0,2827,97,174,253,343,338,215,74,0,0,1494
IREDELL,ST4,15,29,49,57,120,154,215,0,0,639,16,41,75,81,154,193,202,0,0,762,143,264,286,302,428,446,402,0,0,2271,68,155,162,269,342,325,192,0,0,1513
IREDELL,ST5,13,20,41,70,97,158,127,0,0,526,12,38,76,91,150,170,126,0,0,663,176,270,292,352,482,400,266,0,0,2238,53,137,172,291,351,262,96,0,0,1362
IREDELL,ST6,20,28,33,51,125,179,112,0,0,548,20,42,42,70,132,146,93,0,0,545,267,516,470,561,639,520,311,0,0,3284,103,209,197,380,392,285,96,0,0,1662
IREDELL,TB,10,24,24,40,128,123,87,0,0,436,0,0,0,0,0,0,0,0,0,0,192,265,278,336,419,329,231,0,0,2050,51,116,148,257,259,220,87,0,0,1138
IREDELL,UG,6,12,22,21,66,74,50,0,0,251,0,0,0,0,0,0,0,0,0,0,111,156,199,186,254,239,122,0,0,1267,41,108,105,163,190,146,47,0,0,800
JACKSON,BCK,11,31,42,57,71,104,99,0,0,415,0,0,0,0,0,0,0,0,0,0,67,111,146,168,210,228,147,0,0,1077,28,69,93,129,166,156,55,0,0,696
JACKSON,CAN,3,11,11,21,24,38,18,0,0,126,0,0,0,0,0,0,0,0,0,0,28,48,51,50,82,106,54,0,0,419,11,13,38,44,50,49,25,0,0,230
JACKSON,CAS,4,18,17,39,65,155,179,0,0,477,0,0,1,0,0,2,0,0,0,3,69,107,123,161,266,391,341,0,0,1458,24,47,69,112,224,317,149,0,0,942
JACKSON,CFK,7,14,19,32,31,53,50,0,0,206,0,0,0,0,0,0,0,0,0,0,32,52,72,78,89,117,69,0,0,509,17,35,61,51,84,88,21,0,0,357
JACKSON,CUL,230,125,87,74,138,203,160,0,0,1017,1,10,13,10,20,21,19,0,0,94,2208,474,312,289,350,360,238,0,0,4231,350,182,169,228,262,242,99,0,0,1532
JACKSON,GCK,16,25,26,46,64,76,63,0,0,316,0,0,0,0,0,0,0,0,0,0,76,119,112,140,166,185,117,0,0,915,29,51,90,98,125,135,42,0,0,570
JACKSON,GLV,12,25,18,39,80,132,103,0,0,409,0,0,0,0,1,0,0,0,0,1,93,120,143,179,288,353,232,0,0,1408,36,46,90,140,222,244,97,0,0,875
JACKSON,QUA,13,43,73,114,164,191,116,0,0,714,0,0,0,0,0,0,0,0,0,0,167,291,352,388,554,466,298,0,0,2516,60,154,200,288,339,278,99,0,0,1418
JACKSON,RIV,12,17,21,36,55,42,33,0,0,216,0,0,0,0,0,0,0,0,0,0,62,72,79,98,138,109,82,0,0,640,30,33,68,90,100,70,40,0,0,431
JACKSON,SAV,10,31,35,40,61,69,75,0,0,321,0,0,0,1,0,0,0,0,0,1,67,131,121,152,179,150,129,0,0,929,41,57,92,102,101,122,41,0,0,556
JACKSON,SCC,8,23,55,32,77,117,79,0,0,391,0,0,0,0,0,0,0,0,0,0,77,159,200,210,296,281,178,0,0,1401,44,82,121,155,236,162,73,0,0,873
JACKSON,SDC,55,134,223,251,259,379,326,0,0,1627,11,37,82,81,83,78,87,0,0,459,359,557,677,726,710,754,616,0,0,4399,162,359,448,466,590,537,237,0,0,2799
JACKSON,WEB,14,30,80,93,123,147,162,0,0,649,5,3,9,15,20,26,15,0,0,93,113,163,256,249,281,300,245,0,0,1607,49,124,166,200,249,246,91,0,0,1125
JOHNSTON,PR04,12,24,33,43,51,72,58,0,0,293,0,0,0,0,1,0,0,0,0,1,85,118,125,160,151,182,99,0,0,920,34,44,83,107,132,119,29,0,0,548
JOHNSTON,PR07,29,54,81,117,176,177,134,0,0,768,7,20,20,24,32,34,33,0,0,170,238,369,389,430,432,385,239,0,0,2482,70,158,218,255,283,220,92,0,0,1296
JOHNSTON,PR08,17,43,51,84,126,138,75,0,0,534,0,0,0,0,1,1,0,0,0,2,170,261,234,359,331,287,156,0,0,1798,55,110,159,212,208,157,44,0,0,945
JOHNSTON,PR09,35,91,132,171,296,296,216,0,0,1237,20,39,68,91,122,88,69,0,0,497,544,786,916,1043,961,682,413,0,0,5345,159,331,547,667,573,347,145,0,0,2769
JOHNSTON,PR10A,18,87,90,84,114,213,171,0,0,777,18,64,110,70,101,153,105,0,0,621,241,535,501,392,419,501,325,0,0,2914,111,217,256,274,341,269,111,0,0,1579
JOHNSTON,PR10B,33,56,79,84,176,270,138,0,0,836,3,22,35,38,74,148,50,0,0,370,246,465,436,447,604,543,282,0,0,3023,91,180,214,341,380,248,87,0,0,1541
JOHNSTON,PR11A,11,19,35,68,136,175,101,0,0,545,1,4,5,11,16,4,4,0,0,45,178,325,389,377,530,386,204,0,0,2389,73,155,202,337,344,238,61,0,0,1410
JOHNSTON,PR11B,39,87,105,142,194,257,182,0,0,1006,6,30,41,35,43,58,26,0,0,239,360,730,756,791,706,644,358,0,0,4345,139,334,393,481,489,365,112,0,0,2313
JOHNSTON,PR12A,40,80,118,175,267,304,159,0,0,1143,1,0,0,4,0,1,2,0,0,8,452,773,868,909,906,690,357,0,0,4955,146,368,428,624,590,334,110,0,0,2600
JOHNSTON,PR12B,41,75,130,214,283,235,141,0,0,1119,0,0,1,0,0,0,0,0,0,1,502,551,909,1019,915,499,255,0,0,4650,115,322,558,682,451,270,83,0,0,2481
JOHNSTON,PR13,25,66,98,125,219,225,127,0,0,885,0,0,1,2,1,0,0,0,0,4,292,651,627,665,730,470,228,0,0,3663,88,248,309,414,373,244,57,0,0,1733
JOHNSTON,PR14,25,41,52,71,148,151,101,0,0,589,0,0,0,0,0,0,0,0,0,0,204,389,373,380,467,330,194,0,0,2337,81,158,189,267,245,220,64,0,0,1224
JOHNSTON,PR19,12,39,58,58,94,115,84,0,0,460,0,0,3,2,1,9,5,0,0,20,165,268,271,298,325,260,147,0,0,1734,49,117,116,210,198,158,51,0,0,899
JOHNSTON,PR20,32,76,100,125,199,196,166,0,0,894,0,0,0,0,1,0,0,0,0,1,348,750,705,753,732,538,298,0,0,4124,156,305,342,482,409,292,86,0,0,2072
JOHNSTON,PR21,16,46,79,96,146,184,138,0,0,705,1,0,0,0,0,0,0,0,0,1,245,360,455,469,506,395,252,0,0,2682,75,193,223,304,308,234,88,0,0,1425
JOHNSTON,PR22,19,44,52,86,145,207,166,0,0,719,5,20,18,27,37,74,47,0,0,228,261,372,341,427,455,454,291,0,0,2601,73,143,223,270,328,286,92,0,0,1415
JOHNSTON,PR23A,36,59,76,137,213,251,130,0,0,902,0,2,1,1,0,2,0,0,0,6,329,604,751,738,827,544,253,0,0,4046,122,233,381,527,475,249,87,0,0,2074
JOHNSTON,PR23B,22,26,78,80,169,185,105,0,0,665,0,0,0,1,1,2,1,0,0,5,265,466,633,593,646,473,238,0,0,3314,81,208,307,386,373,245,78,0,0,1678
JOHNSTON,PR24,11,30,34,37,66,102,115,0,0,395,13,26,33,45,66,125,96,0,0,404,158,281,246,246,278,315,236,0,0,1760,53,95,136,177,210,216,105,0,0,992
JOHNSTON,PR25,17,25,35,48,93,143,81,0,0,442,8,10,23,24,44,50,26,0,0,185,165,267,233,288,342,384,182,0,0,1861,74,85,135,209,284,177,68,0,0,1032
JOHNSTON,PR26,12,24,28,44,88,111,131,0,0,438,10,13,18,26,53,75,88,0,0,283,161,212,236,248,300,287,241,0,0,1685,53,88,111,169,222,183,109,0,0,935
JOHNSTON,PR27A,10,14,24,30,72,123,117,0,0,390,3,10,17,37,60,93,83,0,0,303,94,156,159,186,258,252,207,0,0,1312,31,54,97,127,197,185,77,0,0,768
JOHNSTON,PR27B,22,29,51,85,109,152,156,0,0,604,10,11,7,21,30,49,56,0,0,184,220,269,355,399,397,337,277,0,0,2254,65,118,219,271,269,218,121,0,0,1281
JOHNSTON,PR28,27,38,97,113,225,255,229,0,0,984,19,14,55,64,111,127,130,0,0,520,304,423,534,587,651,552,417,0,0,3468,70,211,283,446,422,372,178,0,0,1982
JOHNSTON,PR29A,67,80,162,238,325,283,188,0,0,1343,23,49,95,96,112,79,42,0,0,496,686,843,1190,1365,1045,585,330,0,0,6044,174,399,743,764,519,363,97,0,0,3059
JOHNSTON,PR29B,113,161,331,512,694,697,449,0,0,2957,6,21,11,40,46,56,18,0,0,198,1075,1459,2367,2501,2133,1529,845,0,0,11909,265,642,1211,1411,987,728,190,0,0,5434
JOHNSTON,PR30,34,75,129,146,214,227,146,0,0,971,1,7,15,12,25,29,34,0,0,123,321,582,723,694,712,499,257,0,0,3788,102,283,361,411,424,276,73,0,0,1930
JOHNSTON,PR31A,41,60,83,162,192,141,86,0,0,765,0,0,0,0,0,0,0,0,0,0,295,427,642,644,538,301,162,0,0,3009,90,186,374,399,281,157,46,0,0,1533
JOHNSTON,PR31B,45,87,176,217,351,320,200,0,0,1396,1,0,1,0,0,1,1,0,0,4,507,720,1053,1237,1183,718,452,0,0,5870,150,398,605,815,618,443,128,0,0,3157
JOHNSTON,PR32,28,52,84,108,158,166,131,0,0,727,1,0,1,0,0,2,0,0,0,4,299,474,553,583,631,404,222,0,0,3166,107,204,284,398,359,229,69,0,0,1650
JOHNSTON,PR33,29,49,82,111,191,205,139,0,0,806,0,0,0,0,1,0,1,0,0,2,326,517,625,705,746,458,274,0,0,3651,112,207,297,469,410,269,73,0,0,1837
JOHNSTON,PR34,46,99,135,177,313,280,179,0,0,1229,6,31,56,37,55,42,27,0,0,254,469,886,956,923,1047,677,363,0,0,5321,164,420,438,688,587,351,116,0,0,2764
JOHNSTON,PR35,41,96,121,163,255,280,237,0,0,1193,12,33,39,63,86,100,69,0,0,402,336,673,636,714,798,683,449,0,0,4289,124,258,347,491,475,442,145,0,0,2282
JOHNSTON,PR36,18,36,47,91,135,166,146,0,0,639,6,6,17,11,33,57,37,0,0,167,210,348,360,418,482,418,272,0,0,2508,79,114,215,279,308,262,102,0,0,1359
JOHNSTON,PR37,50,80,72,153,225,244,248,0,0,1072,14,22,16,33,56,73,69,0,0,283,310,436,421,551,614,556,429,0,0,3317,96,178,272,402,411,406,145,0,0,1910
JOHNSTON,PR38,37,49,50,88,132,105,83,0,0,544,0,0,0,0,0,0,0,0,0,0,192,236,263,313,357,230,152,0,0,1743,56,120,148,196,204,130,59,0,0,913
JONES,P01,5,10,12,13,15,56,30,0,0,141,0,0,0,0,0,0,0,0,0,0,47,42,78,65,98,124,60,0,0,514,7,25,31,51,89,67,23,0,0,293
JONES,P02,5,9,10,17,26,34,13,0,0,114,0,0,0,0,0,0,0,0,0,0,26,34,50,60,84,65,42,1,0,362,10,22,24,45,60,34,19,0,0,214
JONES,P03,8,10,23,18,36,54,34,0,0,183,0,0,0,0,0,0,0,0,0,0,34,47,68,81,95,86,52,0,0,463,5,30,38,53,76,61,13,0,0,276
JONES,P04,4,16,48,45,92,165,159,0,0,529,0,1,2,0,0,1,0,0,0,4,81,147,198,188,330,354,244,0,0,1542,33,90,125,166,245,233,91,0,0,983
JONES,P05,8,16,35,48,104,148,79,0,0,438,0,0,0,0,0,0,0,0,0,0,76,119,129,152,272,198,130,0,0,1076,33,56,92,133,214,129,48,0,0,705
JONES,P06,3,5,20,18,15,49,26,0,0,136,0,0,0,0,0,0,0,0,0,0,28,34,65,71,58,109,61,0,0,426,3,20,38,37,71,66,25,0,0,260
JONES,P07,6,8,25,38,55,86,63,0,0,281,0,0,0,0,0,0,0,0,0,0,55,118,132,142,184,216,114,0,0,961,20,50,72,86,173,107,41,0,0,549
LEE,A1,39,63,97,125,139,205,176,0,0,844,9,47,61,69,65,97,56,0,0,404,318,514,571,538,579,555,360,0,0,3435,139,290,336,337,423,325,170,0,0,2020
LEE,A2,36,65,65,88,152,203,174,0,0,783,12,35,32,51,89,78,79,0,0,376,344,559,510,505,683,617,416,0,0,3634,145,246,285,405,470,350,181,0,0,2082
LEE,B1,11,16,40,61,88,124,87,0,0,427,1,8,2,4,6,5,3,0,0,29,145,255,291,336,397,297,205,0,0,1926,56,117,188,253,278,173,81,0,0,1146
LEE,B2,20,30,67,66,82,94,63,0,0,422,12,27,59,40,46,56,33,0,0,273,196,376,341,281,298,224,139,0,0,1855,77,189,169,192,193,135,41,0,0,996
LEE,C1,17,46,35,66,160,243,147,0,0,714,0,0,0,1,0,1,0,0,0,2,253,461,467,541,704,565,341,0,0,3332,99,194,259,387,473,305,119,0,0,1836
LEE,C2,13,35,45,72,170,219,158,0,0,712,0,2,1,5,2,7,2,0,0,19,276,393,497,498,679,579,361,0,0,3283,98,192,251,429,463,370,125,0,0,1928
LEE,D1,28,45,95,97,222,260,181,0,0,928,10,16,33,51,83,100,65,0,0,358,284,417,517,593,715,573,367,0,0,3466,90,205,278,501,564,338,135,0,0,2111
LEE,D2,32,66,88,116,215,279,273,0,0,1069,7,43,63,77,112,149,120,0,0,571,257,428,486,462,610,628,501,0,0,3372,131,208,273,408,513,467,208,0,0,2208
LEE,E1,10,29,30,49,115,141,135,0,0,509,2,9,11,23,49,74,77,0,0,245,157,287,272,365,432,390,293,0,0,2196,65,120,185,268,343,264,114,0,0,1359
LEE,E2,14,35,50,59,111,193,240,0,0,702,4,9,11,11,21,31,29,0,0,116,236,459,388,395,549,635,520,0,0,3182,108,170,176,273,406,464,193,0,0,1790
LENOIR,C,7,5,14,26,65,90,81,0,0,288,2,3,0,5,6,7,3,0,0,26,146,179,202,247,331,346,207,0,0,1658,38,81,121,192,267,198,72,0,0,969
LENOIR,FC,19,8,53,88,145,251,232,0,0,796,0,6,5,11,24,25,23,0,0,94,226,300,403,448,594,624,461,0,0,3056,66,187,238,354,468,426,186,0,0,1925
LENOIR,I,6,14,18,37,74,109,58,0,0,316,2,0,0,1,0,0,0,0,0,3,116,171,185,224,321,247,109,0,0,1373,38,92,110,188,238,128,35,0,0,829
LENOIR,K1,1,2,1,4,9,9,9,0,0,35,4,16,21,16,43,29,12,0,0,141,32,47,43,55,76,61,24,0,0,338,12,16,22,46,51,25,9,0,0,181
LENOIR,K2,1,3,1,2,16,39,29,0,0,91,2,11,12,20,61,79,33,0,0,218,18,35,50,64,116,147,70,0,0,500,12,25,17,39,105,74,20,0,0,292
LENOIR,K3,1,2,7,13,19,58,39,0,0,139,3,15,37,44,58,88,36,0,0,281,33,99,114,131,146,175,89,0,0,787,16,52,55,78,140,81,37,0,0,459
LENOIR,K4,10,23,29,37,90,165,187,0,0,541,19,53,92,88,148,182,143,0,0,725,135,205,243,241,363,412,323,0,0,1922,56,119,122,245,301,277,135,0,0,1255
LENOIR,K5,2,7,8,18,44,78,68,0,0,225,4,17,24,52,73,104,78,0,0,352,63,99,97,137,172,212,193,0,0,973,23,38,71,92,166,134,83,0,0,607
LENOIR,K6,0,2,9,15,66,102,104,0,0,298,9,23,40,55,108,131,101,0,0,467,78,146,167,191,234,254,168,0,0,1238,29,70,104,118,193,168,65,0,0,747
LENOIR,K7,0,6,4,15,40,111,105,0,0,281,2,16,19,38,57,123,96,0,0,351,62,108,137,128,221,299,174,0,0,1129,26,55,70,107,196,199,54,0,0,707
LENOIR,K8,0,2,4,13,32,47,71,0,0,169,5,8,21,39,50,72,84,0,0,279,31,48,76,86,112,124,105,0,0,582,10,23,45,65,104,103,47,0,0,397
LENOIR,K9,6,9,14,36,72,165,133,0,0,435,16,19,47,87,104,203,115,0,0,591,93,153,173,203,255,360,244,0,0,1481,44,60,129,167,281,234,99,0,0,1014
LENOIR,MH,11,26,39,80,157,210,205,0,0,728,11,14,20,37,81,118,115,0,0,396,232,311,336,427,513,520,383,0,0,2722,74,147,227,298,402,357,163,0,0,1668
LENOIR,N,7,16,23,38,97,158,116,0,0,455,0,2,1,2,4,2,5,0,0,16,171,293,282,320,494,387,296,0,0,2243,67,115,162,260,313,275,103,0,0,1295
LENOIR,PH1,5,7,7,8,24,37,29,0,0,117,0,0,0,0,0,0,0,0,0,0,40,63,62,58,131,81,59,0,0,494,16,22,35,67,83,52,20,0,0,295
LENOIR,PH2,1,6,17,10,34,55,47,0,0,170,3,13,8,11,19,18,23,0,0,95,66,120,120,146,167,144,118,0,0,881,33,45,60,109,105,96,48,0,0,496
LENOIR,SH,1,1,5,9,18,37,21,0,0,92,0,0,0,0,0,0,0,0,0,0,48,48,75,90,115,103,68,0,0,547,10,26,50,52,97,57,28,0,0,320
LENOIR,SW,1,4,4,23,38,52,35,0,0,157,0,0,0,0,0,0,0,0,0,0,45,112,92,124,159,155,96,0,0,783,23,37,52,89,123,77,33,0,0,434
LENOIR,T1,6,7,12,23,46,73,62,0,0,229,0,0,0,0,0,0,0,0,0,0,91,140,133,155,177,203,121,0,0,1020,23,74,72,113,150,128,43,0,0,603
LENOIR,T2,9,13,12,16,40,43,28,0,0,161,0,0,0,0,0,0,0,0,0,0,87,105,112,136,152,106,73,0,0,771,38,47,52,114,98,70,31,0,0,450
LENOIR,V,7,9,12,39,69,133,89,0,0,358,3,0,5,10,11,27,8,0,0,64,109,144,177,215,311,354,196,0,0,1506,36,64,110,159,292,223,60,0,0,944
LENOIR,W,3,12,12,18,41,50,41,0,0,177,0,0,0,1,0,0,0,0,0,1,80,108,121,133,184,135,121,0,0,882,26,39,81,102,128,112,41,0,0,529
LINCOLN,AS25,14,25,39,51,123,150,128,0,0,530,1,0,0,1,0,0,0,0,0,2,164,214,274,291,410,383,253,0,0,1989,56,96,133,233,294,241,111,0,0,1164
LINCOLN,BC13,10,20,30,30,36,45,36,0,0,207,0,1,0,0,0,0,0,0,0,1,118,226,191,193,198,161,109,0,0,1196,48,67,90,105,103,107,34,0,0,554
LINCOLN,BS26,7,11,48,39,77,149,121,0,0,452,0,0,0,0,0,0,0,0,0,0,130,222,276,329,357,320,223,0,0,1857,43,107,140,225,239,210,65,0,0,1029
LINCOLN,CF19,11,12,19,36,88,114,112,0,0,392,0,1,0,0,0,0,0,0,0,1,112,152,197,283,302,319,198,0,0,1563,32,53,149,189,238,186,73,0,0,920
LINCOLN,DN29,10,10,36,72,157,187,120,0,0,592,0,0,0,0,0,2,0,0,0,2,223,232,396,563,675,497,218,0,0,2804,46,120,214,379,391,238,72,0,0,1460
LINCOLN,DV08,22,37,72,101,147,162,132,0,0,673,0,0,0,1,0,0,0,0,0,1,206,333,368,435,494,403,258,0,0,2497,73,138,204,305,327,241,82,0,0,1370
LINCOLN,DW28,16,32,45,68,118,151,99,0,0,529,0,1,2,3,3,1,1,0,0,11,212,270,458,546,538,374,287,0,0,2685,48,134,252,356,340,238,92,0,0,1460
LINCOLN,HC33,19,27,69,105,148,178,117,0,0,663,0,0,0,0,0,0,0,0,0,0,246,356,446,563,606,477,322,0,0,3016,76,153,225,365,345,273,98,0,0,1535
LINCOLN,IS20,8,17,28,32,78,91,68,0,0,322,0,0,0,0,1,0,0,0,0,1,98,162,197,248,334,244,162,0,0,1445,23,72,111,203,208,155,62,0,0,834
LINCOLN,IS23,13,20,46,55,115,131,92,0,0,472,1,0,0,1,0,1,0,0,0,3,214,264,290,433,477,353,221,0,0,2252,55,121,184,327,318,225,55,0,0,1285
LINCOLN,LB34,14,22,49,64,91,136,103,0,0,479,0,0,0,0,1,0,0,0,0,1,164,293,345,335,460,368,232,0,0,2197,57,119,168,241,296,205,77,0,0,1163
LINCOLN,LI14,12,11,30,37,58,103,99,0,0,350,0,0,0,0,0,0,0,0,0,0,74,135,162,183,204,239,190,0,0,1187,30,73,85,138,165,153,84,0,0,728
LINCOLN,LN11,6,35,32,35,85,125,58,0,0,376,0,1,0,0,0,0,0,0,0,1,96,187,167,176,265,233,124,0,0,1248,52,92,73,165,199,135,48,0,0,764
LINCOLN,LS12,11,17,27,50,69,92,89,0,0,355,0,0,0,0,0,0,0,0,0,0,110,154,162,182,230,240,176,0,0,1254,31,69,82,139,169,148,57,0,0,695
LINCOLN,LW18,5,14,18,32,51,107,76,0,0,303,0,0,0,0,3,0,0,0,0,3,89,176,247,222,343,310,174,0,0,1561,31,81,104,149,191,139,42,0,0,737
LINCOLN,LW31,10,20,46,81,205,442,375,0,0,1179,0,0,5,0,2,10,0,0,0,17,232,316,440,531,905,1179,736,0,0,4339,64,148,315,416,593,639,160,0,0,2335
LINCOLN,NB35,40,65,70,108,216,253,183,0,0,935,0,0,0,0,1,0,0,0,0,1,278,413,454,521,643,544,371,0,0,3224,81,178,220,379,440,333,132,0,0,1763
LINCOLN,OB21,23,27,53,87,121,117,83,0,0,511,0,0,0,0,1,0,0,0,0,1,198,200,297,424,412,266,186,0,0,1983,47,113,207,268,244,149,71,0,0,1099
LINCOLN,PC22,19,24,62,75,114,108,73,0,0,475,0,1,0,0,1,1,0,0,0,3,203,294,402,403,461,322,204,0,0,2289,54,141,201,283,245,170,77,0,0,1171
LINCOLN,SL24,9,21,36,47,81,106,92,0,0,392,0,0,0,0,0,0,0,0,0,0,105,179,183,215,289,242,217,0,0,1430,30,81,99,184,182,177,84,0,0,837
LINCOLN,ST36,21,41,65,75,148,172,121,0,0,643,1,1,0,0,0,0,0,0,0,2,227,381,344,490,578,474,300,0,0,2794,76,147,196,322,344,284,96,0,0,1465
LINCOLN,TA37,15,40,67,81,194,328,279,0,0,1004,0,4,0,0,3,2,2,0,0,11,258,524,568,633,878,748,563,0,0,4172,97,200,310,443,585,523,155,0,0,2313
LINCOLN,WP32,25,39,112,208,291,378,276,0,0,1329,0,1,2,0,0,1,0,0,0,4,410,585,975,1103,1137,887,531,0,0,5628,96,299,532,654,716,505,171,0,0,2973
MACON,01,22,58,82,105,105,161,183,0,0,716,4,25,32,39,49,64,76,0,0,289,134,215,247,253,321,368,381,0,0,1919,71,118,160,174,216,287,187,0,0,1213
MACON,02,20,38,28,38,60,73,79,0,0,336,2,21,14,21,32,40,37,0,0,167,78,135,136,128,138,157,162,0,0,934,35,60,79,90,106,122,66,0,0,558
MACON,03,21,49,74,85,117,203,191,0,0,740,0,11,9,11,19,29,29,0,0,108,145,198,247,224,377,424,383,0,0,1998,59,123,126,165,282,324,139,0,0,1218
MACON,04,16,32,52,72,84,142,118,0,0,516,0,0,0,0,0,0,0,0,0,0,86,113,175,168,189,285,206,0,0,1222,32,67,97,116,180,184,72,0,0,748
MACON,05,25,59,80,111,152,236,184,0,0,847,0,0,0,0,0,0,0,0,0,0,161,226,242,306,401,488,352,0,0,2176,60,118,166,216,316,310,129,0,0,1315
MACON,06,22,51,79,88,140,178,146,0,0,704,0,0,1,0,0,0,0,0,0,1,118,176,244,260,357,391,289,0,0,1835,55,108,151,185,228,240,111,0,0,1078
MACON,07,17,35,46,67,119,189,168,0,0,641,0,0,2,0,0,0,0,0,0,2,93,162,192,223,331,414,308,0,0,1723,45,67,102,175,242,278,120,0,0,1029
MACON,08,4,5,9,18,23,46,46,0,0,151,0,0,0,0,0,0,0,0,0,0,17,28,45,50,68,100,85,0,0,393,7,9,40,31,50,71,38,0,0,246
MACON,09,18,23,58,67,135,221,280,0,0,802,4,9,13,25,69,98,117,0,0,335,92,130,164,192,351,474,500,0,0,1903,33,77,96,177,289,395,204,0,0,1271
MACON,10,0,4,13,14,30,32,40,0,0,133,0,0,0,0,0,0,0,0,0,0,20,38,32,61,69,82,81,0,0,383,12,16,27,32,63,49,40,0,0,239
MACON,11,26,49,72,105,180,285,187,0,0,904,0,0,1,0,0,0,0,0,0,1,147,206,260,307,452,621,416,0,0,2409,48,96,142,217,330,370,159,0,0,1362
MACON,12,7,36,41,56,107,224,207,0,0,678,0,0,1,0,0,0,0,0,0,1,90,122,165,201,327,433,353,0,0,1691,40,76,97,131,231,320,152,0,0,1047
MACON,13,1,12,11,19,30,42,32,0,0,147,0,0,0,0,0,0,0,0,0,0,33,45,59,74,116,117,80,0,0,524,6,13,31,48,71,66,37,0,0,272
MACON,14,6,18,25,31,59,83,64,0,0,286,0,0,0,0,0,0,0,0,0,0,32,57,58,78,146,163,116,0,0,650,10,24,25,74,111,110,48,0,0,402
MACON,15,17,47,63,74,148,226,161,0,0,736,0,0,0,0,0,0,0,0,0,0,103,156,207,211,366,449,290,0,0,1782,36,83,132,153,281,266,109,0,0,1060
MADISON,BEECH,20,24,61,79,117,191,173,0,0,665,0,0,4,0,0,3,0,0,0,7,151,281,346,354,418,422,327,0,0,2299,79,171,194,268,306,309,116,0,0,1443
MADISON,EBBS C,6,14,20,26,41,76,49,0,0,232,0,0,0,0,0,0,0,0,0,0,50,75,119,141,178,178,120,0,0,861,21,45,84,101,149,118,44,0,0,562
MADISON,GRAPEV,8,16,36,39,45,59,42,0,0,245,0,0,0,0,0,0,0,0,0,0,68,118,171,152,170,151,83,0,0,913,24,76,92,113,118,88,39,0,0,550
MADISON,HOT SP,5,9,22,37,45,32,25,0,0,175,7,8,17,53,39,33,29,0,0,186,50,71,80,135,142,87,81,0,0,646,22,39,62,106,77,65,25,0,0,396
MADISON,LAUREL,1,9,23,26,32,45,26,0,0,162,0,0,0,0,0,0,0,0,0,0,49,93,125,109,130,130,77,0,0,713,25,56,62,73,87,75,22,0,0,400
MADISON,MARS H,28,55,88,116,168,227,227,0,0,909,7,4,12,23,24,36,47,0,0,153,315,426,452,427,556,554,418,0,0,3148,129,250,276,345,441,387,159,0,0,1987
MADISON,NORTH,15,33,58,79,88,115,89,0,0,477,0,1,6,10,12,16,15,0,0,60,139,221,300,303,334,345,219,0,0,1861,87,127,175,237,246,239,87,0,0,1198
MADISON,REVERE,3,1,5,6,10,22,10,0,0,57,0,1,0,0,0,0,0,0,0,1,18,16,35,37,38,42,24,0,0,210,2,20,20,22,31,31,9,0,0,135
MADISON,SANDY,7,8,10,15,21,32,31,0,0,124,0,0,0,0,0,0,0,0,0,0,36,39,46,74,84,78,56,0,0,413,16,21,40,57,58,56,14,0,0,262
MADISON,SOUTH,3,8,27,30,44,77,53,0,0,242,0,0,0,1,2,3,3,0,0,9,60,74,121,158,151,162,100,0,0,826,26,56,106,81,129,107,33,0,0,538
MADISON,SPRING,0,8,22,11,23,74,53,0,0,191,0,0,0,0,0,0,0,0,0,0,24,57,83,64,103,148,99,0,0,578,18,33,31,46,102,102,38,0,0,370
MADISON,WALNUT,1,10,37,42,46,73,47,0,0,256,0,0,0,0,0,0,0,0,0,0,75,141,158,192,190,183,122,0,0,1061,27,71,114,136,152,119,39,0,0,658
MARTIN,BG,2,14,15,45,51,89,81,0,0,297,0,3,2,1,1,0,2,0,0,9,113,160,158,194,242,259,141,0,0,1267,36,80,123,163,184,159,55,0,0,800
MARTIN,CR,2,8,13,21,35,46,37,0,0,162,0,0,3,2,1,5,4,0,0,15,58,88,109,123,149,143,99,0,0,769,21,54,74,108,119,95,40,0,0,511
MARTIN,GRF,6,12,17,35,62,106,68,0,0,306,0,0,0,0,0,0,0,0,0,0,87,119,158,157,214,210,153,0,0,1098,41,98,114,152,198,153,62,0,0,818
MARTIN,GSN,1,5,9,17,41,77,67,0,0,217,2,3,4,15,20,26,22,0,0,92,37,69,73,107,129,196,112,0,0,723,18,45,58,93,148,106,49,0,0,517
MARTIN,HMT,1,8,8,16,49,57,56,0,0,195,4,10,7,11,23,29,25,0,0,109,48,75,91,105,138,172,125,0,0,754,20,39,58,85,128,111,49,0,0,490
MARTIN,JMV,9,16,18,32,78,128,108,0,0,389,1,5,3,9,15,19,17,0,0,69,131,174,208,232,341,314,252,0,0,1652,45,114,122,213,261,229,111,0,0,1095
MARTIN,RBV,5,9,13,28,53,128,112,0,0,348,0,0,0,1,0,0,0,0,0,1,86,157,186,210,268,372,261,0,0,1540,34,79,118,155,274,228,109,0,0,997
MARTIN,WM1,7,19,18,42,98,147,152,0,0,483,0,0,0,0,0,0,0,0,0,0,151,198,203,288,414,453,344,0,0,2051,63,116,147,272,337,318,130,0,0,1383
MARTIN,WM2,11,17,17,45,86,158,124,0,0,458,0,0,0,0,0,0,0,0,0,0,135,194,203,292,383,435,302,0,0,1944,63,113,154,232,340,288,113,0,0,1303
MCDOWELL,CCREEK,8,21,45,58,84,149,117,0,0,482,0,0,0,0,0,0,0,0,0,0,100,182,193,261,296,362,207,0,0,1601,39,78,118,172,233,224,77,0,0,941
MCDOWELL,DYSART,16,25,45,73,134,179,95,0,0,567,0,0,0,0,1,0,0,0,0,1,138,207,259,285,468,419,209,0,0,1985,38,64,122,209,278,195,57,0,0,963
MCDOWELL,FORT 1,8,30,30,47,58,81,65,0,0,319,2,7,8,7,17,22,18,0,0,81,55,135,136,149,181,187,123,0,0,966,27,75,79,119,140,135,56,0,0,631
MCDOWELL,FORT 2,10,27,44,52,60,84,91,0,0,368,3,2,20,14,6,11,7,0,0,63,81,177,192,221,258,286,195,0,0,1410,29,90,101,164,185,190,75,0,0,834
MCDOWELL,GLENWD,20,36,47,77,105,134,97,0,0,516,0,0,0,0,0,0,0,0,0,0,126,155,199,249,317,307,178,0,0,1531,30,69,127,179,210,181,66,0,0,862
MCDOWELL,HIGGIN,9,29,38,42,89,110,45,0,0,362,0,0,0,0,0,0,0,0,0,0,86,156,165,214,284,208,131,0,0,1244,22,74,101,131,189,111,50,0,0,678
MCDOWELL,M.COVE,20,18,47,79,81,116,80,0,0,441,0,0,0,0,0,0,0,0,0,0,94,143,183,218,269,266,135,0,0,1308,35,75,124,157,187,131,41,0,0,750
MCDOWELL,MAR 1,22,40,64,111,144,212,165,0,0,758,1,10,11,21,42,39,41,0,0,165,173,245,267,386,424,475,297,0,0,2267,62,127,196,279,328,293,112,0,0,1397
MCDOWELL,MAR 2,7,12,27,26,66,77,84,0,0,299,2,11,31,31,60,75,68,0,0,278,57,134,128,141,198,191,153,0,0,1002,23,61,64,98,157,124,73,0,0,600
MCDOWELL,MAR 3,7,17,20,30,44,47,36,0,0,201,0,2,7,1,1,5,12,0,0,28,58,98,88,129,142,117,75,0,0,707,25,32,44,91,82,81,29,0,0,384
MCDOWELL,MAR 4,7,12,19,26,37,46,28,0,0,175,3,6,5,7,9,11,7,0,0,48,82,120,136,142,124,122,71,0,0,797,31,55,61,63,81,62,30,0,0,383
MCDOWELL,MAR 5,4,18,25,31,43,74,52,0,0,247,1,5,12,7,10,16,9,0,0,60,78,104,116,127,141,137,92,0,0,795,18,40,65,81,98,91,28,0,0,421
MCDOWELL,N.COVE,8,11,30,14,56,67,45,0,0,231,0,0,0,0,0,0,0,0,0,0,37,63,95,89,145,166,94,0,0,689,19,40,44,75,125,84,45,0,0,432
MCDOWELL,NEBO,17,37,44,89,133,177,139,0,0,636,0,0,0,0,0,0,0,0,0,0,164,207,214,328,465,442,257,0,0,2077,54,92,157,236,335,262,98,0,0,1234
MCDOWELL,PLEASA,22,32,49,77,111,134,124,0,0,549,0,0,0,0,0,0,0,0,0,0,125,199,196,268,335,304,239,0,0,1666,42,78,129,184,237,182,94,0,0,946
MCDOWELL,T.COVE,7,11,28,16,41,40,37,0,0,180,0,0,0,0,0,0,0,0,0,0,36,67,75,63,126,97,83,0,0,547,13,32,34,75,64,73,36,0,0,327
MCDOWELL,WEST M,19,60,99,113,152,195,174,0,0,812,1,3,0,2,0,2,0,0,0,8,197,346,392,441,485,439,349,0,0,2649,75,147,208,291,305,307,121,0,0,1454
MECKLENBURG,001,10,29,31,16,83,87,79,0,0,335,10,62,72,90,173,149,109,0,0,665,128,211,162,226,288,201,150,0,0,1366,79,92,124,240,224,154,56,0,0,969
MECKLENBURG,002,10,95,104,103,127,129,57,0,0,625,15,192,216,187,197,152,61,0,0,1020,172,731,563,407,358,240,94,0,0,2565,148,323,322,287,239,124,21,0,0,1464
MECKLENBURG,003,13,27,40,26,55,96,44,0,0,301,10,39,49,34,73,94,51,0,0,350,133,234,209,188,220,198,97,0,0,1279,61,130,89,148,177,99,35,0,0,739
MECKLENBURG,004,20,31,46,54,87,88,61,0,0,387,14,44,64,71,93,101,72,0,0,459,133,245,266,247,256,226,141,0,0,1514,50,122,161,165,181,148,64,0,0,891
MECKLENBURG,005,5,33,38,39,52,53,25,0,0,245,7,46,53,46,73,55,33,0,0,313,59,212,175,152,204,128,51,0,0,981,41,95,95,114,115,64,16,0,0,540
MECKLENBURG,006,13,28,30,36,64,61,37,0,0,269,15,48,39,57,74,71,38,0,0,342,104,255,223,211,225,155,73,0,0,1246,52,118,109,132,143,80,21,0,0,655
MECKLENBURG,007,6,44,82,72,54,51,43,0,0,352,13,75,159,112,76,54,43,0,0,532,85,367,430,281,188,148,102,0,0,1601,76,222,252,163,117,87,54,0,0,971
MECKLENBURG,008,27,17,22,41,124,140,131,0,0,502,24,22,82,165,225,248,183,0,0,949,249,142,262,341,438,330,237,0,0,1999,139,118,221,338,360,239,87,0,0,1502
MECKLENBURG,009,15,147,97,81,106,151,113,0,0,710,38,296,183,162,198,202,130,0,0,1209,399,1475,577,398,457,313,198,0,0,3817,232,359,288,327,325,231,51,0,0,1813
MECKLENBURG,010,20,61,54,90,123,115,58,0,0,521,31,122,208,218,192,137,63,0,0,971,216,522,529,440,327,185,71,0,0,2290,94,300,367,328,227,107,16,0,0,1439
MECKLENBURG,011,39,194,186,130,180,156,141,0,0,1026,55,430,332,231,286,207,165,0,0,1706,795,2381,1203,737,664,404,247,0,0,6431,392,702,496,486,388,248,87,0,0,2799
MECKLENBURG,012,12,69,96,80,59,51,49,0,0,416,14,131,152,114,81,58,39,0,0,589,324,641,518,275,215,143,77,0,0,2193,166,309,208,169,145,69,29,0,0,1095
MECKLENBURG,013,22,171,110,53,87,70,38,0,0,551,51,283,191,99,113,85,36,0,0,858,432,1460,597,321,312,213,86,0,0,3421,214,377,213,205,173,105,29,0,0,1316
MECKLENBURG,014,21,193,195,88,82,68,44,0,0,691,47,317,352,127,115,82,46,0,0,1086,333,1466,941,325,268,166,76,0,0,3575,232,520,297,183,161,92,22,0,0,1507
MECKLENBURG,015,24,131,164,129,167,172,82,0,0,869,27,258,324,219,244,197,79,0,0,1348,217,1232,804,462,354,253,108,0,0,3430,199,467,396,342,250,138,27,0,0,1819
MECKLENBURG,016,18,33,48,73,141,158,227,0,0,698,16,48,52,80,148,144,200,0,0,688,145,273,276,309,366,291,340,0,0,2000,81,162,172,281,268,256,179,0,0,1399
MECKLENBURG,017,9,22,45,37,32,47,38,0,0,230,7,45,59,69,43,52,38,0,0,313,95,267,230,189,172,154,74,0,0,1181,50,139,133,100,127,80,34,0,0,663
MECKLENBURG,018,9,5,19,22,77,99,106,0,0,337,22,23,80,124,187,172,151,0,0,759,135,117,238,274,296,251,197,0,0,1508,48,90,201,230,274,192,76,0,0,1111
MECKLENBURG,019,8,6,37,70,65,85,74,0,0,345,18,25,157,167,134,140,96,0,0,737,134,180,355,311,242,211,151,0,0,1584,43,144,236,239,193,170,52,0,0,1077
MECKLENBURG,020,22,41,63,113,122,124,73,0,0,558,18,63,195,223,235,138,71,0,0,943,175,292,432,488,392,202,92,0,0,2073,80,191,388,367,227,118,34,0,0,1405
MECKLENBURG,021,8,53,77,71,59,77,56,0,0,401,13,131,199,113,103,93,52,0,0,704,113,595,508,253,229,168,103,0,0,1969,87,290,249,164,157,98,41,0,0,1086
MECKLENBURG,022,50,298,132,77,67,58,21,0,0,703,152,627,230,121,99,76,21,0,0,1326,1499,3525,775,366,284,144,63,0,0,6656,470,503,280,186,167,61,22,0,0,1689
MECKLENBURG,023,15,91,71,34,41,59,26,0,0,337,25,143,112,49,47,55,28,0,0,459,196,845,406,180,203,167,55,0,0,2052,113,245,146,118,154,65,16,0,0,857
MECKLENBURG,024,11,86,80,48,50,64,43,0,0,382,13,152,117,67,64,71,37,0,0,521,136,722,389,224,235,191,73,0,0,1970,106,264,165,154,155,86,27,0,0,957
MECKLENBURG,025,5,18,49,39,68,105,84,0,0,368,12,26,60,50,80,92,76,0,0,396,94,184,239,199,244,203,143,0,0,1306,47,117,113,128,206,108,82,0,0,801
MECKLENBURG,026,21,66,75,71,146,208,144,0,0,731,19,104,103,88,149,209,118,0,0,790,240,497,433,356,407,437,210,0,0,2580,102,203,213,279,374,262,64,0,0,1497
MECKLENBURG,027,13,59,52,48,53,80,45,0,0,350,14,93,59,56,65,73,38,0,0,398,200,543,305,247,258,208,77,0,0,1838,110,146,142,146,180,101,28,0,0,853
MECKLENBURG,028,7,60,92,53,40,67,46,0,0,365,7,111,163,72,57,73,46,0,0,529,69,428,357,184,200,195,110,0,0,1543,66,217,159,113,146,112,27,0,0,840
MECKLENBURG,029,8,48,86,85,71,60,46,0,0,404,8,102,176,107,85,65,42,0,0,585,87,402,416,225,195,144,95,0,0,1564,74,252,211,147,120,91,28,0,0,923
MECKLENBURG,030,30,325,264,162,115,52,21,0,0,969,60,553,432,243,128,54,27,0,0,1497,386,1973,982,493,269,129,41,0,0,4273,312,609,423,269,129,45,12,0,0,1799
MECKLENBURG,031,6,41,45,25,61,79,76,0,0,333,9,81,54,46,76,101,76,0,0,443,122,436,252,206,252,232,147,0,0,1647,81,162,116,144,164,154,58,0,0,879
MECKLENBURG,032,12,8,20,51,81,99,78,0,0,349,22,37,119,169,187,184,116,0,0,834,196,184,347,380,328,258,148,0,0,1841,81,141,283,322,264,180,44,0,0,1315
MECKLENBURG,033,7,44,63,50,74,73,47,0,0,358,7,86,92,89,89,91,45,0,0,499,87,325,289,235,205,160,89,0,0,1390,60,205,163,160,146,88,33,0,0,855
MECKLENBURG,034,10,85,111,80,75,78,34,0,0,473,13,163,161,125,115,99,39,0,0,715,112,656,556,342,308,190,83,0,0,2247,106,283,270,227,174,105,28,0,0,1193
MECKLENBURG,035,17,34,50,79,76,70,49,0,0,375,27,66,141,168,138,90,54,0,0,684,137,367,430,383,255,136,93,0,0,1801,58,201,278,213,132,102,23,0,0,1007
MECKLENBURG,036,9,24,65,70,107,141,137,0,0,553,12,59,162,193,222,203,154,0,0,1005,134,283,440,387,354,299,296,0,0,2193,52,229,314,281,291,236,123,0,0,1526
MECKLENBURG,037,5,67,91,44,40,64,50,0,0,361,7,165,150,73,83,98,51,0,0,627,96,765,389,178,182,175,95,0,0,1880,125,293,150,123,176,82,47,0,0,996
MECKLENBURG,038,6,62,51,42,54,45,46,0,0,306,8,121,118,66,76,67,53,0,0,509,98,515,334,185,175,159,82,0,0,1548,88,225,150,128,125,87,32,0,0,835
MECKLENBURG,039,9,30,32,31,52,95,70,0,0,319,11,46,48,51,59,89,61,0,0,365,149,378,346,257,259,224,137,0,0,1750,83,146,141,152,187,117,54,0,0,880
MECKLENBURG,040,7,27,30,24,54,80,43,0,0,265,6,31,35,38,71,87,41,0,0,309,125,241,253,226,289,226,109,0,0,1469,59,127,135,167,194,119,29,0,0,830
MECKLENBURG,041,10,25,30,39,58,76,37,0,0,275,11,42,51,50,61,69,46,0,0,330,117,290,280,271,297,213,124,0,0,1592,52,127,153,183,190,106,48,0,0,859
MECKLENBURG,042,11,25,42,41,76,125,178,0,0,498,14,29,38,55,88,127,159,0,0,510,151,249,253,237,301,254,263,0,0,1708,44,130,134,174,222,261,90,0,0,1055
MECKLENBURG,043,15,56,85,68,75,107,62,0,0,468,15,65,122,75,77,110,57,0,0,521,161,412,369,291,301,272,114,0,0,1920,80,197,194,171,210,138,31,0,0,1021
MECKLENBURG,044,6,50,116,86,76,91,51,0,0,476,10,89,174,138,109,108,42,0,0,670,64,384,439,279,190,155,73,0,0,1584,60,280,227,158,140,93,29,0,0,987
MECKLENBURG,045,18,53,76,48,51,64,33,0,0,343,10,95,114,55,64,74,29,0,0,441,101,338,305,192,210,175,103,0,0,1424,63,185,122,118,126,102,37,0,0,753
MECKLENBURG,046,11,76,109,90,72,61,38,0,0,457,14,138,163,132,103,76,35,0,0,661,104,614,506,306,251,139,62,0,0,1982,101,307,249,202,133,92,22,0,0,1106
MECKLENBURG,047,17,24,38,57,109,112,178,0,0,535,26,57,119,176,223,188,215,0,0,1004,242,259,407,463,429,301,378,0,0,2479,81,162,335,331,273,259,135,0,0,1576
MECKLENBURG,048,21,6,13,57,104,107,65,0,0,373,31,20,99,207,213,158,87,0,0,815,230,123,283,450,368,216,130,0,0,1800,71,99,293,345,247,138,53,0,0,1246
MECKLENBURG,049,19,86,65,72,87,82,66,0,0,477,33,188,176,175,162,101,87,0,0,922,268,875,534,407,281,169,127,0,0,2661,166,274,273,284,166,115,53,0,0,1331
MECKLENBURG,050,6,40,69,49,63,78,38,0,0,343,9,123,158,92,100,100,45,0,0,627,61,471,330,208,186,157,78,0,0,1491,61,264,163,149,152,78,28,0,0,895
MECKLENBURG,051,8,63,82,66,85,118,105,0,0,527,10,143,232,142,126,155,115,0,0,923,145,611,515,292,266,255,270,0,0,2354,114,309,257,213,228,148,139,0,0,1408
MECKLENBURG,052,16,120,53,32,87,103,113,0,0,524,45,194,96,56,93,97,110,0,0,691,313,1093,373,230,274,229,207,0,0,2719,162,193,123,171,207,141,119,0,0,1116
MECKLENBURG,053,22,29,46,52,90,108,56,0,0,403,11,45,56,64,90,109,56,0,0,431,198,418,359,346,406,339,141,0,0,2207,87,173,189,217,295,155,37,0,0,1153
MECKLENBURG,054,15,73,85,78,100,141,106,0,0,598,14,113,142,98,108,145,97,0,0,717,130,524,459,276,283,292,179,0,0,2143,98,291,201,181,243,173,80,0,0,1267
MECKLENBURG,055,3,19,26,27,46,102,67,0,0,290,2,27,41,32,53,109,59,0,0,323,68,156,180,158,161,201,106,0,0,1030,34,92,87,96,167,105,53,0,0,634
MECKLENBURG,056,6,26,23,27,40,51,49,0,0,222,6,52,38,30,41,56,48,0,0,271,87,239,202,140,188,160,101,0,0,1117,47,86,106,105,142,98,45,0,0,629
MECKLENBURG,057,6,33,65,63,71,122,272,0,0,632,10,102,143,133,123,169,323,0,0,1003,89,372,319,278,245,303,642,0,0,2248,56,190,209,181,219,314,336,0,0,1505
MECKLENBURG,058,14,59,81,55,76,68,56,0,0,409,11,126,162,97,105,86,62,0,0,649,87,618,437,266,219,175,108,0,0,1910,85,273,202,161,138,105,41,0,0,1005
MECKLENBURG,059,4,38,47,29,43,62,29,0,0,252,3,102,118,57,61,79,34,0,0,454,44,325,250,120,124,134,78,0,0,1075,49,176,111,101,121,65,44,0,0,667
MECKLENBURG,060,14,38,32,31,70,149,132,0,0,466,10,39,47,33,76,159,113,0,0,477,95,199,155,168,225,323,167,0,0,1332,48,103,94,144,240,226,58,0,0,913
MECKLENBURG,061,8,59,63,34,64,101,185,0,0,514,14,87,93,45,69,112,219,0,0,639,90,351,263,185,221,248,467,0,0,1825,64,207,112,145,185,227,234,0,0,1174
MECKLENBURG,062,17,26,22,36,60,79,59,0,0,299,6,29,28,39,71,77,58,0,0,308,153,210,189,193,220,192,113,0,0,1270,46,88,91,120,176,122,58,0,0,701
MECKLENBURG,063,12,47,47,39,71,72,30,0,0,318,11,49,56,63,80,71,24,0,0,354,143,272,248,241,256,180,82,0,0,1422,78,121,130,163,171,80,37,0,0,780
MECKLENBURG,064,3,32,47,34,39,48,34,0,0,237,9,52,75,49,60,58,39,0,0,342,60,222,225,131,131,118,65,0,0,952,42,119,115,97,103,82,29,0,0,587
MECKLENBURG,065,5,15,52,44,52,80,85,0,0,333,11,51,107,102,99,105,109,0,0,584,98,214,257,183,195,166,168,0,0,1281,34,143,152,155,160,160,58,0,0,862
MECKLENBURG,066,8,18,61,71,72,80,65,0,0,375,15,72,120,135,119,89,75,0,0,625,101,302,307,246,213,161,128,0,0,1458,44,194,179,205,161,118,51,0,0,952
MECKLENBURG,067,7,17,33,63,76,96,79,0,0,371,13,30,81,111,128,149,88,0,0,600,108,133,233,243,249,227,138,0,0,1331,47,98,153,194,204,148,52,0,0,896
MECKLENBURG,068,6,15,23,38,33,55,48,0,0,218,10,22,60,59,48,87,52,0,0,338,88,147,227,167,130,144,94,0,0,997,45,99,129,103,126,101,37,0,0,640
MECKLENBURG,069,37,51,89,108,172,208,207,0,0,872,45,95,246,292,336,282,228,0,0,1524,367,469,685,726,727,501,404,0,0,3879,127,304,493,595,497,395,131,0,0,2542
MECKLENBURG,070,14,12,64,73,110,132,124,0,0,529,20,46,177,180,209,209,155,0,0,996,187,153,391,410,359,325,206,0,0,2031,74,156,285,331,312,248,71,0,0,1477
MECKLENBURG,071,14,15,30,52,75,108,62,0,0,356,27,42,90,153,202,163,85,0,0,762,244,265,346,389,376,232,123,0,0,1975,61,116,257,335,230,129,57,0,0,1185
MECKLENBURG,072,14,19,34,58,62,83,88,0,0,358,19,49,108,124,110,121,98,0,0,629,113,180,260,247,189,172,144,0,0,1305,38,127,189,180,158,144,57,0,0,893
MECKLENBURG,073,12,33,32,46,64,80,75,0,0,342,10,64,74,116,131,103,104,0,0,602,125,260,243,282,226,183,144,0,0,1463,56,133,217,199,168,145,53,0,0,971
MECKLENBURG,074,18,61,62,72,103,119,118,0,0,553,40,118,175,203,195,177,161,0,0,1069,288,551,525,472,438,332,261,0,0,2867,102,229,281,360,276,237,91,0,0,1576
MECKLENBURG,075,13,30,68,71,124,144,266,0,0,716,19,102,220,187,252,212,348,0,0,1340,195,416,522,473,450,296,608,0,0,2960,67,288,335,346,318,284,385,0,0,2023
MECKLENBURG,076,17,48,71,89,143,206,110,0,0,684,21,112,173,182,222,276,161,0,0,1147,140,464,450,379,414,419,264,0,0,2530,88,290,274,322,376,270,116,0,0,1736
MECKLENBURG,077,19,49,63,54,77,86,94,0,0,442,15,83,80,66,99,100,92,0,0,535,212,543,335,299,292,222,167,0,0,2070,101,188,161,190,180,165,54,0,0,1039
MECKLENBURG,078.1,14,91,83,49,55,71,38,0,0,401,26,149,113,61,81,81,34,0,0,545,273,933,422,257,242,189,82,0,0,2398,141,249,144,176,153,92,27,0,0,982
MECKLENBURG,079,10,28,47,30,74,121,61,0,0,371,15,33,55,57,109,130,61,0,0,460,146,279,256,224,293,289,141,0,0,1628,65,106,123,164,239,146,44,0,0,887
MECKLENBURG,080,28,57,81,93,138,172,87,0,0,656,34,76,116,96,166,177,93,0,0,758,278,561,570,448,440,355,175,0,0,2827,109,245,264,282,340,202,39,0,0,1481
MECKLENBURG,081,23,83,98,105,173,183,105,0,0,770,23,99,125,114,194,197,105,0,0,857,259,651,528,473,606,438,191,0,0,3146,130,283,259,387,419,227,61,0,0,1766
MECKLENBURG,082,14,45,37,55,93,106,88,0,0,438,22,40,39,62,84,103,70,0,0,420,245,383,311,304,332,222,135,0,0,1932,83,168,164,196,203,140,52,0,0,1006
MECKLENBURG,083,20,52,47,58,118,126,86,0,0,507,24,52,55,72,139,120,82,0,0,544,234,401,341,383,428,322,204,0,0,2313,97,157,218,279,262,218,69,0,0,1300
MECKLENBURG,084,4,42,57,30,65,88,51,0,0,337,7,51,69,38,77,85,66,0,0,393,120,283,254,196,229,230,163,0,0,1475,64,123,95,165,176,131,66,0,0,820
MECKLENBURG,085,19,36,70,59,86,136,121,0,0,527,21,83,127,120,125,169,126,0,0,771,123,381,323,290,290,335,248,0,0,1990,71,203,184,208,251,225,90,0,0,1232
MECKLENBURG,086,20,14,35,71,102,131,127,0,0,500,26,31,118,173,203,206,144,0,0,901,209,156,287,357,379,297,216,0,0,1901,58,134,238,323,342,209,87,0,0,1391
MECKLENBURG,087,18,42,54,65,93,103,86,0,0,461,19,67,95,90,130,133,88,0,0,622,168,353,390,324,387,306,158,0,0,2086,76,198,183,218,295,186,47,0,0,1203
MECKLENBURG,088,12,61,58,43,91,83,99,0,0,447,20,106,94,90,116,117,114,0,0,657,136,467,356,291,335,262,212,0,0,2059,100,198,177,265,247,194,65,0,0,1246
MECKLENBURG,089,41,90,135,194,234,225,127,0,0,1046,41,154,213,254,273,262,115,0,0,1312,401,924,910,846,760,585,283,0,0,4709,199,416,521,596,522,266,114,0,0,2634
MECKLENBURG,090,10,14,25,43,64,86,66,0,0,308,10,25,50,88,97,116,82,0,0,468,106,155,204,250,236,221,158,0,0,1330,34,99,147,193,205,139,64,0,0,881
MECKLENBURG,091,50,40,82,140,172,186,174,0,0,844,42,53,213,323,309,240,188,0,0,1368,454,324,740,977,715,471,330,0,0,4011,120,266,587,708,476,331,138,0,0,2626
MECKLENBURG,092,12,21,64,62,132,163,270,0,0,724,27,63,134,172,248,230,313,0,0,1187,178,295,403,393,473,364,513,0,0,2619,64,212,277,346,367,283,314,0,0,1863
MECKLENBURG,093,9,21,47,43,79,119,134,0,0,452,13,35,89,110,143,162,146,0,0,698,135,174,243,282,308,279,229,0,0,1650,40,100,180,221,260,211,94,0,0,1106
MECKLENBURG,094,11,32,33,39,62,87,86,0,0,350,13,36,52,47,74,91,79,0,0,392,104,221,206,182,255,243,222,0,0,1433,50,100,111,143,190,161,88,0,0,843
MECKLENBURG,095,12,21,26,32,69,92,45,0,0,297,12,30,36,35,81,80,44,0,0,318,128,229,193,202,233,165,105,0,0,1255,62,101,91,141,168,94,38,0,0,695
MECKLENBURG,096,12,28,53,61,77,102,108,0,0,441,20,58,125,108,123,152,132,0,0,718,95,315,361,249,281,300,236,0,0,1837,55,166,186,189,240,225,90,0,0,1151
MECKLENBURG,097,9,16,23,25,31,25,31,0,0,160,12,51,48,36,36,33,31,0,0,247,103,217,165,129,122,94,58,0,0,888,55,110,92,72,74,75,18,0,0,496
MECKLENBURG,098,14,65,45,43,49,80,80,0,0,376,11,104,59,56,61,82,62,0,0,435,205,599,315,215,240,222,129,0,0,1925,98,136,131,138,166,134,41,0,0,844
MECKLENBURG,099,4,34,25,23,24,23,12,0,0,145,4,40,30,36,24,27,9,0,0,170,126,299,211,183,132,70,35,0,0,1056,60,96,84,97,51,38,12,0,0,438
MECKLENBURG,100,20,33,63,78,112,156,109,0,0,571,24,80,151,160,217,191,117,0,0,940,218,322,460,461,468,323,247,0,0,2499,81,205,321,349,329,248,86,0,0,1619
MECKLENBURG,101,9,27,49,58,59,115,104,0,0,421,22,64,118,121,122,187,132,0,0,766,117,267,333,324,270,293,278,0,0,1882,61,195,235,195,235,226,120,0,0,1267
MECKLENBURG,102,34,77,106,108,163,149,73,0,0,710,37,120,137,139,195,153,62,0,0,843,344,677,653,541,581,356,169,0,0,3321,143,333,301,407,328,186,41,0,0,1739
MECKLENBURG,103,17,27,90,104,117,188,140,0,0,683,21,78,158,211,214,258,175,0,0,1115,205,381,564,545,478,481,296,0,0,2950,80,291,372,357,422,340,118,0,0,1980
MECKLENBURG,104,22,34,58,42,84,174,156,0,0,570,20,39,61,58,108,181,128,0,0,595,146,282,272,216,307,378,248,0,0,1849,60,163,139,194,299,271,96,0,0,1222
MECKLENBURG,105,97,96,59,66,96,114,45,0,0,573,75,84,62,87,90,112,32,0,0,542,1079,644,353,344,274,224,94,0,0,3012,200,205,198,220,200,121,24,0,0,1168
MECKLENBURG,106,7,17,56,53,70,118,94,0,0,415,7,52,145,106,141,145,119,0,0,715,75,240,329,223,226,220,174,0,0,1487,48,195,182,180,220,162,74,0,0,1061
MECKLENBURG,107.1,29,70,91,151,203,181,86,0,0,811,31,86,133,170,207,181,90,0,0,898,258,516,502,514,508,327,140,0,0,2765,123,269,315,356,339,158,53,0,0,1613
MECKLENBURG,108,13,22,27,31,48,87,52,0,0,280,5,26,28,34,56,93,56,0,0,298,152,246,217,191,225,220,128,0,0,1379,52,92,89,136,170,132,40,0,0,711
MECKLENBURG,109,18,142,120,74,90,78,39,0,0,561,31,232,242,160,141,82,41,0,0,929,172,833,575,355,239,118,52,0,0,2344,152,356,280,235,130,66,11,0,0,1230
MECKLENBURG,110,8,12,26,54,52,62,64,0,0,278,19,25,91,112,112,101,91,0,0,551,103,146,230,240,202,183,119,0,0,1223,35,113,182,178,178,110,48,0,0,844
MECKLENBURG,111,10,38,47,75,120,160,133,0,0,583,18,94,143,164,213,230,150,0,0,1012,174,380,412,392,419,367,277,0,0,2421,86,221,276,329,325,270,105,0,0,1612
MECKLENBURG,112,21,13,36,63,92,99,80,0,0,404,13,27,83,130,152,143,78,0,0,626,175,178,310,439,366,300,149,0,0,1917,58,129,255,286,291,191,59,0,0,1269
MECKLENBURG,113,20,20,54,110,132,142,144,0,0,622,28,49,156,214,213,207,156,0,0,1023,299,255,578,634,545,374,275,0,0,2960,94,196,415,502,372,266,91,0,0,1936
MECKLENBURG,114,15,45,65,76,127,186,120,0,0,634,25,90,137,179,260,291,136,0,0,1118,198,367,393,432,434,417,217,0,0,2458,92,239,273,379,377,270,77,0,0,1707
MECKLENBURG,115,8,31,28,34,57,79,39,0,0,276,11,31,37,33,82,76,31,0,0,301,109,220,183,147,211,174,74,0,0,1118,67,101,96,133,161,99,30,0,0,687
MECKLENBURG,116,7,20,15,14,62,79,49,0,0,246,4,26,15,22,63,74,47,0,0,251,95,180,150,151,216,162,107,0,0,1061,54,74,82,121,182,102,27,0,0,642
MECKLENBURG,117,17,43,60,60,58,64,47,0,0,349,14,58,78,73,78,78,47,0,0,426,111,382,276,252,218,174,102,0,0,1515,72,167,162,143,158,100,27,0,0,829
MECKLENBURG,118,28,32,65,107,109,108,75,0,0,524,26,60,124,219,166,131,76,0,0,802,263,350,439,579,403,241,159,0,0,2434,89,169,354,381,251,167,48,0,0,1459
MECKLENBURG,119,7,9,34,34,66,61,117,0,0,328,13,27,87,100,120,86,126,0,0,559,109,142,220,241,223,135,342,0,0,1412,45,106,167,180,145,139,196,0,0,978
MECKLENBURG,120,8,17,33,26,28,19,8,0,0,139,4,48,58,32,40,30,15,0,0,227,125,329,245,167,156,95,39,0,0,1156,62,145,93,95,86,37,16,0,0,534
MECKLENBURG,121,26,31,64,104,165,225,202,0,0,817,20,64,121,195,294,345,222,0,0,1261,291,336,503,628,683,671,362,0,0,3474,129,221,395,501,606,457,116,1,0,2426
MECKLENBURG,122,28,71,114,128,177,162,132,0,0,812,30,110,183,205,261,210,133,0,0,1132,290,768,724,669,751,502,280,0,0,3984,170,409,433,534,456,307,101,0,0,2410
MECKLENBURG,123,27,60,63,88,100,141,95,0,0,574,18,57,78,88,112,151,77,0,0,581,186,303,306,332,294,274,147,0,0,1842,81,159,195,220,254,146,58,0,0,1113
MECKLENBURG,124,21,36,53,59,93,120,53,0,0,435,19,35,56,71,112,119,45,0,0,457,155,359,302,285,318,235,88,0,0,1742,73,153,161,229,240,104,33,0,0,993
MECKLENBURG,125,10,34,37,37,57,58,20,0,0,253,7,39,39,45,70,65,26,0,0,291,106,153,158,155,174,135,55,0,0,936,47,87,78,114,131,66,18,0,0,541
MECKLENBURG,126,42,138,102,121,169,156,92,0,0,820,37,141,116,122,152,150,80,0,0,798,411,861,469,473,410,300,139,0,0,3063,169,224,272,344,263,159,56,0,0,1487
MECKLENBURG,127,55,36,131,201,308,281,205,0,0,1217,59,63,234,351,406,319,191,0,0,1623,571,399,915,1229,1083,581,374,0,0,5152,142,255,657,835,619,356,123,0,0,2987
MECKLENBURG,128,20,71,127,103,115,166,130,0,0,732,16,100,135,120,162,199,111,0,0,843,188,407,392,338,390,400,240,0,0,2355,100,206,225,257,338,256,84,0,0,1466
MECKLENBURG,129,4,22,9,14,22,47,26,0,0,144,12,30,12,20,23,41,24,0,0,162,76,183,121,99,108,105,104,0,0,796,42,64,56,60,78,71,44,0,0,415
MECKLENBURG,130,12,30,48,38,48,61,28,0,0,265,11,47,83,61,61,76,36,0,0,375,108,235,241,194,191,167,90,0,0,1226,43,130,133,107,128,83,31,0,0,655
MECKLENBURG,131,9,19,35,47,74,116,125,0,0,425,15,33,83,98,127,175,145,0,0,676,98,142,259,256,268,290,265,0,0,1578,39,91,204,199,243,220,126,0,0,1122
MECKLENBURG,132,34,77,62,83,90,119,66,0,0,531,19,88,69,83,92,112,57,0,0,520,277,599,335,283,243,221,107,0,0,2065,106,181,152,172,206,118,39,0,0,974
MECKLENBURG,133,35,63,99,175,192,198,128,0,0,890,57,125,272,393,329,272,176,0,0,1624,418,623,841,1033,759,493,393,0,0,4560,138,314,543,594,428,284,128,0,0,2429
MECKLENBURG,134,55,112,177,174,229,234,170,0,0,1151,85,185,337,314,345,315,225,0,0,1806,472,1061,1130,969,916,673,401,0,0,5622,180,470,575,628,567,368,116,0,0,2904
MECKLENBURG,135,72,160,181,263,254,217,120,0,0,1267,51,172,256,298,263,214,99,0,0,1353,623,1284,1116,1027,778,490,244,0,0,5562,277,545,639,621,409,242,79,0,0,2812
MECKLENBURG,136,19,12,51,53,60,135,334,0,0,664,23,52,120,110,121,234,447,0,0,1107,130,241,346,291,293,425,961,0,0,2687,62,150,182,208,309,416,432,0,0,1759
MECKLENBURG,137,41,30,76,127,204,195,133,0,0,806,49,63,188,339,358,282,169,0,0,1448,612,485,848,1344,1059,624,383,0,0,5355,173,239,638,841,645,352,107,0,0,2995
MECKLENBURG,138,24,69,76,78,85,87,29,0,0,448,17,99,90,99,102,95,26,0,0,528,246,634,418,360,377,219,75,0,0,2329,127,236,202,239,200,106,24,0,0,1134
MECKLENBURG,139.1,27,46,61,104,132,134,73,0,0,577,30,55,126,202,179,154,76,0,0,822,326,337,453,679,544,343,190,0,0,2872,85,150,318,469,328,193,66,0,0,1609
MECKLENBURG,140,23,41,57,104,188,201,122,0,0,736,31,66,116,233,324,272,143,0,0,1185,511,560,646,999,942,552,291,0,0,4501,161,231,414,710,567,306,96,0,0,2485
MECKLENBURG,141,152,31,10,8,13,7,2,0,0,223,93,25,15,7,7,6,1,0,0,154,2318,251,87,46,54,24,3,0,0,2783,175,69,22,29,19,7,1,0,0,322
MECKLENBURG,142,30,73,139,183,233,255,206,0,0,1119,50,137,339,354,428,362,249,0,0,1919,438,830,1196,1026,1017,686,497,0,0,5690,159,444,645,682,562,451,158,0,0,3101
MECKLENBURG,143,52,53,152,192,273,195,133,0,0,1050,65,118,309,385,439,286,161,0,0,1763,521,638,1040,1142,879,544,307,0,0,5071,138,356,694,762,484,291,91,0,0,2816
MECKLENBURG,144,25,45,52,103,156,174,146,0,0,701,23,70,113,201,261,218,162,0,0,1048,279,399,443,635,642,421,296,0,0,3115,106,156,346,507,412,268,102,0,0,1897
MECKLENBURG,145,92,186,265,385,468,401,398,0,0,2195,81,227,413,532,559,451,362,0,0,2625,912,1466,1437,1713,1369,954,766,0,0,8617,337,678,984,1157,818,664,252,0,0,4890
MECKLENBURG,146,29,87,97,139,169,143,95,0,0,759,34,87,100,157,189,130,80,0,0,777,320,671,491,484,460,312,146,0,0,2884,159,255,293,381,271,168,42,0,0,1569
MECKLENBURG,147,23,59,57,69,98,120,103,0,0,529,20,90,64,77,123,134,90,0,0,598,255,635,378,323,377,308,171,0,0,2447,124,214,180,229,270,198,50,0,0,1265
MECKLENBURG,148,72,104,119,290,354,270,194,0,0,1403,79,133,250,559,542,354,229,0,0,2146,999,879,1391,2454,1557,849,574,0,0,8703,314,425,1051,1474,801,455,232,0,0,4752
MECKLENBURG,149,55,119,195,220,269,255,118,0,0,1231,43,122,209,226,263,256,98,0,0,1217,455,853,827,801,811,498,192,0,0,4437,217,435,549,589,483,236,63,0,0,2572
MECKLENBURG,150,22,62,94,108,158,160,73,0,0,677,20,80,142,151,168,153,75,0,0,789,257,620,547,509,516,363,162,0,0,2974,115,265,277,379,335,176,48,0,0,1595
MECKLENBURG,151,63,133,212,263,253,201,120,0,0,1245,51,176,273,283,276,197,95,0,0,1351,436,911,920,913,696,395,201,0,0,4472,189,474,602,572,336,216,49,0,0,2438
MECKLENBURG,200,16,71,64,79,104,165,100,0,0,599,8,60,82,85,133,154,77,0,0,599,177,531,476,410,516,400,205,0,0,2715,84,189,205,278,291,201,47,0,0,1295
MECKLENBURG,201,43,123,166,223,340,521,301,0,0,1717,54,152,234,295,413,543,269,0,0,1960,660,1166,1115,1113,1403,1198,608,0,0,7263,249,502,649,810,857,519,133,0,0,3719
MECKLENBURG,202,53,105,193,240,305,473,480,0,0,1849,72,189,366,484,475,662,634,0,0,2882,679,1020,1300,1545,1264,1164,1004,0,0,7976,205,467,791,866,783,815,309,0,0,4236
MECKLENBURG,203,66,185,229,283,376,246,109,0,0,1494,68,229,304,344,381,232,96,0,0,1654,686,1376,1347,1277,1056,590,245,0,0,6577,276,567,748,776,541,261,63,0,0,3232
MECKLENBURG,204.1,61,115,128,243,324,212,125,0,0,1208,55,108,174,287,292,194,110,0,0,1220,449,709,744,847,712,396,190,0,0,4047,185,357,539,624,356,214,54,0,0,2329
MECKLENBURG,205,46,82,99,168,170,206,138,0,0,909,29,116,154,190,219,215,110,0,0,1033,384,643,658,679,609,425,240,0,0,3638,162,281,411,451,402,271,86,0,0,2064
MECKLENBURG,206,146,68,135,202,300,321,471,0,0,1643,151,102,228,308,442,398,468,0,0,2097,1351,492,710,924,982,706,847,0,0,6012,409,275,472,720,617,509,408,0,0,3410
MECKLENBURG,207,40,62,137,159,193,205,156,0,0,952,50,129,351,432,403,305,215,0,0,1885,465,590,1089,1145,910,532,354,0,0,5085,107,345,626,697,484,302,115,0,0,2676
MECKLENBURG,208,29,20,44,116,199,264,215,0,0,887,42,34,158,292,467,412,284,0,0,1689,448,330,540,883,948,660,446,0,0,4255,83,164,397,731,567,426,146,0,0,2514
MECKLENBURG,209,51,56,91,153,238,204,115,0,0,908,78,115,196,267,334,257,128,0,0,1375,373,621,757,839,815,548,306,1,0,4260,107,304,447,607,481,318,109,0,0,2373
MECKLENBURG,210,45,103,146,203,308,296,247,0,0,1348,54,118,138,246,326,276,218,0,0,1376,432,754,684,843,840,579,417,0,0,4549,180,374,476,664,566,358,191,0,0,2809
MECKLENBURG,211,68,254,256,304,353,291,145,0,0,1671,71,315,329,332,393,306,139,0,0,1885,759,2131,1458,1334,1152,686,296,0,0,7816,454,769,807,859,648,348,84,0,0,3969
MECKLENBURG,212,137,355,303,414,413,365,208,0,0,2195,138,336,332,439,444,319,187,0,0,2195,1415,2328,1589,1615,1215,763,328,0,0,9253,548,832,940,995,657,413,88,0,0,4473
MECKLENBURG,213,47,82,120,153,215,172,94,0,0,883,41,108,176,188,219,183,72,0,0,987,359,741,695,673,625,380,185,0,0,3658,161,359,448,448,353,194,68,0,0,2031
MECKLENBURG,214,30,61,89,147,228,234,144,0,0,933,30,64,126,186,236,260,109,0,0,1011,251,398,451,557,503,401,191,0,0,2752,111,200,324,426,367,220,61,0,0,1709
MECKLENBURG,215,24,50,74,94,149,187,123,0,0,701,30,111,171,239,266,271,138,0,0,1226,277,518,552,554,529,480,228,0,0,3138,127,249,363,372,432,261,68,0,0,1872
MECKLENBURG,216,44,68,91,127,180,235,223,0,0,968,59,125,158,195,283,313,275,0,0,1408,385,723,602,640,748,656,495,0,0,4249,193,289,341,507,539,429,197,0,0,2495
MECKLENBURG,217,13,43,47,57,77,97,81,0,0,415,29,70,121,122,133,162,80,0,0,717,203,418,387,352,328,275,150,0,0,2113,103,198,212,252,248,191,55,0,0,1259
MECKLENBURG,218,15,31,61,87,104,152,149,0,0,599,26,95,139,158,178,205,175,0,0,976,206,380,387,407,407,366,336,0,0,2489,103,178,234,286,348,258,135,0,0,1542
MECKLENBURG,219,17,39,43,83,124,167,114,0,0,587,31,79,112,131,197,199,125,0,0,874,199,354,365,379,484,399,259,0,0,2439,91,166,209,319,348,236,109,0,0,1478
MECKLENBURG,220,17,27,49,82,140,223,256,0,0,794,16,56,96,144,202,301,260,0,0,1075,180,269,343,407,522,543,503,0,0,2767,76,164,243,368,435,425,208,0,0,1919
MECKLENBURG,221,28,53,71,81,241,267,243,0,0,984,44,102,141,217,374,364,262,0,0,1504,374,462,545,739,893,712,533,0,0,4258,133,242,356,655,615,459,222,0,0,2682
MECKLENBURG,222,47,132,219,234,268,214,111,0,0,1225,46,154,258,278,276,210,79,0,0,1301,501,1184,1174,1034,866,571,231,0,0,5561,240,576,669,671,527,275,77,0,0,3035
MECKLENBURG,223.1,72,116,191,277,334,230,149,0,0,1369,67,119,283,366,387,242,129,0,0,1593,591,1058,1345,1276,1128,566,260,0,0,6224,242,585,815,936,590,278,77,0,0,3523
MECKLENBURG,224,29,49,66,94,127,92,56,0,0,513,22,58,81,106,106,86,39,0,0,498,235,484,487,441,468,288,181,0,0,2584,78,217,275,286,276,148,69,0,0,1349
MECKLENBURG,225,16,51,106,96,118,79,75,0,0,541,24,122,212,176,195,166,110,0,0,1005,153,485,536,425,392,272,174,0,0,2437,66,246,269,277,251,169,63,0,0,1341
MECKLENBURG,226,13,55,52,62,124,179,145,0,0,630,21,89,141,124,211,246,157,0,0,989,225,529,504,445,529,470,245,0,0,2947,114,249,256,388,433,306,81,0,0,1827
MECKLENBURG,227,55,63,114,169,231,252,193,0,0,1077,55,105,230,338,357,308,192,0,0,1585,597,682,1068,1337,1048,679,543,0,0,5954,244,362,655,896,653,437,215,0,0,3462
MECKLENBURG,228,24,76,86,77,93,142,80,0,0,578,29,108,114,129,135,167,79,0,0,761,276,751,578,494,458,387,193,0,0,3137,134,302,284,306,305,203,66,0,0,1600
MECKLENBURG,229,90,162,417,440,498,568,365,0,0,2540,72,256,604,550,614,554,304,0,0,2954,890,1938,2628,2287,2147,1505,798,0,0,12193,293,969,1337,1311,1071,735,192,0,0,5908
MECKLENBURG,230,70,173,262,352,304,296,129,0,0,1586,67,238,397,447,354,309,119,0,0,1931,689,1491,1723,1584,1241,730,338,0,0,7796,310,844,1026,962,676,324,99,0,0,4241
MECKLENBURG,231,30,68,96,115,145,141,100,0,0,695,26,81,160,136,137,129,100,0,0,769,295,636,699,621,629,435,353,0,0,3668,148,381,388,452,387,221,148,0,0,2125
MECKLENBURG,232,19,35,81,104,162,258,252,0,0,911,30,56,162,193,233,325,260,0,0,1259,317,454,636,689,700,641,526,0,0,3963,134,248,368,581,485,473,200,0,0,2489
MECKLENBURG,233,29,40,66,115,156,265,460,0,0,1131,42,96,206,274,288,397,558,0,0,1861,316,326,498,667,596,632,1007,0,0,4042,104,215,424,512,510,591,510,0,0,2866
MECKLENBURG,234,30,41,67,80,106,132,104,0,0,560,29,57,91,135,152,157,82,0,0,703,269,422,427,440,530,398,234,0,0,2720,103,176,239,312,351,209,72,0,0,1462
MECKLENBURG,235,26,38,71,68,92,122,127,0,0,544,29,50,109,102,135,129,138,0,0,692,252,418,379,399,409,335,305,0,0,2497,93,208,215,276,298,256,117,0,0,1463
MECKLENBURG,236,50,44,83,172,243,307,217,0,0,1116,44,65,191,293,353,343,167,0,0,1456,440,588,817,945,1038,781,452,0,0,5061,134,320,551,697,675,473,131,0,0,2981
MECKLENBURG,237,54,85,115,127,145,174,111,0,0,811,35,97,116,148,163,152,97,0,0,808,563,686,633,535,483,371,208,0,0,3479,180,265,291,338,312,226,61,0,0,1673
MECKLENBURG,238.1,30,65,131,134,163,173,76,0,0,772,32,110,132,164,186,184,75,0,0,883,239,427,469,459,451,339,135,0,0,2519,95,231,305,340,332,152,48,0,0,1503
MECKLENBURG,239,54,106,128,131,209,178,103,0,0,909,55,154,178,179,221,190,100,0,0,1077,395,755,602,578,565,371,207,0,0,3473,184,287,340,424,329,213,47,0,0,1824
MECKLENBURG,240,23,64,83,139,197,246,199,0,0,951,35,100,167,283,371,384,276,0,0,1616,360,640,668,915,998,756,519,0,0,4856,135,264,430,632,620,498,143,0,0,2722
MECKLENBURG,241,65,129,284,351,440,475,305,0,0,2049,79,227,499,626,641,542,344,0,0,2958,660,1362,1776,1734,1529,1043,612,0,0,8716,275,663,1033,1076,812,538,150,0,0,4547
MECKLENBURG,242,10,14,14,43,156,219,165,0,0,621,27,28,76,207,359,368,217,0,0,1282,324,152,243,543,692,541,318,0,0,2813,65,76,206,485,495,326,108,0,0,1761
MECKLENBURG,243,61,156,286,327,397,341,177,0,0,1745,54,206,394,423,452,329,156,0,0,2014,672,1467,1715,1699,1517,867,407,0,0,8344,268,741,966,1208,774,449,121,0,0,4527
MITCHELL,01-A,31,71,97,117,137,178,157,0,0,788,0,8,12,14,10,21,15,0,0,80,106,139,175,223,229,239,198,0,0,1309,38,88,113,160,174,192,82,0,0,847
MITCHELL,02,3,6,13,5,28,24,22,0,0,101,0,0,0,0,0,0,0,0,0,0,4,24,25,17,63,48,36,0,0,217,9,17,11,27,36,42,19,0,0,161
MITCHELL,03,16,24,29,39,53,59,33,0,0,253,0,0,0,0,0,0,0,0,0,0,29,50,47,66,89,94,54,0,0,429,16,25,28,47,70,68,18,0,0,272
MITCHELL,04,122,193,280,327,514,571,444,0,0,2451,5,14,19,26,41,67,33,0,0,205,306,499,575,673,912,932,659,0,0,4556,134,270,335,488,692,617,278,0,0,2814
MITCHELL,05,23,20,52,59,73,96,79,0,0,402,0,0,0,0,0,0,0,0,0,0,46,53,70,94,125,151,88,0,0,627,15,34,47,57,105,93,28,0,0,379
MITCHELL,06,7,18,25,35,49,77,63,0,0,274,0,0,0,0,0,0,0,0,0,0,13,37,40,62,95,106,70,0,0,423,9,22,29,47,77,80,22,0,0,286
MITCHELL,07,1,4,8,14,8,13,13,0,0,61,0,0,0,0,0,0,0,0,0,0,9,7,20,21,17,33,21,0,0,128,4,3,13,11,14,26,9,0,0,80
MITCHELL,09,24,38,48,75,134,150,105,0,0,574,0,0,0,0,0,0,0,0,0,0,59,106,112,146,240,216,134,0,0,1013,30,63,91,131,188,139,52,0,0,694
MONTGOMERY,BIS,10,20,17,22,50,86,72,0,0,277,2,5,13,11,19,40,27,0,0,117,108,124,123,168,185,192,134,0,0,1034,50,77,82,137,149,137,51,0,0,683
MONTGOMERY,CAN,5,11,10,20,46,68,56,0,0,216,2,9,7,6,16,15,9,0,0,64,133,126,133,145,159,188,112,0,0,996,53,70,76,102,150,130,41,0,0,622
MONTGOMERY,CHE,2,4,8,5,18,50,19,0,0,106,0,0,0,0,0,0,0,0,0,0,36,53,85,84,100,122,54,0,0,534,10,38,53,65,111,62,17,0,0,356
MONTGOMERY,ELD,0,4,5,15,73,157,87,0,0,341,0,0,0,2,1,2,0,0,0,5,66,71,85,207,404,411,227,0,0,1471,16,30,56,184,323,240,78,0,0,927
MONTGOMERY,LIT,5,6,8,20,22,24,16,0,0,101,0,0,0,0,0,0,0,0,0,0,50,52,68,81,100,75,47,0,0,473,20,33,55,59,72,53,14,0,0,306
MONTGOMERY,MTG,5,3,10,23,56,102,74,0,0,273,1,3,7,16,34,30,29,0,0,120,63,115,139,201,229,245,165,0,0,1157,38,77,121,157,212,176,85,0,0,866
MONTGOMERY,OPH,0,2,1,7,9,20,12,0,0,51,0,0,0,0,0,0,0,0,0,0,13,25,40,39,47,50,32,0,0,246,5,19,23,26,40,30,15,0,0,158
MONTGOMERY,PEE,4,3,1,23,49,97,60,0,0,237,0,0,0,0,4,1,0,0,0,5,63,90,92,166,359,365,171,0,0,1306,25,34,65,163,260,163,50,0,0,760
MONTGOMERY,ROC,2,3,5,6,15,32,30,0,0,93,0,1,0,0,0,1,0,0,0,2,52,67,62,60,116,92,73,0,0,522,18,28,35,64,75,70,30,0,0,320
MONTGOMERY,STA,6,9,18,38,37,60,71,0,0,239,0,0,0,0,0,0,0,0,0,0,113,164,158,209,214,226,168,0,0,1252,32,59,108,120,158,139,66,0,0,682
MONTGOMERY,T1,6,10,18,41,56,87,74,0,0,292,0,0,0,0,0,0,0,0,0,0,125,197,163,217,321,264,192,0,0,1479,59,100,119,197,240,187,70,1,0,973
MONTGOMERY,T2,5,17,17,26,57,68,71,0,0,261,0,0,0,0,0,0,0,0,0,0,87,145,122,157,203,207,163,0,0,1084,34,62,87,141,158,140,78,0,0,700
MONTGOMERY,UWH,4,4,5,21,55,79,67,0,0,235,0,0,0,0,0,0,0,0,0,0,78,95,88,208,299,265,171,0,0,1204,20,41,79,172,207,150,62,0,0,731
MONTGOMERY,WAD,0,0,4,7,14,29,12,0,0,66,0,0,0,0,0,0,0,0,0,0,24,23,46,48,54,79,38,0,0,312,5,24,32,44,75,45,18,0,0,243
MOORE,BEN,12,22,27,53,71,138,95,0,0,418,0,0,0,0,0,0,0,0,0,0,134,206,221,261,323,336,197,0,0,1678,51,106,122,181,263,184,70,0,0,977
MOORE,CAM,13,24,65,70,144,136,82,0,0,534,0,1,6,4,7,10,8,0,0,36,196,345,363,398,511,334,191,0,0,2338,77,150,160,295,318,156,73,0,0,1229
MOORE,CAR,41,53,150,183,236,383,277,0,0,1323,8,21,45,49,57,74,51,0,0,305,390,570,876,726,820,769,540,0,0,4691,103,298,397,478,633,477,194,0,0,2580
MOORE,DHR,26,14,34,47,92,110,101,0,0,424,0,1,0,0,1,0,0,0,0,2,129,162,177,221,278,272,173,0,0,1412,41,79,120,180,213,159,64,0,0,856
MOORE,EAB,17,39,77,79,128,174,135,0,0,649,7,27,40,55,87,111,68,0,0,395,156,401,468,345,386,375,236,0,0,2367,65,155,187,232,250,231,86,0,0,1206
MOORE,EKWD,10,9,34,46,50,92,144,0,0,385,1,2,14,7,9,24,74,0,0,131,66,100,168,138,168,178,388,0,0,1206,20,53,65,84,135,177,246,0,0,780
MOORE,EUR-WP,25,40,113,157,239,314,264,0,0,1152,17,28,100,107,138,198,196,0,0,784,289,359,799,682,626,607,467,0,0,3829,59,164,323,383,450,390,187,0,0,1956
MOORE,EWD,14,28,41,70,86,130,88,0,0,457,0,1,0,0,0,5,3,0,0,9,143,150,249,239,270,260,163,0,0,1474,47,94,130,183,206,165,58,0,0,883
MOORE,LTR,18,17,55,70,116,167,145,0,0,588,0,1,0,0,1,0,0,0,0,2,194,296,501,431,422,429,277,0,0,2550,44,105,179,264,286,247,101,0,0,1226
MOORE,NSP,11,24,69,53,95,144,220,0,0,616,6,15,51,38,49,68,122,0,0,349,98,294,343,237,283,345,456,0,0,2056,31,143,120,174,219,287,252,0,0,1226
MOORE,PBF,12,14,41,45,99,140,117,0,0,468,6,14,25,49,54,60,40,0,0,248,134,200,299,276,353,291,202,0,0,1755,44,125,150,198,264,194,63,0,0,1038
MOORE,PDN,22,25,75,132,199,218,227,0,0,898,19,19,49,68,93,113,121,0,0,482,182,295,489,432,527,418,411,0,0,2754,64,123,226,319,345,324,196,0,0,1597
MOORE,PHA1,16,34,59,111,139,236,274,0,0,869,5,16,39,66,105,188,218,0,0,637,188,270,415,371,460,502,465,0,0,2671,51,155,213,279,340,357,197,0,0,1592
MOORE,PHA2,10,8,16,50,87,272,367,0,0,810,4,4,7,28,76,276,377,0,0,772,68,68,120,181,305,550,640,0,0,1932,18,27,84,114,283,513,234,0,0,1273
MOORE,PHB1A,13,18,50,82,135,318,396,0,0,1012,3,11,24,52,98,249,348,0,0,785,88,152,249,305,416,630,752,0,0,2592,35,65,149,206,330,514,354,0,0,1653
MOORE,PHB2,6,8,19,48,101,240,293,0,0,715,1,2,15,29,65,174,224,0,0,510,88,74,177,199,351,565,563,0,0,2017,13,51,117,143,320,377,277,0,0,1298
MOORE,PHC,13,26,55,79,194,396,495,0,0,1258,7,12,36,47,119,281,363,0,0,865,173,262,379,385,616,839,867,0,0,3521,52,133,160,296,510,654,369,0,0,2174
MOORE,RBN,15,28,31,30,65,78,72,0,0,319,1,6,3,5,13,12,16,0,0,56,127,113,122,117,189,160,134,0,0,962,35,49,61,96,128,101,59,0,0,529
MOORE,SLS,35,21,50,131,241,509,441,0,0,1428,0,0,0,0,0,3,0,0,0,3,247,210,396,579,803,1091,833,0,0,4159,41,108,273,370,583,701,332,0,0,2408
MOORE,SSP,19,29,52,87,149,319,372,0,0,1027,8,11,27,36,114,195,191,0,0,582,206,324,377,362,555,685,649,0,0,3158,73,132,183,281,386,522,227,0,0,1804
MOORE,TLT,0,6,7,13,33,40,23,0,0,122,5,13,11,19,53,46,34,0,0,181,24,43,48,43,83,84,44,0,0,369,19,22,25,50,90,52,21,0,0,279
MOORE,VSS,13,26,50,54,97,134,106,0,0,480,4,8,26,25,27,24,23,0,0,137,148,239,333,306,327,271,195,0,0,1819,46,109,147,192,208,163,70,0,0,935
MOORE,WAB,15,48,96,82,137,222,151,0,0,751,6,26,63,45,63,95,62,0,0,360,161,458,573,393,501,501,289,0,0,2876,81,195,231,294,375,279,120,0,0,1575
MOORE,WEM,16,30,50,58,92,118,100,0,0,464,0,0,0,0,1,0,0,0,0,1,132,217,244,259,338,308,202,0,0,1700,54,130,153,220,248,199,74,0,0,1078
MOORE,WKWD1,4,15,38,46,126,222,276,0,0,727,3,10,19,34,71,142,188,0,0,467,114,183,259,223,410,502,546,0,0,2237,36,95,100,179,295,383,249,0,0,1337
MOORE,WND,14,17,36,85,178,267,194,0,0,791,6,10,27,29,76,108,79,0,0,335,187,249,350,394,501,601,350,0,0,2632,52,108,189,274,392,343,107,0,0,1465
NASH,P01A,25,36,43,88,119,166,104,0,0,581,2,4,7,11,16,12,13,0,0,65,223,406,391,464,564,408,264,0,0,2720,111,154,251,340,371,237,92,0,0,1556
NASH,P02A,22,18,31,48,86,141,104,0,0,450,2,2,5,10,18,14,22,0,0,73,193,291,264,311,407,316,196,0,0,1978,81,126,152,253,245,200,75,0,0,1132
NASH,P03A,15,20,38,39,65,109,66,0,0,352,0,1,0,0,1,0,0,0,0,2,153,213,208,264,289,267,135,0,0,1529,54,91,136,191,212,151,48,0,0,883
NASH,P04A,10,21,19,40,68,111,82,0,0,351,0,0,0,0,0,0,0,0,0,0,160,218,174,240,281,256,186,0,0,1515,56,88,130,163,206,169,71,0,0,883
NASH,P05A,28,28,57,100,173,199,183,0,0,768,0,0,0,0,0,0,0,0,0,0,255,304,390,449,470,438,326,0,0,2632,69,173,250,344,343,328,101,0,0,1608
NASH,P06A,12,32,41,82,159,198,201,0,0,725,9,21,51,50,74,84,70,0,0,359,184,293,305,384,452,449,333,0,0,2400,91,156,220,320,378,321,138,0,0,1624
NASH,P07A,8,17,21,19,69,73,63,0,0,270,2,7,5,6,8,18,14,0,0,60,58,81,91,98,151,129,104,0,0,712,25,50,49,93,109,91,43,0,0,460
NASH,P08A,55,87,142,224,410,562,418,0,0,1898,7,13,44,65,110,149,139,0,0,527,442,665,844,901,1094,981,708,0,0,5635,197,434,527,752,889,679,277,0,0,3755
NASH,P09A,7,7,18,35,53,84,65,0,0,269,0,1,0,1,5,9,8,0,0,24,107,134,170,189,213,193,121,0,0,1127,44,70,102,135,150,124,44,0,0,669
NASH,P10A,10,22,27,42,89,141,106,0,0,437,0,0,0,0,0,0,0,0,0,0,128,219,205,246,325,282,178,0,0,1583,65,118,141,193,227,191,53,0,0,988
NASH,P11A,42,43,71,143,264,286,193,0,0,1042,6,12,22,28,64,53,55,0,0,240,261,255,355,469,571,508,306,0,0,2725,80,146,272,436,445,337,92,0,0,1808
NASH,P12A,6,20,18,27,81,72,41,0,0,265,0,1,0,0,0,0,0,0,0,1,61,129,93,137,184,156,77,0,0,837,46,60,66,123,135,93,33,0,0,556
NASH,P13A,5,5,6,19,34,45,49,0,0,163,0,6,5,3,18,23,20,0,0,75,40,60,68,91,125,108,78,0,0,570,20,40,58,86,83,79,30,0,0,396
NASH,P14A,9,19,39,65,124,132,105,0,0,493,0,1,2,8,13,24,8,0,0,56,109,133,212,259,282,246,139,0,0,1380,37,90,144,195,213,170,42,0,0,891
NASH,P15A,39,54,89,146,216,289,226,0,0,1059,1,0,0,1,3,0,2,0,0,7,286,448,505,631,687,589,407,0,0,3553,125,221,380,446,522,381,137,0,0,2212
NASH,P16A,19,25,46,53,114,154,118,0,0,529,1,0,0,0,0,1,1,0,0,3,140,218,237,252,354,306,182,0,0,1689,74,102,138,217,272,191,53,0,0,1047
NASH,P17A,28,44,70,110,230,276,221,0,0,979,1,0,1,0,0,1,0,0,0,3,228,374,361,494,575,576,334,0,0,2942,98,206,259,402,470,394,104,0,0,1933
NASH,P18A,22,28,58,72,164,195,190,0,0,729,0,1,0,0,0,0,1,0,0,2,150,273,275,324,395,360,337,0,0,2114,80,132,160,282,271,274,139,0,0,1338
NASH,P19A,27,44,93,152,308,547,436,0,0,1607,0,0,0,0,0,0,0,0,0,0,320,438,496,589,830,942,708,0,0,4323,137,209,362,538,761,661,306,0,0,2974
NASH,P20A,17,38,50,73,141,216,227,0,0,762,0,0,0,0,0,0,1,0,0,1,147,228,216,320,379,395,375,0,0,2060,55,123,159,245,320,317,171,0,0,1390
NASH,P21A,12,32,48,63,138,212,128,0,0,633,0,1,1,1,4,2,2,0,0,11,140,254,259,285,408,374,218,0,0,1938,76,142,156,249,327,232,76,0,0,1258
NASH,P22A,7,21,19,20,78,105,85,0,0,335,1,6,5,5,17,31,21,0,0,86,71,151,163,168,270,237,145,0,0,1205,38,86,74,143,226,131,56,0,0,754
NASH,P23A,9,25,33,53,118,159,111,0,0,508,1,14,6,22,51,61,45,0,0,200,133,266,308,322,428,403,206,0,0,2066,80,131,167,251,333,240,67,0,0,1269
NASH,P24A,16,19,42,91,166,195,152,0,0,681,0,2,10,14,29,30,26,0,0,111,202,246,307,452,533,462,317,0,0,2519,58,131,210,356,403,303,104,0,0,1565
NEW HANOVER,CF01,18,51,88,107,170,379,239,0,0,1052,0,1,2,1,2,5,0,0,0,11,269,588,666,632,889,943,524,0,0,4511,91,293,325,452,592,444,173,0,0,2370
NEW HANOVER,CF02,14,29,47,57,76,140,115,0,0,478,0,1,0,0,0,0,0,0,0,1,167,352,378,380,445,458,253,0,0,2433,61,165,189,246,337,296,80,0,0,1374
NEW HANOVER,CF05,12,45,42,48,74,113,88,0,0,422,0,1,0,2,1,1,0,0,0,5,236,478,419,460,469,371,228,0,0,2661,74,167,205,256,289,243,58,0,0,1292
NEW HANOVER,CF06,9,24,58,62,100,120,121,0,0,494,0,0,1,0,0,0,0,0,0,1,186,318,397,369,393,374,287,0,0,2324,62,158,226,241,266,267,115,0,0,1335
NEW HANOVER,FP03,8,6,11,42,77,196,117,0,0,457,7,5,13,40,104,198,115,0,0,482,75,68,104,219,403,443,253,0,0,1565,31,28,90,206,349,273,95,0,0,1072
NEW HANOVER,FP04,26,28,92,131,214,259,232,0,0,982,2,2,0,3,4,0,1,0,0,12,403,475,915,1044,930,887,540,0,0,5194,93,304,507,588,614,542,158,0,0,2806
NEW HANOVER,FP06,18,24,70,94,120,163,132,0,0,621,1,1,1,1,2,2,0,0,0,8,305,363,528,618,645,568,376,0,0,3403,81,183,327,378,423,318,144,0,0,1854
NEW HANOVER,FP07,21,28,48,117,169,251,218,0,0,852,0,1,0,1,2,2,3,0,0,9,352,380,631,924,877,821,663,0,0,4648,79,190,443,549,518,579,246,0,0,2604
NEW HANOVER,FP08,14,19,84,134,257,396,250,0,0,1154,25,45,116,215,375,453,232,0,0,1461,265,307,590,873,1125,994,501,0,0,4655,72,197,454,652,725,572,163,0,0,2835
NEW HANOVER,H01,12,16,41,31,49,72,82,0,0,303,0,0,0,0,0,0,0,0,0,0,100,216,220,167,212,205,153,0,0,1273,49,100,103,118,174,152,58,0,0,754
NEW HANOVER,H02,13,32,47,82,189,355,489,0,0,1207,25,63,97,184,353,552,623,0,0,1897,252,332,314,505,749,856,878,0,0,3886,77,107,229,406,551,730,373,0,0,2473
NEW HANOVER,H04,33,63,61,79,152,218,274,0,0,880,48,104,117,132,240,328,329,0,0,1298,428,499,414,410,571,556,570,0,0,3448,137,179,218,338,450,404,309,0,0,2035
NEW HANOVER,H05,6,45,40,55,94,243,332,0,0,815,17,111,104,116,193,364,393,0,0,1298,215,479,329,336,499,624,712,0,0,3194,79,188,199,282,464,483,378,0,0,2073
NEW HANOVER,H06,8,56,73,52,78,135,102,0,0,504,0,1,0,1,0,1,0,0,0,3,222,542,474,373,423,384,237,0,0,2655,102,203,213,256,314,250,62,0,0,1400
NEW HANOVER,H08,20,49,152,193,220,361,328,0,0,1323,0,6,0,3,2,2,2,0,0,15,392,563,1035,1060,932,921,605,0,0,5508,99,425,707,665,710,619,227,0,0,3452
NEW HANOVER,H10,24,61,94,88,121,135,121,0,0,644,1,7,1,5,1,3,0,0,0,18,329,655,586,560,500,371,297,0,0,3298,115,227,319,321,279,288,90,0,0,1639
NEW HANOVER,H11,27,77,109,121,186,256,162,0,0,938,0,7,0,0,1,0,0,0,0,8,474,1009,1018,907,875,736,407,0,0,5426,179,382,547,570,514,392,134,0,0,2718
NEW HANOVER,H12,18,23,71,78,111,191,191,0,0,683,5,14,8,3,4,2,4,0,0,40,305,378,571,597,592,504,420,0,0,3367,79,189,350,366,386,364,142,0,0,1876
NEW HANOVER,H13,19,24,49,91,156,300,533,0,0,1172,1,1,0,1,1,2,2,0,0,8,277,363,555,676,669,862,1197,0,0,4599,76,176,384,425,520,821,522,0,0,2924
NEW HANOVER,M02,40,45,178,230,244,356,278,0,0,1371,65,122,335,406,425,467,304,0,0,2124,496,583,1042,1098,970,819,535,0,0,5543,142,394,720,739,682,575,204,0,0,3456
NEW HANOVER,M03,22,47,86,128,257,475,424,0,0,1439,20,32,59,72,279,436,256,0,0,1154,359,666,690,782,1148,1356,876,0,0,5877,118,249,372,522,698,723,206,0,0,2888
NEW HANOVER,M04,34,67,159,188,227,371,276,0,0,1322,35,82,197,201,236,323,184,0,0,1258,443,744,859,944,869,931,650,0,0,5440,155,358,531,584,697,640,251,0,0,3216
NEW HANOVER,M06,9,27,69,56,100,154,132,0,0,547,0,2,1,3,1,0,0,0,0,7,127,275,375,401,442,459,335,0,0,2414,57,143,225,278,374,315,143,0,0,1535
NEW HANOVER,M07,10,12,28,60,102,179,250,0,0,641,0,2,0,0,3,2,2,0,0,9,122,179,266,326,446,456,510,0,0,2305,53,128,185,272,347,404,198,0,0,1587
NEW HANOVER,W03,5,50,53,57,72,89,73,0,0,399,14,83,80,86,110,124,82,0,0,579,119,314,239,233,253,246,117,0,0,1521,90,116,125,161,176,152,41,0,0,861
NEW HANOVER,W08,7,7,14,27,23,67,52,0,0,197,9,21,25,35,56,76,73,0,0,295,58,112,132,147,178,218,181,0,0,1026,25,55,77,101,133,147,85,0,0,623
NEW HANOVER,W12,13,31,48,72,101,139,100,0,0,504,16,52,100,118,163,163,105,0,0,717,157,239,215,241,261,227,138,0,0,1478,62,107,166,205,185,153,54,0,0,932
NEW HANOVER,W15,24,84,62,54,86,133,108,0,0,551,45,116,88,91,119,164,117,0,0,740,520,783,474,383,427,374,212,0,0,3173,214,235,235,227,270,207,83,0,0,1471
NEW HANOVER,W16,16,26,75,95,123,191,213,0,0,739,26,58,168,189,197,280,286,0,0,1204,211,310,421,428,401,480,446,0,0,2697,78,160,282,309,335,389,215,0,0,1768
NEW HANOVER,W17,9,20,53,84,82,134,142,0,0,524,22,49,85,154,134,205,190,0,0,839,145,211,264,321,285,304,332,0,0,1862,53,119,177,252,240,226,167,0,0,1234
NEW HANOVER,W21,12,86,85,68,100,193,242,0,0,786,27,152,130,114,164,301,304,0,0,1192,359,780,446,417,450,590,566,0,0,3608,149,239,211,281,357,453,223,0,0,1913
NEW HANOVER,W25,25,123,102,105,148,230,162,0,0,895,44,225,178,165,268,293,174,0,0,1347,260,767,519,436,591,478,276,0,0,3327,132,260,256,312,375,269,95,0,0,1699
NEW HANOVER,W26,11,40,80,76,86,82,61,0,0,436,16,79,123,108,140,121,67,0,0,654,98,328,338,323,311,285,136,0,0,1819,54,189,208,232,209,142,43,0,0,1077
NEW HANOVER,W27,11,63,121,107,147,202,133,0,0,784,28,128,209,179,193,265,147,0,0,1149,124,419,453,376,383,377,206,0,0,2338,97,250,279,244,318,224,74,0,0,1486
NEW HANOVER,W29,10,57,73,74,105,151,113,0,0,583,14,93,129,118,137,179,115,0,0,785,120,353,347,329,375,361,186,0,0,2071,74,183,200,219,283,205,76,1,0,1241
NEW HANOVER,W30,33,88,77,82,107,197,209,0,0,793,47,150,154,128,193,326,294,0,0,1292,355,770,539,498,595,661,523,0,0,3941,154,239,243,301,423,450,171,0,0,1981
NEW HANOVER,W31,17,55,99,103,126,197,282,0,0,879,42,118,185,214,247,321,343,0,0,1470,321,485,501,501,498,556,592,0,0,3454,94,232,332,353,419,435,316,0,0,2181
NEW HANOVER,W33,29,68,88,144,225,283,242,0,0,1079,54,135,192,285,411,470,343,0,0,1890,492,683,590,784,861,706,503,0,0,4619,153,271,434,600,611,491,201,0,0,2761
NEW HANOVER,W34,58,95,37,39,59,67,71,0,0,426,110,108,48,51,76,84,79,0,0,556,2304,581,246,238,279,255,197,0,0,4100,167,145,122,163,180,140,83,0,0,1000
NEW HANOVER,W35,41,71,61,88,93,175,119,0,0,648,64,128,112,165,160,225,150,0,0,1004,696,688,427,447,414,437,281,0,0,3390,162,272,237,283,337,247,110,0,0,1648
NEW HANOVER,WB,8,14,19,43,101,120,130,0,0,435,41,57,88,162,233,211,170,0,0,962,156,208,188,267,383,289,224,0,0,1715,58,86,172,238,274,218,83,0,0,1129
NORTHAMPTON,COMIPE,10,19,30,39,87,151,93,0,0,429,0,0,3,6,1,19,6,0,0,35,50,99,94,129,199,234,121,0,0,926,24,55,66,99,205,133,42,0,0,624
NORTHAMPTON,CREEKS,7,6,21,20,32,81,33,0,0,200,0,0,0,0,0,0,0,0,0,0,27,41,65,52,88,100,57,0,0,430,9,38,35,53,91,52,29,0,0,307
NORTHAMPTON,GALATI,3,11,22,15,41,67,38,0,0,197,0,0,0,0,0,0,0,0,0,0,14,57,56,46,80,105,57,0,0,415,9,37,18,46,101,46,23,0,0,280
NORTHAMPTON,GAPL,9,23,38,61,136,190,169,0,0,626,5,13,15,33,47,87,49,0,0,249,76,117,133,177,270,276,188,0,0,1237,29,72,91,159,245,186,87,0,0,869
NORTHAMPTON,GASTON,13,19,38,90,178,218,156,0,0,712,3,3,6,14,33,25,14,0,0,98,110,137,189,255,372,355,231,0,0,1649,28,97,110,230,282,233,86,0,0,1066
NORTHAMPTON,JARE,6,7,25,23,47,108,72,0,0,288,0,1,1,0,2,16,1,0,0,21,19,49,66,73,126,170,111,0,0,614,10,37,37,60,126,95,61,0,0,426
NORTHAMPTON,LAKE G,6,4,9,13,71,167,170,0,0,440,0,0,0,0,0,0,0,0,0,0,29,50,57,82,229,329,258,0,0,1034,13,19,41,77,188,267,117,0,0,722
NORTHAMPTON,LASKER,2,4,5,12,16,16,35,0,0,90,1,0,0,1,3,2,6,0,0,13,8,14,18,23,42,39,37,0,0,181,4,3,15,28,31,33,18,0,0,132
NORTHAMPTON,NEWTOW,9,5,9,18,28,41,57,0,0,167,0,0,0,0,0,0,0,0,0,0,20,34,41,52,74,89,66,0,0,376,6,25,29,39,71,69,27,0,0,266
NORTHAMPTON,RICH S,8,4,23,31,62,124,104,0,0,356,1,1,11,12,30,60,50,0,0,165,33,68,71,101,181,205,157,0,0,816,19,30,58,96,168,131,77,0,0,579
NORTHAMPTON,SEABOA,5,5,14,18,54,90,69,0,0,255,3,7,8,22,24,54,42,0,0,160,41,44,61,84,130,143,99,0,0,602,6,37,46,67,121,101,50,0,0,428
NORTHAMPTON,SEVERN,1,2,7,7,20,33,20,0,0,90,0,1,5,1,7,10,6,0,0,30,13,24,28,34,65,62,24,0,0,250,3,13,20,27,53,33,10,0,0,159
NORTHAMPTON,WOPO,3,8,12,11,33,77,46,0,0,190,1,0,2,3,4,11,5,0,0,26,24,41,59,42,103,127,93,0,0,489,5,23,20,51,101,89,27,0,0,316
ONSLOW,BC21,15,22,53,71,139,242,109,0,0,651,0,1,0,1,3,10,0,0,0,15,360,657,820,726,767,693,299,1,0,4323,52,165,217,332,417,253,78,0,0,1514
ONSLOW,BM08,11,46,62,80,184,367,281,0,0,1031,10,35,43,65,139,245,167,0,0,704,427,717,659,663,854,968,520,0,0,4808,88,168,262,396,639,514,197,0,0,2264
ONSLOW,CL10,17,32,55,51,103,123,84,0,0,465,0,0,0,0,0,0,0,0,0,0,229,499,451,419,384,320,131,0,0,2433,63,114,160,182,183,136,35,0,0,873
ONSLOW,CR07,14,46,42,78,132,239,126,0,0,677,0,0,0,1,0,0,0,0,0,1,304,597,561,535,681,621,294,0,0,3593,56,140,186,332,488,272,102,0,0,1576
ONSLOW,EN03,25,79,127,132,247,342,209,0,0,1161,21,50,87,133,184,235,123,0,0,833,820,1269,1374,1301,1186,1037,542,0,0,7529,154,351,495,613,715,459,186,0,0,2973
ONSLOW,FS16,17,33,50,57,164,274,168,0,0,763,3,13,41,57,124,143,65,0,0,446,255,659,671,632,859,816,376,0,0,4268,42,149,203,339,451,325,131,0,0,1640
ONSLOW,GB12,28,34,96,113,173,224,138,0,0,806,0,0,0,0,0,0,0,0,0,0,373,626,829,807,745,577,308,0,0,4265,63,187,297,405,387,249,110,0,0,1698
ONSLOW,HM05,8,25,48,69,118,237,132,0,0,637,0,0,0,0,0,0,0,0,0,0,285,435,590,523,618,596,283,0,0,3330,65,143,219,331,450,301,84,0,0,1593
ONSLOW,HN14,5,23,38,52,80,95,67,0,0,360,0,0,0,0,0,0,0,0,0,0,162,339,423,359,394,301,157,0,0,2135,46,104,138,190,217,140,51,0,0,886
ONSLOW,HR17,9,29,60,76,162,263,116,0,0,715,15,61,103,117,245,263,98,0,0,902,190,479,600,476,690,504,226,0,0,3165,37,124,160,239,296,210,53,0,0,1119
ONSLOW,HU20,14,25,52,52,122,140,52,0,0,457,0,0,0,0,1,0,0,0,0,1,201,408,564,459,583,407,143,0,0,2765,40,119,136,240,310,145,31,0,0,1021
ONSLOW,JA01,14,16,31,26,90,93,63,0,0,333,3,16,32,21,55,90,40,0,0,257,879,728,441,288,331,289,130,0,0,3086,69,90,96,136,227,135,35,0,0,788
ONSLOW,ML23,3,9,16,17,38,57,36,0,0,176,0,0,0,0,0,0,0,0,0,0,60,145,154,143,198,154,94,0,0,948,13,44,44,104,124,74,42,0,0,445
ONSLOW,MT24,1,11,19,29,80,115,53,0,0,308,0,1,0,0,0,0,0,0,0,1,133,294,323,303,411,344,174,0,0,1982,29,72,104,183,233,137,71,0,0,829
ONSLOW,NE22A,17,23,60,89,147,136,75,0,0,547,0,0,1,1,1,0,0,0,0,3,317,569,685,525,587,415,206,0,0,3304,51,125,185,262,265,161,70,0,0,1119
ONSLOW,NE22B,26,39,75,116,144,236,143,0,0,779,1,1,0,1,0,0,0,0,0,3,354,666,767,643,758,631,298,0,0,4117,65,178,256,353,468,310,106,0,0,1736
ONSLOW,NM13,6,8,21,26,57,81,43,0,0,242,0,0,0,0,0,1,0,0,0,1,76,96,111,136,202,175,101,0,0,897,20,37,53,111,122,95,27,0,0,465
ONSLOW,NR02,4,6,12,8,25,73,60,0,0,188,2,7,13,15,35,68,46,0,0,186,70,111,116,88,156,189,115,0,0,845,13,31,32,68,134,86,66,0,0,430
ONSLOW,RL09,21,57,106,137,210,259,171,0,0,961,4,2,13,13,19,15,14,0,0,80,393,708,894,821,817,736,432,0,0,4801,68,220,343,365,479,349,150,0,0,1974
ONSLOW,SF18,6,26,70,82,195,323,237,0,0,939,0,0,0,1,0,0,0,0,0,1,313,759,934,762,984,807,457,0,0,5016,51,175,244,382,474,399,134,0,0,1859
ONSLOW,SW19,12,29,53,92,240,326,238,0,0,990,8,23,51,79,149,225,137,0,0,672,276,412,601,736,921,903,574,0,0,4423,54,157,246,427,671,447,186,0,0,2188
ONSLOW,TL06,15,34,39,72,147,163,115,0,0,585,0,0,0,1,0,1,0,0,0,2,214,420,487,460,546,452,265,0,0,2844,38,118,184,277,306,225,83,0,0,1231
ONSLOW,VR15,7,9,28,31,55,75,50,0,0,255,0,0,0,0,0,0,0,0,0,0,144,299,325,257,295,241,106,0,0,1667,25,64,98,138,167,100,38,0,0,630
ONSLOW,WN04,19,28,61,83,185,267,216,0,0,859,11,25,62,67,106,179,139,0,0,589,292,414,594,555,730,668,401,0,0,3654,84,158,261,372,530,378,155,0,0,1938
ORANGE,CA,10,24,41,44,80,72,55,0,0,326,0,0,0,0,0,0,0,0,0,0,83,110,159,165,212,153,103,0,0,985,32,64,104,140,139,99,44,0,0,622
ORANGE,CB1,71,191,208,171,162,167,127,0,0,1097,32,79,120,107,87,111,74,0,0,610,329,505,434,389,318,295,166,0,0,2436,212,296,317,286,272,182,64,0,0,1629
ORANGE,CF1,94,155,141,192,213,240,203,0,0,1238,63,79,109,118,139,161,136,0,0,805,497,606,509,577,549,426,314,0,0,3478,208,268,348,442,398,311,111,0,0,2086
ORANGE,CG,18,29,49,70,115,139,114,0,0,534,0,0,0,0,0,0,0,0,0,0,100,151,187,232,310,292,149,0,0,1421,39,101,149,188,257,181,51,0,0,966
ORANGE,CH,34,42,57,97,121,88,115,0,0,554,14,25,51,74,90,62,82,0,0,398,127,121,153,175,210,131,140,0,0,1057,50,79,124,164,139,127,53,0,0,736
ORANGE,CO,80,79,115,140,134,145,161,0,0,854,32,42,74,101,76,96,116,0,0,537,425,293,302,332,296,269,205,0,0,2122,143,150,240,247,221,210,65,0,0,1276
ORANGE,CS1,27,27,76,82,131,198,154,0,0,695,0,2,1,0,0,0,0,0,0,3,124,145,191,221,312,379,192,0,0,1564,53,118,163,226,317,250,54,0,0,1181
ORANGE,CW,23,41,72,93,173,282,170,0,0,854,0,1,3,0,0,0,0,0,0,4,190,261,344,376,564,536,284,0,0,2555,71,156,200,354,475,298,91,1,0,1646
ORANGE,CX,63,116,233,200,299,348,261,0,0,1520,7,21,31,44,25,44,40,0,0,212,420,777,1024,964,1031,838,514,0,0,5568,185,470,521,663,646,494,154,0,0,3133
ORANGE,DA,66,95,131,194,227,188,156,0,0,1057,35,52,105,164,167,110,89,0,0,722,314,324,380,540,498,315,199,0,0,2570,152,190,342,450,299,198,63,0,0,1694
ORANGE,DM,56,111,94,98,109,132,77,0,0,677,40,36,47,57,51,43,29,0,0,303,301,339,255,280,215,251,121,0,0,1762,129,168,164,212,207,162,48,0,0,1090
ORANGE,EA1,101,64,30,40,53,71,77,0,0,436,55,32,18,23,45,54,54,0,0,281,751,198,113,137,146,148,119,0,0,1612,239,95,75,108,114,117,48,0,0,796
ORANGE,EF,16,50,63,61,121,195,129,0,0,635,0,0,1,0,0,0,0,0,0,1,144,230,286,265,371,356,219,0,0,1871,79,129,166,245,307,236,69,0,0,1231
ORANGE,EH,61,61,80,101,117,133,189,0,0,742,29,29,52,96,82,116,114,0,0,518,297,199,223,276,271,263,273,0,0,1802,150,124,181,222,230,218,128,0,0,1253
ORANGE,ENO,35,35,107,96,126,173,121,0,0,693,1,2,0,2,0,1,0,0,0,6,205,203,296,296,360,392,211,0,0,1963,49,162,202,273,319,244,79,0,0,1328
ORANGE,ES,30,88,77,84,88,125,107,0,0,599,13,45,53,48,67,91,66,0,0,383,185,320,256,195,226,234,176,0,0,1592,82,139,158,150,174,176,61,0,0,940
ORANGE,GB,73,110,236,218,222,270,169,0,0,1298,17,15,35,38,44,64,32,0,0,245,363,563,694,609,600,528,324,0,0,3681,137,377,447,444,452,309,103,0,0,2269
ORANGE,GL,49,98,75,89,97,130,123,0,0,661,29,47,50,71,64,88,78,0,0,427,307,275,286,317,283,277,218,0,0,1963,99,120,213,228,211,186,88,0,0,1145
ORANGE,H,9,33,78,92,98,193,183,0,0,686,2,8,15,33,29,80,61,0,0,228,77,113,176,167,216,264,212,0,0,1225,50,97,159,128,222,200,83,0,0,939
ORANGE,HE,32,48,136,136,99,153,112,0,0,716,3,10,12,15,16,23,13,0,0,92,97,239,378,304,269,259,183,0,0,1729,44,168,224,173,191,176,63,0,0,1039
ORANGE,HF,69,53,99,209,192,196,106,0,0,924,26,23,62,121,82,73,29,0,0,416,360,203,382,628,491,295,131,0,0,2490,126,140,386,435,327,162,45,0,0,1621
ORANGE,HN,54,40,146,210,203,235,156,0,0,1044,0,0,1,0,0,0,0,0,0,1,238,207,417,482,455,412,238,0,0,2449,83,191,348,391,346,264,82,0,0,1705
ORANGE,KM,30,46,81,117,117,191,168,0,0,750,11,9,38,51,45,74,50,0,0,278,182,168,300,335,284,327,224,0,0,1820,76,136,243,238,280,258,66,0,0,1297
ORANGE,NC,62,51,149,244,213,254,112,0,0,1085,20,22,85,149,122,149,64,0,0,611,254,176,412,510,414,388,126,0,0,2280,100,182,395,394,355,222,32,0,0,1680
ORANGE,NS,121,49,38,28,34,59,58,0,0,387,51,34,29,22,39,36,45,0,0,256,887,181,115,90,113,129,82,0,0,1597,285,86,68,83,87,83,29,0,0,721
ORANGE,OG,26,62,156,158,256,441,242,0,0,1341,0,0,2,0,3,0,0,0,0,5,218,280,470,467,621,722,319,0,0,3097,97,231,314,413,625,417,108,0,0,2205
ORANGE,OW1,95,298,124,72,87,106,60,0,0,842,63,133,72,56,71,75,40,0,0,510,474,675,332,202,219,185,83,0,0,2170,237,327,173,148,187,92,34,0,0,1198
ORANGE,PA,44,42,92,157,176,313,255,0,0,1079,5,10,23,25,26,44,19,0,0,152,240,228,324,448,464,569,384,0,0,2657,113,155,288,327,444,455,125,0,0,1907
ORANGE,RE,82,98,125,165,196,169,93,0,0,928,38,55,80,108,130,117,43,0,0,571,441,456,423,604,501,335,160,0,0,2920,188,213,353,427,319,173,48,0,0,1721
ORANGE,RF,40,124,115,94,88,122,112,0,0,695,23,65,104,87,66,102,82,0,0,529,284,401,329,249,225,212,156,0,0,1856,113,179,192,197,178,159,57,0,0,1075
ORANGE,SJ,50,52,117,162,207,276,240,0,0,1104,7,12,34,51,57,99,56,0,0,316,217,211,374,439,455,482,321,0,0,2499,96,158,313,355,389,365,105,0,0,1781
ORANGE,SM,34,20,83,104,178,283,211,0,0,913,0,0,0,0,0,0,0,0,0,0,183,144,300,332,472,524,297,0,0,2252,48,126,224,284,467,332,104,0,0,1585
ORANGE,TH1,46,141,114,127,122,117,82,0,0,749,19,77,72,75,80,80,42,0,0,445,217,340,264,251,236,171,105,0,0,1584,120,169,210,198,181,108,23,0,0,1009
ORANGE,TO,11,14,48,58,101,116,122,0,0,470,0,0,0,0,0,0,0,0,0,0,84,122,176,197,248,275,154,0,0,1256,33,91,104,172,214,189,52,0,0,855
ORANGE,UNC,332,82,44,54,72,103,99,0,0,786,146,45,36,29,43,68,44,0,0,411,2667,293,171,199,187,171,122,0,0,3810,268,136,133,159,131,147,38,0,0,1012
ORANGE,WC,18,38,48,62,97,162,143,0,0,568,0,0,0,0,0,0,0,0,0,0,114,150,204,214,286,294,195,0,0,1457,53,124,117,196,247,205,70,0,0,1012
ORANGE,WD,51,99,87,109,154,196,202,0,0,898,26,53,63,69,95,131,127,0,0,564,289,335,278,330,355,328,249,0,0,2164,118,183,199,280,265,268,98,0,0,1411
ORANGE,WDS,0,0,0,0,0,9,341,0,0,350,0,0,0,0,0,13,278,0,0,291,0,0,0,3,0,27,383,0,0,413,0,0,0,2,6,105,295,0,0,408
ORANGE,WH,24,71,129,88,106,141,107,0,0,666,4,12,22,21,28,40,30,0,0,157,117,270,314,256,254,285,178,0,0,1674,72,183,181,189,208,163,62,0,0,1058
ORANGE,WW1,96,138,55,64,84,111,85,0,0,633,49,52,24,62,60,70,50,0,0,367,702,370,166,215,199,182,118,0,0,1952,304,172,129,179,141,135,49,0,0,1109
PAMLICO,1CR,9,14,22,40,49,86,61,0,0,281,0,0,0,0,0,0,0,0,0,0,101,96,163,170,216,235,164,0,0,1145,19,66,90,114,181,152,51,0,0,673
PAMLICO,1RB,8,15,22,38,67,94,71,0,0,315,0,0,0,0,0,0,0,0,0,0,83,139,155,185,237,207,136,0,0,1142,35,53,86,128,179,113,61,0,0,655
PAMLICO,2OT,1,10,17,27,98,288,248,0,0,689,2,11,16,23,101,223,172,0,0,548,42,66,77,125,373,659,438,0,0,1780,18,20,53,105,347,420,193,0,0,1156
PAMLICO,3CH,11,6,28,34,93,139,118,0,0,429,0,0,0,0,0,0,0,0,0,0,75,119,178,181,294,314,228,0,0,1389,21,66,101,144,248,193,100,0,0,873
PAMLICO,4BR,0,1,8,9,18,35,31,0,0,102,0,0,0,0,0,0,0,0,0,0,20,31,38,48,94,100,72,0,0,403,11,13,23,52,93,65,38,0,0,295
PAMLICO,5AP,1,10,20,30,113,233,231,0,0,638,0,0,0,2,0,0,1,0,0,3,81,134,184,241,439,537,397,0,0,2013,24,68,83,201,333,395,142,0,0,1246
PASQUOTANK,EAST,13,44,58,81,153,217,209,0,0,775,0,0,0,0,1,0,0,0,0,1,170,261,334,325,433,438,345,0,0,2306,62,110,145,242,319,284,124,0,0,1286
PASQUOTANK,MH,41,65,105,134,208,281,199,0,0,1033,0,1,0,0,0,0,0,0,0,1,264,479,547,561,649,601,384,0,0,3485,105,199,302,393,470,350,138,0,0,1957
PASQUOTANK,NEW,15,31,52,53,85,116,72,0,0,424,0,0,0,0,0,0,0,0,0,0,115,211,217,248,343,240,132,0,0,1506,51,100,119,203,203,145,51,0,0,872
PASQUOTANK,NIX,36,49,111,153,234,330,221,0,0,1134,0,0,0,0,0,0,0,0,0,0,217,279,402,480,643,648,408,0,0,3077,84,143,249,357,516,384,163,0,0,1896
PASQUOTANK,NORTH,12,24,31,43,73,94,75,0,0,352,0,0,0,0,0,0,0,0,0,0,130,188,194,202,266,218,160,0,0,1358,42,80,112,121,179,122,65,0,0,721
PASQUOTANK,PRO,43,78,92,138,237,324,270,0,0,1182,0,0,0,0,0,0,0,0,0,0,298,442,496,580,739,734,537,0,0,3826,85,182,261,364,562,500,186,0,0,2140
PASQUOTANK,SAL,13,20,35,54,87,119,79,0,0,407,0,0,0,0,0,0,0,0,0,0,68,91,135,156,190,217,130,0,0,987,24,44,78,108,166,132,47,0,0,599
PASQUOTANK,SOUTH,29,25,52,39,74,104,106,0,0,429,1,0,0,0,0,0,0,0,0,1,397,196,243,221,277,258,232,0,0,1824,73,107,138,176,195,187,113,0,0,989
PASQUOTANK,WEST,9,11,27,29,47,96,67,0,0,286,0,0,0,0,0,0,0,0,0,0,144,214,248,215,286,316,185,0,0,1608,58,108,130,163,251,155,72,0,0,937
PENDER,BW01,30,67,119,182,264,359,317,0,0,1338,3,5,18,18,36,61,53,0,0,194,285,472,637,685,789,819,530,0,0,4217,111,191,354,467,608,555,161,0,0,2447
PENDER,CL05,9,16,26,45,52,95,86,0,0,329,0,0,0,0,1,1,0,0,0,2,76,114,126,167,231,218,147,0,0,1079,24,58,87,130,162,131,53,0,0,645
PENDER,LT18,38,34,114,179,231,303,178,0,0,1077,0,1,0,2,1,1,0,0,0,5,408,593,1010,1017,895,696,340,0,0,4959,78,249,447,521,466,337,108,0,0,2206
PENDER,MC07,11,33,43,72,111,194,113,0,0,577,2,1,1,5,9,6,4,0,0,28,158,245,247,341,456,430,227,0,0,2104,53,96,155,240,364,250,80,0,0,1238
PENDER,MT19,16,16,63,99,139,272,247,0,0,852,0,1,0,2,3,0,0,0,0,6,221,274,530,555,600,616,476,0,0,3272,52,138,234,312,417,407,191,0,0,1751
PENDER,PL18,18,33,51,81,125,188,132,0,0,628,1,1,3,0,4,4,5,0,0,18,174,230,283,349,430,419,270,0,0,2155,54,105,162,246,333,237,116,0,0,1253
PENDER,RP21,36,71,120,164,279,351,263,0,0,1284,0,0,0,1,1,0,0,0,0,2,455,762,766,874,1148,905,517,0,0,5427,147,281,402,631,743,511,186,0,0,2901
PENDER,SC13,20,34,45,94,198,304,224,0,0,919,22,57,135,198,355,447,203,0,0,1417,256,384,607,668,867,828,400,0,0,4010,55,150,272,455,529,439,126,1,0,2027
PENDER,SH12,13,19,47,73,119,157,129,0,0,557,1,0,0,0,0,0,1,0,0,2,209,331,338,383,475,364,222,0,0,2322,59,109,176,262,259,231,60,0,0,1156
PENDER,SP15,26,32,69,140,172,222,132,0,0,793,6,16,30,32,25,23,7,0,0,139,360,437,869,843,789,670,366,0,0,4334,68,197,329,413,437,316,150,0,0,1910
PENDER,UH08,4,7,6,24,29,51,41,0,0,162,0,0,0,0,0,0,0,0,0,0,40,62,68,98,98,118,88,0,0,572,26,29,53,67,97,81,38,0,0,391
PENDER,UT14,23,20,95,111,209,305,203,0,0,966,0,0,0,0,2,2,0,0,0,4,348,402,768,826,803,662,457,0,0,4266,63,184,357,425,452,391,167,0,0,2039
PERQUIMANS,BELVID,3,9,8,18,37,42,30,0,0,147,0,1,0,0,0,0,0,0,0,1,48,56,76,104,128,110,63,0,0,585,15,29,69,81,89,73,30,0,0,386
PERQUIMANS,BETHEL,5,11,11,19,116,259,263,0,0,684,0,0,0,1,0,1,1,0,0,3,71,113,147,217,441,662,516,0,0,2167,17,60,104,161,324,435,227,0,0,1328
PERQUIMANS,EAST H,1,3,9,11,31,45,53,0,0,153,2,5,13,15,47,57,55,0,0,194,47,59,79,87,103,148,112,0,0,635,14,32,56,57,101,99,61,0,0,420
PERQUIMANS,NEW HO,5,14,26,43,119,214,122,0,0,543,1,0,0,0,0,0,0,0,0,1,102,179,249,291,444,455,263,1,0,1984,41,97,136,226,325,269,110,0,0,1204
PERQUIMANS,NICANO,1,2,7,12,6,16,11,0,0,55,0,0,0,0,0,0,0,0,0,0,18,14,41,32,28,38,23,0,0,194,4,17,27,21,31,21,6,0,0,127
PERQUIMANS,PARKVI,5,17,23,19,75,121,87,0,0,347,4,12,13,24,36,64,32,0,0,185,76,161,186,174,306,296,186,0,0,1385,50,80,121,166,242,166,92,0,0,917
PERQUIMANS,WEST H,2,8,6,11,28,33,30,0,0,118,2,6,9,7,10,25,14,0,0,73,51,80,95,98,122,116,80,0,0,642,19,40,61,81,102,74,28,0,0,405
PERSON,ALVI,12,24,30,53,83,140,104,0,0,446,0,0,0,0,0,0,0,0,0,0,134,220,199,296,338,292,191,0,0,1670,51,91,134,214,259,191,67,0,0,1007
PERSON,CUCL,7,10,15,44,73,146,104,0,0,399,0,0,0,0,0,0,0,0,0,0,93,163,143,245,316,370,200,0,0,1530,27,85,109,195,281,226,72,0,0,995
PERSON,FLHE,28,40,62,134,273,305,221,0,0,1063,0,1,0,0,0,0,0,0,0,1,337,543,650,760,938,758,476,0,0,4462,122,272,344,599,655,494,157,0,0,2643
PERSON,HLWY,9,10,15,26,63,80,79,0,0,282,0,0,0,2,0,0,0,0,0,2,67,79,95,147,189,185,118,0,0,880,17,36,67,117,150,104,52,0,0,543
PERSON,MTTZ,14,27,43,51,110,132,106,0,0,483,0,0,0,0,0,0,0,0,0,0,143,272,279,343,440,356,209,0,0,2042,59,122,136,318,299,214,77,0,0,1225
PERSON,OLHI,19,10,30,53,71,118,88,0,0,389,0,0,0,0,0,0,0,0,0,0,103,136,193,226,262,276,164,0,0,1360,27,82,118,179,207,185,50,0,0,848
PERSON,PNTH,25,27,33,81,136,196,172,0,0,670,0,0,0,0,2,0,0,0,0,2,220,337,365,408,554,556,396,0,0,2836,79,177,210,293,436,322,162,0,0,1679
PERSON,RCOB,21,51,59,89,179,258,238,0,0,895,0,0,0,0,0,0,1,0,0,1,228,360,371,451,553,627,489,0,0,3079,95,198,255,332,485,439,206,1,0,2011
PERSON,ROXL,3,23,31,38,72,120,80,0,0,367,0,0,1,0,0,0,0,0,0,1,84,176,180,227,283,294,144,0,0,1388,31,84,98,162,233,149,59,0,0,816
PERSON,SWST,12,28,32,57,90,147,100,0,0,466,0,0,0,0,0,0,0,0,0,0,128,201,215,274,311,329,188,0,0,1646,45,109,137,213,283,214,55,0,0,1056
PERSON,WDSD,4,9,13,22,40,73,62,0,0,223,0,0,0,0,0,0,0,0,0,0,51,113,99,156,156,187,115,0,0,877,29,43,73,88,147,123,42,0,0,545
PITT,0101,18,32,69,106,123,165,100,0,0,613,5,19,35,34,25,18,7,0,0,143,239,531,502,534,543,457,254,0,0,3060,121,260,334,380,379,278,90,0,0,1842
PITT,0200A,15,26,45,74,108,129,125,0,0,522,8,31,54,57,91,92,84,0,0,417,191,317,363,374,434,404,282,0,0,2365,84,167,187,299,317,245,120,0,0,1419
PITT,0200B,11,25,35,49,81,146,120,0,0,467,9,17,35,45,68,110,75,0,0,359,144,249,273,306,351,351,237,0,0,1911,67,113,158,220,242,210,95,0,0,1105
PITT,0301,27,42,56,75,130,205,125,0,0,660,0,7,5,16,18,11,17,0,0,74,242,347,353,417,542,523,243,0,0,2667,90,163,229,314,425,299,76,0,0,1596
PITT,0401,1,10,14,15,53,128,73,0,0,294,2,27,22,34,52,120,63,0,0,320,52,114,133,137,211,245,142,0,0,1034,30,68,80,114,201,163,54,0,0,710
PITT,0501,12,6,13,17,51,80,48,0,0,227,0,0,0,0,2,1,1,0,0,4,119,128,159,153,186,203,123,0,0,1071,35,69,79,121,160,127,56,0,0,647
PITT,0601,25,42,65,127,172,237,197,0,0,865,1,5,11,12,4,7,2,0,0,42,433,443,729,859,740,622,370,0,0,4196,123,288,515,560,507,370,140,0,0,2503
PITT,0701,11,13,12,47,87,142,107,0,0,419,2,5,8,19,39,71,35,0,0,179,134,149,181,288,332,365,240,0,0,1689,56,77,142,245,297,235,77,0,0,1129
PITT,0800A,8,15,30,54,71,127,99,0,0,404,19,45,77,93,130,186,131,0,0,681,146,208,242,272,346,362,242,0,0,1818,57,106,173,207,296,229,89,0,0,1157
PITT,0800B,1,17,21,33,88,97,112,0,0,369,14,50,88,74,158,149,147,0,0,680,114,194,196,197,312,267,222,0,0,1502,51,95,114,204,223,204,78,0,0,969
PITT,0901,3,9,9,9,29,43,41,0,0,143,0,2,2,3,8,24,12,0,0,51,48,58,64,87,127,131,101,0,0,616,14,35,37,76,89,94,37,0,0,382
PITT,1001,9,18,38,51,94,156,133,0,0,499,11,26,54,73,80,98,95,0,0,437,206,247,305,389,466,435,268,0,0,2316,57,120,194,263,366,248,106,0,0,1354
PITT,1101,8,11,9,18,45,71,61,0,0,223,4,1,1,7,7,17,11,0,0,48,97,108,129,134,192,175,119,0,0,954,29,58,84,118,140,127,51,0,0,607
PITT,1102A,33,30,66,96,135,193,112,0,0,665,6,26,30,34,37,32,25,0,0,190,305,350,557,644,531,418,229,0,0,3034,100,215,366,422,402,236,65,0,0,1806
PITT,1102B,26,36,113,176,198,268,193,0,0,1010,0,3,5,4,5,1,0,0,0,18,354,439,613,782,686,576,299,0,0,3749,83,254,459,500,490,331,94,0,0,2211
PITT,1201,16,27,41,51,102,183,116,0,0,536,1,10,3,10,13,22,7,0,0,66,253,363,414,414,533,560,294,0,0,2831,101,167,226,300,435,305,84,0,0,1618
PITT,1301,7,16,17,24,53,53,42,0,0,212,0,0,0,1,0,0,0,0,0,1,82,130,197,191,179,132,93,0,0,1004,35,79,124,136,115,81,37,0,0,607
PITT,1403A1,26,28,72,116,153,165,102,0,0,662,24,29,60,113,87,73,44,0,0,430,283,397,518,549,486,434,214,0,0,2881,92,230,351,402,357,244,59,0,0,1735
PITT,1403A2,23,34,89,109,145,215,148,0,0,763,23,35,105,122,156,178,116,0,0,735,217,394,499,500,509,460,257,0,0,2836,92,205,337,340,368,265,83,0,0,1690
PITT,1403B,31,34,80,152,210,255,220,0,0,982,31,59,110,216,267,266,184,0,0,1133,325,458,587,772,724,573,383,0,0,3822,115,268,455,559,484,381,136,0,0,2398
PITT,1501,3,5,8,12,40,52,62,0,0,182,1,8,6,18,40,46,52,0,0,171,44,60,64,91,143,128,103,0,0,633,11,22,43,81,98,93,43,0,0,391
PITT,1503,15,34,26,29,45,60,43,0,0,252,58,21,34,33,56,72,49,0,0,323,362,332,186,171,184,165,90,0,0,1490,114,107,114,94,147,81,39,0,0,696
PITT,1504A,12,30,25,30,51,89,69,0,0,306,13,39,41,46,74,105,69,0,0,387,163,302,245,220,289,270,148,0,0,1637,82,136,130,159,205,157,50,0,0,919
PITT,1504B,13,106,88,90,111,155,126,0,0,689,22,116,122,122,142,194,127,0,0,845,290,816,545,423,479,445,308,0,0,3306,199,315,273,311,301,270,110,0,0,1779
PITT,1505A,5,38,31,41,69,77,52,0,0,313,14,39,52,52,69,82,42,0,0,350,176,319,266,274,269,204,94,0,0,1602,92,123,150,183,167,98,29,0,0,842
PITT,1505B,7,19,23,39,83,122,95,0,0,388,7,19,36,48,105,140,82,0,0,437,123,205,202,255,354,278,154,0,0,1571,53,113,127,212,255,164,60,0,0,984
PITT,1506,32,29,19,19,26,59,46,0,0,230,100,32,23,25,40,75,52,0,0,347,553,166,106,109,136,155,81,0,0,1306,74,59,70,74,124,84,42,0,0,527
PITT,1507,59,32,35,40,53,84,68,0,0,371,350,65,78,71,70,103,78,0,0,815,875,355,239,184,173,198,135,0,0,2159,111,134,133,117,129,128,51,0,0,803
PITT,1507B,41,14,4,9,13,9,33,0,0,123,202,14,18,24,20,21,37,0,0,336,965,50,31,35,27,36,38,0,0,1182,44,20,26,27,22,36,15,0,0,190
PITT,1508A,15,9,9,9,13,18,27,0,0,100,374,19,19,20,19,27,27,0,0,505,661,102,55,30,35,56,32,0,0,971,82,35,27,30,39,40,8,1,0,262
PITT,1508B,8,31,15,15,16,33,184,0,0,302,61,46,24,24,23,38,202,0,0,418,356,252,112,66,56,71,290,0,0,1203,89,75,43,34,52,87,216,0,0,596
PITT,1509,34,55,40,88,101,130,131,0,0,579,48,93,135,158,189,198,161,0,0,982,524,450,400,375,385,331,233,0,0,2698,144,189,255,292,291,245,90,0,0,1506
PITT,1510A,9,23,39,54,131,162,121,0,0,539,31,54,94,108,226,234,129,0,0,876,160,218,264,265,427,339,210,0,0,1883,69,152,163,264,317,212,69,0,0,1246
PITT,1510B,13,32,51,66,88,172,161,0,0,583,20,52,82,85,107,206,179,0,0,731,140,301,306,266,324,401,291,0,0,2029,81,137,183,201,334,276,138,0,0,1350
PITT,1511A,12,44,63,87,138,240,296,0,0,880,55,76,179,239,272,382,324,0,0,1527,296,325,446,496,489,583,465,0,0,3100,82,216,294,392,424,483,164,0,0,2055
PITT,1511B,28,71,50,54,77,105,94,0,0,479,40,87,78,77,126,121,96,0,0,625,443,580,349,310,341,300,220,0,0,2543,140,187,184,226,199,173,75,0,0,1184
PITT,1512A,47,71,128,215,225,235,182,0,0,1103,48,86,182,255,227,242,150,0,0,1190,397,783,978,964,705,602,365,0,0,4794,160,463,629,543,440,373,103,0,0,2711
PITT,1512B,7,40,50,56,90,128,132,0,0,503,16,63,87,80,107,164,130,0,0,647,152,313,365,284,254,284,199,0,0,1851,78,199,205,169,230,221,61,0,0,1163
PITT,1513A,29,30,50,88,139,146,92,0,0,574,10,28,69,98,99,84,63,0,0,451,320,398,488,501,451,363,185,0,0,2706,109,206,329,361,318,209,56,0,0,1588
PITT,1513B,14,29,37,62,74,135,110,0,0,461,4,19,23,20,13,18,9,0,0,106,220,290,339,326,282,351,191,0,0,1999,80,133,217,190,258,229,71,0,0,1178
POLK,CG05,26,40,44,74,126,137,76,0,0,523,0,0,0,0,0,0,0,0,0,0,112,139,167,252,323,308,146,0,0,1447,40,76,126,158,227,152,60,0,0,839
POLK,CL07,12,35,36,63,125,197,151,0,0,619,0,0,0,1,0,0,0,0,0,1,112,171,231,250,373,449,310,0,0,1896,44,84,126,212,303,289,144,0,0,1202
POLK,CL08,6,12,32,53,108,220,374,0,0,805,0,0,0,0,0,0,0,0,0,0,132,127,197,256,373,540,706,0,0,2331,26,79,111,176,312,420,378,0,0,1502
POLK,GC09,14,34,76,72,122,175,110,0,0,603,0,0,0,0,0,0,0,0,0,0,146,247,266,320,468,440,306,0,0,2193,71,141,139,263,310,324,128,0,0,1376
POLK,SA04,14,34,38,54,93,142,143,0,0,518,0,0,0,0,0,0,0,0,0,0,81,118,153,174,253,279,243,0,0,1301,30,78,91,148,195,198,94,0,0,834
POLK,TR123,8,14,39,51,125,243,280,0,0,760,1,0,0,0,0,1,0,0,0,2,81,146,203,273,440,600,591,0,0,2334,50,100,127,219,431,466,274,0,0,1667
POLK,WO06,17,31,47,79,100,137,83,0,0,494,0,0,0,0,0,0,0,0,0,0,98,149,167,207,311,277,192,0,0,1401,33,59,109,155,217,166,93,0,0,832
RANDOLPH,AE,20,55,72,79,165,227,225,0,0,843,31,61,102,110,188,250,199,0,0,941,253,421,434,417,562,572,469,0,0,3128,99,179,194,309,440,355,212,0,0,1788
RANDOLPH,AN,26,40,42,64,93,144,140,0,0,549,25,30,42,73,94,105,113,0,0,482,338,460,364,386,478,361,304,0,0,2691,95,136,176,243,286,256,105,0,0,1297
RANDOLPH,AR,33,80,100,141,277,374,303,0,0,1308,0,0,0,0,0,0,0,0,0,0,537,750,769,1028,1260,1106,830,0,0,6280,178,271,451,766,816,702,325,0,0,3509
RANDOLPH,AS,28,57,69,81,197,264,244,0,0,940,25,36,54,78,165,210,158,0,0,726,251,349,352,406,597,576,509,0,0,3040,90,176,213,358,467,390,251,0,0,1945
RANDOLPH,AW,29,48,84,86,200,272,317,0,0,1036,35,61,99,105,205,256,287,0,0,1048,377,499,530,533,766,735,638,0,0,4078,120,241,260,459,547,562,212,0,0,2401
RANDOLPH,BC,30,23,69,69,139,159,124,0,0,613,1,2,6,9,1,13,6,0,0,38,232,315,404,441,547,421,277,0,0,2637,73,168,210,330,342,274,75,0,0,1472
RANDOLPH,DR,39,59,114,111,207,232,169,0,0,931,0,3,7,3,14,18,9,0,0,54,301,516,516,557,709,575,334,0,0,3508,111,229,269,385,426,321,127,0,0,1868
RANDOLPH,GR,25,48,56,121,178,222,194,0,0,844,1,2,2,5,3,11,36,0,0,60,285,396,412,481,602,522,416,0,0,3114,80,162,238,345,403,350,176,0,0,1754
RANDOLPH,LB,21,30,30,52,109,136,115,0,0,493,2,13,16,26,60,72,58,0,0,247,219,247,272,329,421,367,264,0,0,2119,55,103,140,248,283,228,98,0,0,1155
RANDOLPH,LC,14,27,30,37,96,121,79,0,0,404,0,0,1,0,2,2,0,0,0,5,159,239,281,277,403,303,204,0,0,1866,36,99,135,195,265,171,79,0,0,980
RANDOLPH,NM,21,58,81,97,176,229,183,0,0,845,0,1,0,0,0,0,0,0,0,1,291,456,470,590,700,614,448,0,0,3569,90,228,256,426,484,383,142,0,0,2009
RANDOLPH,PR,36,56,80,138,301,332,228,0,0,1171,0,0,0,0,1,0,0,0,0,1,415,569,574,814,1036,761,488,0,0,4657,139,241,335,629,645,445,191,0,0,2625
RANDOLPH,RM,16,41,64,55,133,148,129,0,0,586,4,10,19,24,52,49,45,0,0,203,193,300,263,348,459,385,304,0,0,2252,61,128,149,261,306,254,99,0,0,1258
RANDOLPH,RN,23,54,94,129,207,294,190,0,0,991,16,21,55,64,107,98,67,0,0,428,416,640,716,717,884,684,457,0,0,4514,133,290,336,525,541,418,163,0,0,2406
RANDOLPH,SE,16,42,50,59,105,142,129,0,0,543,0,0,0,0,0,0,0,0,0,0,148,208,236,249,322,325,201,0,0,1689,53,101,146,190,242,196,74,0,0,1002
RANDOLPH,SO,30,44,77,110,146,265,163,0,0,835,3,1,7,13,13,25,12,0,0,74,242,374,401,484,569,581,309,0,0,2960,82,167,247,322,441,299,109,0,0,1667
RANDOLPH,ST,17,23,37,61,75,121,83,0,0,417,0,4,2,7,8,6,6,0,0,33,140,239,215,278,340,290,177,0,0,1679,62,91,142,200,228,175,61,0,0,959
RANDOLPH,SW,19,41,54,105,154,155,103,0,0,631,0,0,0,0,0,0,0,0,0,0,212,277,313,395,479,400,225,0,0,2301,63,140,199,316,330,222,78,0,0,1348
RANDOLPH,TB,13,21,44,53,105,130,84,0,0,450,0,0,0,0,0,0,0,0,0,0,185,292,356,400,516,424,225,0,0,2398,46,115,164,281,289,248,63,0,0,1206
RANDOLPH,TR,30,71,103,155,257,364,312,0,0,1292,1,1,4,8,14,16,8,0,0,52,598,892,988,1219,1342,1216,895,0,0,7150,178,375,552,832,909,776,293,0,0,3915
RANDOLPH,TT,26,28,60,78,142,199,105,0,0,638,1,1,0,0,0,0,0,0,0,2,301,430,477,610,721,504,278,0,0,3321,75,188,301,451,427,263,81,0,0,1786
RANDOLPH,UG,62,93,126,220,332,492,356,0,0,1681,0,4,6,13,10,32,12,0,0,77,538,710,786,964,1172,1078,678,0,0,5926,169,323,478,724,830,698,223,0,0,3445
RICHMOND,01,12,19,50,75,144,184,123,0,0,607,5,3,11,28,46,85,51,0,0,229,177,335,361,442,607,539,320,0,0,2781,81,169,216,348,441,322,131,0,0,1708
RICHMOND,02,22,35,71,127,178,281,220,0,0,934,8,22,37,60,90,121,106,0,0,444,303,413,450,587,658,656,459,0,0,3526,100,171,319,434,499,425,194,0,0,2142
RICHMOND,08,14,23,41,60,116,160,128,0,0,542,4,5,8,19,24,19,23,0,0,102,208,254,300,421,501,479,293,0,0,2456,65,134,224,325,386,326,107,1,0,1568
RICHMOND,09,17,47,52,107,180,188,192,0,0,783,10,26,25,76,121,117,130,0,0,505,253,408,423,705,706,601,442,1,0,3539,100,175,270,493,466,430,172,1,0,2107
RICHMOND,10,2,3,11,18,21,61,35,0,0,151,2,7,9,6,15,16,8,0,0,63,47,49,80,103,129,144,60,0,0,612,15,31,53,81,113,65,29,0,0,387
RICHMOND,14,1,1,2,2,3,14,9,0,0,32,0,0,0,0,0,0,0,0,0,0,4,7,3,9,24,21,15,0,0,83,2,2,5,8,17,21,8,0,0,63
RICHMOND,21,13,20,33,60,127,117,112,0,0,482,0,0,0,0,0,0,0,0,0,0,123,168,215,292,319,259,205,0,0,1581,37,96,127,234,238,196,69,0,0,997
RICHMOND,22,10,11,20,45,74,105,78,0,0,343,0,0,0,0,0,0,0,0,0,0,101,196,200,293,330,303,177,0,0,1600,41,95,134,190,228,210,57,0,0,955
RICHMOND,23,8,10,30,35,61,94,43,0,0,281,0,0,0,0,0,0,0,0,0,0,89,120,181,202,259,236,142,0,0,1229,29,58,94,133,203,130,58,0,0,705
RICHMOND,24,5,8,24,39,60,106,81,0,0,323,5,6,19,26,33,37,30,0,0,156,103,132,198,187,283,267,175,0,0,1345,34,95,107,155,239,177,86,0,0,893
RICHMOND,25,6,8,11,10,39,50,63,0,0,187,0,0,0,0,1,0,0,0,0,1,44,87,80,108,142,159,104,0,0,724,15,41,56,96,124,97,47,0,0,476
ROBESON,01,2,9,4,15,15,21,20,0,0,86,0,0,0,0,0,0,0,0,0,0,65,86,90,146,135,131,78,0,0,731,26,32,72,73,82,69,32,0,0,386
ROBESON,02,5,10,12,38,40,54,52,0,0,211,0,1,1,0,0,1,0,0,0,3,105,149,162,270,285,313,181,0,0,1465,31,57,120,166,222,164,67,0,0,827
ROBESON,03,5,8,8,10,17,27,19,0,0,94,0,1,1,0,0,0,0,0,0,2,103,174,200,256,281,226,128,0,0,1368,30,65,95,140,178,126,30,0,0,664
ROBESON,04,3,4,5,11,28,27,24,0,0,102,0,1,0,0,0,0,0,0,0,1,132,186,191,337,257,256,153,1,0,1513,50,67,152,172,171,164,66,0,0,842
ROBESON,05A,25,64,69,92,143,202,153,0,0,748,15,53,47,75,121,171,114,0,0,596,131,223,245,305,422,434,296,0,0,2056,72,142,156,269,377,306,111,0,0,1433
ROBESON,07,6,4,6,18,15,24,25,0,0,98,0,0,1,0,0,0,0,0,0,1,37,54,63,86,79,103,73,0,0,495,11,33,47,51,81,71,21,0,0,315
ROBESON,08,3,3,6,20,31,48,19,0,0,130,0,1,0,0,0,0,0,0,0,1,107,143,173,201,286,243,123,0,0,1276,35,80,92,165,195,140,36,0,0,743
ROBESON,09,6,8,14,17,44,60,36,0,0,185,0,1,1,1,0,0,0,0,0,3,90,114,144,154,211,152,88,0,0,953,35,47,80,101,148,96,24,0,0,531
ROBESON,10,4,11,10,12,14,38,25,0,0,114,1,0,3,1,0,8,1,0,0,14,47,78,87,109,139,160,64,0,0,684,14,32,51,69,108,77,30,0,0,381
ROBESON,11,6,22,23,42,89,112,151,0,0,445,2,4,1,9,7,18,18,0,0,59,187,283,322,423,524,502,476,0,0,2717,66,161,257,354,407,406,192,0,0,1843
ROBESON,11A,1,6,4,16,21,45,40,0,0,133,0,1,0,0,0,0,0,0,0,1,109,112,144,178,240,176,113,0,0,1072,24,40,81,120,133,112,40,0,0,550
ROBESON,12,3,4,12,29,41,55,36,0,0,180,0,5,7,17,26,30,26,0,0,111,94,165,166,197,244,213,130,0,0,1209,41,89,99,149,157,129,50,0,0,714
ROBESON,13,3,9,8,22,23,30,46,0,0,141,2,1,2,25,20,27,28,0,0,105,83,132,157,200,207,205,132,0,0,1116,36,64,94,117,152,130,49,0,0,642
ROBESON,14,1,4,0,5,12,17,12,0,0,51,0,0,0,0,0,0,0,0,0,0,42,68,86,83,140,109,62,1,0,591,18,36,36,76,79,79,20,1,0,345
ROBESON,15,0,3,1,1,20,21,31,0,0,77,6,5,4,4,28,32,57,0,0,136,34,52,52,76,112,96,78,0,0,500,12,23,28,59,76,73,37,0,0,308
ROBESON,16,0,5,2,14,11,35,25,0,0,92,0,2,4,7,8,21,12,0,0,54,39,62,57,72,106,121,68,0,0,525,23,38,38,69,94,80,23,0,0,365
ROBESON,17,1,2,2,3,3,4,3,0,0,18,0,0,1,0,0,0,0,0,0,1,9,26,15,35,48,37,25,0,0,195,10,8,13,21,23,24,10,0,0,109
ROBESON,18A,5,9,11,17,39,55,64,0,0,200,1,1,3,8,28,23,21,0,0,85,62,100,131,162,199,194,147,1,0,996,24,81,91,117,161,131,74,0,0,679
ROBESON,19,13,21,37,51,78,138,107,0,0,445,6,13,17,31,48,75,62,0,0,252,121,210,233,295,357,362,225,1,0,1804,47,99,125,179,269,215,76,0,0,1010
ROBESON,20,1,9,12,22,17,50,29,0,0,140,0,1,2,4,1,2,2,0,0,12,66,79,97,136,126,159,109,0,0,772,15,31,76,75,110,102,49,0,0,458
ROBESON,21,8,14,23,24,68,86,50,0,0,273,2,7,8,13,22,21,14,0,0,87,112,182,206,276,329,303,132,0,0,1540,29,63,114,183,230,140,44,0,0,803
ROBESON,22,7,19,16,22,45,48,49,0,0,206,7,8,7,8,20,23,13,0,0,86,293,219,172,236,288,235,153,0,0,1596,67,84,114,152,204,149,51,0,0,821
ROBESON,23,12,10,36,38,44,57,46,0,0,243,21,20,35,43,52,50,37,0,0,258,237,276,336,398,412,386,240,0,0,2285,58,117,216,219,272,262,71,0,0,1215
ROBESON,24,2,4,2,6,16,12,12,0,0,54,0,0,0,0,0,0,0,0,0,0,65,111,128,142,147,127,66,0,0,786,26,42,67,82,92,68,21,0,0,398
ROBESON,25,0,6,8,19,27,34,23,0,0,117,0,0,0,1,0,0,0,0,0,1,83,147,155,206,225,173,105,0,0,1094,28,61,90,115,130,97,34,0,0,555
ROBESON,26A,10,18,21,25,67,124,91,0,0,356,27,78,74,93,130,186,132,0,0,720,174,240,235,296,345,427,258,0,0,1975,61,103,166,218,300,248,103,0,0,1199
ROBESON,28,5,2,3,13,15,28,12,0,0,78,3,7,3,16,11,13,10,0,0,63,76,89,99,145,139,128,68,0,0,744,21,28,69,86,84,80,17,0,0,385
ROBESON,29,9,6,10,16,40,79,64,0,0,224,0,1,3,4,17,39,25,0,0,89,34,75,99,117,199,209,145,0,0,878,18,65,64,118,170,153,52,0,0,640
ROBESON,30,10,8,13,29,32,64,52,0,0,208,0,1,0,0,0,0,0,0,0,1,172,200,253,323,361,336,235,0,0,1880,47,96,148,226,255,217,88,0,0,1077
ROBESON,32A,16,17,31,53,123,165,140,0,0,545,1,4,16,12,30,52,32,0,0,147,261,327,395,472,621,563,342,0,0,2981,92,137,208,330,449,342,133,0,0,1691
ROBESON,33,2,0,2,4,7,20,7,0,0,42,0,0,0,0,0,0,0,0,0,0,48,32,63,90,67,79,17,0,0,396,13,13,40,51,54,25,6,0,0,202
ROBESON,34,3,5,8,12,14,35,14,0,0,91,0,1,0,0,0,0,0,0,0,1,97,143,134,181,208,183,94,0,0,1040,33,30,68,82,116,89,18,0,0,436
ROBESON,35,4,10,25,32,57,63,35,0,0,226,0,0,0,0,0,0,0,0,0,0,151,225,194,299,305,254,126,0,0,1554,39,82,134,181,191,145,49,0,0,821
ROBESON,36,2,4,9,9,18,35,20,0,0,97,0,0,1,0,1,1,0,0,0,3,47,74,107,118,120,148,76,0,0,690,21,56,62,83,108,89,22,0,0,441
ROBESON,37,0,1,3,5,6,13,15,0,0,43,0,0,0,0,0,0,0,0,0,0,35,54,46,72,95,84,56,0,0,442,13,10,33,55,67,61,19,0,0,258
ROBESON,38,3,2,3,5,12,19,5,0,0,49,0,0,0,0,0,0,0,0,0,0,15,39,31,52,64,67,34,0,0,302,6,18,25,31,49,38,14,0,0,181
ROBESON,39,5,5,5,20,18,35,26,0,0,114,0,0,0,1,4,3,0,0,0,8,86,130,155,196,233,185,114,1,0,1100,24,38,85,98,145,118,32,0,0,540
ROBESON,40,2,0,3,4,18,28,22,0,0,77,0,0,1,1,4,9,7,0,0,22,26,30,38,43,77,97,56,0,0,367,10,9,15,34,70,61,20,0,0,219
ROBESON,41,2,4,13,14,46,41,29,0,0,149,0,1,0,0,0,0,0,0,0,1,149,271,311,379,516,345,206,0,0,2177,55,110,160,276,288,225,65,0,0,1179
ROCKINGHAM,DR,17,30,42,80,105,123,122,0,0,519,5,23,32,40,61,100,77,0,0,338,117,203,184,256,288,288,194,0,0,1530,51,74,127,181,194,152,88,0,0,867
ROCKINGHAM,EC,39,75,117,134,279,299,308,0,0,1251,24,49,85,99,195,233,223,0,0,908,226,331,371,430,626,574,476,0,0,3034,65,173,210,342,425,419,182,0,0,1816
ROCKINGHAM,ED,53,124,145,192,345,499,401,0,0,1759,24,46,63,95,159,200,186,0,0,773,388,505,586,712,887,961,641,0,0,4680,121,236,312,527,704,590,250,0,0,2740
ROCKINGHAM,HO-1,25,59,81,124,251,302,201,0,0,1043,1,1,3,1,3,2,0,0,0,11,195,329,384,447,575,506,298,0,0,2734,86,150,220,323,423,286,118,0,0,1606
ROCKINGHAM,HU-1,31,72,129,165,277,331,234,0,0,1239,0,1,1,0,3,0,1,0,0,6,269,466,515,599,766,617,373,0,0,3605,93,215,298,405,521,369,116,0,0,2017
ROCKINGHAM,LI-1,46,84,134,177,264,334,261,0,0,1300,0,0,0,1,0,0,0,0,0,1,237,394,423,539,627,618,409,0,0,3247,78,175,234,381,494,392,169,0,0,1923
ROCKINGHAM,MO,35,75,121,170,234,341,239,0,0,1215,1,0,0,1,0,0,1,0,0,3,213,364,412,503,588,538,339,0,0,2957,79,192,257,366,441,325,107,0,0,1767
ROCKINGHAM,NB,44,69,120,160,239,288,218,0,0,1138,0,0,1,0,0,1,0,0,0,2,250,385,456,505,661,568,319,0,0,3144,84,207,262,400,472,309,103,0,0,1837
ROCKINGHAM,RC,49,86,167,277,332,469,335,0,0,1715,2,5,9,15,24,34,31,0,0,120,337,444,521,663,780,816,483,0,0,4044,90,208,301,500,644,487,190,0,0,2420
ROCKINGHAM,RE-1,31,83,126,139,300,393,373,0,0,1445,7,23,45,77,147,208,132,0,0,639,263,579,526,630,884,834,553,0,0,4269,139,248,290,506,655,519,225,0,0,2582
ROCKINGHAM,RE-2,37,61,134,163,298,436,404,0,0,1533,9,32,52,89,177,226,214,0,0,799,277,471,509,579,767,798,629,0,0,4030,122,233,326,449,623,533,272,0,0,2558
ROCKINGHAM,ST,50,96,117,200,362,361,315,0,0,1501,2,11,12,21,38,52,46,0,0,182,316,489,459,683,815,689,524,0,0,3975,108,217,264,564,537,461,192,0,0,2343
ROCKINGHAM,WI,26,55,81,141,259,345,280,0,0,1187,0,0,0,0,1,0,0,0,0,1,213,360,370,496,657,617,395,0,0,3108,95,161,218,378,480,403,158,0,0,1893
ROCKINGHAM,WS-1,31,95,107,154,294,458,399,0,0,1538,6,18,40,49,100,148,121,0,0,482,324,533,502,688,849,914,614,0,0,4424,112,219,289,458,642,574,235,0,0,2529
ROWAN,01,14,18,36,45,68,105,68,0,0,354,0,0,0,0,0,0,0,0,0,0,109,211,212,237,295,277,143,0,0,1484,41,84,97,164,216,142,41,0,0,785
ROWAN,02,1,15,15,19,25,54,54,0,0,183,4,19,13,22,33,50,49,0,0,190,59,177,126,143,197,189,125,0,0,1016,34,63,60,96,143,130,45,0,0,571
ROWAN,03,17,17,45,68,111,131,95,0,0,484,0,0,0,0,0,0,0,0,0,0,140,212,262,287,399,341,225,0,0,1866,43,93,153,235,267,218,83,0,0,1092
ROWAN,04,27,41,73,105,198,202,141,0,0,787,0,0,2,0,0,0,1,0,0,3,265,439,552,604,762,630,359,0,0,3611,76,220,294,478,499,344,125,0,0,2036
ROWAN,05A,25,73,93,106,171,208,170,0,0,846,2,4,1,1,4,0,1,0,0,13,276,601,517,514,622,551,370,0,0,3451,142,242,247,380,419,372,133,0,0,1935
ROWAN,07,10,25,33,36,76,87,74,0,0,341,4,6,8,6,22,19,20,0,0,85,141,203,233,266,317,233,171,0,0,1564,58,85,149,186,214,128,68,0,0,888
ROWAN,08,21,36,47,81,151,217,112,0,0,665,0,0,0,0,0,0,1,0,0,1,224,317,367,447,564,488,249,0,0,2656,70,156,216,339,402,289,75,0,0,1547
ROWAN,09,15,22,26,57,79,83,86,0,0,368,0,1,1,2,0,0,0,0,0,4,136,222,233,284,340,235,223,0,0,1673,50,83,133,206,216,140,96,0,0,924
ROWAN,10,15,36,71,69,131,192,208,0,0,722,2,2,2,8,8,34,47,0,0,103,186,277,374,410,463,417,429,0,0,2556,71,155,203,329,340,313,174,0,0,1585
ROWAN,11,18,28,41,66,139,176,122,0,0,590,0,1,0,1,0,0,0,0,0,2,192,241,283,372,494,472,286,0,0,2340,66,116,160,292,369,285,94,0,0,1382
ROWAN,12,8,16,30,35,72,101,91,0,0,353,4,6,9,19,19,37,34,0,0,128,118,190,197,217,250,249,225,0,0,1446,26,94,102,150,181,184,93,0,0,830
ROWAN,13,19,29,34,57,109,131,61,0,0,440,0,1,0,2,1,0,0,0,0,4,155,245,322,335,401,282,154,0,0,1894,47,119,168,242,241,160,60,0,0,1037
ROWAN,14A,25,29,99,113,166,257,211,0,0,900,3,4,17,23,24,51,31,0,0,153,258,415,578,565,683,619,428,0,0,3546,79,203,305,390,495,396,138,0,0,2006
ROWAN,15,9,40,61,87,150,212,146,0,0,705,0,3,5,8,7,5,3,0,0,31,168,365,385,430,632,497,322,0,0,2799,61,175,190,321,405,290,123,0,0,1565
ROWAN,16,5,33,38,39,53,50,58,0,0,276,7,37,35,57,84,65,54,0,0,339,135,347,251,252,266,202,165,0,0,1618,54,112,120,154,163,133,55,0,0,791
ROWAN,17,12,25,37,33,53,50,44,0,0,254,18,42,40,55,84,65,43,0,0,347,172,347,280,319,362,252,167,0,0,1899,54,129,144,205,214,145,58,0,0,949
ROWAN,18,2,13,4,12,28,36,27,0,0,122,1,13,9,14,38,44,37,0,0,156,28,75,72,74,124,121,71,0,0,565,29,36,30,75,98,63,31,0,0,362
ROWAN,19A,20,42,52,104,150,190,175,0,0,733,4,6,13,21,28,33,31,0,0,136,301,497,512,544,684,552,370,0,0,3460,97,230,247,393,444,306,150,0,0,1867
ROWAN,21,14,34,53,58,100,162,127,0,0,548,0,1,3,1,2,4,2,0,0,13,179,276,264,337,427,405,269,0,0,2157,71,98,154,266,337,268,110,0,0,1304
ROWAN,22,3,8,17,21,50,51,44,0,0,194,0,0,0,0,0,0,0,0,0,0,42,93,110,114,192,137,101,0,0,789,18,46,48,102,118,84,32,0,0,448
ROWAN,23,9,23,32,44,91,94,55,0,0,348,0,0,0,0,0,0,0,0,0,0,97,165,163,206,305,264,151,0,0,1351,35,63,85,195,169,162,51,0,0,760
ROWAN,24,9,10,24,37,67,84,55,0,0,286,0,0,0,0,0,0,0,0,0,0,93,149,199,226,302,236,129,0,0,1334,31,74,125,198,212,119,52,0,0,811
ROWAN,25,17,48,62,105,144,201,129,0,0,706,3,9,13,15,25,43,26,0,0,134,223,402,462,500,543,506,282,0,0,2918,78,181,232,282,395,306,86,0,0,1560
ROWAN,26,13,20,47,68,105,123,59,0,0,435,0,0,0,0,0,0,0,0,0,0,109,189,266,263,310,259,150,0,0,1546,40,107,164,174,240,138,55,0,0,918
ROWAN,27,11,10,29,34,39,84,38,0,0,245,0,0,0,0,0,0,0,0,0,0,70,135,140,170,179,213,111,0,0,1018,22,76,86,114,179,117,38,0,0,632
ROWAN,28,9,25,38,42,72,116,78,0,0,380,4,11,20,36,32,77,31,0,0,211,123,217,238,261,283,297,160,0,0,1579,39,106,150,189,240,179,44,0,0,947
ROWAN,29,9,15,14,27,59,59,64,0,0,247,0,0,0,0,1,0,0,0,0,1,77,110,136,160,193,181,112,0,0,969,30,46,77,132,158,110,40,0,0,593
ROWAN,30,20,12,36,26,66,71,70,0,0,301,7,3,8,2,7,11,15,0,0,53,172,249,232,245,334,256,190,0,0,1678,50,90,95,171,227,152,62,0,0,847
ROWAN,31,0,26,19,33,88,152,90,0,0,408,0,0,0,0,0,2,0,0,0,2,79,151,115,194,313,301,198,0,0,1351,32,57,76,160,259,181,65,0,0,830
ROWAN,32,7,22,19,30,87,75,66,0,0,306,0,0,0,0,1,0,0,0,0,1,111,195,174,213,307,220,165,0,0,1385,44,81,106,185,197,147,66,0,0,826
ROWAN,33,14,20,33,48,80,104,66,0,0,365,1,0,0,1,0,0,0,0,0,2,130,150,236,275,293,244,175,0,0,1503,26,85,128,193,209,152,70,0,0,863
ROWAN,34,16,24,39,43,72,120,92,0,0,406,10,31,44,40,63,95,60,0,0,343,183,303,264,287,349,328,213,0,0,1927,69,130,169,188,275,197,73,0,0,1101
ROWAN,35,4,11,17,27,49,72,75,0,0,255,5,13,30,43,57,88,71,0,0,307,55,89,110,118,167,163,136,0,0,838,17,64,68,111,126,129,50,0,0,565
ROWAN,36,11,14,33,46,87,124,175,0,0,490,9,17,38,43,75,82,134,0,0,398,132,240,271,283,346,330,412,0,0,2014,51,123,146,214,234,215,241,0,0,1224
ROWAN,38,5,27,27,37,72,117,101,0,0,386,10,16,32,54,68,84,62,0,0,326,119,216,238,280,355,360,254,0,0,1822,56,108,143,196,261,244,107,0,0,1115
ROWAN,39,14,11,19,31,71,125,135,0,0,406,8,10,24,39,65,110,95,0,0,351,170,111,117,204,262,278,218,0,0,1360,44,58,101,153,225,195,90,0,0,866
ROWAN,40,10,26,51,44,86,135,149,0,0,501,4,26,51,63,95,117,118,0,0,474,148,217,238,286,306,345,255,0,0,1795,53,119,162,211,261,275,99,0,0,1180
ROWAN,41,3,20,30,30,78,159,177,0,0,497,9,17,34,42,79,127,127,0,0,435,137,200,198,224,363,371,376,0,0,1869,57,92,124,205,307,285,151,0,0,1221
ROWAN,42,58,8,9,11,18,32,19,0,0,155,73,6,11,18,23,45,25,0,0,201,328,72,86,81,115,94,40,0,0,816,121,43,53,45,94,32,29,0,0,417
ROWAN,44,17,36,22,48,89,126,67,0,0,405,0,0,0,0,0,0,0,0,0,0,190,247,293,330,475,399,201,0,0,2135,50,111,176,247,287,198,69,0,0,1138
ROWAN,45,4,14,12,28,55,71,54,0,0,238,0,7,2,7,11,9,13,0,0,49,59,126,128,143,241,189,141,0,0,1027,35,47,75,133,171,112,51,0,0,624
RUTHERFORD,03A,17,53,56,83,122,149,112,0,0,592,0,0,0,0,0,0,0,0,0,0,146,208,198,278,370,317,233,0,0,1750,58,118,127,247,247,228,83,0,0,1108
RUTHERFORD,04A,33,35,77,89,131,151,114,0,0,630,0,0,0,0,0,0,0,0,0,0,147,184,234,301,367,357,236,0,0,1826,45,128,150,201,296,235,86,0,0,1141
RUTHERFORD,05A,16,37,40,88,149,124,87,0,0,541,1,0,0,0,0,1,0,0,0,2,141,224,242,330,404,314,236,0,0,1891,48,92,149,256,246,202,93,0,0,1086
RUTHERFORD,06A,5,16,19,37,119,231,188,0,0,615,0,0,0,0,1,3,0,0,0,4,74,111,157,243,456,612,364,0,0,2017,34,49,101,174,362,368,126,0,0,1214
RUTHERFORD,09A,28,66,87,122,200,183,151,0,0,837,0,0,0,0,0,0,0,0,0,0,197,307,324,457,544,452,337,0,0,2618,72,124,237,330,348,315,123,0,0,1549
RUTHERFORD,10A,13,14,43,37,83,113,75,0,0,378,0,0,0,0,0,0,0,0,0,0,65,101,113,160,260,253,142,0,0,1094,21,50,71,124,184,146,51,0,0,647
RUTHERFORD,11,40,97,145,177,298,300,219,0,0,1276,0,0,0,0,0,0,0,0,0,0,314,517,573,729,829,724,460,0,0,4146,118,235,344,508,537,451,202,0,0,2395
RUTHERFORD,13,31,63,77,124,207,199,193,0,0,894,0,0,0,0,1,0,0,0,0,1,220,356,346,426,572,464,429,0,0,2813,97,152,242,383,399,342,159,0,0,1774
RUTHERFORD,14,13,60,65,81,137,114,87,0,0,557,0,0,0,0,0,0,0,0,0,0,160,266,244,303,329,284,180,0,0,1766,78,106,161,214,229,161,85,0,0,1034
RUTHERFORD,16A,34,67,70,120,173,239,166,0,0,869,0,0,0,0,0,0,0,0,0,0,160,221,272,318,490,476,287,0,0,2224,58,101,161,247,324,291,92,0,0,1274
RUTHERFORD,18,23,32,47,94,143,183,120,0,0,642,0,0,0,0,0,0,0,0,0,0,98,168,194,270,369,373,236,0,0,1708,44,75,122,223,282,230,74,0,0,1050
RUTHERFORD,19,17,44,46,75,88,100,76,0,0,446,0,0,0,0,0,0,0,0,0,0,138,204,204,281,277,261,154,0,0,1519,44,80,137,182,189,141,55,0,0,828
RUTHERFORD,27,34,57,100,151,213,270,207,0,0,1032,0,0,0,0,0,0,0,0,0,0,178,280,304,400,547,544,396,0,0,2649,65,169,196,354,415,360,127,0,0,1686
RUTHERFORD,28,32,31,56,51,96,108,71,0,0,445,0,0,0,0,0,0,0,0,0,0,99,146,166,172,241,212,155,0,0,1191,44,70,83,144,166,129,52,0,0,688
RUTHERFORD,29,18,42,53,63,97,128,76,0,0,477,0,0,0,0,0,0,0,0,0,0,124,187,188,236,290,246,157,0,0,1428,62,75,109,183,201,169,40,0,0,839
RUTHERFORD,30,25,58,71,96,152,179,141,0,0,722,1,0,0,0,1,0,0,0,0,2,160,295,303,361,438,426,295,0,0,2278,87,125,199,275,316,276,106,0,0,1384
RUTHERFORD,34,13,18,31,66,100,116,86,0,0,430,0,0,0,0,0,0,0,0,0,0,89,116,151,185,259,243,147,0,0,1190,23,64,105,135,191,160,47,0,0,725
SAMPSON,AUTR,10,34,22,45,84,93,76,0,0,364,0,2,0,1,3,7,3,0,0,16,102,161,163,195,266,216,147,0,0,1250,40,56,96,151,173,140,60,0,0,716
SAMPSON,CLCE,8,13,12,15,28,53,39,0,0,168,2,7,2,11,9,22,17,0,0,70,50,71,70,82,90,110,78,0,0,551,19,31,50,60,94,71,42,0,0,367
SAMPSON,CLEA,25,21,55,103,158,177,156,0,0,695,0,2,1,1,6,26,13,0,0,49,164,219,235,323,388,357,244,0,0,1930,57,100,173,261,292,238,113,0,0,1234
SAMPSON,CLEM,17,23,34,61,77,99,79,0,0,390,0,1,3,0,0,0,0,0,0,4,120,141,156,220,234,222,124,0,0,1217,37,43,123,165,181,137,43,0,0,729
SAMPSON,CLNE,15,28,54,60,97,152,133,0,0,539,6,4,20,19,33,43,45,0,0,170,121,159,175,191,268,309,212,0,0,1435,32,82,116,165,241,192,91,0,0,919
SAMPSON,CLSW,14,16,22,32,64,104,66,0,0,318,3,5,3,4,14,23,11,0,0,63,99,130,133,188,202,224,158,0,0,1134,27,50,91,134,172,127,59,0,0,660
SAMPSON,CLWE,25,25,57,90,120,146,117,0,0,580,7,3,16,27,44,43,32,0,0,172,103,137,171,185,236,276,206,0,0,1314,47,77,131,157,226,184,95,0,0,917
SAMPSON,GARL,13,14,13,34,44,58,68,0,0,244,15,11,15,22,38,37,29,0,0,167,97,105,88,138,151,165,130,0,0,874,26,39,76,107,121,108,57,0,0,534
SAMPSON,GIDD,12,26,18,35,57,83,55,0,0,286,0,0,0,0,0,0,0,0,0,0,102,120,87,126,160,178,101,0,0,874,33,42,56,87,143,99,42,0,0,502
SAMPSON,HARR,8,21,41,46,88,163,90,0,0,457,1,1,4,4,4,8,8,0,0,30,68,106,184,173,233,283,159,0,0,1206,28,77,82,152,226,163,62,0,0,790
SAMPSON,HERR,18,23,22,37,61,60,44,0,0,265,0,0,0,0,0,1,0,0,0,1,55,75,76,93,138,97,77,0,0,611,18,48,55,94,94,81,30,0,0,420
SAMPSON,INGO,14,19,15,42,58,69,78,0,0,295,0,0,0,0,0,0,0,0,0,0,86,89,108,130,142,169,129,0,0,853,24,41,58,103,100,128,52,0,0,506
SAMPSON,KEEN,14,23,35,57,85,93,54,0,0,361,0,0,0,0,0,0,0,0,0,0,100,124,128,159,177,162,103,0,0,953,21,56,77,127,134,97,50,0,0,562
SAMPSON,KFRK,17,35,47,78,99,112,97,0,0,485,0,0,0,1,0,0,0,0,0,1,124,157,162,241,262,217,172,0,0,1335,46,85,125,185,175,173,62,0,0,851
SAMPSON,LAKE,28,30,35,65,141,183,148,0,0,630,0,4,9,6,14,25,17,0,0,75,159,199,215,311,366,415,255,0,0,1920,56,90,159,252,301,266,99,0,0,1223
SAMPSON,MING,35,49,66,105,136,169,129,0,0,689,0,0,0,0,0,0,0,0,0,0,214,261,273,375,375,310,209,0,0,2017,63,96,171,236,242,188,79,0,0,1075
SAMPSON,NGRV,20,25,46,61,60,115,84,0,0,411,0,0,3,3,7,13,13,0,0,39,95,135,155,164,176,210,154,0,0,1089,28,84,75,115,171,138,68,0,0,679
SAMPSON,PLVW,35,65,81,120,161,179,140,0,0,781,0,0,0,1,0,0,0,0,0,1,200,290,314,410,411,268,225,0,0,2118,73,111,193,286,253,195,78,0,0,1189
SAMPSON,ROSE,10,19,17,45,63,78,49,0,0,281,1,3,8,6,23,30,11,0,0,82,99,144,137,198,210,221,106,0,0,1115,22,45,65,125,158,126,37,0,0,578
SAMPSON,ROWA,14,41,26,41,89,116,90,0,0,417,0,0,0,0,0,0,0,0,0,0,105,153,129,177,232,213,152,0,0,1161,49,71,87,146,183,144,61,0,0,741
SAMPSON,SBRG,17,21,35,32,50,65,52,0,0,272,2,7,14,12,15,24,19,0,0,93,66,119,104,117,162,115,92,0,0,775,19,48,61,95,108,75,39,0,0,445
SAMPSON,TURK,8,24,19,19,54,72,37,0,0,233,3,4,4,4,10,14,9,0,0,48,67,103,105,101,179,160,91,0,0,806,31,53,64,91,147,101,36,0,0,523
SAMPSON,WBRK,11,41,31,64,85,88,82,0,0,402,0,0,0,0,0,0,0,0,0,0,93,161,129,200,234,199,122,0,0,1138,42,62,110,147,178,114,46,0,0,699
SCOTLAND,01-16,12,24,32,66,111,156,152,0,0,553,4,19,23,48,80,115,100,0,0,389,115,189,200,282,386,356,219,0,0,1747,37,99,160,223,289,228,96,0,0,1132
SCOTLAND,02-25,20,35,44,76,139,183,137,0,0,634,11,14,21,26,43,78,56,0,0,249,164,199,277,321,455,446,234,0,0,2096,40,112,152,245,368,257,81,0,0,1255
SCOTLAND,03,15,40,49,90,152,242,207,0,0,795,8,18,29,58,112,168,118,0,0,511,171,200,257,333,409,443,315,0,0,2128,59,107,178,268,361,288,138,0,0,1399
SCOTLAND,04,29,56,71,129,180,285,278,0,0,1028,3,21,32,57,102,168,128,0,0,511,216,223,300,389,474,568,489,0,0,2659,63,115,227,310,429,423,244,0,0,1811
SCOTLAND,05-10,11,20,25,55,81,102,89,0,0,383,1,3,4,13,19,26,19,0,0,85,73,145,153,216,298,269,159,0,0,1313,25,51,93,152,209,166,52,0,0,748
SCOTLAND,06-89,14,49,51,111,146,168,177,0,0,716,1,0,2,1,0,1,3,0,0,8,162,241,275,449,446,402,263,0,0,2238,47,93,177,263,281,292,81,0,0,1234
SCOTLAND,07,16,29,36,80,126,204,161,0,0,652,0,1,5,7,18,24,27,0,0,82,123,219,272,368,457,447,282,0,0,2168,50,126,152,260,322,296,107,0,0,1313
STANLY,0003,15,23,42,49,77,103,110,0,0,419,0,0,0,0,2,0,0,0,0,2,117,241,245,261,332,294,253,0,0,1743,46,134,151,215,245,233,102,0,0,1126
STANLY,0011,10,15,17,28,44,78,70,0,0,262,0,0,0,0,0,0,0,0,0,0,92,146,138,173,180,180,184,0,0,1093,29,70,84,131,151,136,89,0,0,690
STANLY,0014,2,11,10,24,49,81,59,0,0,236,0,0,0,0,0,0,0,0,0,0,60,68,93,145,214,184,131,0,0,895,17,49,60,133,160,132,48,0,0,599
STANLY,0015,4,5,11,31,37,72,84,0,0,244,0,0,0,0,0,0,0,0,0,0,82,101,118,179,193,201,141,0,0,1015,20,55,82,112,150,152,52,0,0,623
STANLY,0016,4,10,10,16,45,56,57,0,0,198,0,0,0,0,2,0,0,0,0,2,86,126,126,164,205,196,134,0,0,1037,34,55,71,116,156,154,39,0,0,625
STANLY,0017,13,31,25,47,78,88,72,0,0,354,0,1,0,0,0,0,0,0,0,1,146,212,236,284,340,266,169,0,0,1653,58,100,153,236,216,171,58,0,0,992
STANLY,0018,4,9,18,23,43,67,51,0,0,215,0,0,0,1,0,0,0,0,0,1,60,153,134,140,182,182,115,0,0,966,39,61,80,115,138,114,37,0,0,584
STANLY,0019,12,16,19,41,57,82,64,0,0,291,0,0,0,0,0,0,0,0,0,0,139,176,226,239,251,232,149,0,0,1412,47,104,145,177,191,151,70,0,0,885
STANLY,0021,10,4,16,29,51,55,58,0,0,223,0,0,0,0,0,0,0,0,0,0,122,142,168,197,211,196,138,0,0,1174,36,83,110,165,173,121,57,0,0,745
STANLY,0022,12,16,31,51,53,91,63,0,0,317,0,0,0,0,0,0,0,0,0,0,162,257,263,294,304,246,191,0,0,1717,54,135,165,208,202,178,70,0,0,1012
STANLY,0023,12,17,25,43,76,121,96,0,0,390,1,0,0,0,0,2,0,0,0,3,252,395,455,465,507,394,299,0,0,2767,91,167,227,325,315,261,99,0,0,1485
STANLY,0024,10,22,41,32,108,151,115,0,0,479,0,0,0,0,1,1,2,0,0,4,265,585,628,498,619,580,427,0,0,3602,115,216,255,338,424,334,160,0,0,1842
STANLY,0025,14,19,46,51,87,162,66,0,0,445,0,0,0,1,1,1,0,0,0,3,269,506,524,483,639,479,254,0,0,3154,97,232,251,390,421,237,82,0,0,1710
STANLY,0107,8,19,21,37,70,92,97,0,0,344,0,1,0,0,0,0,0,0,0,1,129,287,289,294,363,348,256,0,0,1966,74,120,147,229,236,227,91,0,0,1124
STANLY,0108,3,6,15,16,51,63,32,0,0,186,0,0,0,0,0,0,0,0,0,0,63,132,147,134,223,174,94,0,0,967,30,61,67,136,151,87,44,0,0,576
STANLY,0110,10,20,19,26,65,85,53,0,0,278,1,0,0,0,0,0,0,0,0,1,132,242,243,237,302,230,145,0,0,1531,56,84,128,164,172,132,44,0,0,780
STANLY,0113,6,6,17,16,28,45,55,0,0,173,0,0,0,1,0,1,0,0,0,2,82,163,157,161,201,175,136,0,0,1075,26,74,90,100,145,117,60,0,0,612
STANLY,0120,13,17,41,58,87,112,79,0,0,407,0,0,1,0,0,0,0,0,0,1,194,367,364,406,485,349,223,0,0,2388,78,175,190,307,330,202,76,0,0,1358
STANLY,0126,7,12,34,47,72,90,68,0,0,330,0,0,0,0,0,0,0,0,0,0,162,234,274,289,366,309,192,0,0,1826,44,110,155,214,238,203,70,0,0,1034
STANLY,0127,13,29,18,42,120,148,136,0,0,506,0,0,0,0,2,0,0,0,0,2,219,316,308,408,588,532,373,0,0,2744,74,137,205,394,402,403,138,0,0,1753
STANLY,0212,12,20,15,29,72,95,70,0,0,313,0,0,0,0,0,0,0,0,0,0,171,292,253,291,357,290,175,0,0,1829,50,127,137,210,207,167,63,0,0,961
STOKES,01,14,24,21,37,71,72,53,0,0,292,4,3,6,16,5,10,4,0,0,48,42,74,78,113,144,135,83,0,0,669,28,28,54,104,108,91,21,0,0,434
STOKES,02,21,31,38,79,100,139,93,0,0,501,0,0,0,0,0,0,0,0,0,0,120,153,169,271,327,256,172,0,0,1468,44,53,120,185,243,145,72,0,0,862
STOKES,03,24,30,49,66,114,148,99,0,0,530,0,0,0,0,0,0,0,0,0,0,96,137,141,194,216,243,137,0,0,1164,38,64,96,149,186,140,56,0,0,729
STOKES,04,9,29,21,44,105,109,95,0,0,412,0,0,1,1,3,0,1,0,0,6,143,218,264,276,327,288,180,0,0,1696,53,92,151,193,238,193,45,0,0,965
STOKES,0506,16,13,34,54,78,122,83,0,0,400,0,0,0,0,0,0,0,0,0,0,90,122,146,216,249,241,164,0,0,1228,26,51,108,141,189,153,56,0,0,724
STOKES,07,4,8,9,26,40,42,48,0,0,177,0,0,0,0,0,0,0,0,0,0,39,78,52,94,111,103,90,0,0,567,11,34,35,75,70,87,31,0,0,343
STOKES,08,19,19,25,32,93,79,93,0,0,360,0,0,0,0,0,0,0,0,0,0,88,138,142,181,269,188,166,0,0,1172,26,59,84,181,135,136,56,0,0,677
STOKES,09,17,34,38,52,89,171,98,0,0,499,0,0,0,0,0,0,0,0,0,0,136,211,224,278,381,349,177,0,0,1756,39,107,139,229,300,185,64,0,0,1063
STOKES,10,22,43,48,78,162,233,181,0,0,767,7,17,25,33,78,103,65,0,0,328,237,436,464,486,608,546,378,0,0,3155,88,177,252,363,442,333,156,0,0,1811
STOKES,11,16,37,45,90,142,220,184,0,0,734,4,6,12,27,36,78,65,0,0,228,251,369,350,431,546,567,424,0,0,2938,90,136,210,308,409,359,138,0,0,1650
STOKES,12,16,22,43,59,115,147,102,0,0,504,0,0,0,0,0,0,0,0,0,0,108,184,205,271,354,280,177,0,0,1579,24,83,132,224,246,174,60,0,0,943
STOKES,13,9,12,40,34,82,133,66,0,0,376,0,0,0,0,0,0,0,0,0,0,112,185,220,252,298,266,134,0,0,1467,39,85,111,182,213,132,58,0,0,820
STOKES,140,14,29,46,61,136,168,117,0,0,571,0,0,0,0,0,0,0,0,0,0,159,229,248,302,452,323,236,0,0,1949,52,99,137,250,268,197,83,0,0,1086
STOKES,150,8,31,20,43,81,112,87,0,0,382,0,0,0,0,0,0,0,0,0,0,74,138,137,132,252,232,140,0,0,1105,36,62,61,145,207,130,63,0,0,704
STOKES,1618,15,18,36,43,120,163,127,0,0,522,2,3,8,9,25,30,31,0,0,108,134,192,201,263,334,316,185,0,0,1625,46,68,99,212,260,195,65,0,0,945
STOKES,17,6,23,36,22,101,111,103,0,0,402,1,3,4,13,16,25,20,0,0,82,93,203,157,189,317,238,178,0,0,1375,54,93,82,171,230,124,96,0,0,850
STOKES,1819,7,21,22,29,72,79,49,0,0,279,0,0,0,0,0,0,0,0,0,0,60,88,78,121,208,149,113,0,0,817,25,28,46,113,154,82,56,0,0,504
STOKES,20,8,23,30,35,75,98,62,0,0,331,0,0,0,0,0,0,0,0,0,0,104,130,152,179,257,197,116,0,0,1135,25,54,63,167,148,119,42,0,0,618
SURRY,01,26,47,57,83,103,136,119,0,0,571,0,0,0,0,0,0,0,0,0,0,123,183,195,238,295,280,210,0,0,1524,30,76,113,177,210,193,72,0,0,871
SURRY,04,29,46,66,89,123,153,134,0,0,640,0,0,0,0,0,0,0,0,0,0,148,186,142,220,286,243,196,0,0,1421,46,85,102,169,209,178,74,0,0,863
SURRY,05,32,96,88,130,206,195,129,0,0,876,0,0,0,0,0,0,0,0,0,0,158,311,233,359,442,336,195,0,0,2034,69,127,156,301,236,228,66,0,0,1183
SURRY,09,25,23,46,68,99,112,86,0,0,459,0,0,0,0,0,0,0,0,0,0,105,112,112,213,204,207,136,0,0,1089,24,43,90,141,138,114,53,0,0,603
SURRY,10,12,39,44,61,77,80,60,0,0,373,0,0,0,0,0,0,0,0,0,0,90,121,117,168,215,151,101,0,0,963,23,49,83,121,132,96,32,0,0,536
SURRY,11,18,31,32,42,75,75,51,0,0,324,0,0,0,0,0,0,0,0,0,0,88,153,120,183,213,174,125,0,0,1056,31,60,80,118,133,114,54,0,0,590
SURRY,12,16,45,51,65,95,125,114,0,0,511,0,0,0,0,0,0,0,0,0,0,119,192,176,226,300,261,215,0,0,1489,47,55,103,130,213,144,99,0,0,791
SURRY,15,10,47,35,44,121,104,82,0,0,443,0,0,0,0,0,0,0,0,0,0,110,202,143,196,291,229,180,0,0,1351,29,67,73,160,171,144,47,0,0,691
SURRY,16,11,28,41,56,95,96,58,0,0,385,0,0,0,0,0,0,0,0,0,0,98,129,118,178,225,198,130,0,0,1076,26,44,91,139,141,96,55,0,0,592
SURRY,17,15,33,49,46,71,107,69,0,0,390,0,0,0,0,0,0,0,0,0,0,76,125,104,155,207,211,132,0,0,1010,27,46,56,115,137,119,42,0,0,542
SURRY,18,24,41,81,80,154,184,167,0,0,731,0,0,0,0,0,0,0,0,0,0,106,214,193,194,319,296,265,0,0,1587,36,85,105,182,247,195,117,0,0,967
SURRY,19,38,78,95,110,163,194,131,0,0,809,0,0,0,0,0,0,0,0,0,0,170,276,287,312,418,393,276,0,0,2132,47,122,146,213,293,227,94,0,0,1142
SURRY,22,17,36,58,61,69,91,65,0,0,397,0,0,0,0,0,0,0,0,0,0,72,128,146,162,188,160,100,0,0,956,24,60,61,120,127,110,31,0,0,533
SURRY,23,12,34,39,56,73,136,80,0,0,430,0,0,0,0,0,0,0,0,0,0,78,139,159,170,259,236,145,0,0,1186,36,62,77,144,210,141,51,0,0,721
SURRY,24,14,15,33,36,55,47,50,0,0,250,0,0,0,0,1,0,0,0,0,1,68,77,83,118,139,96,86,0,0,667,28,32,52,84,94,67,34,0,0,391
SURRY,25,22,47,61,73,119,87,67,0,0,476,0,0,0,0,0,0,0,0,0,0,94,136,143,180,245,205,130,0,0,1133,35,58,104,140,150,132,40,0,0,659
SURRY,26,26,95,123,119,192,189,131,0,0,875,0,0,0,0,0,0,0,0,0,0,152,273,304,325,466,370,244,0,0,2134,57,126,148,255,260,211,80,0,0,1137
SURRY,27,19,47,43,81,102,112,84,0,0,488,0,0,0,0,0,0,0,0,0,0,96,179,140,222,278,223,149,0,0,1287,48,63,105,162,182,136,44,0,0,740
SURRY,28,12,30,43,63,81,76,68,0,0,373,0,0,0,0,0,0,0,0,0,0,97,130,136,190,228,193,122,0,0,1096,27,52,82,129,121,111,41,0,0,563
SURRY,29,58,89,107,164,203,222,165,0,0,1008,0,0,0,0,0,0,0,0,0,0,222,314,290,367,486,423,245,0,0,2347,74,114,192,263,351,226,94,0,0,1314
SURRY,30,28,55,99,109,226,280,296,0,0,1093,0,0,0,0,0,0,0,0,0,0,266,383,450,511,644,691,578,0,0,3523,75,162,282,379,459,456,214,0,0,2027
SURRY,32,32,55,102,150,177,210,194,0,0,920,0,0,0,0,0,0,0,0,0,0,230,283,362,447,452,444,344,0,0,2562,49,152,229,328,331,331,107,0,0,1527
SURRY,34,43,93,129,171,304,341,329,0,0,1410,0,0,0,0,0,0,0,0,0,0,241,333,414,450,683,665,533,0,0,3319,74,176,266,403,485,469,226,0,0,2099
SWAIN,ALARKA,7,16,29,29,61,68,59,0,0,269,0,0,0,0,0,0,0,0,0,0,40,69,82,97,137,126,90,0,0,641,17,36,47,80,113,93,35,0,0,421
SWAIN,ALMOND,8,13,41,50,77,130,93,0,0,412,0,0,0,1,0,0,0,0,0,1,55,88,125,163,231,248,149,0,0,1059,25,62,85,110,194,150,52,0,0,678
SWAIN,BC1,22,55,45,88,144,157,119,0,0,630,1,2,4,11,20,16,15,0,0,69,125,169,196,273,320,313,225,1,0,1622,53,95,156,258,254,229,90,1,0,1136
SWAIN,BC2,12,23,76,84,118,187,128,0,0,628,1,1,14,7,8,17,13,0,0,61,102,157,233,242,294,361,245,0,0,1634,54,113,156,190,263,225,105,0,0,1106
SWAIN,WHCH,8,46,69,91,138,140,96,0,0,588,0,0,0,0,0,0,0,0,0,0,142,282,291,300,400,318,212,0,0,1945,55,151,146,248,254,194,84,0,0,1132
TRANSYLVANIA,B1,12,25,52,93,79,185,151,0,0,597,13,37,73,101,83,143,129,0,0,579,82,136,209,224,211,277,252,0,0,1391,43,99,150,136,200,215,104,0,0,947
TRANSYLVANIA,B2,4,27,55,40,58,98,147,0,0,429,6,23,50,46,58,96,72,0,0,351,67,137,181,152,204,252,210,0,0,1203,32,111,99,109,162,214,63,0,0,790
TRANSYLVANIA,B3,9,32,52,57,67,175,236,0,0,628,4,48,62,69,110,212,254,0,0,759,61,155,190,197,230,358,388,0,0,1579,33,89,126,123,214,263,201,0,0,1049
TRANSYLVANIA,B4,15,11,32,44,57,122,217,0,0,498,21,26,39,95,89,156,241,0,0,667,100,98,126,147,165,227,354,0,0,1217,33,53,87,104,170,159,240,0,0,846
TRANSYLVANIA,BD,12,32,51,66,107,171,136,0,0,575,0,0,0,0,0,0,0,0,0,0,159,242,328,314,405,386,263,0,0,2097,63,134,206,227,327,265,123,0,0,1345
TRANSYLVANIA,CC.1,12,34,43,60,78,176,166,0,0,569,0,0,1,1,0,0,0,0,0,2,140,217,259,264,311,398,307,0,0,1896,52,122,178,199,283,274,148,0,0,1256
TRANSYLVANIA,CM,7,7,9,18,42,84,94,0,0,261,0,0,0,0,2,2,0,0,0,4,43,43,57,83,138,192,147,0,0,703,12,25,46,68,132,129,53,0,0,465
TRANSYLVANIA,DR,4,22,14,49,111,322,310,0,0,832,0,0,0,0,1,0,0,0,0,1,75,127,127,182,399,662,551,0,0,2123,35,62,110,130,326,472,240,0,0,1375
TRANSYLVANIA,EF,2,7,24,23,45,107,88,0,0,296,0,0,0,0,1,0,0,0,0,1,35,64,72,82,189,270,153,0,0,865,20,41,43,68,155,160,55,0,0,542
TRANSYLVANIA,LR,3,25,48,48,65,127,88,0,0,404,0,0,0,0,1,0,0,0,0,1,98,149,208,211,247,276,171,0,0,1360,42,93,151,139,224,190,82,0,0,921
TRANSYLVANIA,PF,7,10,28,27,60,71,57,0,0,260,5,6,23,31,32,20,24,0,0,141,60,90,158,128,163,161,152,0,0,912,24,68,87,123,117,126,63,0,0,608
TRANSYLVANIA,RE.1,18,33,55,72,95,130,82,0,0,485,10,9,12,14,22,13,10,0,0,90,153,214,253,258,338,263,163,0,0,1642,58,112,143,225,242,175,67,0,0,1022
TRANSYLVANIA,TC1,4,11,11,17,44,43,37,0,0,167,0,0,0,0,0,0,0,0,0,0,53,89,93,102,157,117,82,0,0,693,33,46,48,86,113,86,30,0,0,442
TRANSYLVANIA,TC7,9,16,19,20,70,130,115,0,0,379,0,0,0,0,0,0,0,0,0,0,81,116,172,171,268,324,256,0,0,1388,25,88,82,118,210,245,93,0,0,861
TRANSYLVANIA,WC,8,16,29,46,67,187,207,0,0,560,0,2,0,0,0,1,0,0,0,3,69,88,135,161,224,384,290,0,0,1351,36,56,77,127,228,297,126,0,0,947
TYRRELL,1,2,1,3,2,15,17,16,0,0,56,0,0,0,0,0,0,0,0,0,0,4,8,18,21,38,27,24,0,0,140,2,10,10,14,31,19,14,0,0,100
TYRRELL,14,0,2,3,4,6,8,4,0,0,27,0,0,0,0,0,0,0,0,0,0,1,3,8,4,10,10,6,0,0,42,0,6,4,7,5,5,3,0,0,30
TYRRELL,15,5,7,15,11,31,56,35,0,0,160,0,0,0,0,0,0,0,0,0,0,18,32,52,40,75,95,56,0,0,368,7,25,29,41,77,60,23,0,0,262
TYRRELL,16,0,0,0,0,2,0,2,0,0,4,0,0,0,0,0,0,0,0,0,0,0,2,1,3,5,8,3,0,0,22,0,0,0,1,7,3,1,0,0,12
TYRRELL,2,5,22,43,62,68,115,93,0,0,408,0,1,6,6,9,21,17,0,0,60,51,109,128,166,198,210,149,0,0,1011,22,73,95,105,187,119,62,1,0,664
TYRRELL,3,0,3,3,10,17,22,12,0,0,67,0,0,0,0,0,0,0,0,0,0,4,12,11,19,31,33,14,0,0,124,3,9,12,16,25,13,6,0,0,84
UNION,0005,22,52,69,84,113,125,116,0,0,581,8,11,17,17,23,27,24,0,0,127,305,519,515,534,567,420,275,0,0,3135,124,222,246,366,350,270,93,0,0,1671
UNION,001,12,19,8,10,18,35,9,0,0,111,0,0,1,0,0,0,0,0,0,1,107,113,88,82,108,93,32,0,0,623,27,40,48,65,82,31,13,0,0,306
UNION,0019,30,33,71,126,203,181,125,0,0,769,12,7,14,41,66,73,44,0,0,257,388,396,672,871,784,498,321,0,0,3930,114,209,380,577,432,273,99,0,0,2084
UNION,002,13,19,16,35,74,88,80,0,0,325,0,0,0,2,0,0,0,0,0,2,108,149,142,152,222,189,123,0,0,1085,40,61,76,148,179,120,53,0,0,677
UNION,0020A,23,35,51,78,141,132,117,0,0,577,28,51,90,111,140,121,84,0,0,625,328,393,471,618,589,407,285,0,0,3091,82,152,314,441,328,218,72,0,0,1607
UNION,0020B,38,24,48,127,155,140,132,0,0,664,34,15,78,161,106,81,55,0,0,530,519,268,496,1019,650,410,316,0,0,3678,110,115,402,630,337,230,83,0,0,1907
UNION,003,6,11,19,21,43,76,63,0,0,239,1,0,0,0,1,0,1,0,0,3,71,113,110,101,147,166,140,0,0,848,27,48,50,76,131,128,54,0,0,514
UNION,0030,32,51,72,122,227,190,224,0,0,918,2,2,1,1,0,0,1,0,0,7,361,520,590,609,660,490,428,0,0,3658,120,231,317,451,381,369,164,0,0,2033
UNION,004,15,16,11,18,28,36,43,0,0,167,0,0,0,0,0,0,0,0,0,0,107,113,90,91,148,115,90,0,0,754,41,55,48,93,102,74,34,0,0,447
UNION,0044,32,23,85,156,117,101,42,0,0,556,29,50,175,258,122,94,37,0,0,765,299,289,792,855,357,218,115,0,0,2925,36,161,322,264,121,63,27,0,0,994
UNION,0045,26,19,34,96,157,102,62,0,0,496,5,2,11,38,32,22,14,0,0,124,347,181,483,699,481,266,133,0,0,2590,56,111,299,443,250,124,48,0,0,1331
UNION,006,22,42,63,62,101,95,73,0,0,458,7,9,32,20,35,45,19,0,0,167,186,365,361,330,358,267,164,0,0,2031,67,156,169,213,230,157,63,0,0,1055
UNION,007,30,61,80,106,209,177,156,0,0,819,0,1,1,1,3,2,4,0,0,12,335,535,528,583,671,427,330,0,0,3409,128,208,285,452,400,283,105,0,0,1861
UNION,008,10,17,28,30,58,97,80,0,0,320,3,6,10,16,27,43,23,0,0,128,191,204,192,216,260,226,164,0,0,1453,87,109,140,182,195,171,67,0,0,951
UNION,009,10,18,13,28,42,50,32,0,0,193,15,23,39,49,66,72,44,0,0,308,91,139,159,145,184,151,100,0,0,969,42,79,94,123,129,76,40,0,0,583
UNION,010,14,26,31,43,72,53,57,0,0,296,0,0,1,0,0,0,0,0,0,1,64,117,111,136,178,131,101,0,0,838,39,46,72,125,115,93,33,0,0,523
UNION,011,35,35,75,113,129,140,88,0,0,615,0,1,0,1,0,0,0,0,0,2,264,332,404,468,490,341,196,0,0,2495,93,171,286,367,306,196,86,0,0,1505
UNION,012,26,33,70,69,98,133,102,0,0,531,0,3,16,9,20,23,29,0,0,100,229,295,353,371,438,290,242,0,0,2218,97,195,231,297,297,198,97,0,0,1412
UNION,013,28,40,56,98,144,149,115,0,0,630,30,43,71,93,156,122,95,0,0,610,292,310,342,423,483,329,239,0,0,2418,95,160,231,354,342,214,91,0,0,1487
UNION,014,11,20,19,22,46,65,42,0,0,225,9,30,29,22,39,44,20,0,0,193,169,294,235,213,247,181,112,0,0,1451,53,103,107,151,133,88,54,0,0,689
UNION,015,19,35,84,100,115,142,176,0,0,671,7,28,58,69,78,82,75,0,0,397,307,535,695,732,631,506,444,0,0,3850,126,269,414,469,427,372,150,0,0,2227
UNION,016,36,41,108,163,167,183,172,0,0,870,28,33,119,172,125,113,87,0,0,677,574,597,1050,1089,837,582,406,0,0,5135,145,326,604,603,469,349,135,0,0,2631
UNION,017A,17,24,52,88,140,211,125,0,0,657,10,11,39,76,79,78,32,0,0,325,292,276,360,560,680,624,338,0,0,3130,60,141,244,445,494,278,89,0,0,1751
UNION,017B,30,35,59,154,218,178,89,0,0,763,11,15,59,83,97,107,36,0,0,408,541,309,689,1158,873,409,198,0,0,4177,140,148,541,713,469,220,63,0,0,2294
UNION,018,11,12,30,69,91,160,93,0,0,466,27,17,113,193,172,203,99,0,0,824,307,191,539,718,553,414,243,0,0,2965,76,143,342,414,401,265,79,0,0,1720
UNION,021,15,32,60,63,150,139,89,0,0,548,0,0,1,0,2,0,0,0,0,3,208,298,349,409,499,354,228,0,0,2345,89,167,209,327,315,213,85,0,0,1405
UNION,022,23,24,27,62,119,208,152,0,0,615,0,1,0,2,0,0,0,0,0,3,179,221,279,347,484,464,292,0,0,2266,71,124,171,266,420,276,107,0,0,1435
UNION,023,22,31,41,47,119,115,110,0,0,485,0,2,0,0,0,0,0,0,0,2,157,251,243,294,363,266,232,0,0,1806,56,102,164,228,246,191,101,0,0,1088
UNION,024,24,27,48,63,102,133,98,0,0,495,0,0,0,0,0,0,0,0,0,0,170,263,296,311,426,316,226,0,0,2008,61,118,173,258,301,199,74,0,0,1184
UNION,025,15,32,46,40,69,122,73,0,0,397,1,0,2,0,0,0,0,0,0,3,148,283,243,272,329,327,182,0,0,1784,70,129,132,197,259,191,67,0,0,1045
UNION,026,9,25,35,57,68,73,69,0,0,336,0,0,0,0,0,1,0,0,0,1,146,227,262,285,313,287,148,0,0,1668,51,109,152,194,228,164,58,0,0,956
UNION,027,13,17,32,42,80,103,78,0,0,365,0,0,0,0,0,0,0,0,0,0,133,205,221,243,324,261,183,0,0,1570,52,101,125,218,230,163,88,0,0,977
UNION,028A,39,24,45,148,217,146,74,0,0,693,10,9,58,133,141,83,24,0,0,458,744,292,631,1589,1039,390,236,0,0,4921,135,124,615,1033,440,224,65,0,0,2636
UNION,028B,29,16,51,121,124,75,53,0,0,469,51,16,99,334,221,91,67,0,0,879,607,210,469,1156,808,236,149,0,0,3635,111,110,500,822,299,146,36,0,0,2024
UNION,028C,24,9,24,93,138,101,36,0,0,425,2,1,3,5,12,9,0,0,0,32,459,195,473,980,751,331,117,0,0,3306,96,102,396,681,405,138,39,0,0,1857
UNION,028D,36,21,45,127,186,147,124,0,0,686,39,13,94,236,218,136,103,0,0,839,542,237,705,1215,739,359,272,0,0,4069,97,136,514,728,352,273,68,0,0,2168
UNION,029A,33,35,63,125,177,168,114,0,0,715,18,31,50,102,114,117,86,0,0,518,445,512,667,827,806,468,357,0,0,4082,126,213,405,625,435,264,116,0,0,2184
UNION,029B,11,13,35,45,81,54,47,0,0,286,12,20,31,58,65,44,31,0,0,261,152,215,246,288,284,176,87,0,0,1448,49,95,147,212,178,92,25,0,0,798
UNION,029C,11,19,41,53,101,131,112,0,0,468,8,13,28,44,82,84,57,0,0,316,214,379,412,431,520,431,251,0,0,2638,74,153,196,320,332,254,64,0,0,1393
UNION,031,20,50,59,105,122,107,77,0,0,540,2,0,2,5,13,5,3,0,0,30,325,507,587,592,589,359,206,0,0,3165,118,202,310,421,307,184,50,0,0,1592
UNION,032,21,17,26,69,158,192,187,0,0,670,2,3,10,14,39,44,37,0,0,149,273,275,349,451,717,539,479,0,0,3083,71,152,228,434,538,369,169,0,0,1961
UNION,033,13,33,36,70,111,165,108,0,0,536,10,10,25,44,56,60,32,0,0,237,185,229,311,378,416,382,221,0,0,2122,66,105,180,276,299,226,85,0,0,1237
UNION,034,48,51,67,146,189,218,126,0,0,845,9,4,11,18,13,16,12,0,0,83,333,448,495,580,634,494,328,0,0,3312,120,215,339,431,434,321,127,0,0,1987
UNION,035,10,19,51,42,95,109,64,0,0,390,7,16,36,25,50,49,26,0,0,209,115,225,309,255,421,282,170,0,0,1777,51,121,143,246,290,158,74,0,0,1083
UNION,036,14,27,35,46,79,100,86,0,0,387,1,5,4,4,1,5,3,0,0,23,160,285,265,298,341,275,190,0,0,1814,74,137,134,231,245,192,64,0,0,1077
UNION,037A,28,44,100,125,149,135,113,0,0,694,16,32,109,122,112,84,45,0,0,520,442,600,988,988,743,521,285,0,0,4567,146,315,619,604,416,292,89,0,0,2481
UNION,037B,7,6,28,47,69,70,71,0,0,298,5,7,32,45,65,62,56,0,0,272,119,114,171,218,312,183,138,0,0,1255,41,56,123,240,191,133,52,0,0,836
UNION,038A,29,28,32,61,83,91,87,0,0,411,14,24,20,49,57,59,37,0,0,260,326,430,465,509,465,356,218,0,0,2769,111,171,277,318,304,222,65,0,0,1468
UNION,038B,5,21,43,42,80,100,74,0,0,365,11,27,71,74,135,86,78,0,0,482,169,289,309,304,380,237,184,0,0,1872,61,124,161,258,254,152,64,0,0,1074
UNION,039,15,28,65,89,102,112,75,0,0,486,10,15,28,29,57,57,31,0,0,227,260,361,538,480,446,291,216,0,0,2592,86,202,286,325,271,175,66,0,0,1411
UNION,040,24,22,55,92,140,148,107,0,0,588,17,18,74,127,123,122,102,0,0,583,422,267,578,845,621,412,312,0,0,3457,104,156,448,614,359,270,104,0,0,2055
UNION,041,12,7,31,76,137,144,92,0,0,499,29,33,118,260,257,217,103,0,0,1017,473,248,586,1082,800,502,253,0,0,3944,106,143,475,693,485,242,83,0,0,2227
UNION,042,15,19,28,51,103,97,52,0,0,365,0,0,2,0,0,4,5,0,0,11,135,240,275,293,347,243,144,0,0,1677,71,99,145,239,215,126,58,0,0,953
UNION,043,5,2,9,13,15,23,31,0,0,98,0,0,0,0,0,0,0,0,0,0,61,80,73,67,97,92,65,0,0,535,16,51,43,61,99,57,31,0,0,358
VANCE,CC,15,28,50,76,149,197,149,0,0,664,0,0,0,0,0,0,0,0,0,0,160,252,260,349,425,397,287,0,0,2130,52,125,170,283,352,290,89,0,0,1361
VANCE,CH,13,39,40,73,118,181,168,0,0,632,5,6,11,26,26,53,56,0,0,183,129,253,293,335,410,412,254,0,0,2086,61,147,161,220,344,254,103,0,0,1290
VANCE,KITT,15,29,44,84,170,224,175,0,0,741,2,3,2,4,4,10,3,0,0,28,197,298,368,439,575,475,323,0,0,2675,72,135,205,319,432,328,111,0,0,1602
VANCE,MIDD,17,26,36,69,149,223,186,0,0,706,0,0,0,2,1,9,7,0,0,19,141,200,234,296,455,406,304,0,0,2036,53,91,150,254,352,309,126,0,0,1335
VANCE,NH,17,24,40,112,150,243,221,0,0,807,0,0,0,0,0,0,0,0,0,0,174,244,287,415,516,555,355,0,0,2546,71,129,216,328,416,358,127,0,0,1645
VANCE,NV,2,6,6,24,51,71,55,0,0,215,0,0,0,0,0,0,0,0,0,0,57,83,84,120,169,142,94,0,0,749,13,40,50,96,120,101,36,0,0,456
VANCE,SCRK,18,46,57,108,164,223,183,0,0,799,1,0,1,0,2,4,3,0,0,11,260,364,376,488,585,518,315,0,0,2906,98,156,231,362,423,313,106,0,0,1689
VANCE,SH,11,24,27,45,116,183,146,0,0,552,0,0,0,4,4,13,4,0,0,25,176,239,256,254,409,385,241,0,0,1960,65,111,140,224,319,232,108,0,0,1199
VANCE,WH,16,36,57,94,196,284,312,0,0,995,0,0,0,0,0,0,1,0,0,1,160,252,280,365,497,567,502,0,0,2623,80,122,172,326,422,385,251,0,0,1758
WAKE,01-01,52,96,79,89,96,110,71,0,0,593,1,2,0,0,1,1,0,0,0,5,413,326,234,246,204,178,98,0,0,1699,121,150,175,169,173,115,28,0,0,931
WAKE,01-02,47,50,86,78,116,123,82,0,0,582,3,0,0,0,0,0,0,0,0,3,303,223,260,216,253,186,106,0,0,1547,90,151,199,206,192,128,32,0,0,998
WAKE,01-03,25,68,53,80,123,142,120,0,0,611,0,1,0,0,0,0,0,0,0,1,228,260,300,393,287,266,203,0,0,1937,75,163,246,282,226,226,71,0,0,1289
WAKE,01-04,11,18,47,52,54,87,165,0,0,434,0,0,0,0,0,0,0,0,0,0,83,114,176,144,156,197,251,0,0,1121,43,91,113,121,164,211,112,0,0,855
WAKE,01-05,3,17,23,43,87,87,88,0,0,348,0,0,0,0,0,0,0,0,0,0,118,81,153,198,204,180,131,0,0,1065,36,81,132,178,144,145,51,0,0,767
WAKE,01-06,41,255,117,85,132,132,95,0,0,857,2,2,0,0,0,0,0,0,0,4,292,821,369,286,324,213,129,0,0,2434,242,284,209,249,201,146,53,0,0,1384
WAKE,01-07,32,221,104,67,105,131,97,0,0,757,1,2,0,2,0,0,0,0,0,5,359,923,355,264,314,246,158,0,0,2619,200,251,167,227,215,174,46,0,0,1280
WAKE,01-09,20,31,101,86,103,101,46,0,0,488,0,0,1,0,0,0,0,0,0,1,73,194,250,195,187,143,50,0,0,1092,47,146,159,191,141,79,11,0,0,774
WAKE,01-10,21,24,91,96,121,123,68,0,0,544,0,1,0,0,2,0,0,0,0,3,145,167,286,280,280,203,86,0,0,1447,67,137,212,255,201,137,30,0,0,1039
WAKE,01-11,20,38,63,85,116,155,168,0,0,645,0,0,0,0,0,0,0,0,0,0,290,318,388,440,419,373,256,0,0,2484,103,167,306,357,354,311,75,0,0,1673
WAKE,01-12,18,48,119,100,105,65,89,0,0,544,0,1,0,0,2,0,1,0,0,4,92,345,424,351,252,125,139,0,0,1728,79,256,289,233,136,103,64,0,0,1160
WAKE,01-13,18,68,178,170,92,80,43,0,0,649,0,0,0,2,0,0,0,0,0,2,69,303,452,293,172,110,69,0,0,1468,58,278,290,178,129,49,29,0,0,1011
WAKE,01-14,42,179,307,238,261,207,131,0,0,1365,0,1,2,2,1,0,0,0,0,6,257,744,807,548,489,357,184,0,0,3386,165,491,467,437,335,227,59,0,0,2181
WAKE,01-15,9,79,78,66,77,101,192,0,0,602,0,3,1,1,0,0,0,0,0,5,202,630,366,250,265,270,563,0,0,2546,120,221,171,196,182,256,309,0,0,1455
WAKE,01-16,30,126,129,96,143,160,139,0,0,823,0,5,3,2,0,1,0,0,0,11,263,688,413,330,361,298,255,0,0,2608,188,259,234,289,283,223,104,0,0,1580
WAKE,01-17,13,20,34,39,49,70,44,0,0,269,0,0,0,0,0,0,0,0,0,0,84,139,210,206,161,130,87,0,0,1017,45,115,157,143,133,83,40,0,0,716
WAKE,01-18,21,70,119,112,104,131,114,0,0,671,0,0,1,0,0,2,0,0,0,3,190,471,418,325,322,265,233,0,0,2224,109,235,256,257,238,202,113,0,0,1410
WAKE,01-19,12,35,50,44,58,81,117,0,0,397,0,0,0,0,0,1,0,0,0,1,84,185,199,168,222,201,175,0,0,1234,54,129,100,141,153,137,92,0,0,806
WAKE,01-20,18,137,149,93,99,111,89,0,0,696,0,1,0,0,1,0,1,0,0,3,168,577,438,264,243,219,119,0,0,2028,131,285,239,178,184,132,51,0,0,1200
WAKE,01-21,44,222,231,138,132,114,73,0,0,954,0,3,2,1,1,0,0,0,0,7,382,1047,728,483,408,277,163,0,0,3488,248,478,375,311,271,148,54,0,0,1885
WAKE,01-22,30,96,91,144,211,213,175,0,0,960,0,1,0,0,0,0,0,0,0,1,283,518,456,514,482,404,226,0,0,2883,151,280,335,402,337,247,96,0,0,1848
WAKE,01-23,310,178,63,46,45,51,60,0,0,753,3,1,1,0,0,0,0,0,0,5,2639,598,232,168,166,136,123,0,0,4062,282,203,115,122,100,61,30,0,0,913
WAKE,01-25,3,22,33,11,21,19,10,0,0,119,0,0,0,1,0,0,0,0,0,1,38,152,121,67,84,52,24,0,0,538,28,77,39,48,43,24,11,0,0,270
WAKE,01-26,25,72,146,80,74,68,52,0,0,517,0,0,0,0,0,0,0,0,0,0,235,420,376,219,190,143,90,0,0,1673,117,270,178,153,139,99,32,0,0,988
WAKE,01-27,25,218,150,97,101,84,45,0,0,720,0,3,1,0,0,0,0,0,0,4,217,701,367,245,218,194,83,0,0,2025,179,253,204,198,167,105,22,0,0,1128
WAKE,01-28,32,211,261,188,177,174,142,0,0,1185,1,0,0,1,1,0,0,0,0,3,238,901,707,469,418,346,224,0,0,3303,210,489,398,351,298,227,91,0,0,2064
WAKE,01-29,20,19,64,97,122,212,193,0,0,727,0,0,0,0,0,2,0,0,0,2,196,160,336,440,321,365,273,0,0,2091,72,144,316,313,322,304,87,0,0,1558
WAKE,01-30,18,19,72,93,59,84,84,0,0,429,0,0,0,0,0,0,0,0,0,0,101,99,265,272,178,152,109,0,0,1176,29,131,236,168,151,109,55,0,0,879
WAKE,01-31,86,173,56,62,58,42,34,0,0,511,1,0,1,0,2,0,0,0,0,4,654,730,345,259,201,115,74,0,0,2378,268,239,153,140,101,75,28,0,0,1004
WAKE,01-32,35,138,84,83,68,77,55,0,0,540,0,0,0,0,0,0,0,0,0,0,264,612,391,272,231,145,109,0,0,2024,144,234,181,178,142,102,50,0,0,1031
WAKE,01-33,18,47,49,88,91,109,117,0,0,519,0,1,0,0,1,1,0,0,0,3,166,240,273,311,217,202,254,0,0,1663,60,140,211,232,167,183,126,0,0,1119
WAKE,01-34,7,55,128,60,42,90,60,0,0,442,0,0,0,0,0,0,0,0,0,0,71,255,303,126,158,156,91,0,0,1160,94,228,124,77,136,91,42,0,0,792
WAKE,01-35,10,63,88,64,86,108,93,0,0,512,0,0,0,1,0,0,0,0,0,1,149,348,274,227,256,264,149,0,0,1667,68,204,136,176,212,142,76,0,0,1014
WAKE,01-36,22,97,73,76,120,112,85,0,0,585,0,0,1,2,1,0,2,0,0,6,277,521,395,354,335,228,150,0,0,2260,142,213,275,301,244,144,60,0,0,1379
WAKE,01-37,9,46,61,79,102,111,83,0,0,491,0,2,0,0,1,0,0,0,0,3,130,248,341,302,266,179,164,0,0,1630,60,190,213,246,176,141,74,0,0,1100
WAKE,01-38,19,80,101,97,93,108,88,0,0,586,0,2,0,0,0,0,0,0,0,2,140,397,326,273,281,256,198,0,0,1871,92,193,221,183,239,160,117,0,0,1205
WAKE,01-39,23,98,111,74,92,120,102,0,0,620,1,0,0,0,0,0,0,0,0,1,180,510,391,259,266,251,190,0,0,2047,124,246,196,191,226,175,78,0,0,1236
WAKE,01-40,39,88,107,126,146,170,209,0,0,885,0,0,0,0,0,0,0,0,0,0,306,549,508,452,502,381,332,0,0,3030,150,296,308,311,356,309,110,0,0,1840
WAKE,01-41,57,112,54,75,69,111,81,0,0,559,0,2,0,0,0,0,0,0,0,2,348,442,200,185,158,191,121,0,0,1645,163,166,133,135,149,125,50,0,0,921
WAKE,01-42,24,38,60,89,119,190,182,0,0,702,0,0,0,1,0,0,1,0,0,2,213,298,400,401,434,426,338,0,0,2510,88,183,270,336,376,329,147,0,0,1729
WAKE,01-43,21,73,69,75,89,117,99,0,0,543,0,0,1,1,0,1,0,0,0,3,181,465,310,290,267,252,198,0,0,1963,92,166,171,200,202,160,89,0,0,1080
WAKE,01-44,15,107,111,78,129,205,208,0,0,853,1,3,0,0,0,0,0,0,0,4,166,553,482,347,411,437,472,0,0,2868,136,268,262,270,364,349,212,0,0,1861
WAKE,01-45,17,47,60,69,69,96,71,0,0,429,0,0,2,0,0,0,0,0,0,2,101,257,257,246,225,228,150,0,0,1464,63,144,166,181,208,151,57,0,0,970
WAKE,01-46,15,52,40,41,58,70,47,0,0,323,0,0,0,0,0,0,0,0,0,0,167,353,314,290,285,225,121,0,0,1755,79,146,152,183,186,125,45,0,0,916
WAKE,01-47,23,29,101,79,113,156,139,0,0,640,0,0,0,0,0,0,0,0,0,0,139,264,378,288,318,312,205,0,0,1904,77,210,219,223,287,244,75,0,0,1335
WAKE,01-48,34,97,130,91,98,113,116,0,0,679,0,5,0,1,0,0,0,0,0,6,190,443,357,255,244,208,162,0,0,1859,123,254,200,188,196,165,66,0,0,1192
WAKE,01-49,47,140,72,57,57,68,48,0,0,489,1,2,0,0,0,0,1,0,0,4,563,738,374,237,245,169,90,0,0,2416,231,214,162,143,146,92,28,0,0,1016
WAKE,01-50,35,75,87,95,129,159,155,0,0,735,0,1,3,1,1,0,0,0,0,6,212,417,424,366,350,291,235,0,0,2295,101,219,258,254,298,188,113,0,0,1431
WAKE,01-51,10,30,51,31,53,78,74,0,0,327,0,0,0,0,0,0,0,0,0,0,59,192,138,112,150,154,139,0,0,944,35,87,91,104,138,132,68,0,0,655
WAKE,02-01,28,43,80,96,135,194,230,0,0,806,1,1,1,1,0,0,0,0,0,4,268,263,469,546,531,450,374,0,0,2901,90,202,336,427,424,407,113,0,0,1999
WAKE,02-02,62,53,124,204,397,374,222,0,0,1436,0,0,0,0,2,0,0,0,0,2,589,450,834,1190,1413,842,447,0,0,5765,185,314,661,1043,921,490,143,0,0,3757
WAKE,02-03,29,29,62,91,150,225,152,0,0,738,0,0,1,1,0,0,0,0,0,2,224,223,389,459,603,523,278,0,0,2699,91,183,294,438,497,355,100,0,0,1958
WAKE,02-04,25,23,42,80,126,157,139,0,0,592,0,0,0,0,0,1,0,0,0,1,224,180,306,432,460,413,241,0,0,2256,69,145,257,342,374,296,71,0,0,1554
WAKE,02-05,5,10,21,47,38,86,67,0,0,274,0,2,0,0,0,0,0,0,0,2,82,72,171,198,174,188,103,0,0,988,25,71,123,145,152,142,34,0,0,692
WAKE,02-06,23,19,42,92,150,209,122,0,0,657,0,0,0,0,0,0,0,0,0,0,240,195,339,458,492,506,250,0,0,2480,91,148,283,367,501,308,87,0,0,1785
WAKE,03-01,66,52,186,292,226,127,42,0,0,991,57,66,327,538,276,101,35,0,0,1400,553,370,1085,1529,629,297,119,0,0,4582,97,281,817,706,283,117,27,0,0,2328
WAKE,03-02,29,51,146,131,102,124,77,0,0,660,14,64,268,179,108,93,33,0,0,759,233,427,790,695,403,299,151,0,0,2998,60,276,375,285,220,124,47,0,0,1387
WAKE,04-01,19,64,57,71,88,145,278,0,0,722,22,59,86,92,112,134,242,0,0,747,127,294,210,238,265,282,494,0,0,1910,74,111,147,191,245,241,294,0,0,1303
WAKE,04-02,40,70,120,113,153,202,167,0,0,865,28,75,161,148,188,187,152,0,0,939,224,376,365,381,407,384,300,0,0,2437,93,211,220,294,349,244,131,0,0,1542
WAKE,04-03,14,61,81,61,87,100,95,0,0,499,19,60,103,73,114,129,102,0,0,600,139,311,262,221,236,231,212,0,0,1612,76,119,133,184,186,177,92,0,0,967
WAKE,04-04,12,55,50,42,74,111,275,0,0,619,8,52,53,46,77,112,257,0,0,605,92,261,195,169,197,240,445,0,0,1599,77,129,97,150,171,313,180,0,0,1117
WAKE,04-05,45,95,100,132,175,247,147,0,0,941,18,63,86,94,97,137,42,0,0,537,295,466,515,606,596,516,272,0,0,3266,150,268,418,479,491,302,107,0,0,2215
WAKE,04-06,17,57,111,88,122,210,309,0,0,914,24,79,159,127,169,261,318,0,0,1137,154,299,337,288,366,438,835,0,0,2717,73,178,231,253,355,394,462,0,0,1946
WAKE,04-07,19,35,63,90,149,237,186,0,0,779,33,45,134,183,255,295,195,0,0,1140,236,197,341,452,490,458,353,0,0,2527,78,152,300,356,467,341,157,0,0,1851
WAKE,04-08,41,75,90,117,167,136,62,0,0,688,23,65,113,134,180,136,50,0,0,701,195,388,374,392,457,255,108,0,0,2169,117,196,243,323,299,100,41,0,0,1319
WAKE,04-09,33,71,71,85,187,132,85,0,0,664,26,81,114,149,283,171,99,0,0,923,318,405,291,396,582,304,166,0,0,2462,129,133,164,375,340,175,43,0,0,1359
WAKE,04-10,30,73,111,120,148,191,113,0,0,786,23,82,165,147,214,197,100,0,0,928,179,355,476,406,468,378,163,0,0,2425,98,203,282,314,378,204,46,0,0,1525
WAKE,04-11,24,49,52,60,107,69,59,0,0,420,16,54,72,68,116,70,50,0,0,446,125,239,231,225,276,153,110,0,0,1359,73,117,149,198,164,104,41,0,0,846
WAKE,04-12,23,45,127,129,101,170,140,0,0,735,28,71,215,165,148,204,127,0,0,958,194,326,489,375,385,396,292,0,0,2457,93,246,296,284,371,267,117,0,0,1674
WAKE,04-13,60,99,154,174,287,275,277,0,0,1326,79,117,214,283,407,323,285,0,0,1708,405,460,582,758,876,588,636,0,0,4305,177,253,409,646,605,440,280,0,0,2810
WAKE,04-14,24,61,77,76,92,126,99,0,0,555,21,81,98,88,123,144,87,0,0,642,91,256,261,212,247,252,167,0,0,1486,71,173,152,193,222,191,58,0,0,1060
WAKE,04-15,25,80,113,112,129,163,80,0,0,702,23,98,160,167,169,169,90,0,0,876,168,396,396,394,353,291,154,0,0,2152,95,234,256,287,298,168,44,0,0,1382
WAKE,04-16,12,77,94,90,88,150,141,0,0,652,8,99,122,97,92,126,115,0,0,659,106,346,316,265,273,311,233,0,0,1850,82,187,205,204,239,240,74,0,0,1231
WAKE,04-17,32,61,48,79,82,143,76,0,0,521,12,64,60,68,88,132,38,0,0,462,120,308,242,231,284,241,125,0,0,1551,93,144,145,192,255,134,40,0,0,1003
WAKE,04-18,47,106,73,92,165,154,68,0,0,705,34,78,89,146,187,144,71,0,0,749,272,508,312,391,430,304,123,0,0,2340,152,162,212,329,303,153,31,0,0,1342
WAKE,04-19,32,26,62,106,108,134,47,0,0,515,16,37,115,166,130,170,39,0,0,673,141,179,274,342,284,253,82,0,0,1555,57,126,250,226,261,109,27,0,0,1056
WAKE,04-20,23,93,104,116,138,209,118,0,0,801,26,111,134,139,149,187,88,0,0,834,200,482,439,392,429,404,239,0,0,2585,134,220,264,311,340,238,78,0,0,1585
WAKE,04-21,12,71,72,26,58,54,23,0,0,316,9,72,59,33,45,49,19,0,0,286,179,419,223,179,201,142,56,0,0,1399,103,160,98,128,130,59,10,0,0,688
WAKE,05-01,32,94,97,105,147,197,151,0,0,823,30,103,137,168,257,230,178,0,0,1103,293,579,482,503,624,475,339,0,0,3295,156,242,265,382,460,257,115,0,0,1877
WAKE,05-03,42,119,60,120,191,199,123,0,0,854,54,117,139,220,320,259,122,0,0,1231,397,704,480,633,741,425,317,0,0,3697,196,229,286,494,445,218,135,0,0,2003
WAKE,05-05,45,195,183,155,222,226,158,0,0,1184,0,1,1,1,2,6,3,0,0,14,614,1379,928,1047,956,659,435,0,0,6018,296,457,519,652,513,390,115,0,0,2942
WAKE,05-06,89,71,70,195,330,245,207,0,0,1207,87,84,131,353,499,318,222,0,0,1694,688,437,421,1054,1110,536,430,0,0,4676,192,140,384,920,589,292,198,0,0,2715
WAKE,05-08,59,152,157,226,120,90,68,0,0,872,101,170,358,512,208,141,102,0,0,1592,466,859,888,920,418,252,139,0,0,3942,172,350,511,338,186,113,41,0,0,1711
WAKE,05-09,65,96,132,214,170,87,168,0,0,932,92,127,269,448,277,138,161,0,0,1512,450,477,650,1005,508,282,367,0,0,3739,142,199,434,474,188,182,121,0,0,1740
WAKE,05-10,58,99,118,196,169,59,32,0,0,731,105,116,200,400,250,76,49,0,0,1196,431,428,588,832,473,148,84,0,0,2984,139,189,355,393,158,62,18,0,0,1314
WAKE,06-04,42,94,156,175,143,147,136,0,0,893,47,99,266,255,179,127,107,0,0,1080,335,592,841,777,492,352,257,0,0,3646,137,316,503,394,272,243,68,0,0,1933
WAKE,06-05,32,28,62,109,176,206,156,0,0,769,42,33,127,202,258,154,137,0,0,953,316,237,456,558,621,423,277,0,0,2888,70,188,332,456,444,279,91,0,0,1860
WAKE,06-06,79,88,252,356,315,186,125,0,0,1401,100,145,446,573,433,202,115,0,0,2014,661,642,1302,1580,875,411,269,0,0,5740,179,494,895,851,404,225,88,0,0,3136
WAKE,06-07,57,66,123,139,185,206,116,0,0,892,36,49,110,191,194,121,71,0,0,772,339,379,512,674,617,405,219,0,0,3145,125,208,365,492,405,226,68,0,0,1889
WAKE,06-08,28,45,101,110,98,93,72,0,0,547,27,65,188,184,131,99,69,0,0,763,199,302,398,455,297,220,154,0,0,2025,65,181,314,283,180,128,53,0,0,1204
WAKE,06-10,74,65,189,281,213,146,117,0,0,1085,34,71,265,229,126,94,55,0,0,874,514,660,1348,1249,711,405,292,0,0,5179,124,406,702,597,304,216,93,0,0,2442
WAKE,06-11,5,35,56,46,24,28,23,0,0,217,4,28,110,68,31,36,26,0,0,303,102,239,339,183,128,99,62,0,0,1152,36,107,119,54,49,44,13,0,0,422
WAKE,06-12,63,66,248,329,261,234,180,0,0,1381,80,126,637,718,433,310,185,0,0,2489,689,606,1757,1807,946,606,351,0,0,6762,127,497,1027,760,422,318,75,0,0,3226
WAKE,07-01,24,53,65,81,55,84,83,0,0,445,0,1,1,0,0,0,0,0,0,2,157,311,294,249,191,202,142,0,0,1546,71,171,190,159,173,137,67,0,0,968
WAKE,07-02,21,34,59,66,57,99,87,0,0,423,0,0,0,0,0,0,0,0,0,0,105,163,253,255,198,181,224,0,0,1379,32,134,173,170,160,145,112,0,0,926
WAKE,07-03,7,23,67,60,83,123,96,0,0,459,0,0,0,0,0,0,0,0,0,0,88,185,284,219,232,260,164,0,0,1432,60,156,173,182,219,194,59,0,0,1043
WAKE,07-04,30,140,165,144,149,279,179,0,0,1086,0,1,0,1,0,0,0,0,0,2,237,727,594,466,487,489,318,0,0,3318,198,347,341,341,436,357,96,0,0,2116
WAKE,07-05,19,41,67,71,79,103,90,0,0,470,1,0,0,0,0,0,0,0,0,1,114,266,241,247,250,252,171,0,0,1541,75,157,161,179,220,185,56,0,0,1033
WAKE,07-06,35,60,109,93,148,292,387,0,0,1124,0,0,0,0,0,0,0,0,0,0,166,360,458,386,473,680,756,0,0,3279,100,243,291,331,547,595,370,0,0,2477
WAKE,07-07,29,111,130,134,152,276,512,0,0,1344,0,4,0,0,0,0,2,0,0,6,235,632,572,470,453,544,875,0,0,3781,159,281,381,349,425,512,510,0,0,2617
WAKE,07-09,31,109,105,108,127,161,211,0,0,852,0,0,0,0,0,1,2,0,0,3,221,603,425,365,388,395,373,0,0,2770,123,283,260,295,302,315,124,0,0,1702
WAKE,07-10,29,205,172,170,226,165,98,0,0,1065,0,3,1,0,1,0,0,0,0,5,385,1181,837,771,682,348,187,0,0,4391,272,500,519,548,368,174,74,0,0,2455
WAKE,07-11,10,14,44,39,46,110,126,0,0,389,0,0,0,0,0,0,0,0,0,0,54,95,160,121,150,237,239,0,0,1056,31,88,107,102,173,198,112,0,0,811
WAKE,07-12,20,93,93,83,101,116,131,0,0,637,0,0,0,0,0,0,0,0,0,0,209,458,385,310,313,274,310,0,0,2259,118,189,237,250,241,197,175,0,0,1407
WAKE,07-13,11,67,65,45,88,169,164,0,0,609,1,0,0,0,0,0,0,0,0,1,136,349,251,264,302,398,290,0,0,1990,98,163,152,194,295,302,116,0,0,1320
WAKE,08-02,56,72,128,159,201,247,175,0,0,1038,0,2,0,0,0,0,0,0,0,2,339,502,609,634,686,532,337,0,0,3639,154,327,417,540,528,340,137,0,0,2443
WAKE,08-03,65,172,179,233,220,189,159,0,0,1217,1,19,15,5,6,4,4,0,0,54,532,1114,1033,1006,769,465,348,0,0,5267,275,456,632,662,467,265,129,0,0,2886
WAKE,08-04,24,25,54,54,109,132,89,0,0,487,0,0,0,0,0,1,0,0,0,1,175,148,271,265,366,272,170,0,0,1667,61,118,212,250,308,183,65,0,0,1197
WAKE,08-05,21,28,90,79,110,181,118,0,0,627,0,0,0,0,0,0,0,0,0,0,139,201,367,303,352,373,202,0,0,1937,47,185,245,264,323,263,58,0,0,1385
WAKE,08-06,11,99,74,54,58,75,38,0,0,409,1,2,0,0,0,0,0,0,0,3,166,486,291,236,197,161,64,0,0,1601,101,174,148,133,147,83,22,0,0,808
WAKE,08-07,23,27,64,104,146,186,151,0,0,701,0,0,0,0,2,0,0,0,0,2,232,185,357,445,456,424,275,0,0,2374,69,141,322,384,375,322,91,0,0,1704
WAKE,08-08,67,89,171,196,243,204,86,0,0,1056,0,0,0,0,0,0,0,0,0,0,394,517,823,865,733,419,199,0,0,3950,163,403,631,681,497,225,58,0,0,2658
WAKE,08-09,11,61,99,83,64,92,61,0,0,471,0,3,0,0,0,0,0,0,0,3,101,382,369,299,257,194,96,0,0,1698,92,237,236,205,169,109,38,0,0,1086
WAKE,08-10,30,81,93,118,105,126,81,0,0,634,0,0,0,0,0,2,0,0,0,2,262,418,463,472,374,300,144,0,0,2433,118,225,357,299,296,157,46,0,0,1498
WAKE,08-11,44,94,149,217,175,149,108,0,0,936,0,0,1,1,0,0,0,0,0,2,362,629,707,813,552,341,206,0,0,3610,130,331,532,522,293,202,68,0,0,2078
WAKE,09-01,14,23,35,49,70,145,98,0,0,434,0,1,0,1,0,0,0,0,0,2,152,288,301,334,421,412,179,0,0,2087,77,145,215,267,350,224,70,0,0,1348
WAKE,09-02,30,60,57,117,108,189,108,0,0,669,23,83,127,141,156,208,114,0,0,852,276,583,518,543,542,485,300,0,0,3247,129,245,294,356,394,264,115,0,0,1797
WAKE,09-03,41,73,165,175,231,224,155,0,0,1064,39,134,256,236,170,122,40,0,0,997,421,859,1042,896,802,589,335,0,0,4944,157,432,557,563,482,329,91,0,0,2611
WAKE,10-01,13,30,31,30,62,76,50,0,0,292,0,6,8,5,3,0,1,0,0,23,147,199,191,209,229,187,127,0,0,1289,49,114,118,169,170,126,53,0,0,799
WAKE,10-02,26,74,95,106,148,192,139,0,0,780,16,59,105,99,73,66,53,0,0,471,316,622,707,638,605,540,322,0,0,3750,122,293,373,430,431,320,101,0,0,2070
WAKE,10-03,28,72,104,110,151,159,122,0,0,746,20,91,140,120,155,143,80,0,0,749,261,612,570,510,478,364,219,0,0,3014,145,257,322,347,321,210,93,0,0,1695
WAKE,10-05,33,50,104,163,212,243,163,0,0,968,5,26,27,25,50,100,27,0,0,260,324,457,600,701,710,610,321,0,0,3723,116,254,446,508,523,315,87,0,0,2249
WAKE,10-06,38,177,299,224,254,367,142,0,0,1501,13,160,244,186,179,176,62,0,0,1020,425,1476,1312,978,968,695,247,0,0,6101,281,683,602,626,693,284,63,0,0,3232
WAKE,11-01,67,276,149,83,126,169,138,0,0,1008,1,3,1,0,1,0,2,0,0,8,796,1662,693,489,494,421,258,0,0,4813,419,457,282,361,343,268,87,0,0,2217
WAKE,11-02,39,153,97,97,154,302,284,0,0,1126,0,3,1,0,1,4,0,0,0,9,371,985,492,524,599,657,507,0,0,4135,234,296,308,419,527,530,195,0,0,2509
WAKE,12-02,45,126,203,235,221,243,148,0,0,1221,52,153,268,248,206,169,123,0,0,1219,465,929,1151,984,785,599,388,0,0,5301,158,468,569,549,450,346,105,0,0,2645
WAKE,12-04,39,61,155,216,223,300,182,0,0,1176,18,35,127,143,78,117,58,0,0,576,445,674,1143,1116,889,735,391,0,0,5393,132,377,699,567,541,408,89,0,0,2813
WAKE,12-06,38,89,177,162,262,499,382,0,0,1609,39,90,216,175,276,507,291,0,0,1594,419,738,1140,863,1031,1243,757,0,0,6191,142,379,529,534,681,571,183,0,0,3019
WAKE,12-07,27,55,104,121,151,140,79,0,0,677,1,7,30,28,6,5,3,0,0,80,308,451,570,589,534,383,163,0,0,2998,110,262,378,371,336,178,55,0,0,1690
WAKE,12-08,39,93,151,182,190,218,185,0,0,1058,26,79,217,156,127,151,115,0,0,871,399,762,994,860,729,537,443,0,0,4724,146,393,490,500,435,322,176,0,0,2462
WAKE,12-09,40,73,125,188,198,319,320,0,0,1263,37,94,225,214,203,291,254,0,0,1318,436,705,929,993,810,795,650,0,0,5318,165,339,548,551,529,557,229,0,0,2918
WAKE,12-10,60,72,144,262,277,178,128,0,0,1121,63,48,225,362,265,116,75,0,0,1154,549,462,919,1164,831,399,265,0,0,4589,120,355,699,729,359,290,65,0,0,2617
WAKE,12-11,26,52,103,121,154,197,103,0,0,756,5,31,95,65,46,42,18,0,0,302,310,417,677,623,606,414,202,0,0,3249,91,233,330,399,389,220,49,0,0,1711
WAKE,12-12,41,49,97,129,195,223,171,0,0,905,23,47,133,130,161,128,77,0,0,699,353,378,587,597,697,478,316,0,0,3406,85,246,341,514,376,304,89,0,0,1955
WAKE,12-13,27,51,86,103,127,161,137,0,0,692,15,39,106,97,92,124,82,0,0,555,250,410,554,504,416,435,329,0,0,2898,101,220,288,293,295,288,90,0,0,1575
WAKE,13-02,21,47,68,73,97,121,50,0,0,477,0,0,1,0,0,0,0,0,0,1,137,322,355,324,322,224,102,0,0,1786,83,187,212,272,224,111,37,0,0,1126
WAKE,13-05,9,71,67,52,76,70,42,0,0,387,0,0,0,0,1,0,0,0,0,1,146,492,360,280,306,187,78,0,0,1849,100,187,174,208,157,90,16,0,0,932
WAKE,13-06,22,59,105,116,139,173,109,0,0,723,0,0,0,0,0,0,0,0,0,0,180,452,496,420,491,356,220,0,0,2615,95,269,292,359,351,216,78,0,0,1660
WAKE,13-07,17,72,58,54,101,146,93,0,0,541,0,1,0,0,0,0,0,0,0,1,166,383,305,278,367,331,155,0,0,1985,93,204,132,232,274,190,45,0,0,1170
WAKE,13-08,27,89,70,66,102,111,63,0,0,528,0,0,0,0,1,0,0,0,0,1,311,667,462,398,395,302,122,0,0,2657,165,233,225,267,264,155,36,0,0,1345
WAKE,13-09,51,109,137,160,219,121,77,0,0,874,0,1,3,0,0,0,0,0,0,4,391,716,716,787,670,321,166,0,0,3767,189,365,448,567,330,130,72,0,0,2101
WAKE,13-10,73,89,166,288,307,253,218,0,0,1394,1,1,1,0,1,1,0,0,0,5,611,564,921,1324,938,558,435,0,0,5351,181,418,803,898,536,407,142,0,0,3385
WAKE,13-11,26,55,80,103,185,193,214,0,0,856,1,1,0,1,2,0,2,0,0,7,220,334,408,458,601,414,530,0,0,2965,108,198,278,474,399,312,241,0,0,2010
WAKE,13-12,15,57,57,76,102,109,64,0,0,480,0,0,0,1,0,1,0,0,0,2,218,475,356,395,392,270,170,0,0,2276,114,167,186,257,241,129,66,0,0,1160
WAKE,13-13,30,151,128,95,138,90,43,0,0,675,0,2,0,0,1,1,0,0,0,4,272,851,589,433,430,209,114,0,0,2898,173,289,266,310,182,93,27,0,0,1340
WAKE,14-01,4,13,29,28,47,45,36,0,0,202,0,0,0,0,0,0,0,0,0,0,62,82,114,138,177,132,74,0,0,779,20,61,98,118,122,81,28,0,0,528
WAKE,14-02,70,75,134,237,397,436,221,0,0,1570,0,1,2,1,2,2,0,0,0,8,764,625,1107,1592,1712,1077,469,0,0,7346,227,417,778,1120,1015,497,140,0,0,4194
WAKE,15-01,39,50,81,99,184,267,118,0,0,838,0,0,0,0,0,0,0,0,0,0,317,478,594,640,797,608,296,0,0,3730,118,271,418,508,586,322,89,0,0,2312
WAKE,15-02,61,153,154,207,275,286,178,0,0,1314,9,46,45,61,56,44,30,0,0,291,539,1005,926,1014,994,699,418,0,0,5595,220,444,553,721,641,417,138,0,0,3134
WAKE,15-03,47,60,158,167,277,317,180,0,0,1206,0,1,2,2,3,4,1,0,0,13,417,610,903,902,942,731,317,0,0,4822,159,401,534,651,679,403,93,0,0,2920
WAKE,15-04,17,37,58,83,143,142,104,0,0,584,5,10,37,32,43,34,15,0,0,176,175,240,276,367,430,354,212,0,0,2054,65,150,234,320,321,241,81,0,0,1412
WAKE,16-01,22,84,67,80,104,141,112,0,0,610,7,42,21,26,25,26,15,0,0,162,334,683,468,466,449,378,250,0,0,3028,130,209,222,291,330,210,92,0,0,1484
WAKE,16-02,72,124,185,173,245,201,152,0,0,1152,15,73,90,96,94,91,57,0,0,516,464,855,703,669,717,460,283,0,0,4151,196,390,426,513,415,275,96,0,0,2311
WAKE,16-03,11,26,49,61,50,113,67,0,0,377,9,21,36,39,45,74,48,0,0,272,92,196,177,210,208,214,125,0,0,1222,55,91,117,134,179,129,56,0,0,761
WAKE,16-04,16,67,87,90,158,216,241,0,0,875,22,68,103,95,171,199,200,0,0,858,179,388,347,343,474,432,424,0,0,2587,95,209,240,318,386,353,174,0,0,1775
WAKE,16-05,25,63,82,61,98,148,108,0,0,585,5,35,42,29,43,60,35,0,0,249,162,412,356,311,366,371,243,0,0,2221,116,211,199,249,283,229,103,0,0,1390
WAKE,16-06,14,23,37,35,47,60,55,0,0,271,3,33,36,33,42,67,39,0,0,253,62,167,156,159,182,172,126,0,0,1024,46,86,114,117,131,109,65,0,0,668
WAKE,16-07,26,90,146,113,198,241,235,0,0,1049,28,81,150,131,185,198,188,0,0,961,236,464,496,451,542,496,368,0,0,3053,119,261,313,406,411,380,154,0,0,2044
WAKE,16-09,77,120,213,231,259,221,137,0,0,1258,29,85,145,184,131,102,53,0,0,729,456,818,957,890,783,512,292,0,0,4708,184,418,539,589,447,319,86,0,0,2582
WAKE,16-10,67,111,140,247,265,165,114,0,0,1109,0,0,0,0,0,0,0,0,0,0,464,722,706,896,644,369,190,0,0,3991,212,348,547,596,334,210,57,0,0,2304
WAKE,16-11,39,151,132,149,221,291,170,0,0,1153,0,5,5,7,40,82,57,0,0,196,411,953,657,637,640,617,314,0,0,4229,208,337,395,389,426,272,68,0,0,2095
WAKE,17-01,28,64,70,71,108,146,78,0,0,565,0,1,0,1,0,0,0,0,0,2,177,445,331,318,379,326,181,0,0,2157,97,218,189,263,299,164,79,0,0,1309
WAKE,17-02,30,44,87,85,98,106,58,0,0,508,15,30,55,80,80,69,25,0,0,354,161,339,391,320,354,250,163,0,0,1978,69,193,195,215,192,134,63,0,0,1061
WAKE,17-03,55,171,257,209,289,258,193,0,0,1432,0,2,0,0,0,1,0,0,0,3,461,1262,1009,946,934,642,365,0,0,5619,230,598,588,663,616,347,149,0,0,3191
WAKE,17-05,31,114,97,122,188,219,151,0,0,922,0,0,0,0,0,0,0,0,0,0,345,639,476,488,554,467,322,0,0,3291,164,269,304,371,426,279,122,0,0,1935
WAKE,17-06,17,27,66,63,115,129,64,0,0,481,2,10,28,28,13,9,2,0,0,92,160,280,322,335,430,330,159,0,0,2016,78,172,203,276,308,173,61,0,0,1271
WAKE,17-07,43,91,113,143,226,230,88,0,0,934,1,1,0,0,1,0,0,0,0,3,322,560,498,548,597,387,137,0,0,3049,153,238,344,460,409,183,36,0,0,1823
WAKE,17-09,41,105,124,145,183,151,77,0,0,826,1,1,0,0,0,0,0,0,0,2,314,620,592,581,500,284,108,0,0,2999,166,340,393,372,315,146,41,0,0,1773
WAKE,17-10,11,15,28,32,45,71,55,0,0,257,0,0,0,0,0,0,0,0,0,0,77,148,151,155,175,178,133,0,0,1017,45,69,83,118,146,119,48,0,0,628
WAKE,17-11,62,96,134,166,228,195,86,0,0,967,0,4,1,0,1,0,0,0,0,6,477,726,661,721,699,397,172,0,0,3853,195,300,438,539,400,204,46,0,0,2122
WAKE,17-12,57,79,166,200,166,106,62,0,0,836,33,41,135,159,100,52,37,0,0,557,315,571,749,672,464,250,134,0,0,3155,124,326,492,420,235,130,39,0,0,1766
WAKE,17-13,46,110,177,206,254,269,171,0,0,1233,31,74,108,159,201,172,73,0,0,818,386,785,840,799,772,620,352,0,0,4554,183,436,493,583,568,343,127,0,0,2733
WAKE,17-15,28,32,65,91,127,132,78,0,0,553,5,17,42,51,48,54,21,0,0,238,210,336,378,421,450,323,189,0,0,2307,79,151,251,306,291,167,60,0,0,1305
WAKE,17-16,19,62,58,82,97,84,50,0,0,452,9,14,23,38,17,24,10,0,0,135,206,432,353,380,337,198,100,0,0,2006,86,159,213,242,184,92,35,0,0,1011
WAKE,17-17,19,46,93,119,125,92,78,0,0,572,0,0,0,1,1,1,0,0,0,3,194,469,537,488,358,273,141,0,0,2460,100,245,281,303,209,168,35,0,0,1341
WAKE,18-01,145,206,115,61,88,103,71,0,0,789,2,1,0,0,0,0,0,0,0,3,1254,969,458,283,305,219,147,0,0,3635,389,365,221,206,212,158,49,0,0,1600
WAKE,18-02,50,51,107,167,250,282,205,0,0,1112,13,15,65,76,75,60,47,0,0,351,498,428,654,908,957,725,368,0,0,4538,155,288,492,714,729,442,110,0,0,2930
WAKE,18-03,39,37,61,77,110,217,181,0,0,722,33,46,99,134,168,264,193,0,0,937,167,218,255,285,354,417,340,0,0,2036,73,120,184,249,347,353,100,0,0,1426
WAKE,18-04,35,87,135,132,222,314,204,0,0,1129,1,19,7,9,3,4,0,0,0,43,348,499,759,701,815,715,352,0,0,4189,130,387,450,519,700,421,107,0,0,2714
WAKE,18-05,50,62,184,199,276,444,267,0,0,1482,47,66,246,244,326,460,232,0,0,1621,422,398,784,774,963,974,515,0,0,4830,152,317,530,658,917,537,158,0,0,3269
WAKE,18-06,62,217,151,120,117,152,61,0,0,880,1,5,3,0,0,0,0,0,0,9,439,976,630,433,436,332,133,0,0,3379,277,408,340,311,287,156,41,0,0,1820
WAKE,18-07,44,46,83,98,197,210,180,0,0,858,5,11,20,10,5,10,5,0,0,66,324,511,568,602,778,548,308,0,0,3639,157,266,382,561,514,330,104,0,0,2314
WAKE,18-08,40,170,142,99,151,182,170,0,0,954,44,157,172,133,207,176,143,0,0,1032,473,826,614,496,555,452,275,0,0,3691,237,316,322,376,394,289,86,0,0,2020
WAKE,19-03,34,61,81,114,165,188,127,0,0,770,44,82,177,191,207,209,128,0,0,1038,303,540,559,572,487,411,205,0,0,3077,117,238,304,408,333,193,75,0,0,1668
WAKE,19-05,29,37,56,95,192,223,174,0,0,806,13,32,49,82,120,109,71,0,0,476,344,318,421,613,687,469,305,0,0,3157,104,171,352,479,462,290,97,0,0,1955
WAKE,19-07,50,68,138,214,233,350,318,0,0,1371,41,100,270,329,273,410,329,0,0,1752,380,617,878,935,777,770,558,0,0,4915,117,350,544,519,433,426,119,0,0,2508
WAKE,19-09,64,66,148,247,307,294,200,0,0,1326,33,36,123,195,155,96,83,0,0,721,486,569,886,1065,948,667,416,0,0,5037,137,376,600,734,624,394,131,0,0,2996
WAKE,19-11,28,52,101,94,166,173,171,0,0,785,30,101,163,173,211,224,175,0,0,1077,286,481,490,569,535,438,350,0,0,3149,106,253,321,416,362,290,143,0,0,1891
WAKE,19-13,18,39,46,43,80,81,69,0,0,376,1,0,0,0,0,1,2,0,0,4,194,285,285,320,307,223,261,0,0,1875,72,120,138,253,176,138,120,0,0,1017
WAKE,19-14,20,46,52,68,135,104,74,0,0,499,0,1,2,0,0,0,1,0,0,4,311,393,390,524,552,307,185,0,0,2662,118,150,267,405,316,167,58,0,0,1481
WAKE,19-15,33,43,48,96,141,160,130,0,0,651,14,18,32,71,100,65,37,0,0,337,285,322,322,512,540,372,281,0,0,2634,103,148,253,353,320,249,95,0,0,1521
WAKE,19-16,24,57,100,92,148,120,79,0,0,620,0,0,0,0,0,0,0,0,0,0,217,436,461,428,468,323,197,0,0,2530,95,217,267,360,327,177,68,0,0,1511
WAKE,19-17,70,122,200,251,279,185,81,0,0,1188,1,2,2,0,0,2,0,0,0,7,495,787,941,990,779,447,193,0,0,4632,183,469,663,648,450,197,48,0,0,2658
WAKE,19-18,51,73,157,253,208,176,89,0,0,1007,40,55,144,234,153,113,65,0,0,804,403,503,850,972,664,399,192,0,0,3983,99,279,566,527,326,181,55,0,0,2033
WAKE,19-20,54,62,108,194,217,204,115,0,0,954,41,66,176,242,210,121,75,0,0,931,415,360,593,809,630,418,198,0,0,3423,107,227,473,550,404,227,61,0,0,2049
WAKE,19-21,62,69,171,244,245,185,144,0,0,1120,24,31,101,151,138,71,56,0,0,572,487,606,1022,1089,777,467,294,0,0,4742,144,410,671,676,446,285,86,0,0,2718
WAKE,19-22,33,43,84,115,151,196,186,0,0,808,39,57,126,221,214,213,174,0,0,1044,331,323,465,670,457,411,350,0,0,3007,83,153,359,392,299,310,101,0,0,1697
WAKE,19-23,60,86,111,196,227,179,152,0,0,1011,51,112,227,277,264,172,122,0,0,1225,505,730,847,976,706,447,342,0,0,4553,158,309,521,560,355,249,141,0,0,2293
WAKE,19-24,60,39,96,214,224,213,265,0,0,1111,54,51,173,347,260,230,298,0,0,1413,501,272,682,1074,674,509,476,0,0,4188,64,182,529,605,309,430,130,0,0,2249
WAKE,19-25,31,26,80,137,161,130,133,0,0,698,26,10,100,156,123,83,79,0,0,577,249,270,503,642,508,318,224,0,0,2714,57,179,435,387,274,206,72,0,0,1610
WAKE,20-01,48,90,152,114,181,152,94,0,0,831,24,77,151,131,123,115,56,0,0,677,366,517,669,598,559,347,173,0,0,3229,135,288,406,418,306,154,50,0,0,1757
WAKE,20-03,53,127,169,154,217,292,165,0,0,1177,40,121,236,227,279,313,150,0,0,1366,363,684,681,662,654,577,369,0,0,3990,177,338,390,477,519,308,142,0,0,2351
WAKE,20-04,54,75,90,187,215,138,63,0,0,822,39,75,164,283,306,165,60,0,0,1092,384,341,466,734,750,301,130,0,0,3106,141,156,319,565,349,119,33,0,0,1682
WAKE,20-05,32,74,99,106,254,329,247,0,0,1141,32,74,152,171,349,424,240,0,0,1442,357,427,474,546,869,685,516,0,0,3874,148,200,316,607,682,404,185,0,0,2542
WAKE,20-06A,63,104,216,263,217,210,188,0,0,1261,51,126,374,435,273,226,162,0,0,1647,483,672,956,1102,721,468,429,0,0,4831,166,385,664,702,383,274,182,0,0,2756
WAKE,20-06B,44,66,151,197,241,147,75,0,0,921,58,98,250,343,322,159,74,0,0,1304,408,466,575,783,643,260,120,0,0,3255,154,258,462,618,298,137,42,0,0,1969
WAKE,20-08,59,83,148,190,292,222,162,0,0,1156,53,107,215,301,408,229,171,0,0,1484,516,502,683,942,909,467,388,0,0,4407,183,281,491,765,512,300,151,0,0,2683
WAKE,20-09,49,45,116,128,215,176,76,0,0,805,47,51,180,209,277,193,72,0,0,1029,286,294,456,473,523,345,144,0,0,2521,95,207,300,420,384,187,35,0,0,1628
WAKE,20-10,58,65,91,170,226,204,52,0,0,866,53,47,133,256,353,207,48,0,0,1097,377,274,375,656,693,364,88,0,0,2827,142,108,289,526,485,99,24,0,0,1673
WAKE,20-11,78,96,276,273,246,235,104,0,0,1308,68,147,444,452,362,231,119,0,0,1823,648,746,1379,1314,938,466,243,0,0,5734,175,451,687,769,439,186,80,0,0,2787
WAKE,20-12,70,111,174,285,288,232,161,0,0,1321,73,127,287,464,343,230,122,0,0,1646,647,652,1186,1530,907,534,322,0,0,5778,166,319,637,759,422,275,75,0,0,2653
WAKE,20-15,72,156,153,284,175,100,42,0,0,982,32,102,165,298,155,80,29,0,0,861,532,675,988,1249,501,228,112,0,0,4285,152,271,608,518,170,99,24,0,0,1842
WAKE,20-17,98,79,129,344,253,146,81,0,0,1130,67,61,175,427,317,148,52,0,0,1247,749,340,760,1458,798,340,157,0,0,4602,131,182,607,793,319,137,46,0,0,2215
WAKE,20-18,58,115,104,188,84,75,62,0,0,686,36,93,109,169,89,81,65,0,0,642,352,667,590,669,341,206,128,0,0,2953,152,179,371,252,135,106,31,0,0,1226
WAKE,20-19,102,84,129,280,255,100,76,0,0,1026,76,49,136,337,284,90,60,0,0,1032,699,367,650,1354,798,250,170,0,0,4288,184,157,587,800,289,144,45,0,0,2206
WAKE,20-20,58,49,78,225,182,90,58,0,0,740,42,31,99,256,147,72,47,0,0,694,505,211,599,1181,574,250,177,0,0,3497,80,114,485,534,215,136,37,0,0,1601
WARREN,001,3,6,12,26,56,109,97,0,0,309,0,0,0,0,1,2,0,0,0,3,50,50,61,114,235,257,175,0,0,942,9,22,57,98,178,178,73,0,0,615
WARREN,002,1,6,8,15,67,102,74,0,0,273,1,1,2,4,4,9,7,0,0,28,25,38,49,52,189,231,135,0,0,719,10,23,25,70,155,123,41,0,0,447
WARREN,003,7,5,22,26,51,85,51,0,0,247,0,0,0,0,0,0,0,0,0,0,38,68,99,101,130,153,99,0,0,688,10,45,62,82,111,77,37,0,0,424
WARREN,004,2,10,18,11,42,73,64,0,0,220,0,0,0,0,0,0,0,0,0,0,32,67,88,56,126,141,92,0,0,602,14,51,35,56,105,93,38,0,0,392
WARREN,005,4,11,18,34,53,113,69,0,0,302,0,0,0,0,0,0,0,0,0,0,58,69,93,133,179,223,121,0,0,876,22,44,77,102,157,134,52,0,0,588
WARREN,006,9,9,23,32,60,75,71,0,0,279,0,0,0,0,0,0,0,0,0,0,45,94,113,117,189,158,116,0,0,832,26,61,66,101,137,106,41,0,0,538
WARREN,007,2,9,12,28,35,56,53,0,0,195,0,0,0,0,0,1,0,0,0,1,35,69,68,98,114,114,71,0,0,569,20,35,44,62,103,90,19,0,0,373
WARREN,008,7,10,24,38,65,133,66,0,0,343,0,0,0,0,0,0,0,0,0,0,49,78,103,128,151,212,99,0,0,820,24,48,84,85,158,121,40,0,0,560
WARREN,009,2,9,11,11,30,48,38,0,0,149,0,0,0,0,0,0,0,0,0,0,22,39,52,44,78,105,55,0,0,395,6,25,23,40,79,48,23,0,0,244
WARREN,010,11,16,47,57,94,154,140,0,0,519,0,1,3,4,5,10,11,0,0,34,71,113,147,167,243,254,177,0,0,1172,31,76,113,138,208,185,78,0,0,829
WARREN,011,0,4,5,10,18,31,22,0,0,90,0,0,0,0,0,0,0,0,0,0,14,21,26,28,54,50,36,0,0,229,5,9,12,30,47,35,15,0,0,153
WARREN,012,2,5,6,14,51,92,80,0,0,250,0,0,0,0,0,0,0,0,0,0,17,41,39,67,209,251,194,0,0,818,3,11,20,67,174,175,76,0,0,526
WARREN,013,5,8,5,24,18,42,35,0,0,137,2,9,12,18,29,40,33,0,0,143,26,54,54,63,77,95,63,0,0,432,16,24,38,46,63,61,33,0,0,281
WARREN,014,3,7,28,21,76,109,84,0,0,328,0,0,2,1,8,19,14,0,0,44,38,71,127,90,192,185,129,0,0,832,19,76,58,92,163,117,59,0,0,584
WASHINGTON,LM,15,22,31,39,111,177,166,0,0,561,1,8,3,12,17,31,33,0,0,105,65,107,125,147,256,326,243,0,0,1269,35,61,81,154,219,243,90,0,0,883
WASHINGTON,P1,12,17,25,45,78,127,92,0,0,396,10,17,26,43,81,109,66,0,0,352,52,72,77,102,180,227,124,0,0,834,22,39,57,83,172,129,43,0,0,545
WASHINGTON,P2,3,8,14,18,51,80,55,0,0,229,10,11,23,39,64,84,52,0,0,283,36,43,68,78,136,150,76,0,0,587,18,33,46,77,120,73,34,0,0,401
WASHINGTON,P3,15,28,38,51,126,202,143,0,0,603,9,19,18,26,30,61,49,0,0,212,113,158,176,217,307,372,264,0,0,1607,52,83,124,193,269,247,116,0,0,1084
WASHINGTON,SC,7,7,14,21,59,83,67,0,0,258,2,1,2,6,5,7,2,0,0,25,54,91,87,118,162,187,130,0,0,829,29,50,60,105,150,122,67,0,0,583
WASHINGTON,SK,5,3,11,23,52,87,84,0,0,265,0,0,0,0,0,0,0,0,0,0,39,53,59,84,136,171,104,0,0,646,10,22,59,87,109,95,43,0,0,425
WATAUGA,01,4,10,9,15,23,31,27,0,0,119,0,0,0,0,0,0,0,0,0,0,39,38,72,83,78,91,52,0,0,453,22,34,50,59,76,57,19,0,0,317
WATAUGA,02,5,3,13,14,24,51,46,0,0,156,0,0,0,0,0,0,0,0,0,0,81,84,113,140,157,152,130,0,0,857,29,48,94,107,142,128,48,0,0,596
WATAUGA,03,16,34,27,43,96,188,218,0,0,622,8,11,31,55,104,189,208,0,0,606,143,168,218,260,440,543,431,0,0,2203,85,102,165,277,427,423,163,0,0,1642
WATAUGA,04,24,51,63,75,131,220,188,0,0,752,2,5,5,3,6,12,24,0,0,57,299,373,403,399,502,576,414,0,0,2966,142,215,310,338,423,427,167,0,0,2022
WATAUGA,05,85,53,24,47,61,42,60,0,0,372,70,43,25,35,39,42,43,0,0,297,529,165,94,118,105,89,85,0,0,1185,180,80,96,111,70,85,38,0,0,660
WATAUGA,06,221,25,9,13,7,10,7,0,0,292,135,20,6,8,6,11,5,0,0,191,1573,77,26,29,26,22,13,0,0,1766,165,30,21,28,20,14,7,0,0,285
WATAUGA,07,131,64,71,68,80,128,79,0,0,621,38,6,1,6,3,1,0,0,0,55,1104,350,281,240,312,304,200,0,0,2791,262,178,198,214,297,222,90,0,0,1461
WATAUGA,08,18,33,41,54,88,102,63,0,0,399,0,0,0,0,1,0,0,0,0,1,148,267,291,291,337,308,220,0,0,1862,75,186,186,228,300,195,96,0,0,1266
WATAUGA,09,2,8,9,20,29,51,27,0,0,146,0,0,0,0,0,1,0,0,0,1,41,38,53,79,128,136,65,0,0,540,11,32,47,75,97,73,19,0,0,354
WATAUGA,10,3,5,24,24,29,51,37,0,0,173,0,0,0,0,0,0,0,0,0,0,63,99,130,131,151,156,110,0,0,840,21,70,92,83,146,111,45,0,0,568
WATAUGA,11,17,40,52,57,82,109,103,0,0,460,0,0,0,0,1,2,0,0,0,3,203,238,288,314,309,350,224,0,0,1926,89,156,230,242,270,259,72,0,0,1318
WATAUGA,12,197,15,11,19,16,23,18,0,0,299,100,9,11,14,16,17,14,0,0,181,1756,91,41,40,36,40,38,0,0,2042,111,30,26,33,35,27,17,0,0,279
WATAUGA,13,104,30,48,45,50,72,68,0,0,417,42,6,8,17,11,9,12,0,0,105,939,220,195,137,153,146,120,0,0,1910,182,106,145,107,140,129,55,0,0,864
WATAUGA,14,105,73,71,77,101,132,84,0,0,643,35,18,21,22,18,20,14,0,0,148,820,373,284,326,302,309,211,0,0,2625,176,158,211,255,267,215,74,0,0,1356
WATAUGA,15,120,88,80,104,110,148,156,0,0,806,52,26,26,31,29,38,55,0,0,257,968,355,390,361,347,352,310,0,0,3083,236,191,297,272,302,272,162,0,0,1732
WATAUGA,16,2,0,1,4,6,7,6,0,0,26,0,0,0,0,0,0,0,0,0,0,14,20,10,24,32,22,18,0,0,140,4,5,13,19,27,10,11,0,0,89
WATAUGA,17,3,4,7,20,20,41,19,0,0,114,1,0,0,1,0,0,0,0,0,2,36,51,70,65,96,128,60,0,0,506,12,29,51,51,111,69,25,0,0,348
WATAUGA,18,17,35,41,47,65,104,82,0,0,391,0,0,0,0,0,0,0,0,0,0,157,216,248,218,257,274,137,0,0,1507,76,128,156,185,229,176,55,0,0,1005
WATAUGA,19,17,38,46,62,103,212,136,0,0,614,0,2,3,6,17,26,20,0,0,74,214,266,326,368,487,549,331,0,0,2541,96,164,242,307,437,338,133,0,0,1717
WATAUGA,20,2,5,3,0,26,29,20,0,0,85,1,4,11,4,33,21,13,0,0,87,13,24,35,44,104,104,56,0,0,380,10,20,14,48,79,64,22,0,0,257
WAYNE,01,11,33,39,54,113,160,106,0,0,516,0,0,2,3,5,4,2,0,0,16,111,227,214,287,368,342,202,0,0,1751,54,88,124,207,278,215,76,0,0,1042
WAYNE,02,22,56,57,123,185,208,166,0,0,817,5,7,15,37,59,69,45,0,0,237,260,392,427,531,570,461,279,0,0,2920,86,169,263,351,369,273,108,0,0,1619
WAYNE,03,35,68,84,131,176,197,162,0,0,853,1,3,3,3,12,16,12,0,0,50,255,351,470,483,513,416,259,0,0,2747,89,176,231,334,327,264,91,0,0,1512
WAYNE,04,42,86,107,184,289,291,189,0,0,1188,5,12,8,19,28,23,27,0,0,122,327,469,573,676,785,534,308,0,0,3672,114,227,343,511,482,307,101,0,0,2085
WAYNE,05,33,52,92,122,284,306,200,0,0,1089,0,2,5,2,18,24,19,0,0,70,245,338,462,489,654,557,290,0,0,3035,85,172,214,445,463,311,95,0,0,1785
WAYNE,06,14,20,54,70,169,195,186,0,0,708,1,2,7,7,13,11,9,0,0,50,129,220,241,301,437,387,277,0,0,1992,49,110,144,253,332,243,115,0,0,1246
WAYNE,07,26,47,88,138,227,277,179,0,0,982,5,11,15,19,66,73,39,0,0,228,262,448,552,563,708,604,317,0,0,3454,89,194,295,436,515,321,101,0,0,1951
WAYNE,08,34,26,53,84,126,168,120,0,0,611,0,1,3,5,17,37,12,0,0,75,166,255,285,343,413,340,225,0,0,2027,50,120,161,240,280,205,75,0,0,1131
WAYNE,09,37,31,46,106,149,194,141,0,0,704,2,1,1,10,24,36,22,0,0,96,184,235,260,355,402,372,218,0,0,2026,57,101,183,255,327,216,72,0,0,1211
WAYNE,10,4,11,20,36,52,110,86,0,0,319,0,0,0,0,0,0,0,0,0,0,66,114,116,152,192,235,123,0,0,998,37,42,78,111,183,114,62,0,0,627
WAYNE,11,6,28,35,41,121,166,161,0,0,558,0,0,0,1,0,0,2,0,0,3,119,204,204,224,315,385,317,0,0,1768,58,99,119,186,260,259,145,0,0,1126
WAYNE,12,19,26,44,66,134,268,197,0,0,754,0,0,2,4,3,8,6,0,0,23,207,277,295,333,453,498,330,0,0,2393,71,138,160,271,392,317,144,0,0,1493
WAYNE,13,12,19,26,36,88,155,103,0,0,439,3,0,1,2,9,22,9,0,0,46,105,142,181,179,293,272,171,0,0,1343,38,85,99,155,247,162,67,0,0,853
WAYNE,14,20,41,59,112,174,265,228,0,0,899,2,2,11,18,34,47,44,0,0,158,194,279,362,407,533,512,367,0,0,2654,59,166,230,319,426,347,141,0,0,1688
WAYNE,15,34,42,41,59,116,171,119,0,0,582,5,6,5,10,28,35,33,0,0,122,218,349,301,329,447,411,234,0,0,2289,85,126,148,235,319,217,80,0,0,1210
WAYNE,16,13,21,40,67,90,115,126,0,0,472,4,2,12,18,30,32,33,0,0,131,128,193,209,252,305,307,191,0,0,1585,39,81,129,193,222,195,62,0,0,921
WAYNE,17,3,2,5,9,23,42,44,0,0,128,0,0,0,0,0,0,0,0,0,0,46,78,93,79,126,110,77,0,0,609,21,25,37,63,95,65,35,0,0,341
WAYNE,18,4,6,11,7,33,63,38,0,0,162,0,0,0,0,0,0,0,0,0,0,43,65,105,103,175,155,76,0,0,722,15,35,43,74,108,95,27,0,0,397
WAYNE,1920,12,14,24,38,94,161,157,0,0,500,0,0,0,0,0,0,1,0,0,1,114,173,201,236,344,353,257,0,0,1678,46,99,121,190,291,190,137,0,0,1074
WAYNE,21,7,19,15,33,89,121,118,0,0,402,0,0,0,0,0,0,0,0,0,0,64,120,131,174,252,244,197,0,0,1182,29,75,82,134,173,167,92,0,0,752
WAYNE,22,13,27,34,51,64,101,106,0,0,396,0,0,0,0,1,0,0,0,0,1,104,149,165,163,171,240,201,0,0,1193,44,85,98,112,172,162,87,0,0,760
WAYNE,23,5,23,21,20,58,90,69,0,0,286,0,2,4,3,25,22,24,0,0,80,102,208,192,134,232,210,127,0,0,1205,38,80,79,96,184,110,65,0,0,652
WAYNE,24,22,37,61,96,127,187,129,0,0,659,0,0,0,0,0,0,0,0,0,0,174,248,280,351,375,401,244,0,0,2073,57,112,153,238,323,210,92,0,0,1185
WAYNE,2530,24,35,48,54,126,227,202,0,0,716,17,29,44,65,113,193,150,0,0,611,189,245,262,291,451,527,346,0,0,2311,62,123,153,247,381,323,146,0,0,1435
WAYNE,26,26,23,26,56,102,139,103,0,0,475,2,9,12,8,23,30,16,0,0,100,140,190,205,257,330,313,173,0,0,1608,49,90,128,195,267,168,66,0,0,963
WAYNE,27,10,12,14,28,58,91,98,0,0,311,1,1,1,0,6,4,4,0,0,17,85,108,107,143,216,222,174,0,0,1055,20,56,65,133,162,184,53,0,0,673
WAYNE,28,22,35,43,55,110,168,131,0,0,564,1,3,4,12,26,45,29,0,0,120,242,298,273,327,459,402,247,0,0,2248,72,127,169,227,327,224,81,0,0,1227
WAYNE,29,4,19,18,36,80,109,81,0,0,347,0,0,0,0,0,0,0,0,0,0,80,119,144,132,244,239,149,0,0,1107,30,64,74,134,164,149,59,0,0,674
WILKES,101,14,26,27,26,42,77,41,0,0,253,0,0,0,0,0,0,0,0,0,0,44,58,72,81,110,126,71,0,0,562,13,28,43,54,103,70,24,0,0,335
WILKES,102,8,15,25,50,73,133,105,0,0,409,0,0,0,0,1,0,0,0,0,1,85,108,131,211,241,299,161,0,0,1236,30,39,95,134,211,186,47,0,0,742
WILKES,103,7,7,8,32,34,46,41,0,0,175,0,0,0,0,0,0,0,0,0,0,41,35,41,74,90,100,76,0,0,457,8,12,28,66,70,70,26,0,0,280
WILKES,104,13,19,35,68,92,87,75,0,0,389,1,2,1,10,8,4,6,0,0,32,137,158,162,219,241,219,177,0,0,1313,35,47,90,151,151,142,70,0,0,686
WILKES,105,28,47,52,65,97,83,59,0,0,431,0,0,0,0,0,0,0,0,0,0,78,119,123,167,182,160,112,0,0,941,20,49,52,118,124,99,39,0,0,501
WILKES,106,18,19,46,45,57,74,69,0,0,328,0,0,0,0,0,0,0,0,0,0,62,83,93,102,145,138,114,0,0,737,19,41,51,78,108,95,42,0,0,434
WILKES,107,38,55,81,105,138,164,159,0,0,740,0,0,0,0,0,0,0,0,0,0,165,265,289,340,474,416,303,0,0,2252,61,119,159,285,315,275,118,0,0,1332
WILKES,108,12,24,56,53,73,99,53,0,0,370,0,0,2,0,0,0,0,0,0,2,95,154,169,154,192,210,131,0,0,1105,21,67,86,109,149,104,51,0,0,587
WILKES,109,8,12,10,32,38,42,54,0,0,196,0,0,0,0,0,0,0,0,0,0,52,57,63,129,150,132,105,0,0,688,17,25,49,76,93,88,32,0,0,380
WILKES,111,13,43,58,74,103,140,124,0,0,555,0,0,0,0,0,2,0,0,0,2,129,168,210,227,270,331,234,0,0,1569,38,71,112,158,225,229,83,0,0,916
WILKES,112,10,30,47,69,120,152,138,0,0,566,0,0,2,0,0,0,0,0,0,2,118,172,187,238,321,333,251,0,0,1620,42,82,106,191,268,225,97,0,0,1011
WILKES,113A,25,42,50,84,123,168,123,0,0,615,0,0,0,0,1,1,0,0,0,2,155,174,188,267,355,386,232,0,0,1757,31,77,136,200,274,237,80,0,0,1035
WILKES,114,8,10,13,38,64,66,42,0,0,241,0,0,0,0,0,0,0,0,0,0,42,56,70,99,132,119,74,0,0,592,11,20,47,78,73,75,24,0,0,328
WILKES,115A,53,76,91,142,214,233,176,0,0,985,0,1,0,0,0,0,0,0,0,1,255,362,347,450,557,473,405,0,0,2849,91,163,202,334,372,331,140,0,0,1633
WILKES,117,9,22,49,55,67,95,71,0,0,368,0,0,0,0,0,0,0,0,0,0,65,114,139,150,185,179,135,0,0,967,23,51,90,115,139,114,53,0,0,585
WILKES,118,15,49,38,67,90,116,125,0,0,500,20,39,50,60,113,138,106,0,0,526,141,238,250,191,294,303,220,0,0,1637,49,96,117,135,207,205,80,0,0,889
WILKES,119,40,85,109,133,228,258,189,0,0,1042,0,0,0,0,0,0,0,0,0,0,293,440,416,560,626,576,393,0,0,3304,81,173,240,368,392,346,143,0,0,1743
WILKES,120A,51,96,141,147,242,236,179,0,0,1092,0,0,0,0,0,0,0,0,0,0,273,425,435,520,593,498,373,0,0,3117,83,180,213,324,389,319,129,0,0,1637
WILKES,122,11,17,33,29,51,77,50,0,0,268,0,0,0,0,0,0,0,0,0,0,56,84,90,91,130,135,91,0,0,677,22,58,50,76,117,79,46,0,0,448
WILKES,123A,29,50,57,94,119,128,99,0,0,576,0,0,0,0,0,0,0,0,0,0,126,207,204,311,365,318,214,0,0,1745,41,63,109,234,229,223,84,0,0,983
WILKES,125,12,10,22,37,41,62,36,0,0,220,0,0,0,0,0,0,0,0,0,0,35,57,77,110,145,123,100,0,0,647,10,23,53,77,85,92,32,0,0,372
WILKES,126,7,8,18,29,54,70,36,0,0,222,0,0,0,0,0,0,0,0,0,0,48,75,61,99,154,159,80,0,0,676,13,30,31,77,106,76,29,0,0,362
WILKES,127,20,44,48,72,134,182,171,0,0,671,9,30,41,63,116,166,152,0,0,577,108,173,213,226,272,364,317,0,0,1673,46,93,128,170,224,273,148,0,0,1082
WILKES,128,32,43,61,100,124,158,141,0,0,659,0,0,0,0,0,0,0,0,0,0,169,230,248,333,382,398,279,0,0,2039,51,96,153,225,268,276,104,0,0,1173
WILKES,129,21,37,62,91,147,187,132,0,0,677,0,1,0,0,3,1,1,0,0,6,129,172,192,251,328,324,216,0,0,1612,42,66,135,246,265,211,75,0,0,1040
WILSON,PRBL,13,35,22,61,104,132,99,0,0,466,0,5,1,4,17,14,10,0,0,51,188,256,246,336,421,366,257,0,0,2070,67,107,145,257,291,239,108,1,0,1215
WILSON,PRCR,13,20,38,39,80,110,76,0,0,376,0,2,11,12,21,28,22,0,0,96,144,204,261,258,332,341,190,0,0,1730,46,123,128,235,286,180,61,0,0,1059
WILSON,PRGA,12,19,29,41,87,121,93,0,0,402,0,0,0,0,0,0,0,0,0,0,145,177,201,237,356,321,203,0,0,1640,50,104,115,222,272,229,78,0,0,1070
WILSON,PROL,41,58,78,130,161,206,153,0,0,827,9,16,21,41,24,22,19,0,0,152,347,460,538,625,625,521,363,0,0,3479,108,208,383,443,439,356,128,0,0,2065
WILSON,PRSA,12,7,15,23,30,81,53,0,0,221,2,4,4,8,13,22,12,0,0,65,41,68,108,109,129,163,120,0,0,738,17,56,68,81,131,112,47,0,0,512
WILSON,PRSP,9,21,33,31,78,100,87,0,0,359,1,0,0,2,1,5,3,0,0,12,133,210,243,304,326,258,189,0,0,1663,43,107,167,202,209,167,73,0,0,968
WILSON,PRST,7,16,26,36,65,56,40,0,0,246,6,13,23,36,37,45,35,0,0,195,75,158,130,157,227,167,109,0,0,1023,33,61,97,135,155,94,43,0,0,618
WILSON,PRTA,42,80,114,147,247,309,246,0,0,1185,7,9,22,38,62,87,68,0,0,293,447,689,738,863,973,852,535,1,0,5098,189,378,518,710,665,518,234,1,0,3213
WILSON,PRTO,20,29,39,63,136,223,149,0,0,659,15,18,29,43,100,134,72,0,0,411,227,299,333,395,585,567,341,0,0,2747,89,159,212,346,448,366,135,0,0,1755
WILSON,PRWA,5,10,5,14,30,41,26,0,0,131,0,1,1,3,6,5,2,0,0,18,65,87,53,85,124,107,42,0,0,563,23,36,33,59,95,56,16,0,0,318
WILSON,PRWB,2,9,6,11,18,38,25,0,0,109,1,2,5,10,16,22,22,0,0,78,54,84,79,83,128,100,55,0,0,583,23,38,43,70,94,67,25,0,0,360
WILSON,PRWC,8,16,14,21,57,75,59,0,0,250,3,5,5,6,12,22,13,0,0,66,70,118,131,134,209,234,120,0,0,1016,38,71,66,133,159,132,45,0,0,644
WILSON,PRWD,7,21,28,51,85,100,121,0,0,413,5,10,31,51,60,105,76,0,0,338,96,141,156,205,295,250,205,0,0,1348,39,80,124,220,214,196,68,0,0,941
WILSON,PRWE,3,10,16,13,36,75,36,0,0,189,0,1,9,7,8,25,6,0,0,56,70,110,113,118,176,178,95,0,0,860,44,64,63,94,159,106,35,0,0,565
WILSON,PRWH,4,1,12,11,19,32,27,0,0,106,0,0,0,0,0,0,0,0,0,0,31,63,65,80,89,96,49,0,0,473,17,39,40,54,82,55,20,0,0,307
WILSON,PRWI,12,13,24,28,55,86,72,0,0,290,2,1,6,6,9,28,10,0,0,62,80,137,151,144,217,239,126,0,0,1094,43,74,70,128,192,136,48,0,0,691
WILSON,PRWJ,20,48,77,86,159,184,177,0,0,751,7,16,33,43,64,74,63,0,0,300,208,372,373,437,533,479,414,0,0,2816,88,208,262,367,398,316,194,0,0,1833
WILSON,PRWK,3,14,26,41,51,103,124,0,0,362,2,3,9,9,16,33,27,0,0,99,88,118,162,167,233,213,241,0,0,1222,38,71,101,134,200,210,105,0,0,859
WILSON,PRWL,14,29,37,61,107,141,126,0,0,515,2,13,32,49,77,112,95,0,0,380,134,231,274,282,319,343,230,0,0,1813,70,127,169,244,288,237,96,0,0,1231
WILSON,PRWM,20,49,49,127,177,267,233,0,0,922,3,7,9,29,52,64,69,0,0,233,272,398,466,537,606,606,453,0,0,3338,114,223,316,410,479,430,156,0,0,2128
WILSON,PRWN,13,18,25,48,86,151,150,0,0,491,0,2,2,10,18,31,51,0,0,114,93,190,184,200,280,324,219,0,0,1490,50,101,127,163,252,230,87,0,0,1010
WILSON,PRWP,9,15,34,37,72,97,91,0,0,355,0,1,8,8,12,10,12,0,0,51,90,145,185,149,280,244,178,0,0,1271,40,86,84,188,230,171,71,0,0,870
WILSON,PRWQ,2,5,6,4,33,27,28,0,0,105,0,5,3,5,14,17,11,0,0,55,22,51,41,43,97,81,43,0,0,378,17,29,21,48,66,46,20,0,0,247
WILSON,PRWR,6,9,13,17,38,76,56,0,0,215,6,5,16,15,21,55,37,0,0,155,70,102,120,115,166,179,120,0,0,872,30,60,59,96,135,106,53,0,0,539
YADKIN,BNVL,21,70,83,86,161,183,178,0,0,782,0,0,0,0,0,0,0,0,0,0,174,341,290,338,462,401,298,0,0,2304,73,142,171,287,321,259,127,0,0,1380
YADKIN,DCRK,21,34,53,59,122,138,90,0,0,517,0,0,0,0,0,0,0,0,0,0,143,200,206,233,339,238,153,0,0,1512,34,98,109,207,216,147,60,0,0,871
YADKIN,EBND,21,40,66,104,132,202,147,0,0,712,0,0,0,0,0,0,0,0,0,0,140,219,227,274,380,352,191,0,0,1783,52,103,120,229,289,186,81,0,0,1060
YADKIN,FBSH,39,75,92,117,218,249,193,0,0,983,0,0,0,0,0,0,1,0,0,1,204,318,299,393,623,485,313,0,0,2635,87,161,197,376,448,320,102,0,0,1691
YADKIN,NBCK,12,37,32,50,86,91,117,0,0,425,0,0,0,0,0,0,0,0,0,0,100,137,147,190,224,181,185,0,0,1164,34,66,79,143,149,158,71,0,0,700
YADKIN,NFAL,13,25,24,43,89,95,61,0,0,350,0,0,0,0,0,0,0,0,0,0,74,136,100,136,219,162,100,0,0,927,27,38,60,120,139,118,34,0,0,536
YADKIN,NKNB,18,34,60,76,121,153,133,0,0,595,0,0,0,0,0,0,0,0,0,0,154,279,301,341,450,374,281,0,0,2180,54,122,153,262,276,244,130,0,0,1241
YADKIN,NLIB,29,82,110,120,228,292,242,0,0,1103,0,1,2,6,14,16,15,0,0,54,217,428,359,443,555,509,420,0,0,2931,96,171,168,331,408,303,201,0,0,1678
YADKIN,SBCK,8,19,16,27,56,55,48,0,0,229,0,0,0,0,0,0,0,0,0,0,68,95,87,105,129,108,73,0,0,665,16,36,55,83,82,77,25,0,0,374
YADKIN,SFAL,30,45,49,67,129,130,118,0,0,568,0,0,0,0,0,0,0,0,0,0,133,183,156,224,306,259,173,0,0,1434,40,83,93,201,195,168,60,0,0,840
YADKIN,SKNB,15,26,30,36,69,79,93,0,0,348,0,0,0,0,0,0,0,0,0,0,82,117,113,149,191,175,149,0,0,976,25,56,70,122,137,124,59,0,0,593
YADKIN,SLIB,18,41,46,71,119,171,117,0,0,583,0,0,0,0,0,0,0,0,0,0,146,209,197,261,359,310,233,0,0,1715,57,90,126,226,275,203,90,0,0,1067
YANCEY,01 BUR,20,31,56,97,142,206,203,0,0,755,1,0,12,23,39,73,63,0,0,211,140,291,293,350,460,503,410,0,0,2447,99,175,246,318,409,374,206,0,0,1827
YANCEY,02 CAN,7,30,43,39,62,80,52,0,0,313,0,0,0,0,0,0,0,0,0,0,81,169,160,183,219,194,122,0,0,1128,64,108,101,178,155,136,55,0,0,797
YANCEY,03 EGY,3,5,9,11,15,33,24,0,0,100,0,0,0,0,0,0,0,0,0,0,31,37,55,70,76,91,73,0,0,433,10,28,42,46,66,79,28,0,0,299
YANCEY,04 RAM,0,2,4,6,12,20,16,0,0,60,0,0,0,0,0,0,0,0,0,0,10,24,29,32,42,61,43,0,0,241,8,20,17,24,39,44,17,0,0,169
YANCEY,05 GRE,2,5,13,15,18,35,29,0,0,117,0,0,0,0,0,0,0,0,0,0,24,37,59,47,75,80,56,0,0,378,10,34,41,45,62,56,27,0,0,275
YANCEY,06 JAC,18,30,34,51,56,80,68,0,0,337,0,0,0,0,0,0,0,0,0,0,114,137,160,202,210,211,175,0,0,1209,62,88,131,150,178,164,63,0,0,836
YANCEY,07 BRU,2,3,10,14,19,32,14,0,0,94,0,0,0,0,0,0,0,0,0,0,23,38,42,55,83,65,45,0,0,351,13,26,33,53,64,40,17,0,0,246
YANCEY,08 CRA,18,29,42,62,91,134,140,0,0,516,0,0,0,0,0,0,0,0,0,0,152,235,245,337,303,381,295,0,0,1948,80,143,219,253,293,317,122,0,0,1427
YANCEY,09 SOU,14,31,34,76,80,146,154,0,0,535,0,0,0,1,0,0,0,0,0,1,87,187,164,230,283,352,270,1,0,1574,67,84,145,190,239,298,80,0,0,1103
YANCEY,10 PEN,4,7,6,13,20,43,41,0,0,134,0,0,0,0,0,0,0,0,0,0,26,39,52,55,99,86,79,0,0,436,19,22,35,48,71,79,32,0,0,306
YANCEY,11 PRI,15,29,26,51,66,80,67,0,0,334,0,0,0,0,0,0,0,0,0,0,98,123,108,135,202,218,119,0,0,1003,57,79,92,154,168,140,49,0,0,739
